desc: I1 cache:         32768 B, 64 B, 8-way associative
desc: D1 cache:         32768 B, 64 B, 8-way associative
desc: LL cache:         3145728 B, 64 B, 12-way associative
cmd: ./surface_classify.out -v 4 -linear -PGL 4 13 -wedge -end
events: Ir I1mr ILmr Dr D1mr DLmr Dw D1mw DLmw 
fl=/build/glibc-OTsEL5/glibc-2.27/csu/../csu/init-first.c
fn=_init
52 8 1 1 0 0 0 4 0 0
55 4 1 1 1 1 0 1 1 0
62 5 1 1 4 2 0 0 0 0
67 1 0 0 0 0 0 1 1 1
68 1 0 0 0 0 0 1 0 0
69 2 0 0 1 1 0 1 1 1
81 4 0 0 0 0 0 1 0 0
84 1 0 0 0 0 0 1 0 0
89 6 0 0 5 0 0 0 0 0
fl=/build/glibc-OTsEL5/glibc-2.27/csu/../csu/libc-start.c
fn=(below main)
137 10 2 2 0 0 0 7 0 0
141 4 0 0 1 1 0 1 0 0
239 2 0 0 0 0 0 0 0 0
240 4 0 0 0 0 0 1 0 0
262 4 1 1 2 0 0 0 0 0
265 2 0 0 0 0 0 0 0 0
266 5 0 0 4 0 0 1 0 0
270 4 1 0 2 1 0 0 0 0
285 2 1 1 0 0 0 0 0 0
297 2 0 0 0 0 0 1 0 0
298 2 0 0 0 0 0 0 0 0
303 2 0 0 1 1 0 1 0 0
304 2 0 0 1 1 0 1 0 0
307 2 0 0 0 0 0 1 0 0
310 6 1 1 5 0 0 1 0 0
344 2 1 1 0 0 0 1 0 0
fl=/build/glibc-OTsEL5/glibc-2.27/csu/../sysdeps/generic/dl-hash.h
fn=_init
43 1 0 0 0 0 0 0 0 0
44 1 0 0 0 0 0 0 0 0
45 13 0 0 4 1 0 0 0 0
48 12 0 0 0 0 0 0 0 0
62 16 0 0 0 0 0 0 0 0
67 1 0 0 0 0 0 0 0 0
fl=/build/glibc-OTsEL5/glibc-2.27/csu/../sysdeps/unix/sysv/linux/x86_64/init-first.c
fn=_init
36 7 2 2 0 0 0 3 0 0
38 4 0 0 0 0 0 1 0 0
40 3 0 0 0 0 0 0 0 0
41 2 1 1 1 0 0 0 0 0
42 1 0 0 0 0 0 1 1 1
44 3 0 0 0 0 0 1 0 0
45 2 0 0 1 0 0 0 0 0
46 1 0 0 0 0 0 1 0 0
fl=/build/glibc-OTsEL5/glibc-2.27/ctype/ctype-info.c
fn=__ctype_init
31 7 2 2 5 3 0 1 0 0
33 4 0 0 2 1 0 1 0 0
35 4 0 0 2 0 0 1 0 0
36 1 0 0 1 0 0 0 0 0
fl=/build/glibc-OTsEL5/glibc-2.27/debug/../sysdeps/x86_64/multiarch/ifunc-memmove.h
fn=__memcpy_chk
44 5 1 1 2 0 0 0 0 0
47 2 0 0 0 0 0 0 0 0
48 2 1 1 0 0 0 0 0 0
59 2 0 0 0 0 0 0 0 0
61 5 1 1 2 0 0 0 0 0
fl=/build/glibc-OTsEL5/glibc-2.27/debug/sprintf_chk.c
fn=__sprintf_chk
26 525824 1755 6 65728 1 0 197184 548 0
30 394368 0 0 0 0 0 262912 3 1
31 131456 0 0 0 0 0 65728 273 0
35 328640 0 0 197184 0 0 0 0 0
fl=/build/glibc-OTsEL5/glibc-2.27/debug/strcpy_chk.c
fn=__strcpy_chk
27 30 3 3 0 0 0 15 0 0
28 10 3 3 0 0 0 5 0 0
29 10 0 0 0 0 0 0 0 0
32 20 0 0 0 0 0 0 0 0
33 15 0 0 15 0 0 0 0 0
fl=/build/glibc-OTsEL5/glibc-2.27/debug/vsprintf_chk.c
fn=__vsprintf_chk
63 657280 1164 4 65728 0 0 460096 279 1
67 65728 0 0 0 0 0 65728 286 1
70 131456 0 0 0 0 0 0 0 0
73 788736 585 2 0 0 0 65728 314 1
74 131456 0 0 0 0 0 65728 0 0
75 328640 0 0 0 0 0 65728 0 0
79 131456 0 0 0 0 0 0 0 0
80 65728 0 0 65728 0 0 0 0 0
82 262912 582 2 0 0 0 65728 0 0
84 131456 0 0 65728 0 0 65728 0 0
86 723008 0 0 591552 0 0 0 0 0
fl=/build/glibc-OTsEL5/glibc-2.27/elf/../elf/dl-runtime.c
fn=_dl_fixup
66 363 6 1 0 0 0 121 0 0
68 121 0 0 121 2 0 0 0 0
69 242 6 3 242 21 3 0 0 0
72 605 0 0 242 29 2 0 0 0
73 847 0 0 242 130 34 121 0 0
75 363 0 0 242 19 5 0 0 0
80 242 6 2 0 0 0 0 0 0
84 242 0 0 121 118 72 0 0 0
88 363 0 0 121 15 1 0 0 0
92 242 0 0 242 122 27 0 0 0
93 484 0 0 121 11 1 0 0 0
95 605 7 2 121 33 7 0 0 0
101 121 0 0 0 0 0 0 0 0
102 363 0 0 121 1 0 0 0 0
112 1210 7 2 242 15 2 363 0 0
116 605 0 0 363 0 0 0 0 0
126 847 0 0 242 0 0 0 0 0
134 121 0 0 121 0 0 0 0 0
142 484 0 0 121 0 0 0 0 0
146 363 7 2 121 3 1 0 0 0
150 363 0 0 242 0 0 0 0 0
fl=/build/glibc-OTsEL5/glibc-2.27/elf/../elf/dl-sysdep.c
fn=_dl_sysdep_start
88 8 1 1 0 0 0 6 1 1
89 10 1 1 4 1 1 5 0 0
90 1 0 0 0 0 0 0 0 0
112 1 0 0 0 0 0 1 0 0
113 189 1 1 61 8 8 4 3 3
116 2 0 0 0 0 0 1 0 0
117 1 1 1 0 0 0 1 0 0
119 126 5 5 32 4 4 13 1 1
120 110 0 0 18 3 3 0 0 0
123 1 0 0 1 0 0 0 0 0
126 1 1 1 1 0 0 0 0 0
129 1 1 1 1 0 0 0 0 0
130 1 0 0 0 0 0 0 0 0
132 1 0 0 1 1 1 0 0 0
133 1 0 0 0 0 0 0 0 0
153 1 1 1 1 0 0 0 0 0
154 1 0 0 0 0 0 0 0 0
156 1 0 0 1 0 0 0 0 0
157 1 0 0 0 0 0 0 0 0
159 2 2 2 1 1 1 1 0 0
160 1 0 0 0 0 0 1 0 0
165 2 0 0 1 0 0 1 0 0
166 1 0 0 0 0 0 1 0 0
181 2 1 1 1 0 0 1 0 0
182 1 0 0 0 0 0 1 0 0
224 1 0 0 0 0 0 1 0 0
236 2 1 1 0 0 0 2 0 0
238 5 0 0 0 0 0 1 0 0
250 3 0 0 1 0 0 0 0 0
253 5 1 1 1 0 0 1 0 0
254 1 1 0 1 1 0 0 0 0
255 8 0 0 7 1 0 0 0 0
fn=_dl_sysdep_start_cleanup
260 1 1 1 1 0 0 0 0 0
fl=/build/glibc-OTsEL5/glibc-2.27/elf/../elf/dl-tls.c
fn=_dl_add_to_slotinfo
887 8 1 1 0 0 0 6 0 0
893 4 1 1 2 0 0 0 0 0
896 2 0 0 2 2 0 0 0 0
901 14 0 0 4 1 0 0 0 0
942 2 0 0 0 0 0 2 2 0
943 2 1 1 0 0 0 2 0 0
944 8 0 0 8 0 0 0 0 0
fn=_dl_allocate_tls_init
437 9 1 1 0 0 0 7 0 0
438 2 0 0 0 0 0 0 0 0
442 2 1 1 1 1 0 1 0 0
444 2 0 0 0 0 0 0 0 0
445 1 0 0 0 0 0 0 0 0
448 3 0 0 2 1 0 0 0 0
460 2 0 0 1 0 0 1 0 0
465 13 1 1 2 1 0 1 0 0
471 18 0 0 0 0 0 1 0 0
474 2 1 1 2 1 0 0 0 0
475 4 0 0 0 0 0 0 0 0
481 6 0 0 4 0 0 0 0 0
482 4 0 0 0 0 0 0 0 0
484 11 1 1 4 1 0 2 1 1
485 2 0 0 0 0 0 2 0 0
487 4 0 0 0 0 0 0 0 0
488 4 0 0 2 0 0 0 0 0
491 4 0 0 0 0 0 0 0 0
492 8 1 1 4 2 0 0 0 0
494 4 0 0 0 0 0 0 0 0
495 4 0 0 2 0 0 0 0 0
504 2 0 0 0 0 0 2 0 0
507 30 1 1 12 0 0 4 0 0
517 1 1 1 0 0 0 0 0 0
521 3 0 0 2 0 0 1 0 0
524 8 1 1 7 0 0 0 0 0
fn=_dl_allocate_tls_storage
285 2 0 0 1 0 0 0 0 0
286 3 1 1 0 0 0 1 0 0
287 2 0 0 0 0 0 0 0 0
290 1 0 0 0 0 0 1 0 0
296 2 0 0 0 0 0 1 0 0
332 3 1 1 0 0 0 3 0 0
334 1 0 0 1 0 0 0 0 0
345 1 0 0 1 0 0 0 0 0
346 2 0 0 0 0 0 1 0 0
347 3 0 0 0 0 0 0 0 0
355 4 0 0 0 0 0 0 0 0
356 1 0 0 0 0 0 0 0 0
360 297 1 1 0 0 0 289 36 36
379 1 0 0 0 0 0 1 1 1
385 5 0 0 4 0 0 0 0 0
fn=_dl_count_modids
113 2 1 1 1 0 0 0 0 0
114 2 0 0 2 1 1 0 0 0
fn=_dl_determine_tlsoffset
135 5 0 0 0 0 0 5 0 0
136 2 1 1 0 0 0 0 0 0
137 1 0 0 0 0 0 0 0 0
138 1 0 0 0 0 0 0 0 0
141 3 2 2 1 0 0 0 0 0
144 2 0 0 1 0 0 0 0 0
178 1 0 0 0 0 0 0 0 0
180 18 1 1 3 0 0 0 0 0
182 6 0 0 1 0 0 0 0 0
184 6 0 0 2 0 0 0 0 0
185 4 1 1 2 0 0 0 0 0
187 4 0 0 0 0 0 0 0 0
189 10 1 1 2 0 0 0 0 0
205 16 0 0 0 0 0 0 0 0
207 4 0 0 0 0 0 0 0 0
208 4 0 0 0 0 0 0 0 0
217 2 0 0 0 0 0 2 0 0
220 1 0 0 0 0 0 1 0 0
221 1 0 0 0 0 0 1 0 0
272 1 0 0 0 0 0 1 0 0
273 6 0 0 6 0 0 0 0 0
fn=_dl_next_tls_modid
51 8 1 1 4 0 0 0 0 0
99 2 0 0 0 0 0 2 0 0
103 2 0 0 2 0 0 0 0 0
fl=/build/glibc-OTsEL5/glibc-2.27/elf/../misc/sbrk.c
fn=sbrk
32 4 1 1 0 0 0 2 0 0
40 6 0 0 2 0 0 0 0 0
44 2 1 1 0 0 0 0 0 0
60 5 0 0 3 0 0 0 0 0
fl=/build/glibc-OTsEL5/glibc-2.27/elf/../sysdeps/generic/ldsodefs.h
fn=_dl_relocate_object
102 10266 1 1 3422 0 0 0 0 0
fn=do_lookup_x
102 6828 6 2 2276 0 0 0 0 0
fl=/build/glibc-OTsEL5/glibc-2.27/elf/../sysdeps/posix/dl-fileid.h
fn=_dl_map_object_from_fd
37 30 0 0 0 0 0 5 0 0
40 5 0 0 5 0 0 0 0 0
41 10 1 1 5 1 1 5 0 0
49 70 1 1 40 1 1 0 0 0
fl=/build/glibc-OTsEL5/glibc-2.27/elf/../sysdeps/unix/sysv/linux/dl-osinfo.h
fn=dl_main
64 2 0 0 1 1 0 0 0 0
77 1 0 0 1 0 0 0 0 0
fl=/build/glibc-OTsEL5/glibc-2.27/elf/../sysdeps/unix/sysv/linux/dl-sysdep.c
fn=_dl_discover_osversion
45 4 1 1 0 0 0 3 0 0
47 3 0 0 1 0 0 0 0 0
87 5 2 2 0 0 0 1 1 1
102 1 0 0 0 0 0 0 0 0
106 1 0 0 0 0 0 0 0 0
107 1 0 0 0 0 0 0 0 0
109 12 0 0 3 1 1 0 0 0
111 6 0 0 0 0 0 0 0 0
113 17 0 0 4 0 0 0 0 0
115 1 0 0 0 0 0 0 0 0
116 2 0 0 0 0 0 0 0 0
119 3 0 0 0 0 0 0 0 0
120 3 1 1 0 0 0 0 0 0
121 3 0 0 0 0 0 0 0 0
123 13 0 0 0 0 0 0 0 0
128 2 0 0 0 0 0 0 0 0
132 5 0 0 4 0 0 0 0 0
fn=_dl_sysdep_start
35 2 0 0 0 0 0 1 0 0
fl=/build/glibc-OTsEL5/glibc-2.27/elf/../sysdeps/unix/sysv/linux/dl-vdso.c
fn=_dl_vdso_vsym
25 25 2 2 5 2 0 5 0 0
26 10 0 0 10 2 0 0 0 0
27 5 1 1 0 0 0 0 0 0
30 10 0 0 0 0 0 0 0 0
47 5 0 0 0 0 0 0 0 0
48 30 1 1 15 0 0 0 0 0
fl=/build/glibc-OTsEL5/glibc-2.27/elf/../sysdeps/unix/sysv/linux/not-errno.h
fn=_dl_important_hwcaps
28 4 1 1 0 0 0 0 0 0
fn=_dl_load_cache_lookup
28 16 0 0 0 0 0 0 0 0
32 12 1 1 0 0 0 0 0 0
fl=/build/glibc-OTsEL5/glibc-2.27/elf/../sysdeps/unix/sysv/linux/x86_64/brk.c
fn=brk
31 7 1 1 0 0 0 1 1 1
33 2 0 0 0 0 0 0 0 0
39 1 0 0 0 0 0 0 0 0
40 1 0 0 1 0 0 0 0 0
fl=/build/glibc-OTsEL5/glibc-2.27/elf/../sysdeps/x86/cpu-features.c
fn=_dl_sysdep_start
184 1 0 0 0 0 0 1 0 0
185 1 1 1 0 0 0 1 0 0
196 3 0 0 0 0 0 1 0 0
199 6 0 0 0 0 0 0 0 0
203 1 0 0 0 0 0 0 0 0
205 6 2 2 0 0 0 1 0 0
208 3 0 0 1 0 0 0 0 0
210 5 1 1 4 0 0 1 0 0
211 7 0 0 1 1 1 0 0 0
217 2 1 1 0 0 0 1 0 0
296 3 0 0 0 0 0 1 0 0
305 4 0 0 0 0 0 0 0 0
312 8 0 0 1 0 0 1 0 0
366 3 1 1 1 0 0 0 0 0
367 1 0 0 1 0 0 0 0 0
370 2 0 0 0 0 0 0 0 0
371 1 0 0 1 0 0 0 0 0
377 1 0 0 0 0 0 1 0 0
378 1 0 0 0 0 0 1 0 0
379 1 0 0 0 0 0 1 0 0
382 4 1 1 0 0 0 1 0 0
384 6 0 0 1 0 0 2 0 0
386 6 1 1 1 0 0 2 0 0
388 6 0 0 1 0 0 2 0 0
399 1 0 0 0 0 0 1 0 0
400 2 0 0 1 0 0 0 0 0
404 3 1 1 1 0 0 0 0 0
423 3 1 1 0 0 0 0 0 0
425 4 1 1 1 0 0 0 0 0
428 4 0 0 1 0 0 0 0 0
429 2 0 0 0 0 0 0 0 0
432 2 0 0 0 0 0 1 0 0
fn=get_common_indeces.constprop.1
34 2 1 1 0 0 0 1 0 0
38 4 0 0 0 0 0 0 0 0
41 5 0 0 0 0 0 3 0 0
44 1 0 0 0 0 0 1 0 0
45 4 1 1 0 0 0 1 0 0
46 4 0 0 0 0 0 1 0 0
47 4 0 0 0 0 0 1 0 0
48 3 0 0 0 0 0 1 0 0
49 2 1 1 1 0 0 0 0 0
56 2 0 0 1 0 0 0 0 0
57 7 0 0 0 0 0 4 0 0
64 3 1 1 1 0 0 0 0 0
68 2 0 0 0 0 0 0 0 0
70 4 0 0 0 0 0 0 0 0
74 2 1 1 0 0 0 0 0 0
77 4 0 0 1 1 1 1 0 0
80 2 0 0 1 0 0 0 0 0
82 3 0 0 0 0 0 1 0 0
84 2 0 0 0 0 0 0 0 0
86 3 0 0 0 0 0 1 0 0
91 3 1 1 0 0 0 0 0 0
110 2 0 0 1 0 0 0 0 0
114 4 0 0 0 0 0 0 0 0
115 2 0 0 0 0 0 0 0 0
117 1 0 0 0 0 0 0 0 0
118 1 0 0 0 0 0 0 0 0
121 2 1 1 0 0 0 1 0 0
123 1 0 0 0 0 0 1 0 0
125 3 0 0 0 0 0 0 0 0
128 2 0 0 0 0 0 0 0 0
178 3 1 1 2 0 0 0 0 0
fl=/build/glibc-OTsEL5/glibc-2.27/elf/../sysdeps/x86/dl-hwcap.h
fn=_dl_important_hwcaps
57 6 0 0 0 0 0 2 0 0
fl=/build/glibc-OTsEL5/glibc-2.27/elf/../sysdeps/x86/dl-procinfo.h
fn=_dl_load_cache_lookup
39 16 1 1 0 0 0 4 0 0
42 32 0 0 0 0 0 8 0 0
fl=/build/glibc-OTsEL5/glibc-2.27/elf/../sysdeps/x86_64/dl-irel.h
fn=_dl_fixup
32 12 4 2 0 0 0 6 0 0
fl=/build/glibc-OTsEL5/glibc-2.27/elf/../sysdeps/x86_64/dl-machine.h
fn=_dl_fixup
242 121 0 0 0 0 0 121 0 0
fn=_dl_relocate_object
76 28 0 0 7 0 0 0 0 0
82 10 1 1 10 2 0 0 0 0
86 15 0 0 5 5 4 0 0 0
92 5 0 0 0 0 0 5 0 0
100 15 1 1 5 0 0 0 0 0
120 10 0 0 5 1 0 0 0 0
122 10 0 0 0 0 0 5 0 0
124 20 1 1 5 0 0 0 0 0
131 15 1 1 5 4 1 0 0 0
276 6880 0 0 0 0 0 0 0 0
297 6880 0 0 0 0 0 0 0 0
301 6880 1 1 0 0 0 0 0 0
308 158804 12 12 27378 1776 1346 16465 7 0
310 17110 0 0 6844 6 0 0 0 0
313 13688 2 2 3422 0 0 0 0 0
316 85 1 1 34 0 0 0 0 0
319 34 0 0 0 0 0 0 0 0
320 51 0 0 17 0 0 0 0 0
321 34 0 0 0 0 0 0 0 0
325 17 1 1 0 0 0 17 0 0
332 68 0 0 17 0 0 17 0 0
335 20640 0 0 3440 8 3 0 0 0
368 6 1 1 0 0 0 0 0 0
369 12 1 1 6 1 0 3 1 0
376 6 0 0 2 0 0 0 0 0
378 4 0 0 4 0 0 0 0 0
387 6 0 0 2 0 0 2 1 0
430 54 1 1 18 0 0 0 0 0
434 72 0 0 18 1 0 0 0 0
439 54 0 0 36 2 2 0 0 0
448 54 0 0 18 0 0 18 8 8
458 13596 1 1 6798 424 423 3399 1158 437
481 21 0 0 0 0 0 7 0 0
491 12 0 0 0 0 0 6 0 0
497 54 0 0 18 0 0 0 0 0
501 108 0 0 72 1 0 18 0 0
503 54 1 1 36 0 0 0 0 0
504 18 0 0 0 0 0 0 0 0
535 42501 1 1 14167 3544 3543 0 0 0
540 28334 0 0 0 0 0 0 0 0
541 42501 0 0 14167 1772 1772 14167 2089 2082
551 1906 0 0 953 0 0 0 0 0
555 1780 0 0 0 0 0 0 0 0
557 2670 0 0 890 1 0 0 0 0
558 890 0 0 890 117 115 0 0 0
575 126 0 0 126 1 1 0 0 0
577 63 0 0 0 0 0 63 0 0
578 63 0 0 0 0 0 63 2 2
fn=_dl_start
59 3 0 0 1 1 1 0 0 0
301 27 0 0 0 0 0 0 0 0
310 45 0 0 18 1 1 0 0 0
313 36 0 0 9 7 7 0 0 0
335 55 0 0 9 1 1 0 0 0
354 27 1 1 9 1 1 9 2 2
422 1 0 0 0 0 0 0 0 0
540 78 0 0 39 5 5 0 0 0
541 117 1 1 39 5 5 39 21 21
fl=/build/glibc-OTsEL5/glibc-2.27/elf/../sysdeps/x86_64/dl-trampoline.h
fn=_dl_runtime_resolve_xsave
71 121 7 3 0 0 0 121 0 0
74 121 0 0 0 0 0 0 0 0
76 121 0 0 0 0 0 0 0 0
86 121 0 0 121 11 1 0 0 0
92 121 0 0 0 0 0 121 11 0
93 121 0 0 0 0 0 121 0 0
94 121 0 0 0 0 0 121 0 0
95 121 0 0 0 0 0 121 0 0
96 121 0 0 0 0 0 121 0 0
97 121 0 0 0 0 0 121 0 0
98 121 0 0 0 0 0 121 0 0
102 121 0 0 0 0 0 0 0 0
103 121 0 0 0 0 0 0 0 0
106 121 0 0 0 0 0 121 8 3
107 121 6 2 0 0 0 121 0 0
109 121 0 0 0 0 0 121 0 0
110 121 0 0 0 0 0 121 0 0
111 121 0 0 0 0 0 121 0 0
112 121 0 0 0 0 0 121 0 0
113 121 0 0 0 0 0 121 0 0
114 121 0 0 0 0 0 121 0 0
116 121 0 0 121 0 0 3993 87 21
123 121 6 3 121 0 0 0 0 0
124 121 0 0 121 0 0 0 0 0
125 121 0 0 0 0 0 121 10 1
126 121 0 0 0 0 0 0 0 0
131 121 0 0 0 0 0 0 0 0
132 121 0 0 0 0 0 0 0 0
133 121 0 0 4356 0 0 0 0 0
135 121 0 0 121 0 0 0 0 0
136 121 0 0 121 0 0 0 0 0
137 121 0 0 121 0 0 0 0 0
138 121 0 0 121 0 0 0 0 0
139 121 0 0 121 0 0 0 0 0
140 121 0 0 121 0 0 0 0 0
141 121 0 0 121 0 0 0 0 0
143 121 0 0 0 0 0 0 0 0
145 121 7 2 121 0 0 0 0 0
149 121 0 0 0 0 0 0 0 0
152 121 0 0 0 0 0 0 0 0
fl=/build/glibc-OTsEL5/glibc-2.27/elf/./dl-load.h
fn=_dl_map_object_from_fd
90 20 0 0 10 0 0 0 0 0
91 15 1 1 10 0 0 5 0 0
93 20 0 0 10 0 0 0 0 0
94 20 1 1 12 0 0 0 0 0
95 24 1 1 8 0 0 0 0 0
96 16 0 0 4 0 0 0 0 0
98 16 0 0 0 0 0 4 0 0
fl=/build/glibc-OTsEL5/glibc-2.27/elf/./dl-map-segments.h
fn=_dl_map_object_from_fd
50 10 0 0 5 0 0 0 0 0
56 35 1 1 15 0 0 15 0 0
60 15 1 1 5 0 0 0 0 0
63 15 0 0 5 0 0 5 0 0
64 10 0 0 0 0 0 5 0 0
66 10 0 0 0 0 0 0 0 0
73 60 1 1 20 0 0 5 0 0
80 10 0 0 10 0 0 0 0 0
90 50 1 1 10 0 0 0 0 0
92 30 0 0 15 0 0 5 0 0
94 50 1 1 15 0 0 5 0 0
104 40 0 0 20 0 0 0 0 0
110 10 0 0 5 0 0 0 0 0
111 5 0 0 0 0 0 0 0 0
112 25 0 0 5 0 0 0 0 0
113 10 0 0 0 0 0 0 0 0
120 10 1 1 0 0 0 0 0 0
123 10 0 0 5 0 0 0 0 0
131 45 0 0 10 0 0 15 0 0
137 10 1 1 0 0 0 0 0 0
141 16 0 0 2 0 0 2 0 0
144 4 0 0 0 0 0 0 0 0
149 10 0 0 0 0 0 0 0 0
fl=/build/glibc-OTsEL5/glibc-2.27/elf/dl-addr.c
fn=_dl_addr
30 2 0 0 1 0 0 1 0 0
31 2 1 1 1 0 0 1 0 0
34 2 0 0 1 0 0 0 0 0
38 1 0 0 1 0 0 0 0 0
39 1 0 0 1 0 0 0 0 0
40 3 0 0 2 0 0 1 0 0
42 3 0 0 2 0 0 1 0 0
44 2 0 0 0 0 0 0 0 0
45 2 1 1 1 1 0 0 0 0
50 4050 0 0 2 0 0 0 0 0
52 1011 1 1 1011 62 4 0 0 0
53 2022 0 0 0 0 0 0 0 0
55 3664 0 0 916 0 0 0 0 0
61 11625 1 1 2325 492 425 0 0 0
63 9300 0 0 2325 0 0 0 0 0
64 16858 1 1 5300 378 320 0 0 0
69 2325 0 0 0 0 0 0 0 0
71 8384 0 0 2325 142 61 0 0 0
100 2 0 0 0 0 0 0 0 0
101 1 0 0 0 0 0 1 1 0
102 3 1 1 1 1 0 0 0 0
105 2 0 0 0 0 0 0 0 0
117 1 1 1 0 0 0 1 0 0
118 1 0 0 0 0 0 1 0 0
126 11 2 2 0 0 0 7 0 0
128 1 0 0 0 0 0 0 0 0
131 3 0 0 2 1 0 1 0 0
133 2 0 0 0 0 0 1 0 0
135 3 0 0 0 0 0 0 0 0
138 2 0 0 0 0 0 0 0 0
141 2 0 0 1 1 0 1 0 0
144 9 0 0 7 1 0 0 0 0
fl=/build/glibc-OTsEL5/glibc-2.27/elf/dl-cache.c
fn=_dl_cache_libcmp
141 82 1 1 82 33 33 0 0 0
142 450 0 0 0 0 0 0 0 0
144 884 1 1 0 0 0 0 0 0
146 8 0 0 0 0 0 0 0 0
152 16 1 1 0 0 0 0 0 0
153 12 0 0 0 0 0 0 0 0
154 16 0 0 4 0 0 0 0 0
156 16 1 1 4 0 0 0 0 0
158 8 0 0 0 0 0 0 0 0
164 434 0 0 0 0 0 0 0 0
166 794 0 0 360 0 0 0 0 0
167 111 0 0 37 0 0 0 0 0
170 180 0 0 0 0 0 0 0 0
171 180 0 0 0 0 0 0 0 0
174 12 0 0 4 0 0 0 0 0
fn=_dl_load_cache_lookup
187 36 1 1 0 0 0 24 0 0
195 8 1 1 4 0 0 0 0 0
198 12 0 0 4 1 1 0 0 0
201 5 1 1 0 0 0 1 1 1
209 5 1 1 1 0 0 0 0 0
210 7 0 0 3 1 1 0 0 0
214 1 0 0 0 0 0 1 0 0
217 4 1 1 1 0 0 0 0 0
220 2 0 0 0 0 0 1 0 0
221 3 0 0 0 0 0 0 0 0
222 8 1 1 3 1 1 0 0 0
243 16 0 0 6 0 0 0 0 0
249 8 0 0 0 0 0 0 0 0
258 12 0 0 0 0 0 4 0 0
260 4 0 0 4 0 0 0 0 0
264 24 1 1 4 0 0 8 0 0
266 8 0 0 0 0 0 0 0 0
270 56 2 2 16 0 0 12 0 0
271 12 0 0 4 0 0 0 0 0
285 928 9 9 130 27 27 65 0 0
297 11 2 2 4 0 0 0 0 0
301 8 0 0 4 0 0 0 0 0
305 8 0 0 4 0 0 0 0 0
313 36 1 1 4 0 0 4 0 0
314 12 0 0 0 0 0 4 0 0
315 8 0 0 0 0 0 4 0 0
316 32 0 0 28 0 0 0 0 0
fn=_dl_unload_cache
325 1 0 0 0 0 0 0 0 0
326 4 1 1 1 1 0 0 0 0
328 2 0 0 1 0 0 1 0 0
329 1 1 1 0 0 0 1 0 0
331 2 0 0 1 0 0 0 0 0
fl=/build/glibc-OTsEL5/glibc-2.27/elf/dl-debug.c
fn=_dl_debug_initialize
49 14 1 1 0 0 0 0 0 0
50 7 2 1 7 0 0 0 0 0
54 26 0 0 7 0 0 0 0 0
57 1 0 0 0 0 0 1 0 0
58 9 0 0 6 0 0 1 0 0
59 5 1 1 1 0 0 1 0 0
60 2 0 0 0 0 0 1 0 0
64 1 0 0 1 0 0 0 0 0
fn=_dl_debug_state
74 2 0 0 2 0 0 0 0 0
fl=/build/glibc-OTsEL5/glibc-2.27/elf/dl-deps.c
fn=_dl_map_object_deps
143 4 0 0 0 0 0 2 1 1
144 2 0 0 0 0 0 2 0 0
145 7 1 1 0 0 0 2 0 0
147 2 0 0 0 0 0 0 0 0
151 8 1 1 2 0 0 2 0 0
158 11 1 1 0 0 0 8 0 0
159 9 1 1 0 0 0 0 0 0
175 11 0 0 2 0 0 2 0 0
176 1 0 0 1 0 0 0 0 0
179 1 1 1 0 0 0 1 0 0
185 1 0 0 0 0 0 1 0 0
186 1 0 0 0 0 0 1 0 0
198 6 1 1 1 0 0 4 0 0
199 3 1 1 1 0 0 0 0 0
200 2 0 0 0 0 0 2 0 0
206 7 0 0 0 0 0 0 0 0
209 7 0 0 0 0 0 7 0 0
213 28 0 0 14 0 0 0 0 0
214 46 1 1 20 0 0 0 0 0
216 5 0 0 0 0 0 0 0 0
218 20 1 1 10 0 0 0 0 0
220 26 0 0 0 0 0 4 0 0
225 29 3 3 18 1 1 0 0 0
227 15 0 0 15 0 0 0 0 0
232 5 0 0 0 0 0 5 0 0
233 10 0 0 0 0 0 5 0 0
234 10 0 0 5 0 0 5 0 0
235 10 0 0 5 0 0 5 0 0
238 587 1 1 153 0 0 5 0 0
239 276 1 1 0 0 0 0 0 0
245 84 0 0 12 1 0 12 1 1
247 12 0 0 0 0 0 12 0 0
249 48 1 1 12 0 0 12 0 0
250 24 0 0 12 0 0 0 0 0
259 12 0 0 12 0 0 0 0 0
261 24 0 0 12 0 0 0 0 0
266 15 0 0 0 0 0 0 0 0
269 5 0 0 0 0 0 5 0 0
270 5 0 0 0 0 0 5 0 0
271 5 0 0 0 0 0 5 0 0
272 10 0 0 5 0 0 5 0 0
274 5 1 1 5 0 0 0 0 0
276 25 0 0 5 0 0 10 0 0
280 24 0 0 0 0 0 0 0 0
281 24 0 0 0 0 0 8 0 0
283 378 0 0 0 0 0 0 0 0
304 10 0 0 0 0 0 5 0 0
434 15 1 1 0 0 0 0 0 0
436 15 0 0 0 0 0 5 0 0
438 10 0 0 0 0 0 5 0 0
439 10 1 1 0 0 0 0 0 0
440 10 0 0 0 0 0 0 0 0
443 10 0 0 5 0 0 5 1 1
444 25 0 0 0 0 0 5 0 0
445 25 0 0 0 0 0 5 0 0
448 5 0 0 0 0 0 5 0 0
449 5 0 0 5 0 0 0 0 0
453 52 1 1 26 0 0 6 0 0
455 7 1 1 7 0 0 0 0 0
456 34 0 0 8 0 0 0 0 0
460 6 2 2 2 0 0 0 0 0
461 2 0 0 0 0 0 1 0 0
464 4 0 0 1 0 0 1 0 0
474 2 0 0 0 0 0 2 0 0
475 3 1 1 0 0 0 1 0 0
477 5 0 0 2 0 0 0 0 0
482 12 0 0 7 0 0 1 0 0
483 1 0 0 0 0 0 1 0 0
485 23 1 1 7 0 0 0 0 0
491 14 0 0 0 0 0 7 2 2
495 21 0 0 14 0 0 0 0 0
498 2 0 0 1 0 0 0 0 0
549 2 1 1 1 0 0 0 0 0
550 1 0 0 0 0 0 1 0 0
551 3 0 0 1 0 0 0 0 0
573 12 1 1 0 0 0 6 0 0
586 7 1 1 1 0 0 2 0 0
590 5 0 0 0 0 0 1 0 0
593 1 0 0 0 0 0 1 0 0
595 1 1 1 0 0 0 1 0 0
596 1 0 0 1 0 0 0 0 0
597 4 0 0 2 0 0 0 0 0
604 3 1 1 1 0 0 0 0 0
607 2 0 0 0 0 0 0 0 0
610 8 0 0 7 0 0 0 0 0
fn=openaux
60 24 1 1 0 0 0 12 0 0
63 120 1 1 48 0 0 24 1 1
64 24 0 0 12 0 0 0 0 0
67 12 0 0 12 0 0 0 0 0
68 24 0 0 24 0 0 0 0 0
fl=/build/glibc-OTsEL5/glibc-2.27/elf/dl-environ.c
fn=_dl_next_ld_env_entry
29 3 1 1 3 0 0 0 0 0
32 181 0 0 60 0 0 0 0 0
34 118 1 1 59 0 0 0 0 0
35 18 0 0 9 0 0 0 0 0
37 2 0 0 0 0 0 0 0 0
40 4 0 0 0 0 0 2 0 0
42 2 0 0 2 0 0 0 0 0
45 57 0 0 0 0 0 0 0 0
49 1 0 0 1 0 0 0 0 0
fl=/build/glibc-OTsEL5/glibc-2.27/elf/dl-error-skeleton.c
fn=_dl_catch_error
213 7 1 1 0 0 0 3 0 0
215 4 0 0 0 0 0 1 0 0
216 2 0 0 1 0 0 1 0 0
217 2 0 0 1 0 0 1 0 0
218 2 0 0 1 0 0 1 0 0
220 5 1 1 4 0 0 0 0 0
fn=_dl_catch_exception
175 52 1 1 0 0 0 39 0 0
187 26 0 0 0 0 0 26 2 2
188 26 0 0 0 0 0 13 0 0
190 26 0 0 13 0 0 13 0 0
191 26 1 1 0 0 0 13 0 0
194 78 0 0 0 0 0 13 1 1
196 39 0 0 26 0 0 13 0 0
197 26 1 1 13 0 0 13 0 0
198 52 0 0 13 0 0 26 0 0
207 52 0 0 26 0 0 0 0 0
fn=_dl_receive_error
226 3 0 0 0 0 0 2 0 0
227 1 0 0 1 0 0 0 0 0
228 1 0 0 1 0 0 0 0 0
231 1 0 0 0 0 0 1 0 0
232 1 0 0 0 0 0 1 0 0
234 2 0 0 0 0 0 1 0 0
236 1 1 1 0 0 0 1 0 0
237 1 0 0 0 0 0 1 0 0
238 4 0 0 3 0 0 0 0 0
fl=/build/glibc-OTsEL5/glibc-2.27/elf/dl-fini.c
fn=_dl_fini
30 8 1 1 0 0 0 6 0 0
47 6 0 0 0 0 0 1 0 0
50 7 1 1 1 1 1 0 0 0
53 2 1 1 1 1 1 1 0 0
55 1 0 0 1 1 1 0 0 0
58 2 0 0 0 0 0 0 0 0
60 8 0 0 3 0 0 1 0 0
65 1 0 0 0 0 0 1 0 0
68 7 1 1 0 0 0 0 0 0
73 22 0 0 7 1 0 0 0 0
75 14 0 0 7 4 1 0 0 0
77 14 0 0 0 0 0 0 0 0
79 14 0 0 0 0 0 7 0 0
80 7 0 0 0 0 0 7 6 5
81 7 1 1 0 0 0 0 0 0
85 7 0 0 7 4 1 0 0 0
87 6 0 0 0 0 0 0 0 0
88 4 0 0 0 0 0 0 0 0
94 10 2 2 0 0 0 1 0 0
104 2 0 0 1 0 0 1 0 0
109 22 1 1 8 0 0 1 0 0
111 7 1 1 7 0 0 0 0 0
113 21 0 0 7 0 0 0 0 0
116 14 0 0 0 0 0 7 0 0
119 21 0 0 7 7 7 0 0 0
120 6 0 0 2 2 1 0 0 0
123 10 0 0 5 0 0 0 0 0
134 15 0 0 10 6 3 0 0 0
135 5 1 1 5 1 1 0 0 0
136 10 0 0 5 0 0 0 0 0
137 50 1 1 10 4 4 5 0 0
138 10 0 0 5 5 5 5 0 0
142 10 0 0 0 0 0 0 0 0
143 15 0 0 10 4 4 5 0 0
149 42 0 0 14 1 1 0 0 0
165 14 0 0 7 0 0 0 0 0
171 6 0 0 2 0 0 0 0 0
177 2 0 0 1 0 0 0 0 0
184 8 0 0 7 0 0 0 0 0
fl=/build/glibc-OTsEL5/glibc-2.27/elf/dl-hwcaps.c
fn=_dl_important_hwcaps
42 13 2 2 0 0 0 10 1 1
43 8 0 0 1 0 0 3 0 0
46 3 0 0 0 0 0 0 0 0
55 18 1 1 1 0 0 0 0 0
56 6 0 0 0 0 0 0 0 0
57 4 0 0 0 0 0 0 0 0
65 3 0 0 1 0 0 0 0 0
69 3 1 1 0 0 0 0 0 0
129 1 0 0 0 0 0 0 0 0
131 4 0 0 0 0 0 0 0 0
146 7 1 1 0 0 0 0 0 0
147 1 0 0 0 0 0 0 0 0
149 2 0 0 0 0 0 0 0 0
166 1 0 0 0 0 0 0 0 0
183 19 1 1 2 0 0 1 0 0
184 6 1 1 2 0 0 2 1 1
186 1 0 0 0 0 0 1 1 1
187 2 0 0 0 0 0 2 0 0
188 7 0 0 1 0 0 0 0 0
191 3 0 0 1 0 0 0 0 0
193 1 0 0 0 0 0 1 0 0
194 6 1 1 1 0 0 1 0 0
198 2 0 0 0 0 0 1 0 0
199 1 0 0 0 0 0 1 0 0
202 3 0 0 1 0 0 0 0 0
205 4 0 0 0 0 0 1 0 0
209 8 1 1 1 0 0 2 0 0
210 4 0 0 1 0 0 0 0 0
212 3 0 0 0 0 0 0 0 0
213 2 1 1 0 0 0 0 0 0
214 3 0 0 1 0 0 0 0 0
215 2 0 0 0 0 0 0 0 0
222 2 0 0 0 0 0 0 0 0
228 11 1 1 1 0 0 5 0 0
229 5 0 0 0 0 0 1 0 0
230 4 1 1 2 0 0 0 0 0
259 13 0 0 1 0 0 5 0 0
262 4 1 1 1 0 0 1 0 0
265 2 1 1 0 0 0 0 0 0
269 1 0 0 1 0 0 0 0 0
272 2 0 0 0 0 0 0 0 0
275 12 0 0 6 0 0 4 0 0
278 12 0 0 3 0 0 0 0 0
279 24 2 2 2 0 0 6 0 0
280 6 0 0 2 0 0 2 0 0
283 10 1 1 2 0 0 4 0 0
285 7 0 0 3 0 0 0 0 0
290 28 1 1 2 0 0 0 0 0
291 16 0 0 0 0 0 8 1 1
295 22 0 0 0 0 0 0 0 0
298 51 0 0 0 0 0 0 0 0
299 72 1 1 0 0 0 0 0 0
300 36 0 0 24 0 0 0 0 0
302 6 0 0 0 0 0 0 0 0
305 3 0 0 1 0 0 0 0 0
306 2 1 1 0 0 0 0 0 0
307 15 1 1 1 0 0 0 0 0
309 6 0 0 0 0 0 0 0 0
310 2 0 0 2 0 0 0 0 0
313 4 0 0 0 0 0 2 0 0
320 19 0 0 6 0 0 4 0 0
321 4 0 0 0 0 0 0 0 0
323 8 0 0 0 0 0 0 0 0
326 3 0 0 2 0 0 1 0 0
328 2 1 1 1 0 0 0 0 0
329 9 1 1 7 0 0 0 0 0
fl=/build/glibc-OTsEL5/glibc-2.27/elf/dl-init.c
fn=_dl_init
30 24 1 1 8 0 0 0 0 0
36 14 0 0 0 0 0 7 0 0
39 28 1 1 14 2 0 0 0 0
40 3 0 0 0 0 0 0 0 0
44 18 1 1 6 4 0 0 0 0
45 3 1 1 1 0 0 0 0 0
49 10 0 0 5 0 0 0 0 0
58 36 1 1 15 9 0 6 0 0
61 1 0 0 1 1 0 0 0 0
62 10 0 0 0 0 0 0 0 0
68 15 1 1 10 2 0 0 0 0
70 14 0 0 10 0 0 0 0 0
71 67 1 1 17 0 0 6 0 0
72 79 0 0 16 5 0 16 0 0
79 11 2 2 0 0 0 6 0 0
80 1 0 0 1 1 0 0 0 0
81 1 0 0 1 0 0 0 0 0
84 3 0 0 1 0 0 0 0 0
87 2 0 0 0 0 0 1 0 0
92 2 0 0 0 0 0 0 0 0
117 2 0 0 1 0 0 0 0 0
118 24 1 1 0 0 0 0 0 0
119 21 0 0 14 3 0 0 0 0
125 8 0 0 7 1 0 0 0 0
fl=/build/glibc-OTsEL5/glibc-2.27/elf/dl-load.c
fn=_dl_init_paths
623 9 1 1 0 0 0 7 0 0
636 6 1 1 2 0 0 2 1 1
640 1 0 0 0 0 0 1 0 0
641 2 0 0 0 0 0 1 0 0
642 3 0 0 0 0 0 0 0 0
649 4 1 1 0 0 0 0 0 0
650 5 0 0 1 0 0 2 0 0
653 6 0 0 0 0 0 2 0 0
655 2 0 0 0 0 0 0 0 0
661 1 0 0 0 0 0 1 0 0
662 1 0 0 0 0 0 1 0 0
664 1 0 0 0 0 0 0 0 0
670 3 0 0 0 0 0 3 0 0
672 8 0 0 0 0 0 4 0 0
673 4 2 2 0 0 0 4 3 3
675 5 0 0 0 0 0 4 0 0
676 8 0 0 3 0 0 4 1 1
677 7 0 0 0 0 0 0 0 0
680 6 0 0 3 2 2 0 0 0
681 24 1 1 8 0 0 4 0 0
684 30 0 0 3 0 0 5 0 0
690 1 1 1 0 0 0 1 1 1
691 1 0 0 0 0 0 1 0 0
695 1 0 0 1 0 0 0 0 0
696 2 0 0 0 0 0 0 0 0
698 4 0 0 1 0 0 0 0 0
700 3 0 0 1 0 0 0 0 0
717 2 0 0 0 0 0 1 0 0
719 3 1 1 1 0 0 0 0 0
733 2 2 2 0 0 0 1 0 0
738 5 1 1 2 0 0 0 0 0
740 12 2 2 0 0 0 2 0 0
744 2 0 0 0 0 0 0 0 0
745 61 1 1 15 0 0 0 0 0
746 56 0 0 0 0 0 0 0 0
749 1 0 0 0 0 0 1 0 0
750 1 0 0 0 0 0 1 0 0
751 2 0 0 0 0 0 0 0 0
757 7 0 0 0 0 0 1 0 0
760 3 0 0 2 0 0 0 0 0
766 1 0 0 0 0 0 1 0 0
770 8 0 0 7 0 0 0 0 0
fn=_dl_map_object
601 36 2 2 12 0 0 0 0 0
610 12 1 1 8 0 0 0 0 0
2080 117 1 1 0 0 0 104 6 6
2082 5 0 0 0 0 0 5 1 1
2088 26 0 0 0 0 0 0 0 0
2089 52 0 0 13 1 1 0 0 0
2092 254 1 1 63 0 0 0 0 0
2097 406 1 1 58 0 0 0 0 0
2099 290 0 0 0 0 0 58 1 1
2103 100 0 0 50 0 0 0 0 0
2104 150 0 0 50 0 0 0 0 0
2107 28 0 0 28 0 0 0 0 0
2108 56 0 0 56 0 0 0 0 0
2109 112 0 0 0 0 0 28 0 0
2125 15 1 1 5 0 0 0 0 0
2135 15 0 0 5 0 0 0 0 0
2169 5 0 0 0 0 0 5 2 2
2171 29 2 2 4 0 0 5 0 0
2175 16 0 0 0 0 0 8 0 0
2177 8 0 0 0 0 0 0 0 0
2184 16 1 1 4 0 0 0 0 0
2188 16 1 1 4 0 0 4 0 0
2189 8 0 0 0 0 0 4 0 0
2193 12 0 0 4 0 0 0 0 0
2196 28 0 0 0 0 0 12 0 0
2208 12 1 1 0 0 0 0 0 0
2209 28 1 1 4 0 0 4 0 0
2219 8 1 1 4 0 0 0 0 0
2220 60 1 1 4 0 0 16 0 0
2226 20 0 0 0 0 0 0 0 0
2235 4 0 0 0 0 0 4 0 0
2249 8 1 1 0 0 0 0 0 0
2251 12 0 0 4 0 0 0 0 0
2255 12 1 1 0 0 0 4 0 0
2257 8 0 0 0 0 0 0 0 0
2261 8 0 0 0 0 0 0 0 0
2269 12 0 0 4 0 0 0 0 0
2292 44 1 1 0 0 0 12 0 0
2296 20 0 0 12 0 0 0 0 0
2297 8 0 0 0 0 0 4 0 0
2314 8 1 1 4 0 0 0 0 0
2320 1 0 0 0 0 0 1 0 0
2322 6 0 0 0 0 0 1 0 0
2323 5 1 1 0 0 0 1 0 0
2327 10 0 0 0 0 0 2 0 0
2330 5 0 0 3 0 0 0 0 0
2342 19 1 1 0 0 0 0 0 0
2344 8 0 0 0 0 0 0 0 0
2388 10 0 0 5 0 0 5 0 0
2389 75 1 1 15 0 0 25 0 0
2391 117 1 1 91 0 0 0 0 0
fn=_dl_map_object_from_fd
369 8 1 1 4 0 0 0 0 0
808 75 2 2 0 0 0 55 2 2
818 20 0 0 5 0 0 10 1 1
819 5 1 1 0 0 0 5 0 0
834 95 0 0 30 0 0 0 0 0
835 40 0 0 20 0 0 0 0 0
852 10 2 2 5 0 0 0 0 0
876 20 0 0 5 0 0 5 0 0
886 10 0 0 5 0 0 0 0 0
908 20 0 0 10 0 0 0 0 0
940 10 0 0 0 0 0 0 0 0
943 40 0 0 25 0 0 5 0 0
944 10 0 0 0 0 0 0 0 0
955 15 1 1 10 0 0 5 3 3
956 20 0 0 10 0 0 10 0 0
957 10 0 0 5 0 0 5 0 0
959 15 0 0 0 0 0 0 0 0
960 20 0 0 10 0 0 0 0 0
961 5 0 0 0 0 0 0 0 0
976 15 0 0 0 0 0 10 0 0
978 5 0 0 0 0 0 5 0 0
980 50 1 1 0 0 0 10 0 0
981 5 0 0 0 0 0 0 0 0
982 5 0 0 0 0 0 0 0 0
988 249 1 1 0 0 0 0 0 0
989 296 1 1 39 0 0 0 0 0
995 10 0 0 5 0 0 0 0 0
1000 10 0 0 5 0 0 5 0 0
1001 20 0 0 5 0 0 5 0 0
1006 2 0 0 1 0 0 1 0 0
1007 1 0 0 0 0 0 0 0 0
1012 50 1 1 20 0 0 0 0 0
1017 80 0 0 20 0 0 0 0 0
1025 40 0 0 10 0 0 0 0 0
1026 40 1 1 0 0 0 10 4 4
1027 50 0 0 10 0 0 10 0 0
1028 10 0 0 0 0 0 10 1 1
1029 20 0 0 10 0 0 10 0 0
1030 20 0 0 0 0 0 10 1 1
1034 20 1 1 0 0 0 0 0 0
1035 20 0 0 10 0 0 0 0 0
1039 20 0 0 0 0 0 0 0 0
1040 80 0 0 20 0 0 10 0 0
1050 10 1 1 0 0 0 0 0 0
1053 6 0 0 2 0 0 0 0 0
1057 2 0 0 0 0 0 2 2 2
1058 6 1 1 4 0 0 2 1 1
1059 4 0 0 0 0 0 0 0 0
1060 2 0 0 0 0 0 0 0 0
1062 6 0 0 0 0 0 2 0 0
1063 4 0 0 2 0 0 2 0 0
1066 2 0 0 0 0 0 2 0 0
1070 8 0 0 2 0 0 0 0 0
1076 6 0 0 2 0 0 4 1 1
1077 2 0 0 0 0 0 0 0 0
1085 25 0 0 5 0 0 5 0 0
1092 10 1 1 5 0 0 5 0 0
1093 5 0 0 0 0 0 0 0 0
1096 10 1 1 5 0 0 5 2 2
1097 10 0 0 5 0 0 5 0 0
1098 5 0 0 0 0 0 0 0 0
1101 20 0 0 5 0 0 0 0 0
1110 10 1 1 0 0 0 0 0 0
1120 50 0 0 20 0 0 10 0 0
1132 20 1 1 10 0 0 0 0 0
1141 15 1 1 5 0 0 5 0 0
1148 10 1 1 0 0 0 0 0 0
1163 15 0 0 5 0 0 0 0 0
1182 10 0 0 5 0 0 5 0 0
1184 25 1 1 10 0 0 0 0 0
1238 15 0 0 5 3 3 0 0 0
1239 4 0 0 2 0 0 2 0 0
1242 20 0 0 5 0 0 5 0 0
1251 10 0 0 5 0 0 0 0 0
1253 20 1 1 10 0 0 5 0 0
1255 10 0 0 5 0 0 0 0 0
1271 10 0 0 0 0 0 5 0 0
1275 10 0 0 5 0 0 0 0 0
1276 10 0 0 5 0 0 0 0 0
1293 10 1 1 5 0 0 0 0 0
1294 1 0 0 0 0 0 1 0 0
1297 15 0 0 5 0 0 10 0 0
1302 10 0 0 5 0 0 0 0 0
1312 10 0 0 5 0 0 0 0 0
1322 15 1 1 5 0 0 5 0 0
1326 15 0 0 5 0 0 0 0 0
1346 45 0 0 35 0 0 0 0 0
fn=expand_dynamic_string_token
320 14 1 1 0 0 0 8 0 0
330 10 0 0 0 0 0 2 1 1
334 4 0 0 0 0 0 0 0 0
345 10 0 0 8 0 0 0 0 0
fn=fillin_rpath
389 16 2 2 0 0 0 12 0 0
391 1 0 0 0 0 0 0 0 0
393 12 1 1 4 0 0 2 0 0
400 2 0 0 1 0 0 0 0 0
402 4 0 0 1 0 0 1 0 0
406 2 0 0 0 0 0 0 0 0
411 2 0 0 0 0 0 1 0 0
412 2 0 0 0 0 0 0 0 0
419 7 2 2 1 0 0 0 0 0
424 4 0 0 0 0 0 2 0 0
428 17 1 1 5 0 0 0 0 0
429 8 0 0 4 0 0 0 0 0
447 4 1 1 1 0 0 1 0 0
450 1 0 0 0 0 0 1 0 0
451 7 1 1 2 0 0 2 0 0
453 3 0 0 1 0 0 0 0 0
457 2 0 0 0 0 0 2 1 1
458 1 0 0 0 0 0 0 0 0
459 4 0 0 0 0 0 2 0 0
460 2 1 1 1 0 0 1 0 0
462 2 0 0 1 0 0 0 0 0
468 4 0 0 1 0 0 0 0 0
469 40 2 2 1 0 0 1 0 0
470 12 1 1 0 0 0 5 0 0
472 2 0 0 1 0 0 1 0 0
473 3 1 1 1 0 0 0 0 0
478 2 1 1 0 0 0 1 0 0
480 1 0 0 0 0 0 1 0 0
481 1 1 1 0 0 0 1 0 0
484 3 0 0 0 0 0 1 0 0
486 3 1 1 1 0 0 1 0 0
490 1 0 0 0 0 0 1 0 0
493 9 0 0 7 0 0 0 0 0
fn=open_path
1932 32 1 1 0 0 0 24 1 1
1933 8 0 0 4 0 0 4 1 1
1936 4 1 1 0 0 0 4 0 0
1937 4 0 0 0 0 0 4 0 0
1939 8 0 0 0 0 0 0 0 0
1944 72 1 1 12 0 0 28 2 2
1947 12 0 0 8 0 0 0 0 0
1951 12 0 0 0 0 0 0 0 0
1956 16 0 0 0 0 0 4 0 0
1963 20 1 1 8 0 0 8 1 1
1964 98 1 1 0 0 0 0 0 0
1967 64 0 0 32 0 0 0 0 0
1971 110 1 1 66 0 0 22 0 0
1974 22 0 0 0 0 0 11 0 0
1977 33 0 0 11 0 0 0 0 0
1980 110 1 1 55 0 0 22 1 1
1982 55 0 0 33 0 0 0 0 0
1984 16 0 0 0 0 0 0 0 0
1989 16 1 1 8 0 0 0 0 0
1990 64 0 0 32 0 0 0 0 0
1996 89 3 3 35 0 0 12 0 0
1998 48 0 0 8 0 0 8 0 0
1999 2 0 0 1 0 0 0 0 0
2001 23 0 0 0 0 0 8 0 0
2008 12 0 0 0 0 0 0 0 0
2010 6 0 0 0 0 0 0 0 0
2018 8 0 0 0 0 0 4 0 0
2028 42 0 0 0 0 0 0 0 0
2046 8 0 0 0 0 0 0 0 0
2049 28 1 1 4 0 0 0 0 0
2054 4 0 0 4 0 0 0 0 0
2056 16 1 1 12 0 0 0 0 0
2059 12 0 0 4 0 0 0 0 0
2073 36 1 1 28 0 0 0 0 0
fn=open_verify.constprop.7
1598 224 1 1 16 0 0 144 1 1
1637 78 0 0 16 0 0 0 0 0
1650 11 0 0 0 0 0 0 0 0
1668 80 1 1 16 0 0 16 1 1
1670 37 0 0 0 0 0 0 0 0
1680 5 0 0 0 0 0 5 0 0
1681 10 0 0 0 0 0 5 0 0
1686 30 1 1 0 0 0 5 0 0
1688 10 0 0 0 0 0 0 0 0
1690 10 0 0 5 0 0 5 0 0
1692 10 0 0 0 0 0 0 0 0
1698 10 0 0 0 0 0 0 0 0
1714 86 5 5 48 3 3 0 0 0
1788 10 0 0 5 0 0 0 0 0
1793 10 0 0 5 0 0 0 0 0
1795 20 0 0 5 0 0 0 0 0
1801 10 0 0 0 0 0 0 0 0
1812 10 0 0 5 1 1 0 0 0
1818 20 1 1 5 0 0 0 0 0
1819 20 0 0 5 0 0 0 0 0
1820 5 0 0 0 0 0 0 0 0
1825 6 1 1 3 0 0 0 0 0
1840 205 0 0 0 0 0 0 0 0
1842 94 1 1 42 11 11 0 0 0
1855 15 1 1 0 0 0 0 0 0
1858 20 0 0 10 0 0 0 0 0
1859 5 0 0 0 0 0 0 0 0
1868 42 1 1 28 3 3 0 0 0
1870 5 0 0 0 0 0 0 0 0
1871 60 1 1 10 0 0 0 0 0
1874 15 0 0 0 0 0 0 0 0
1879 2 0 0 0 0 0 0 0 0
1880 4 0 0 0 0 0 0 0 0
1883 4 0 0 0 0 0 0 0 0
1886 4 0 0 2 0 0 0 0 0
1887 8 0 0 2 0 0 0 0 0
1888 2 0 0 2 0 0 0 0 0
1889 6 0 0 2 0 0 0 0 0
1890 6 1 1 2 0 0 0 0 0
1918 144 1 1 112 0 0 0 0 0
fl=/build/glibc-OTsEL5/glibc-2.27/elf/dl-lookup.c
fn=_dl_lookup_symbol_x
554 4588 0 0 0 0 0 0 0 0
555 395094 0 0 98200 2007 1660 0 0 0
556 383624 7 2 0 0 0 0 0 0
790 32116 13 4 2294 0 0 20646 27 3
792 4588 0 0 0 0 0 2294 14 2
793 4588 0 0 0 0 0 2294 0 0
796 2294 0 0 2294 15 1 0 0 0
800 11430 7 2 4568 0 0 0 0 0
804 25234 8 2 4588 0 0 9176 0 0
805 6882 0 0 2294 19 2 0 0 0
811 6990 0 0 2330 0 0 0 0 0
813 29822 8 2 11470 0 0 16058 14 1
816 11434 0 0 2276 0 0 0 0 0
819 72 0 0 0 0 0 0 0 0
841 4588 8 2 2294 0 0 0 0 0
843 108 1 1 18 0 0 0 0 0
860 18 1 1 0 0 0 18 0 0
861 36 0 0 0 0 0 0 0 0
865 15932 0 0 4552 0 0 0 0 0
896 2276 0 0 0 0 0 0 0 0
905 9104 0 0 2276 0 0 0 0 0
919 6828 7 2 2276 40 4 0 0 0
920 2 1 1 0 0 0 1 0 0
922 9104 0 0 4552 0 0 0 0 0
927 2276 0 0 0 0 0 2276 0 0
929 20682 0 0 16058 0 0 0 0 0
fn=_dl_setup_hash
939 21 1 1 7 0 0 0 0 0
943 7 0 0 7 0 0 0 0 0
947 14 0 0 7 7 7 7 1 1
948 7 0 0 7 0 0 0 0 0
949 7 0 0 7 1 1 0 0 0
951 21 0 0 0 0 0 0 0 0
952 7 0 0 0 0 0 7 0 0
953 21 1 1 7 0 0 7 0 0
955 7 0 0 0 0 0 7 0 0
956 14 0 0 0 0 0 0 0 0
958 7 0 0 0 0 0 7 0 0
960 21 0 0 0 0 0 7 0 0
961 7 0 0 7 0 0 0 0 0
fn=do_lookup_x
78 15932 7 3 6828 241 173 0 0 0
90 29041 6 3 0 0 0 12368 0 0
93 6376 0 0 3188 0 0 456 0 0
97 2276 0 0 2276 10 2 0 0 0
98 4552 6 3 2276 0 0 0 0 0
100 4548 0 0 0 0 0 0 0 0
119 2274 0 0 2274 172 37 0 0 0
120 20466 6 2 9096 37 1 0 0 0
121 22700 7 2 9080 9 0 6810 16 3
122 12 0 0 8 0 0 0 0 0
123 8 0 0 0 0 0 0 0 0
148 4 0 0 0 0 0 0 0 0
150 10 0 0 4 2 0 0 0 0
154 2 0 0 0 0 0 0 0 0
155 7 1 1 2 0 0 2 0 0
174 280 0 0 0 0 0 0 0 0
175 720 0 0 0 0 0 0 0 0
176 500 0 0 250 58 58 0 0 0
178 196 0 0 0 0 0 0 0 0
179 196 0 0 0 0 0 0 0 0
180 2264 13 6 992 0 0 0 0 0
183 234 0 0 82 0 0 152 0 0
184 152 0 0 0 0 0 152 0 0
185 152 0 0 0 0 0 152 0 0
186 244 1 1 0 0 0 152 0 0
203 244 1 1 122 0 0 122 0 0
205 854 0 0 122 2 0 244 0 0
207 366 0 0 122 0 0 122 0 0
208 122 0 0 122 0 0 0 0 0
209 244 1 1 0 0 0 0 0 0
211 2508 0 0 429 0 0 484 0 0
212 726 1 1 121 0 0 0 0 0
215 1012 1 1 506 79 42 0 0 0
216 280 0 0 160 0 0 40 0 0
218 80 0 0 0 0 0 0 0 0
228 40 0 0 40 0 0 0 0 0
229 240 0 0 160 0 0 80 0 0
231 120 0 0 80 0 0 80 0 0
235 426 0 0 0 0 0 0 0 0
238 264 0 0 0 0 0 0 0 0
239 264 0 0 0 0 0 0 0 0
240 132 1 1 0 0 0 0 0 0
243 1134 2 2 486 0 0 0 0 0
250 22 0 0 2 0 0 2 0 0
251 8 1 1 0 0 0 4 0 0
253 4 0 0 0 0 0 0 0 0
260 206 0 0 6 0 0 2 0 0
261 276 0 0 92 12 2 0 0 0
262 280 1 1 210 0 0 0 0 0
266 14 1 1 6 1 0 2 0 0
267 2 0 0 0 0 0 2 0 0
269 4 0 0 2 0 0 2 0 0
270 10 0 0 4 1 0 4 0 0
286 2 1 1 0 0 0 0 0 0
294 5101 0 0 0 0 0 0 0 0
295 4 0 0 0 0 0 2 0 0
296 2 1 1 0 0 0 0 0 0
299 1 0 0 0 0 0 1 0 0
300 1 0 0 0 0 0 1 0 0
301 439 2 2 249 1 0 1 1 0
304 164 0 0 0 0 0 0 0 0
312 328 1 1 82 0 0 0 0 0
317 492 2 2 164 0 0 82 0 0
322 492 0 0 328 0 0 246 0 0
324 246 0 0 164 0 0 82 0 0
338 29822 7 2 2294 0 0 25234 53 9
339 2294 0 0 2294 15 1 0 0 0
344 4588 0 0 2294 0 0 0 0 0
345 2294 0 0 2294 0 0 0 0 0
349 14788 6 3 14788 108 10 0 0 0
352 14788 0 0 7394 0 0 0 0 0
356 28672 12 6 2354 0 0 2294 0 0
360 14752 0 0 7376 88 10 0 0 0
364 14752 0 0 7376 11 0 0 0 0
370 22128 0 0 7376 61 5 0 0 0
374 2523 0 0 0 0 0 2523 0 0
375 2523 0 0 0 0 0 2523 0 0
378 14752 6 3 14752 156 12 0 0 0
379 22128 0 0 14752 60 5 7376 0 0
382 7376 0 0 7376 0 0 0 0 0
383 14752 0 0 0 0 0 0 0 0
385 7376 0 0 7376 1079 160 0 0 0
386 4588 0 0 0 0 0 2294 0 0
387 14752 0 0 14752 0 0 0 0 0
390 36880 6 2 14752 0 0 0 0 0
393 51632 0 0 0 0 0 0 0 0
396 5148 0 0 5148 1279 242 0 0 0
397 7722 7 3 0 0 0 0 0 0
398 5148 0 0 0 0 0 0 0 0
400 7569 0 0 2523 0 0 2523 0 0
403 28590 6 3 11436 1759 477 0 0 0
405 9104 0 0 2276 0 0 0 0 0
406 6828 0 0 2276 213 107 0 0 0
407 4552 0 0 0 0 0 0 0 0
413 10329 0 0 0 0 0 0 0 0
421 4588 0 0 0 0 0 0 0 0
446 499 1 0 249 0 0 0 0 0
448 1 0 0 0 0 0 0 0 0
452 22752 6 2 11376 0 0 0 0 0
503 4552 0 0 0 0 0 0 0 0
506 11756 7 2 2276 0 0 0 0 0
510 4656 3 0 1552 11 0 0 0 0
522 12924 6 2 6462 0 0 6462 0 0
524 2154 0 0 0 0 0 0 0 0
529 244 0 0 0 0 0 0 0 0
540 40002 0 0 15034 9 1 0 0 0
541 4445 0 0 635 0 0 1270 5 1
544 15354 0 0 0 0 0 0 0 0
547 36 0 0 0 0 0 0 0 0
548 18352 0 0 16058 0 0 0 0 0
fl=/build/glibc-OTsEL5/glibc-2.27/elf/dl-minimal.c
fn=calloc
92 17 1 1 0 0 0 0 0 0
96 17 0 0 0 0 0 0 0 0
99 34 0 0 0 0 0 0 0 0
100 51 0 0 0 0 0 0 0 0
103 17 1 1 0 0 0 0 0 0
fn=free
111 12 0 0 6 0 0 0 0 0
fn=malloc
49 9 0 0 0 0 0 6 1 0
50 159 1 1 79 2 0 0 0 0
55 7 0 0 2 0 0 1 0 0
56 2 1 1 1 0 0 0 0 0
57 2 0 0 0 0 0 0 0 0
61 120 1 1 0 0 0 40 0 0
64 268 0 0 0 0 0 0 0 0
69 12 1 1 3 0 0 0 0 0
70 6 0 0 0 0 0 0 0 0
72 3 0 0 0 0 0 0 0 0
73 24 0 0 0 0 0 3 0 0
75 6 0 0 0 0 0 0 0 0
77 9 0 0 3 0 0 0 0 0
79 9 0 0 0 0 0 3 0 0
82 40 0 0 0 0 0 40 0 0
83 40 1 1 0 0 0 40 0 0
85 89 0 0 46 0 0 0 0 0
fn=strsep
265 4 1 1 2 0 0 0 0 0
267 2 0 0 2 0 0 0 0 0
268 4 0 0 0 0 0 0 0 0
272 77 2 2 15 0 0 0 0 0
277 56 0 0 28 0 0 0 0 0
279 84 0 0 28 0 0 0 0 0
287 14 0 0 0 0 0 0 0 0
290 1 0 0 0 0 0 1 0 0
294 2 0 0 2 0 0 0 0 0
fl=/build/glibc-OTsEL5/glibc-2.27/elf/dl-misc.c
fn=_dl_higher_prime_number
337 2 0 0 0 0 0 0 0 0
338 2 0 0 0 0 0 0 0 0
340 24 1 1 2 0 0 0 0 0
342 80 1 1 0 0 0 0 0 0
343 37 0 0 10 4 2 0 0 0
344 3 0 0 0 0 0 0 0 0
359 1 0 0 1 0 0 0 0 0
fn=_dl_name_match_p
282 3795 5 3 0 0 0 1518 3 0
283 3036 0 0 759 38 5 759 0 0
284 779 0 0 0 0 0 0 0 0
286 759 0 0 759 0 0 0 0 0
288 3028 0 0 0 0 0 0 0 0
289 3875 6 3 775 71 7 775 0 0
292 755 0 0 755 0 0 0 0 0
294 739 0 0 0 0 0 0 0 0
295 3795 0 0 2277 0 0 0 0 0
fn=_dl_sysdep_read_whole_file
44 8 2 2 0 0 0 4 0 0
47 3 0 0 0 0 0 1 0 0
48 2 0 0 0 0 0 0 0 0
50 7 0 0 0 0 0 1 0 0
52 2 0 0 1 0 0 1 0 0
55 2 0 0 0 0 0 0 0 0
57 8 1 1 0 0 0 1 0 0
68 2 0 0 0 0 0 1 0 0
71 7 0 0 5 0 0 0 0 0
fl=/build/glibc-OTsEL5/glibc-2.27/elf/dl-object.c
fn=_dl_add_to_namespace_list
31 30 1 1 0 0 0 18 0 0
33 18 0 0 6 0 0 6 0 0
35 52 0 0 6 0 0 0 0 0
38 60 0 0 20 0 0 0 0 0
40 5 0 0 0 0 0 5 0 0
42 5 0 0 0 0 0 5 0 0
45 2 0 0 0 0 0 1 0 0
46 18 1 1 6 0 0 0 0 0
47 12 0 0 6 0 0 6 0 0
48 12 0 0 0 0 0 6 0 0
50 12 0 0 6 0 0 0 0 0
51 18 0 0 18 0 0 0 0 0
fn=_dl_new_object
59 78 1 1 0 0 0 48 2 2
60 36 1 1 0 0 0 18 1 1
66 36 0 0 6 0 0 0 0 0
68 12 0 0 0 0 0 0 0 0
73 30 1 1 0 0 0 12 0 0
76 12 0 0 0 0 0 0 0 0
79 6 0 0 0 0 0 6 4 4
80 18 0 0 6 0 0 6 6 6
84 12 1 1 0 0 0 6 2 2
85 48 0 0 18 0 0 18 3 3
87 6 0 0 0 0 0 6 0 0
95 36 0 0 12 0 0 6 1 1
96 30 0 0 6 6 6 6 0 0
99 12 1 1 6 0 0 0 0 0
100 17 1 1 5 0 0 6 6 6
101 6 0 0 0 0 0 6 2 2
105 6 0 0 0 0 0 6 0 0
108 49 0 0 0 0 0 0 0 0
110 32 1 1 0 0 0 16 4 4
120 12 0 0 0 0 0 6 1 1
121 6 0 0 0 0 0 6 6 6
124 1 1 1 0 0 0 0 0 0
126 36 1 1 6 0 0 0 0 0
128 15 0 0 0 0 0 5 3 3
131 14 1 1 0 0 0 0 0 0
135 15 0 0 5 0 0 0 0 0
139 26 0 0 0 0 0 0 0 0
147 1 1 1 0 0 0 1 0 0
150 12 0 0 0 0 0 6 0 0
153 18 0 0 0 0 0 6 0 0
155 20 0 0 5 0 0 10 0 0
159 20 1 1 5 0 0 0 0 0
163 20 0 0 0 0 0 5 0 0
164 10 0 0 0 0 0 0 0 0
172 5 0 0 0 0 0 0 0 0
176 5 0 0 0 0 0 0 0 0
209 99 0 0 5 0 0 5 0 0
214 84 0 0 0 0 0 0 0 0
215 178 0 0 84 0 0 0 0 0
220 10 0 0 0 0 0 5 0 0
223 5 0 0 0 0 0 5 0 0
227 54 1 1 42 0 0 0 0 0
fl=/build/glibc-OTsEL5/glibc-2.27/elf/dl-open.c
fn=_dl_find_dso_for_object
176 5 1 1 0 0 0 4 0 0
180 6 0 0 1 0 0 0 0 0
181 19 0 0 6 0 0 0 0 0
182 24 1 1 12 1 0 0 0 0
183 2 0 0 1 0 0 0 0 0
186 2 1 1 1 0 0 0 0 0
190 7 0 0 5 0 0 0 0 0
fl=/build/glibc-OTsEL5/glibc-2.27/elf/dl-profstub.c
fn=_dl_mcount_wrapper_check
38 384 2 2 256 0 0 0 0 0
40 128 0 0 128 0 0 0 0 0
fl=/build/glibc-OTsEL5/glibc-2.27/elf/dl-reloc.c
fn=_dl_relocate_object
148 84 1 1 0 0 0 56 0 0
155 7 0 0 0 0 0 7 0 0
158 12 0 0 0 0 0 0 0 0
159 21 1 1 0 0 0 14 0 0
163 14 0 0 0 0 0 0 0 0
164 35 1 1 7 3 0 7 0 0
170 21 0 0 14 0 0 0 0 0
176 28 0 0 7 0 0 0 0 0
177 14 1 1 7 6 0 0 0 0
180 15 2 2 0 0 0 0 0 0
187 14 0 0 7 1 0 0 0 0
231 21 1 1 14 2 0 7 0 0
258 334 3 3 143 25 0 78 0 0
261 28 0 0 7 0 0 0 0 0
285 7 0 0 7 0 0 0 0 0
288 14 1 1 7 0 0 0 0 0
305 21 0 0 7 5 0 0 0 0
307 56 0 0 49 3 0 0 0 0
313 42 0 0 21 1 0 0 0 0
316 14 0 0 0 0 0 0 0 0
320 14 0 0 0 0 0 0 0 0
321 35 1 1 0 0 0 7 0 0
fl=/build/glibc-OTsEL5/glibc-2.27/elf/dl-sort-maps.c
fn=_dl_sort_maps
28 18 2 2 0 0 0 14 0 0
30 4 0 0 0 0 0 0 0 0
33 2 0 0 0 0 0 0 0 0
34 20 2 2 0 0 0 6 0 0
35 48 2 2 2 0 0 12 0 0
39 48 2 2 12 0 0 24 0 0
40 36 0 0 24 0 0 0 0 0
42 24 0 0 12 0 0 0 0 0
46 24 2 2 12 0 0 0 0 0
54 144 2 2 52 0 0 0 0 0
56 90 2 2 60 2 2 0 0 0
57 80 0 0 0 0 0 0 0 0
59 210 0 0 70 5 5 0 0 0
60 150 0 0 0 0 0 0 0 0
90 165 3 3 45 0 0 0 0 0
115 66 0 0 22 0 0 0 0 0
118 100 0 0 20 0 0 10 0 0
122 26 0 0 14 0 0 4 0 0
fl=/build/glibc-OTsEL5/glibc-2.27/elf/dl-tunables.c
fn=__GI___tunables_init
68 300 0 0 60 0 0 0 0 0
71 59 0 0 0 0 0 0 0 0
74 5345 1 1 772 27 27 0 0 0
78 118 0 0 0 0 0 0 0 0
83 118 0 0 0 0 0 0 0 0
150 4 1 1 0 0 0 2 1 1
280 3 0 0 1 0 0 0 0 0
289 8 1 1 0 0 0 6 1 1
297 118 1 1 0 0 0 0 0 0
312 5251 2 2 0 0 0 0 0 0
318 6490 0 0 2596 0 0 0 0 0
330 236 1 1 59 0 0 0 0 0
364 8 0 0 7 0 0 0 0 0
fn=__tunable_get_val
373 198 2 1 20 10 0 0 0 0
377 37 1 1 20 3 0 17 0 0
382 3 0 0 0 0 0 3 0 0
383 3 0 0 0 0 0 0 0 0
399 100 1 0 20 1 0 0 0 0
401 20 0 0 20 0 0 0 0 0
fl=/build/glibc-OTsEL5/glibc-2.27/elf/dl-tunables.h
fn=__GI___tunables_init
120 2394 0 0 1144 8 8 0 0 0
121 2421 0 0 0 0 0 0 0 0
fl=/build/glibc-OTsEL5/glibc-2.27/elf/dl-version.c
fn=_dl_check_all_versions
362 8 1 1 0 0 0 4 0 0
364 1 0 0 0 0 0 0 0 0
366 24 0 0 7 0 0 0 0 0
368 70 1 1 7 0 0 7 0 0
371 7 0 0 5 0 0 0 0 0
fn=_dl_check_map_versions
37 192 0 0 24 0 0 0 0 0
38 54 0 0 54 0 0 0 0 0
39 330 1 1 0 0 0 66 0 0
57 108 0 0 72 0 0 36 0 0
65 108 1 1 36 0 0 0 0 0
71 108 0 0 36 1 0 0 0 0
87 36 0 0 36 1 0 0 0 0
88 72 0 0 0 0 0 0 0 0
90 36 0 0 36 0 0 0 0 0
95 962 0 0 409 27 27 36 0 0
109 818 1 1 409 9 9 0 0 0
111 36 1 1 36 0 0 0 0 0
114 312 1 1 120 0 0 48 0 0
121 1119 0 0 373 11 11 0 0 0
125 373 0 0 0 0 0 0 0 0
143 72 1 1 12 0 0 36 0 0
156 49 1 1 0 0 0 42 0 0
157 12 1 1 0 0 0 7 0 0
165 7 0 0 0 0 0 7 0 0
171 21 0 0 7 0 0 0 0 0
173 35 1 1 7 1 0 21 0 0
175 14 0 0 7 0 0 7 0 0
176 14 0 0 7 0 0 7 0 0
178 14 0 0 0 0 0 0 0 0
181 20 0 0 10 0 0 5 0 0
185 15 0 0 5 4 4 0 0 0
199 7 0 0 0 0 0 0 0 0
201 24 0 0 24 2 2 0 0 0
209 36 0 0 12 0 0 0 0 0
214 36 0 0 24 2 2 0 0 0
218 394 1 1 280 1 0 36 0 0
220 36 0 0 36 4 4 0 0 0
222 96 0 0 36 3 3 36 0 0
225 144 1 1 36 0 0 0 0 0
228 108 0 0 36 0 0 0 0 0
233 24 0 0 0 0 0 0 0 0
237 48 0 0 24 0 0 0 0 0
242 21 0 0 0 0 0 7 0 0
251 20 2 2 7 0 0 0 0 0
254 20 0 0 20 0 0 0 0 0
257 402 0 0 98 6 6 5 0 0
260 304 0 0 98 1 1 5 0 0
264 93 0 0 0 0 0 0 0 0
268 18 1 1 6 0 0 0 0 0
273 6 0 0 0 0 0 6 1 0
274 24 2 2 0 0 0 6 0 0
275 12 0 0 0 0 0 0 0 0
285 6 0 0 0 0 0 6 0 0
288 18 0 0 12 2 0 6 0 0
290 18 0 0 6 0 0 0 0 0
293 20 1 1 15 0 0 0 0 0
295 7 0 0 0 0 0 0 0 0
297 36 0 0 12 0 0 0 0 0
300 108 0 0 36 0 0 0 0 0
302 108 0 0 0 0 0 0 0 0
304 180 1 1 36 0 0 36 0 0
305 108 0 0 0 0 0 36 15 15
306 108 0 0 36 0 0 36 4 4
307 108 0 0 36 0 0 36 0 0
310 108 0 0 36 0 0 0 0 0
315 24 0 0 0 0 0 0 0 0
318 36 0 0 12 0 0 0 0 0
323 7 0 0 0 0 0 0 0 0
328 18 0 0 6 0 0 0 0 0
331 20 1 1 15 0 0 0 0 0
335 93 0 0 93 0 0 0 0 0
337 196 0 0 98 0 0 0 0 0
341 93 0 0 93 0 0 0 0 0
342 465 0 0 93 0 0 93 26 26
343 279 0 0 93 0 0 93 0 0
344 93 0 0 0 0 0 93 8 8
347 294 0 0 98 0 0 0 0 0
351 93 0 0 0 0 0 0 0 0
357 63 0 0 56 0 0 0 0 0
fl=/build/glibc-OTsEL5/glibc-2.27/elf/do-rel.h
fn=_dl_relocate_object
47 42 0 0 14 0 0 14 0 0
48 14 0 0 14 2 0 0 0 0
50 23 0 0 0 0 0 6 0 0
51 12 0 0 0 0 0 7 3 0
58 42 0 0 14 3 0 0 0 0
61 2869 2 2 0 0 0 0 0 0
63 3812 1 1 953 357 357 0 0 0
65 193 0 0 0 0 0 0 0 0
74 10 1 1 0 0 0 0 0 0
75 235 1 1 30 0 0 0 0 0
76 126 0 0 63 0 0 0 0 0
83 18 1 1 9 0 0 9 0 0
84 9 0 0 9 0 0 0 0 0
86 36 0 0 18 0 0 0 0 0
98 27 0 0 0 0 0 0 0 0
108 14 0 0 0 0 0 0 0 0
111 42516 1 1 0 0 0 0 0 0
112 28334 0 0 14167 0 0 0 0 0
118 27 0 0 9 8 0 0 0 0
121 16 0 0 8 4 0 8 0 0
124 10321 2 2 3443 3 0 0 0 0
127 13740 1 1 3435 863 860 0 0 0
136 13740 0 0 6870 1099 221 0 0 0
137 13740 1 1 3435 0 0 3435 3 0
138 9939 1 1 3435 4 0 0 0 0
139 10305 0 0 6870 0 0 3435 0 0
143 30 0 0 12 0 0 0 0 0
160 22 2 2 8 0 0 2 0 0
162 20 0 0 5 1 1 0 0 0
170 30 0 0 5 0 0 5 0 0
171 15 1 1 10 0 0 5 0 0
174 2 0 0 0 0 0 0 0 0
fn=_dl_start
83 1 0 0 1 0 0 0 0 0
84 1 0 0 1 0 0 0 0 0
111 120 0 0 0 0 0 0 0 0
112 78 0 0 39 5 5 0 0 0
116 2 0 0 1 0 0 0 0 0
124 31 0 0 0 0 0 0 0 0
136 27 1 1 9 2 2 0 0 0
137 18 0 0 0 0 0 0 0 0
139 18 0 0 9 0 0 0 0 0
fl=/build/glibc-OTsEL5/glibc-2.27/elf/get-dynamic-info.h
fn=_dl_map_object_from_fd
42 10 0 0 0 0 0 0 0 0
46 5 0 0 0 0 0 0 0 0
48 402 0 0 134 37 37 0 0 0
50 258 0 0 0 0 0 0 0 0
63 129 0 0 0 0 0 0 0 0
64 212 1 1 0 0 0 124 29 29
65 20 1 1 0 0 0 0 0 0
67 5 0 0 0 0 0 0 0 0
68 25 2 2 0 0 0 0 0 0
70 5 0 0 0 0 0 0 0 0
71 25 0 0 0 0 0 0 0 0
72 5 0 0 0 0 0 0 0 0
73 20 0 0 0 0 0 5 1 1
74 129 0 0 0 0 0 0 0 0
81 10 1 1 0 0 0 0 0 0
101 17 0 0 7 0 0 0 0 0
102 20 0 0 10 0 0 0 0 0
103 20 1 1 10 0 0 0 0 0
104 20 0 0 10 0 0 0 0 0
106 20 0 0 10 0 0 0 0 0
111 20 0 0 10 0 0 0 0 0
112 19 1 1 9 1 1 0 0 0
113 20 0 0 10 0 0 0 0 0
119 15 0 0 5 0 0 0 0 0
124 10 0 0 5 0 0 0 0 0
131 10 0 0 5 0 0 0 0 0
132 15 1 1 10 0 0 0 0 0
150 15 0 0 5 1 1 0 0 0
155 4 0 0 2 0 0 2 1 1
157 4 0 0 0 0 0 0 0 0
159 4 0 0 0 0 0 0 0 0
161 4 0 0 0 0 0 0 0 0
164 15 1 1 5 0 0 0 0 0
166 4 0 0 1 0 0 1 0 0
174 2 0 0 1 0 0 0 0 0
179 2 0 0 0 0 0 0 0 0
182 10 0 0 5 0 0 0 0 0
fn=_dl_start
48 57 1 1 19 6 6 0 0 0
50 36 1 1 0 0 0 0 0 0
63 21 0 0 0 0 0 0 0 0
64 29 0 0 0 0 0 17 5 5
65 4 0 0 0 0 0 0 0 0
67 3 0 0 0 0 0 0 0 0
68 5 1 1 0 0 0 0 0 0
70 2 0 0 0 0 0 0 0 0
71 5 1 1 0 0 0 0 0 0
72 1 0 0 0 0 0 0 0 0
73 5 1 1 0 0 0 1 1 1
74 18 0 0 0 0 0 0 0 0
81 2 1 1 0 0 0 0 0 0
101 4 0 0 2 0 0 0 0 0
102 4 0 0 2 0 0 0 0 0
103 4 1 1 2 0 0 0 0 0
104 4 0 0 2 0 0 0 0 0
106 4 0 0 2 0 0 0 0 0
111 4 0 0 2 0 0 0 0 0
112 4 1 1 2 0 0 0 0 0
113 4 0 0 2 0 0 0 0 0
119 3 0 0 1 0 0 0 0 0
124 2 0 0 1 0 0 0 0 0
131 3 0 0 1 0 0 0 0 0
132 3 1 1 2 0 0 0 0 0
140 3 0 0 1 0 0 0 0 0
143 3 0 0 1 1 1 0 0 0
147 2 1 1 1 0 0 0 0 0
148 2 0 0 1 0 0 0 0 0
fn=dl_main
33 1 0 0 1 0 0 0 0 0
42 2 0 0 0 0 0 0 0 0
46 1 0 0 0 0 0 0 0 0
48 90 0 0 30 8 8 0 0 0
50 58 0 0 0 0 0 0 0 0
63 25 0 0 0 0 0 0 0 0
64 44 0 0 0 0 0 28 6 6
65 4 0 0 0 0 0 0 0 0
67 1 0 0 0 0 0 0 0 0
68 5 0 0 0 0 0 0 0 0
70 1 1 1 0 0 0 0 0 0
71 5 1 1 0 0 0 0 0 0
72 1 0 0 0 0 0 0 0 0
73 4 0 0 0 0 0 1 0 0
74 29 0 0 0 0 0 0 0 0
81 3 1 1 1 0 0 0 0 0
101 3 0 0 1 0 0 0 0 0
102 4 0 0 2 0 0 0 0 0
103 4 0 0 2 0 0 0 0 0
104 4 0 0 2 0 0 0 0 0
106 4 1 1 2 0 0 0 0 0
111 4 0 0 2 0 0 0 0 0
112 4 0 0 2 0 0 0 0 0
113 4 0 0 2 0 0 0 0 0
119 3 1 1 1 0 0 0 0 0
124 2 0 0 1 0 0 0 0 0
131 2 0 0 1 0 0 0 0 0
132 3 0 0 2 0 0 0 0 0
150 3 0 0 1 0 0 0 0 0
155 2 0 0 1 0 0 1 1 1
157 2 1 1 0 0 0 0 0 0
159 2 0 0 0 0 0 0 0 0
161 2 0 0 0 0 0 0 0 0
162 1 0 0 0 0 0 1 0 0
164 3 0 0 1 0 0 0 0 0
166 3 0 0 1 0 0 1 0 0
174 2 1 1 1 0 0 0 0 0
179 2 0 0 0 0 0 0 0 0
180 2 0 0 1 0 0 1 0 0
182 2 0 0 1 0 0 0 0 0
fl=/build/glibc-OTsEL5/glibc-2.27/elf/rtld.c
fn=_dl_start
393 2 0 0 0 0 0 1 1 1
394 2 0 0 0 0 0 1 0 0
395 2 0 0 0 0 0 1 0 0
396 2 0 0 0 0 0 1 0 0
397 2 0 0 0 0 0 1 1 1
405 5 1 1 0 0 0 1 0 0
408 1 0 0 0 0 0 1 0 0
414 4 1 0 0 0 0 1 0 0
423 4 0 0 0 0 0 0 0 0
426 2 0 0 1 1 0 1 1 0
430 2 1 0 1 0 0 0 0 0
444 9 1 1 0 0 0 6 1 1
463 5 0 0 0 0 0 1 1 1
486 1 0 0 0 0 0 1 1 1
489 1 0 0 0 0 0 1 1 1
500 2 0 0 0 0 0 0 0 0
505 27 3 3 9 0 0 0 0 0
507 1 1 1 1 1 1 0 0 0
532 9 0 0 7 1 0 0 0 0
fn=dl_main
799 1 0 0 1 0 0 0 0 0
801 1 0 0 0 0 0 1 0 0
810 1 0 0 0 0 0 1 0 0
812 1 1 1 0 0 0 1 0 0
817 1 0 0 0 0 0 1 0 0
870 12 2 2 0 0 0 7 1 1
876 1 0 0 0 0 0 0 0 0
879 1 0 0 0 0 0 0 0 0
885 1 0 0 0 0 0 1 0 0
887 2 0 0 0 0 0 1 1 1
891 2 0 0 0 0 0 1 1 1
892 2 0 0 0 0 0 1 0 0
897 2 1 1 0 0 0 1 0 0
907 3 0 0 1 0 0 0 0 0
1108 8 2 2 0 0 0 1 0 0
1110 2 0 0 0 0 0 0 0 0
1111 1 0 0 0 0 0 1 0 0
1112 2 0 0 1 0 0 1 0 0
1113 2 0 0 1 0 0 1 0 0
1117 3 0 0 0 0 0 1 0 0
1118 2 1 1 1 0 0 0 0 0
1139 1 0 0 0 0 0 1 0 0
1140 1 0 0 0 0 0 1 0 0
1142 1 0 0 0 0 0 1 0 0
1144 1 0 0 1 0 0 0 0 0
1147 33 1 1 1 0 0 0 0 0
1148 71 2 2 9 5 5 0 0 0
1152 3 1 1 1 0 0 1 0 0
1153 1 0 0 0 0 0 0 0 0
1157 3 0 0 2 0 0 1 0 0
1158 1 0 0 0 0 0 0 0 0
1166 2 0 0 0 0 0 1 1 1
1167 2 1 1 2 1 1 0 0 0
1169 1 0 0 0 0 0 1 0 0
1176 2 0 0 1 0 0 0 0 0
1188 1 0 0 0 0 0 0 0 0
1194 2 1 1 0 0 0 0 0 0
1202 4 0 0 2 0 0 0 0 0
1203 10 1 1 3 1 1 0 0 0
1204 4 0 0 2 0 0 0 0 0
1205 1 0 0 0 0 0 1 0 0
1208 4 0 0 2 1 1 0 0 0
1209 4 0 0 2 0 0 0 0 0
1210 2 1 1 0 0 0 2 0 0
1211 6 0 0 3 0 0 0 0 0
1212 2 0 0 0 0 0 1 0 0
1239 2 1 1 1 0 0 1 0 0
1240 1 0 0 0 0 0 0 0 0
1243 2 0 0 1 0 0 1 0 0
1244 2 0 0 1 0 0 1 0 0
1245 1 0 0 0 0 0 0 0 0
1250 3 1 1 1 1 1 0 0 0
1253 2 1 1 1 0 0 0 0 0
1255 2 0 0 1 0 0 0 0 0
1257 3 1 1 1 0 0 0 0 0
1270 3 0 0 1 0 0 0 0 0
1271 6 0 0 1 0 0 2 0 0
1273 3 0 0 3 0 0 0 0 0
1276 2 0 0 1 0 0 1 0 0
1278 1 0 0 0 0 0 1 0 0
1279 1 0 0 0 0 0 1 0 0
1281 2 1 1 1 0 0 0 0 0
1282 2 0 0 0 0 0 1 0 0
1286 2 0 0 1 0 0 0 0 0
1288 2 1 1 0 0 0 0 0 0
1293 2 0 0 0 0 0 1 0 0
1296 2 1 1 1 0 0 0 0 0
1312 5 2 2 0 0 0 2 0 0
1318 10 1 1 1 0 0 2 0 0
1323 2 1 1 1 0 0 1 0 0
1326 4 1 1 1 0 0 2 0 0
1328 1 0 0 0 0 0 1 0 0
1333 2 0 0 1 0 0 0 0 0
1336 3 0 0 2 0 0 1 0 0
1337 4 0 0 1 0 0 1 0 0
1338 2 1 1 1 0 0 1 0 0
1339 1 0 0 0 0 0 1 0 0
1340 1 0 0 1 0 0 0 0 0
1341 1 0 0 1 0 0 0 0 0
1346 2 0 0 1 0 0 0 0 0
1347 5 0 0 1 0 0 1 0 0
1364 2 0 0 1 1 1 0 0 0
1365 2 1 1 1 0 0 0 0 0
1367 3 0 0 1 0 0 0 0 0
1369 1 0 0 0 0 0 1 0 0
1370 3 0 0 1 0 0 1 0 0
1375 4 1 1 0 0 0 0 0 0
1376 5 0 0 1 1 1 0 0 0
1378 2 1 1 1 0 0 1 1 1
1379 2 0 0 1 0 0 1 0 0
1384 2 0 0 1 1 1 0 0 0
1389 1 0 0 0 0 0 1 0 0
1390 4 1 1 2 0 0 0 0 0
1391 2 0 0 0 0 0 0 0 0
1570 2 0 0 0 0 0 2 0 0
1578 3 0 0 1 0 0 0 0 0
1581 2 1 1 1 0 0 1 0 0
1585 3 0 0 1 0 0 0 0 0
1590 2 0 0 1 0 0 1 0 0
1591 1 0 0 0 0 0 1 0 0
1592 1 0 0 0 0 0 0 0 0
1596 2 0 0 1 0 0 0 0 0
1611 3 1 1 2 0 0 0 0 0
1612 1 0 0 0 0 0 0 0 0
1613 1 0 0 0 0 0 0 0 0
1615 3 0 0 1 0 0 0 0 0
1617 5 0 0 0 0 0 0 0 0
1618 3 0 0 0 0 0 1 0 0
1619 4 1 1 0 0 0 0 0 0
1621 2 0 0 1 0 0 0 0 0
1631 5 0 0 0 0 0 1 0 0
1708 4 0 0 2 0 0 0 0 0
1712 8 1 1 0 0 0 0 0 0
1713 1 0 0 0 0 0 0 0 0
1716 3 1 1 0 0 0 1 0 0
1717 1 0 0 1 0 0 0 0 0
1718 2 0 0 0 0 0 0 0 0
1719 2 0 0 0 0 0 0 0 0
1725 5 1 1 0 0 0 0 0 0
1726 8 0 0 1 0 0 1 0 0
1727 4 0 0 0 0 0 0 0 0
1729 2 1 1 1 0 0 0 0 0
1732 17 0 0 1 0 0 0 0 0
1733 25 0 0 15 0 0 0 0 0
1736 3 1 1 2 0 0 1 0 0
1737 3 0 0 1 0 0 0 0 0
1738 1 0 0 0 0 0 1 0 0
1740 24 1 1 0 0 0 0 0 0
1741 20 0 0 13 0 0 0 0 0
1751 2 1 1 0 0 0 1 0 0
1753 3 2 2 1 0 0 1 0 0
1754 2 0 0 1 0 0 0 0 0
1756 2 0 0 0 0 0 1 0 0
1758 3 0 0 0 0 0 0 0 0
1760 3 0 0 1 0 0 0 0 0
1774 4 1 1 3 0 0 0 0 0
1775 2 0 0 1 0 0 1 0 0
1776 3 0 0 1 0 0 0 0 0
1787 4 1 1 1 0 0 1 0 0
1788 1 1 1 0 0 0 1 1 1
1789 6 0 0 0 0 0 2 0 0
1799 2 0 0 1 0 0 1 0 0
1800 2 0 0 1 0 0 0 0 0
1801 2 1 1 0 0 0 2 0 0
1803 2 0 0 1 0 0 0 0 0
1808 2 0 0 1 0 0 0 0 0
2038 3 0 0 1 1 1 0 0 0
2094 2 1 1 0 0 0 1 0 0
2098 2 1 1 1 0 0 1 0 0
2104 2 0 0 1 0 0 1 0 0
2107 2 0 0 1 0 0 0 0 0
2161 3 1 1 1 0 0 0 0 0
2168 1 0 0 1 0 0 0 0 0
2170 5 0 0 0 0 0 0 0 0
2171 1 0 0 1 0 0 0 0 0
2172 30 1 1 0 0 0 0 0 0
2174 14 0 0 14 2 0 0 0 0
2179 14 0 0 14 3 0 0 0 0
2181 16 1 1 0 0 0 0 0 0
2183 1 1 1 0 0 0 1 0 0
2184 1 0 0 1 0 0 0 0 0
2187 7 0 0 7 0 0 0 0 0
2189 14 0 0 7 2 0 0 0 0
2190 48 0 0 12 5 0 6 0 0
2194 18 1 1 9 2 0 0 0 0
2195 6 0 0 0 0 0 2 0 0
2197 4 1 1 0 0 0 0 0 0
2199 3 0 0 0 0 0 1 1 0
2205 2 0 0 1 0 0 0 0 0
2210 4 1 0 2 2 0 0 0 0
2212 1 0 0 1 0 0 0 0 0
2219 3 1 1 1 0 0 1 0 0
2222 2 0 0 1 1 0 0 0 0
2231 3 1 1 2 1 0 0 0 0
2233 4 0 0 1 0 0 0 0 0
2248 5 1 1 0 0 0 0 0 0
2250 1 0 0 1 1 0 0 0 0
2251 5 0 0 1 0 0 1 0 0
2252 4 0 0 0 0 0 0 0 0
2254 2 0 0 1 0 0 0 0 0
2262 1 0 0 0 0 0 1 0 0
2266 2 0 0 1 0 0 0 0 0
2286 4 1 1 0 0 0 1 0 0
2287 1 0 0 0 0 0 1 0 0
2288 1 0 0 0 0 0 1 0 0
2289 1 0 0 0 0 0 0 0 0
2293 1 0 0 0 0 0 1 0 0
2298 8 0 0 7 2 0 0 0 0
2464 2 0 0 1 0 0 1 1 1
2466 1 0 0 0 0 0 1 0 0
2467 1 0 0 0 0 0 0 0 0
2471 8 1 1 1 0 0 2 0 0
2473 15 0 0 3 0 0 3 1 1
2475 2 0 0 0 0 0 0 0 0
2477 105 1 1 21 0 0 0 0 0
2478 19 0 0 0 0 0 0 0 0
2480 4 0 0 0 0 0 0 0 0
2486 14 0 0 2 1 1 0 0 0
2507 2 1 1 1 0 0 0 0 0
2514 6 0 0 0 0 0 1 0 0
2516 3 1 1 0 0 0 1 0 0
2562 3 1 1 1 0 0 0 0 0
2563 6 1 1 0 0 0 1 0 0
2565 3 1 1 0 0 0 1 1 1
2635 3 2 2 1 0 0 0 0 0
2667 3 0 0 1 0 0 0 0 0
fn=handle_ld_preload
121 3 0 0 1 0 0 0 0 0
752 1 0 0 0 0 0 1 0 0
756 1 0 0 0 0 0 1 0 0
757 1 0 0 0 0 0 1 0 0
758 1 0 0 0 0 0 1 0 0
760 1 0 0 1 0 0 0 0 0
762 11 1 1 2 0 0 3 1 1
763 3 0 0 1 0 0 0 0 0
771 4 0 0 1 0 0 0 0 0
837 9 1 1 0 0 0 6 0 0
838 1 0 0 0 0 0 0 0 0
842 4 0 0 2 0 0 0 0 0
845 4 0 0 0 0 0 1 0 0
846 3 1 1 0 0 0 0 0 0
848 5 2 2 0 0 0 1 0 0
849 2 1 1 0 0 0 1 0 0
855 1 0 0 0 0 0 0 0 0
857 2 0 0 1 0 0 0 0 0
859 2 0 0 1 0 0 0 0 0
863 9 0 0 7 0 0 0 0 0
fn=init_tls
681 1 0 0 0 0 0 1 0 0
683 2 0 0 1 0 0 1 0 0
687 2 0 0 1 0 0 0 0 0
693 2 0 0 0 0 0 1 0 0
696 1 0 0 0 0 0 1 0 0
697 4 0 0 0 0 0 1 0 0
702 1 0 0 0 0 0 0 0 0
704 1 0 0 0 0 0 1 0 0
708 2 1 1 1 1 1 0 0 0
709 1 0 0 0 0 0 0 0 0
710 25 1 1 1 0 0 0 0 0
711 14 0 0 7 0 0 0 0 0
712 14 0 0 7 4 0 0 0 0
716 4 0 0 0 0 0 2 1 1
718 2 0 0 0 0 0 0 0 0
720 2 0 0 0 0 0 0 0 0
723 1 1 1 0 0 0 1 0 0
730 2 0 0 0 0 0 1 0 0
731 2 0 0 0 0 0 0 0 0
737 2 1 1 1 0 0 1 0 0
740 7 0 0 0 0 0 2 0 0
743 1 1 1 0 0 0 1 0 0
745 1 0 0 0 0 0 0 0 0
746 3 0 0 2 0 0 0 0 0
fn=map_doit
588 2 1 1 0 0 0 1 0 0
590 4 0 0 1 0 0 0 0 0
591 6 1 1 2 0 0 2 0 0
593 2 0 0 2 0 0 0 0 0
fn=rtld_lock_default_lock_recursive
784 130 3 2 130 4 2 0 0 0
785 130 0 0 130 0 0 0 0 0
fn=rtld_lock_default_unlock_recursive
790 130 0 0 130 1 0 0 0 0
791 130 0 0 130 0 0 0 0 0
fn=version_check_doit
621 2 1 1 0 0 0 1 0 0
623 6 0 0 2 0 0 1 0 0
627 2 1 0 2 0 0 0 0 0
fl=/build/glibc-OTsEL5/glibc-2.27/elf/setup-vdso.h
fn=dl_main
24 2 0 0 1 0 0 0 0 0
fl=/build/glibc-OTsEL5/glibc-2.27/iconv/gconv_simple.c
fn=__gconv_btwoc_ascii
52 512 1 1 0 0 0 0 0 0
55 128 0 0 128 0 0 0 0 0
fl=/build/glibc-OTsEL5/glibc-2.27/io/../sysdeps/unix/sysv/linux/access.c
fn=access
27 7 2 2 0 0 0 1 0 0
31 1 0 0 1 0 0 0 0 0
fl=/build/glibc-OTsEL5/glibc-2.27/io/../sysdeps/unix/sysv/linux/close.c
fn=__close_nocancel
37 32 7 1 0 0 0 0 0 0
38 8 0 0 8 0 0 0 0 0
fn=close
27 64 6 2 5 0 0 0 0 0
28 11 0 0 11 0 0 0 0 0
fl=/build/glibc-OTsEL5/glibc-2.27/io/../sysdeps/unix/sysv/linux/lseek64.c
fn=lseek
35 20 5 1 0 0 0 0 0 0
37 5 0 0 5 0 0 0 0 0
fl=/build/glibc-OTsEL5/glibc-2.27/io/../sysdeps/unix/sysv/linux/open64.c
fn=open
36 82 6 1 13 0 0 43 1 1
39 165 1 1 0 0 0 0 0 0
42 35 10 2 0 0 0 21 0 0
43 7 0 0 7 0 0 0 0 0
47 295 4 1 13 0 0 11 0 0
49 82 0 0 56 0 0 0 0 0
fl=/build/glibc-OTsEL5/glibc-2.27/io/../sysdeps/unix/sysv/linux/read.c
fn=read
27 28 3 3 1 0 0 0 0 0
28 6 0 0 6 0 0 0 0 0
fl=/build/glibc-OTsEL5/glibc-2.27/io/../sysdeps/unix/sysv/linux/wordsize-64/fxstat.c
fn=_fxstat
33 8 0 0 0 0 0 0 0 0
34 16 3 3 0 0 0 0 0 0
35 48 3 3 0 0 0 0 0 0
39 8 0 0 8 0 0 0 0 0
fl=/build/glibc-OTsEL5/glibc-2.27/io/../sysdeps/unix/sysv/linux/wordsize-64/lxstat.c
fn=open
39 17 1 1 0 0 0 0 0 0
fl=/build/glibc-OTsEL5/glibc-2.27/io/../sysdeps/unix/sysv/linux/wordsize-64/xstat.c
fn=_xstat
33 8 0 0 0 0 0 0 0 0
34 16 1 1 0 0 0 0 0 0
35 76 0 0 7 0 0 7 0 0
39 1 0 0 1 0 0 0 0 0
fl=/build/glibc-OTsEL5/glibc-2.27/io/../sysdeps/unix/sysv/linux/write.c
fn=write
27 100576 1016 2 12572 6 0 0 0 0
28 12572 0 0 12572 0 0 0 0 0
fl=/build/glibc-OTsEL5/glibc-2.27/libio/../misc/sys/sysmacros.h
fn=_IO_file_doallocate
79 6 0 0 0 0 0 0 0 0
fl=/build/glibc-OTsEL5/glibc-2.27/libio/filedoalloc.c
fn=_IO_file_doallocate
78 16 2 2 2 0 0 8 0 0
84 18 0 0 6 0 0 2 0 0
86 8 0 0 2 0 0 0 0 0
89 2 0 0 0 0 0 0 0 0
91 2 2 2 1 0 0 0 0 0
94 2 0 0 1 0 0 0 0 0
97 8 2 2 2 0 0 0 0 0
101 6 0 0 0 0 0 2 0 0
102 4 0 0 0 0 0 0 0 0
103 2 0 0 0 0 0 0 0 0
104 8 0 0 0 0 0 2 0 0
105 2 0 0 0 0 0 0 0 0
106 16 1 1 12 0 0 0 0 0
fl=/build/glibc-OTsEL5/glibc-2.27/libio/fileno.c
fn=fileno
35 15590 84 2 6236 165 0 0 0 0
42 3118 84 2 3118 0 0 0 0 0
fl=/build/glibc-OTsEL5/glibc-2.27/libio/fileops.c
fn=_IO_do_write@@GLIBC_2.2.5
431 151328 965 2 9458 0 0 56748 28 0
433 66209 663 2 0 0 0 0 0 0
434 75665 0 0 66207 0 0 0 0 0
442 18916 0 0 9458 0 0 0 0 0
449 37832 0 0 18916 0 0 0 0 0
457 47290 0 0 9458 736 1 9458 0 0
458 47290 0 0 9458 0 0 0 0 0
460 37832 0 0 9458 0 0 28374 0 0
461 18916 467 2 0 0 0 18916 0 0
462 9458 0 0 0 0 0 9458 0 0
463 18916 686 2 9458 0 0 0 0 0
464 28374 0 0 9458 0 0 0 0 0
fn=_IO_file_close
1190 16 6 2 8 0 0 0 0 0
fn=_IO_file_close_it@@GLIBC_2.2.5
129 24 6 1 0 0 0 24 0 0
131 24 0 0 8 0 0 0 0 0
134 16 0 0 0 0 0 0 0 0
135 16 0 0 8 0 0 0 0 0
138 16 0 0 0 0 0 0 0 0
140 16 6 1 0 0 0 8 0 0
143 56 0 0 24 6 0 8 0 0
146 24 7 1 8 2 0 0 0 0
154 40 6 1 0 0 0 8 0 0
155 24 6 1 0 0 0 24 0 0
156 24 0 0 0 0 0 24 0 0
158 16 0 0 0 0 0 8 0 0
159 8 0 0 0 0 0 8 0 0
160 8 0 0 0 0 0 8 0 0
161 8 0 0 0 0 0 8 0 0
163 16 7 1 0 0 0 0 0 0
164 40 0 0 32 0 0 0 0 0
fn=_IO_file_finish@@GLIBC_2.2.5
169 32 6 1 0 0 0 16 0 0
170 16 0 0 8 0 0 0 0 0
176 24 0 0 0 0 0 0 0 0
177 24 6 1 16 0 0 0 0 0
fn=_IO_file_fopen@@GLIBC_2.2.5
185 16 7 2 0 0 0 0 0 0
186 16 0 0 0 0 0 0 0 0
189 16 0 0 0 0 0 8 0 0
190 16 0 0 0 0 0 0 0 0
192 8 0 0 0 0 0 8 0 0
193 32 0 0 8 0 0 8 0 0
196 24 0 0 0 0 0 0 0 0
206 16 14 2 0 0 0 8 0 0
214 80 13 2 8 0 0 48 0 0
215 2 0 0 0 0 0 0 0 0
223 16 0 0 8 0 0 0 0 0
225 46 0 0 8 8 2 0 0 0
228 1 0 0 0 0 0 0 0 0
229 1 1 1 0 0 0 0 0 0
232 7 0 0 0 0 0 0 0 0
233 7 0 0 0 0 0 0 0 0
234 7 6 1 0 0 0 0 0 0
248 112 8 2 16 0 0 0 0 0
281 8 0 0 0 0 0 0 0 0
287 32 0 0 0 0 0 8 0 0
288 32 7 1 0 0 0 0 0 0
364 80 0 0 64 0 0 0 0 0
fn=_IO_file_overflow@@GLIBC_2.2.5
746 56904 0 0 9484 0 0 28452 0 0
747 28452 346 2 9484 6 0 0 0 0
754 47417 0 0 9483 0 0 0 0 0
757 2 1 1 0 0 0 0 0 0
759 2 1 1 0 0 0 1 0 0
760 6 0 0 2 0 0 3 0 0
769 2 1 1 0 0 0 0 0 0
778 4 0 0 2 0 0 0 0 0
780 1 0 0 0 0 0 1 0 0
781 2 0 0 0 0 0 1 0 0
782 1 0 0 0 0 0 1 0 0
783 2 0 0 0 0 0 2 0 0
785 3 0 0 0 0 0 1 0 0
786 5 1 1 1 0 0 0 0 0
787 1 0 0 0 0 0 1 0 0
789 18968 0 0 0 0 0 0 0 0
790 2 0 0 0 0 0 0 0 0
791 1 0 0 0 0 0 0 0 0
792 18966 0 0 9483 0 0 0 0 0
795 28449 459 2 0 0 0 18966 1 1
796 28449 0 0 9483 0 0 0 0 0
797 47415 0 0 0 0 0 0 0 0
798 37832 1152 2 0 0 0 9458 0 0
799 28374 871 1 18916 0 0 0 0 0
802 37935 0 0 37935 0 0 0 0 0
fn=_IO_file_read
1153 2 0 0 1 0 0 0 0 0
1156 3 0 0 1 0 0 0 0 0
fn=_IO_file_setbuf@@GLIBC_2.2.5
389 2 0 0 0 0 0 1 0 0
390 3 0 0 0 0 0 1 0 0
393 2 0 0 0 0 0 2 0 0
394 2 0 0 1 0 0 1 0 0
395 3 0 0 0 0 0 3 0 0
397 1 0 0 0 0 0 0 0 0
398 2 0 0 2 0 0 0 0 0
fn=_IO_file_stat
1169 2 1 1 0 0 0 0 0 0
1170 6 0 0 2 0 0 0 0 0
fn=_IO_file_sync@@GLIBC_2.2.5
807 37860 794 3 0 0 0 18930 0 0
812 37860 0 0 18930 0 0 0 0 0
814 9465 938 2 9465 0 0 0 0 0
815 18930 0 0 9465 0 0 0 0 0
830 18930 1173 2 0 0 0 9465 0 0
834 37860 0 0 28395 0 0 0 0 0
fn=_IO_file_underflow@@GLIBC_2.2.5
470 5 0 0 0 0 0 5 0 0
478 3 1 1 1 0 0 0 0 0
484 3 0 0 2 0 0 0 0 0
487 6 1 1 1 0 0 0 0 0
490 3 2 2 1 0 0 0 0 0
495 4 0 0 1 0 0 1 0 0
500 2 0 0 0 0 0 0 0 0
520 2 1 1 0 0 0 1 0 0
526 3 0 0 1 0 0 2 0 0
527 1 0 0 0 0 0 1 0 0
528 2 0 0 0 0 0 2 0 0
529 1 0 0 0 0 0 1 0 0
531 5 1 1 3 0 0 1 0 0
533 2 0 0 0 0 0 0 0 0
540 1 0 0 1 0 0 0 0 0
549 3 0 0 1 0 0 0 0 0
551 2 0 0 2 0 0 0 0 0
552 6 0 0 6 0 0 0 0 0
fn=_IO_file_write@@GLIBC_2.2.5
1196 56748 1155 1 0 0 0 37832 0 0
1198 75664 0 0 0 0 0 0 0 0
1203 56748 930 2 18916 0 0 9458 28 0
1204 18916 0 0 0 0 0 0 0 0
1209 9458 0 0 0 0 0 0 0 0
1210 9458 0 0 0 0 0 0 0 0
1213 28374 0 0 9458 0 0 0 0 0
1216 85122 1278 2 47290 0 0 0 0 0
fn=_IO_file_xsputn@@GLIBC_2.2.5
1220 443520 1860 4 0 0 0 380160 109 4
1226 316800 0 0 0 0 0 0 0 0
1227 63360 0 0 0 0 0 0 0 0
1233 316800 0 0 126720 792 2 0 0 0
1235 126718 405 2 63359 0 0 0 0 0
1236 126718 0 0 0 0 0 0 0 0
1239 974212 516 2 0 0 0 0 0 0
1241 1081164 0 0 360388 8657 394 0 0 0
1250 4 1 1 1 0 0 0 0 0
1254 126718 0 0 0 0 0 0 0 0
1258 190077 0 0 0 0 0 126718 192 5
1259 63359 0 0 0 0 0 0 0 0
1260 253436 896 1 0 0 0 0 0 0
1262 126718 0 0 0 0 0 0 0 0
1266 6 1 1 2 1 0 1 0 0
1272 2 0 0 2 0 0 0 0 0
1273 7 1 1 0 0 0 0 0 0
1275 2 0 0 0 0 0 0 0 0
1280 126718 0 0 0 0 0 0 0 0
1286 3 0 0 0 0 0 0 0 0
1287 7 0 0 0 0 0 1 0 0
1290 570240 0 0 443520 0 0 0 0 0
fn=_IO_new_file_init_internal
107 32 6 1 0 0 0 16 0 0
111 16 0 0 0 0 0 8 0 0
112 8 0 0 8 0 0 0 0 0
114 8 0 0 0 0 0 8 0 0
115 8 0 0 0 0 0 8 0 0
116 32 0 0 24 0 0 0 0 0
fl=/build/glibc-OTsEL5/glibc-2.27/libio/genops.c
fn=_IO_cleanup
849 7 1 1 1 0 0 2 0 0
850 13 2 2 5 0 0 2 0 0
853 12 0 0 4 0 0 0 0 0
855 9 0 0 3 0 0 0 0 0
857 6 0 0 2 0 0 0 0 0
863 17 2 2 6 0 0 2 0 0
871 5 2 2 2 0 0 0 0 0
873 2 0 0 0 0 0 1 0 0
875 2 0 0 1 0 0 1 0 0
876 1 0 0 0 0 0 1 0 0
877 3 0 0 1 0 0 1 0 0
880 5 0 0 2 0 0 1 0 0
882 3 0 0 1 0 0 0 0 0
886 5 1 1 1 0 0 0 0 0
887 9 1 1 4 0 0 1 0 0
893 3 0 0 0 0 0 3 0 0
897 9 1 1 2 0 0 2 0 0
898 2 1 1 0 0 0 0 0 0
918 10 1 1 1 0 0 7 0 0
921 3 1 1 0 0 0 2 0 0
933 12 0 0 10 0 0 0 0 0
fn=_IO_default_finish
54 16 0 0 8 0 0 0 0 0
628 56 6 2 8 0 0 24 0 0
630 24 6 2 8 0 0 0 0 0
636 24 0 0 8 0 0 0 0 0
639 24 0 0 8 0 0 0 0 0
651 56 6 2 40 0 0 0 0 0
fn=_IO_default_setbuf
348 4 0 0 0 0 0 0 0 0
350 1 1 1 0 0 0 1 0 0
351 1 0 0 0 0 0 1 0 0
355 3 0 0 0 0 0 1 0 0
479 8 2 2 0 0 0 4 0 0
480 6 0 0 3 0 0 1 0 0
482 3 0 0 1 0 0 0 0 0
484 2 1 1 0 0 0 1 0 0
485 2 0 0 0 0 0 0 0 0
489 1 0 0 0 0 0 0 0 0
492 3 1 1 0 0 0 3 0 0
493 3 0 0 0 0 0 3 0 0
494 1 0 0 0 0 0 0 0 0
495 6 0 0 5 0 0 0 0 0
fn=_IO_default_uflow
379 4 1 1 0 0 0 2 0 0
380 3 0 0 2 0 0 1 0 0
381 2 0 0 0 0 0 0 0 0
383 4 1 0 2 0 0 1 0 0
384 4 0 0 3 0 0 0 0 0
fn=_IO_default_xsputn
389 773916 0 0 0 0 0 422136 315 7
392 403934 611 2 0 0 0 0 0 0
393 70356 0 0 0 0 0 0 0 0
397 281524 586 2 140762 0 0 0 0 0
399 211065 0 0 0 0 0 0 0 0
402 140710 0 0 0 0 0 0 0 0
404 8600 574 1 0 0 0 5160 273 1
405 5160 0 0 1720 0 0 0 0 0
407 205905 6 1 0 0 0 0 0 0
411 242324 586 2 0 0 0 0 0 0
412 363486 0 0 121162 0 0 121162 583 4
413 274540 0 0 0 0 0 68635 0 0
415 70355 0 0 0 0 0 0 0 0
417 140937 0 0 75 1 1 25 0 0
419 50 0 0 0 0 0 0 0 0
422 826070 604 1 624103 0 0 0 0 0
fn=_IO_doallocbuf
361 6 0 0 0 0 0 6 0 0
362 4 2 2 2 0 0 0 0 0
364 8 0 0 2 0 0 0 0 0
365 10 2 2 4 1 0 2 0 0
368 8 0 0 8 0 0 0 0 0
fn=_IO_flush_all_lockp
749 11 2 2 1 0 0 7 0 0
750 1 0 0 0 0 0 0 0 0
754 8 1 1 1 0 0 3 0 0
755 13 2 2 5 0 0 2 0 0
758 12 0 0 4 2 2 0 0 0
760 3 1 1 0 0 0 3 0 0
761 6 1 1 0 0 0 0 0 0
762 1 1 1 1 0 0 0 0 0
764 22 2 2 10 2 2 0 0 0
772 6 1 1 0 0 0 0 0 0
774 3 0 0 0 0 0 3 0 0
778 9 0 0 2 0 0 2 0 0
779 3 1 1 1 0 0 0 0 0
783 12 0 0 9 0 0 0 0 0
fn=_IO_link_in
87 96 11 4 16 0 0 48 0 0
88 48 0 0 16 0 0 0 0 0
90 24 0 0 0 0 0 8 0 0
92 56 7 2 8 0 0 16 0 0
93 104 14 3 40 0 0 16 0 0
94 8 0 0 0 0 0 8 0 0
95 128 14 4 72 0 0 8 0 0
97 16 0 0 8 4 1 8 0 0
98 8 0 0 0 0 0 8 0 0
100 120 12 4 40 0 0 16 0 0
101 8 0 0 0 0 0 8 0 0
102 72 7 2 16 0 0 16 0 0
103 16 0 0 0 0 0 0 0 0
106 112 7 2 80 0 0 0 0 0
fn=_IO_no_init
590 591885 609 2 0 0 0 263060 113 1
591 65765 0 0 0 0 0 65765 7 1
592 65765 0 0 0 0 0 65765 15 2
593 131530 0 0 0 0 0 0 0 0
595 8 6 2 0 0 0 8 0 0
596 8 0 0 0 0 0 8 7 1
597 8 0 0 0 0 0 8 0 0
598 8 0 0 0 0 0 8 0 0
599 8 0 0 0 0 0 8 0 0
600 8 0 0 0 0 0 8 0 0
601 8 0 0 0 0 0 8 0 0
602 8 0 0 0 0 0 8 0 0
603 8 1 0 0 0 0 8 0 0
604 8 0 0 0 0 0 8 0 0
605 8 0 0 0 0 0 8 0 0
606 8 0 0 0 0 0 8 0 0
608 8 0 0 0 0 0 8 4 0
613 131514 608 2 0 0 0 65757 0 0
614 65765 607 2 0 0 0 65765 0 0
615 394590 0 0 328825 0 0 0 0 0
fn=_IO_old_init
559 131530 0 0 0 0 0 65765 275 0
560 65765 0 0 0 0 0 65765 277 0
561 197295 614 2 65765 617 2 0 0 0
563 65765 0 0 0 0 0 65765 42 1
564 65765 0 0 0 0 0 65765 0 0
565 65765 0 0 0 0 0 65765 0 0
566 65765 0 0 0 0 0 65765 0 0
567 65765 0 0 0 0 0 65765 0 0
568 65765 0 0 0 0 0 65765 0 0
569 65765 0 0 0 0 0 65765 0 0
570 65765 0 0 0 0 0 65765 0 0
571 65765 0 0 0 0 0 65765 0 0
573 65765 0 0 0 0 0 65765 0 0
574 65765 0 0 0 0 0 65765 0 0
575 65765 0 0 0 0 0 65765 0 0
576 65765 0 0 0 0 0 65765 0 0
577 131530 614 2 0 0 0 65765 0 0
582 197295 611 2 65765 0 0 0 0 0
583 16 0 0 0 0 0 16 4 0
585 65765 0 0 65765 0 0 0 0 0
fn=_IO_setb
347 197301 507 2 0 0 0 65767 0 0
348 263070 0 0 131534 0 0 0 0 0
349 6 0 0 4 0 0 1 0 0
350 65767 0 0 0 0 0 65767 0 0
351 65767 0 0 0 0 0 65767 0 0
353 394602 611 2 0 0 0 65767 0 0
356 197304 0 0 131534 0 0 3 0 0
fn=_IO_switch_to_get_mode
164 4 1 1 0 0 0 2 0 0
165 3 1 1 2 0 0 0 0 0
168 3 1 1 1 0 0 0 0 0
172 2 0 0 1 0 0 1 0 0
173 2 0 0 1 0 0 0 0 0
176 1 0 0 0 0 0 1 0 0
178 2 0 0 0 0 0 2 0 0
180 2 0 0 0 0 0 1 0 0
181 1 0 0 0 0 0 0 0 0
182 4 0 0 3 0 0 0 0 0
fn=_IO_un_link
53 96 6 2 16 0 0 48 0 0
54 32 0 0 16 0 0 0 0 0
58 64 6 1 8 0 0 16 0 0
59 104 12 4 40 6 0 16 0 0
60 8 0 0 0 0 0 8 0 0
61 152 12 3 72 5 0 8 0 0
63 24 0 0 8 6 0 0 0 0
65 16 6 1 0 0 0 0 0 0
66 24 2 0 8 0 0 8 0 0
74 16 0 0 0 0 0 8 0 0
76 128 18 3 48 0 0 16 0 0
77 8 0 0 0 0 0 8 0 0
78 72 7 1 16 0 0 16 0 0
79 16 0 0 0 0 0 0 0 0
82 112 0 0 80 0 0 0 0 0
fn=_IO_unsave_markers
189 8 6 1 8 0 0 0 0 0
1019 16 6 1 8 0 0 0 0 0
1038 24 0 0 8 6 0 0 0 0
fn=__overflow
217 18916 663 2 0 0 0 9458 0 0
219 28374 0 0 9458 0 0 0 0 0
221 28374 0 0 18916 690 1 0 0 0
222 18916 0 0 9458 0 0 0 0 0
fn=__uflow
317 4 0 0 0 0 0 2 0 0
318 5 2 2 1 0 0 0 0 0
323 5 1 1 3 0 0 0 0 0
326 2 0 0 0 0 0 0 0 0
328 2 0 0 0 0 0 0 0 0
334 2 0 0 1 0 0 0 0 0
339 3 1 1 1 0 0 0 0 0
341 4 0 0 2 0 0 0 0 0
342 3 0 0 2 0 0 0 0 0
fl=/build/glibc-OTsEL5/glibc-2.27/libio/iofclose.c
fn=fclose@@GLIBC_2.2.5
34 32 6 1 0 0 0 24 0 0
48 24 0 0 8 0 0 0 0 0
49 8 6 1 0 0 0 8 0 0
51 152 6 1 72 0 0 8 0 0
52 16 0 0 0 0 0 0 0 0
53 48 6 1 8 0 0 8 0 0
57 32 0 0 16 2 0 8 0 0
58 24 7 1 8 0 0 0 0 0
71 16 0 0 8 0 0 0 0 0
74 48 0 0 24 6 0 0 0 0
77 16 0 0 0 0 0 8 0 0
81 40 0 0 32 0 0 0 0 0
fl=/build/glibc-OTsEL5/glibc-2.27/libio/iofflush.c
fn=fflush
32 37856 0 0 0 0 0 18928 0 0
33 18928 453 2 0 0 0 0 0 0
39 141960 1001 5 75712 2 2 9464 0 0
40 66248 630 2 18928 0 0 9464 0 0
44 47320 530 2 28392 0 0 0 0 0
fl=/build/glibc-OTsEL5/glibc-2.27/libio/iofgets.c
fn=fgets
32 85 0 0 0 0 0 51 0 0
37 34 1 1 0 0 0 0 0 0
39 34 0 0 0 0 0 0 0 0
47 306 2 2 153 0 0 17 0 0
51 34 0 0 0 0 0 0 0 0
52 34 0 0 0 0 0 17 0 0
53 119 1 1 0 0 0 17 0 0
56 85 0 0 17 0 0 0 0 0
58 17 0 0 0 0 0 0 0 0
61 51 1 1 17 0 0 17 0 0
64 34 0 0 0 0 0 17 0 0
67 85 0 0 68 0 0 0 0 0
fl=/build/glibc-OTsEL5/glibc-2.27/libio/iofopen.c
fn=fopen@@GLIBC_2.2.5
37 16 0 0 8 0 0 0 0 0
65 16 0 0 0 0 0 8 0 0
67 24 0 0 0 0 0 0 0 0
70 16 0 0 0 0 0 8 4 0
72 56 7 1 0 0 0 8 0 0
73 16 0 0 0 0 0 8 0 0
74 16 0 0 0 0 0 8 0 0
78 56 0 0 0 0 0 8 0 0
88 56 11 2 0 0 0 32 0 0
90 56 7 1 40 0 0 0 0 0
fl=/build/glibc-OTsEL5/glibc-2.27/libio/iofwrite.c
fn=fwrite
31 443520 508 2 0 0 0 380160 236 2
32 126720 0 0 0 0 0 0 0 0
35 126720 0 0 0 0 0 0 0 0
37 1140480 1300 4 506880 1591 2 63360 0 0
38 443519 515 2 63360 645 1 1 0 0
39 506880 666 2 126720 785 1 63360 97 0
45 126720 0 0 0 0 0 0 0 0
46 63360 0 0 0 0 0 0 0 0
49 570240 665 2 443520 0 0 0 0 0
fl=/build/glibc-OTsEL5/glibc-2.27/libio/iogetline.c
fn=_IO_getline
33 204 1 1 0 0 0 119 0 0
35 136 0 0 119 0 0 0 0 0
53 51 0 0 17 0 0 0 0 0
54 2 1 1 0 0 0 1 0 0
55 53 1 1 0 0 0 17 0 0
57 54 1 1 36 0 0 0 0 0
58 36 0 0 0 0 0 0 0 0
60 2 0 0 0 0 0 1 0 0
61 2 0 0 0 0 0 0 0 0
67 2 0 0 0 0 0 0 0 0
77 2 0 0 0 0 0 1 0 0
78 1 0 0 0 0 0 0 0 0
83 34 0 0 0 0 0 0 0 0
85 85 0 0 0 0 0 17 0 0
86 34 0 0 0 0 0 0 0 0
88 34 0 0 17 0 0 0 0 0
89 34 1 1 0 0 0 0 0 0
90 51 0 0 17 0 0 0 0 0
92 17 0 0 0 0 0 0 0 0
94 34 0 0 0 0 0 0 0 0
96 85 1 1 0 0 0 34 0 0
97 34 0 0 17 0 0 17 0 0
98 17 0 0 0 0 0 0 0 0
fl=/build/glibc-OTsEL5/glibc-2.27/libio/iovsprintf.c
fn=vsprintf
32 44 3 1 4 0 0 20 0 0
37 4 3 1 0 0 0 4 0 0
39 28 0 0 0 0 0 4 0 0
40 8 0 0 0 0 0 4 0 0
41 20 3 1 0 0 0 4 0 0
42 20 0 0 0 0 0 4 0 0
43 16 0 0 8 0 0 4 0 0
45 40 3 1 28 0 0 0 0 0
fl=/build/glibc-OTsEL5/glibc-2.27/libio/libioP.h
fn=_IO_cleanup
870 4 1 1 0 0 0 0 0 0
872 2 0 0 0 0 0 0 0 0
873 2 0 0 0 0 0 0 0 0
fn=_IO_default_setbuf
870 3 0 0 0 0 0 0 0 0
872 2 0 0 0 0 0 0 0 0
873 2 0 0 0 0 0 0 0 0
fn=_IO_default_uflow
870 3 0 0 0 0 0 0 0 0
872 2 0 0 0 0 0 0 0 0
873 2 0 0 0 0 0 0 0 0
fn=_IO_default_xsputn
870 281424 585 2 0 0 0 0 0 0
872 50 0 0 0 0 0 0 0 0
873 50 0 0 0 0 0 0 0 0
fn=_IO_do_write@@GLIBC_2.2.5
873 18916 1320 4 0 0 0 0 0 0
fn=_IO_doallocbuf
870 6 0 0 0 0 0 0 0 0
872 4 0 0 0 0 0 0 0 0
873 4 0 0 0 0 0 0 0 0
fn=_IO_file_close_it@@GLIBC_2.2.5
870 24 0 0 0 0 0 0 0 0
872 16 0 0 0 0 0 0 0 0
873 16 0 0 0 0 0 0 0 0
fn=_IO_file_doallocate
870 6 2 2 0 0 0 0 0 0
872 4 0 0 0 0 0 0 0 0
873 4 0 0 0 0 0 0 0 0
fn=_IO_file_underflow@@GLIBC_2.2.5
872 2 0 0 0 0 0 0 0 0
873 2 0 0 0 0 0 0 0 0
fn=_IO_file_xsputn@@GLIBC_2.2.5
870 3 0 0 0 0 0 0 0 0
872 2 0 0 0 0 0 0 0 0
873 2 0 0 0 0 0 0 0 0
fn=_IO_flush_all_lockp
870 4 0 0 0 0 0 0 0 0
fn=__overflow
870 28374 965 2 0 0 0 0 0 0
872 18916 0 0 0 0 0 0 0 0
873 18916 0 0 0 0 0 0 0 0
fn=__uflow
870 3 1 1 0 0 0 0 0 0
872 2 0 0 0 0 0 0 0 0
873 2 0 0 0 0 0 0 0 0
fn=fclose@@GLIBC_2.2.5
796 16 0 0 0 0 0 0 0 0
797 72 12 2 32 0 0 8 0 0
870 24 0 0 0 0 0 0 0 0
872 16 0 0 0 0 0 0 0 0
873 16 0 0 0 0 0 0 0 0
fn=fflush
796 18928 0 0 9464 0 0 0 0 0
797 75712 0 0 37856 0 0 9464 0 0
870 28392 0 0 0 0 0 0 0 0
872 18928 0 0 0 0 0 0 0 0
873 18928 0 0 0 0 0 0 0 0
fn=fgets
796 34 0 0 0 0 0 0 0 0
797 136 1 1 68 0 0 17 0 0
fn=fwrite
796 126720 0 0 63360 0 0 0 0 0
797 570240 659 2 253440 0 0 63360 0 0
870 190080 0 0 0 0 0 0 0 0
872 126720 0 0 0 0 0 0 0 0
873 126720 0 0 0 0 0 0 0 0
fl=/build/glibc-OTsEL5/glibc-2.27/libio/putc.c
fn=putc
25 28374 0 0 0 0 0 0 0 0
28 18916 1278 2 9458 0 0 0 0 0
29 56748 1090 4 18916 0 0 0 0 0
fl=/build/glibc-OTsEL5/glibc-2.27/libio/strops.c
fn=_IO_str_init_static_internal
36 526056 1216 4 0 0 0 263028 0 0
40 131514 0 0 0 0 0 0 0 0
42 65757 608 2 0 0 0 0 0 0
43 263028 0 0 0 0 0 0 0 0
46 328785 0 0 0 0 0 65757 0 0
48 65757 0 0 0 0 0 65757 0 0
49 65757 0 0 0 0 0 65757 0 0
50 65757 0 0 0 0 0 65757 0 0
51 131514 0 0 0 0 0 0 0 0
53 65757 0 0 0 0 0 65757 0 0
54 65757 0 0 0 0 0 65757 0 0
55 65757 0 0 0 0 0 65757 0 0
64 65757 0 0 0 0 0 65757 0 0
65 394542 0 0 328785 0 0 0 0 0
fl=/build/glibc-OTsEL5/glibc-2.27/libio/vsnprintf.c
fn=vsnprintf
95 275 25 1 25 0 0 150 0 0
99 25 0 0 0 0 0 25 0 0
104 125 25 1 0 0 0 0 0 0
110 150 0 0 0 0 0 25 1 0
111 50 0 0 0 0 0 25 0 0
112 25 0 0 0 0 0 25 0 0
113 125 25 1 0 0 0 25 0 0
114 100 0 0 0 0 0 25 0 0
116 75 0 0 25 0 0 0 0 0
117 50 0 0 25 0 0 25 0 0
119 250 25 1 200 0 0 0 0 0
fl=/build/glibc-OTsEL5/glibc-2.27/locale/newlocale.c
fn=newlocale
44 14 2 2 1 0 0 8 0 0
56 2 0 0 0 0 0 0 0 0
57 2 1 1 0 0 0 1 0 0
64 2 0 0 0 0 0 0 0 0
67 3 0 0 0 0 0 0 0 0
73 2 1 1 0 0 0 0 0 0
74 10 2 2 5 1 1 0 0 0
76 1 0 0 0 0 0 0 0 0
279 12 1 1 9 0 0 0 0 0
fl=/build/glibc-OTsEL5/glibc-2.27/locale/uselocale.c
fn=uselocale
31 104 26 2 104 27 0 0 0 0
33 156 0 0 0 0 0 0 0 0
36 104 0 0 0 0 0 0 0 0
37 52 26 2 0 0 0 52 0 0
65 156 0 0 104 77 0 52 0 0
66 156 0 0 104 26 1 52 0 0
68 156 0 0 104 1 0 52 0 0
72 156 0 0 0 0 0 0 0 0
73 52 0 0 52 0 0 0 0 0
fl=/build/glibc-OTsEL5/glibc-2.27/malloc/arena.c
fn=malloc_hook_ini
291 3 0 0 1 1 1 0 0 0
fn=ptmalloc_init.part.0
289 5 1 1 1 0 0 2 0 0
294 1 0 0 0 0 0 1 0 0
302 2 1 1 1 0 0 0 0 0
303 7 2 2 0 0 0 1 0 0
304 4 0 0 2 1 0 0 0 0
308 13 1 1 6 3 2 2 1 0
313 7 1 1 1 0 0 2 0 0
314 4 1 1 0 0 0 1 0 0
315 4 0 0 0 0 0 1 0 0
316 4 0 0 0 0 0 1 0 0
317 4 1 1 0 0 0 1 0 0
318 4 0 0 0 0 0 1 0 0
319 4 0 0 0 0 0 1 0 0
320 4 1 1 0 0 0 1 0 0
322 4 0 0 0 0 0 1 0 0
323 4 0 0 0 0 0 1 0 0
324 4 0 0 0 0 0 1 0 0
395 2 0 0 2 2 1 0 0 0
396 2 0 0 0 0 0 0 0 0
399 1 0 0 0 0 0 1 1 0
400 6 0 0 4 1 0 0 0 0
fn=sysmalloc
535 6172 0 0 0 0 0 0 0 0
fl=/build/glibc-OTsEL5/glibc-2.27/malloc/hooks.c
fn=malloc_hook_ini
29 5 1 1 0 0 0 2 0 0
30 2 0 0 1 0 0 1 0 0
33 7 1 1 4 2 0 1 0 0
fl=/build/glibc-OTsEL5/glibc-2.27/malloc/malloc.c
fn=_int_malloc
1887 276093 1358 5 92031 2042 2 0 0 0
2928 53469 0 0 0 0 0 23047 0 0
2929 62864 1479 2 0 0 0 0 0 0
2930 78624 688 0 47192 0 0 31432 0 0
2931 8385 0 0 0 0 0 8385 0 0
2932 70239 0 0 7375 0 0 31432 0 0
2940 9582 561 2 6388 0 0 0 0 0
2941 9582 0 0 3194 0 0 0 0 0
2942 6388 0 0 0 0 0 0 0 0
2943 6388 0 0 3194 0 0 3194 0 0
2944 3194 0 0 3194 0 0 0 0 0
3521 666575 363 2 0 0 0 571350 1756 9
3553 924383 271 1 0 0 0 0 0 0
3557 571350 0 0 0 0 0 95225 3282 21
3581 190450 0 0 95225 2063 1 0 0 0
3583 150867 0 0 0 0 0 0 0 0
3584 4802 0 0 2401 1 0 0 0 0
3586 50289 0 0 50289 1387 0 0 0 0
3588 100578 493 2 0 0 0 0 0 0
3590 9604 0 0 2401 0 0 0 0 0
3591 2401 0 0 0 0 0 2401 0 0
3596 7203 0 0 2401 0 0 0 0 0
3597 4802 0 0 0 0 0 0 0 0
3603 4802 0 0 0 0 0 0 0 0
3604 14406 720 2 7203 0 0 0 0 0
3609 29328 2 0 12177 0 0 0 0 0
3610 31916 0 0 9633 0 0 0 0 0
3612 29500 482 2 14750 18 0 0 0 0
3613 7375 0 0 0 0 0 7375 0 0
3639 123386 419 2 0 0 0 0 0 0
3641 711048 577 2 0 0 0 273480 0 0
3642 237240 767 1 0 0 0 0 0 0
3644 177930 0 0 59310 3627 10 0 0 0
3646 4614 0 0 4614 2402 2 0 0 0
3647 9228 0 0 4614 2330 1 0 0 0
3649 4614 0 0 4614 1603 1 0 0 0
3650 4614 0 0 0 0 0 4614 0 0
3651 4614 0 0 0 0 0 4614 0 0
3653 13842 749 2 0 0 0 0 0 0
3659 9228 0 0 0 0 0 0 0 0
3660 32298 964 3 18456 28 0 0 0 0
3665 71196 0 0 4614 0 0 0 0 0
3666 41856 0 0 0 0 0 0 0 0
3668 31344 0 0 0 0 0 0 0 0
3670 31344 704 2 15672 0 0 0 0 0
3671 15672 0 0 15672 6428 2 0 0 0
3672 31344 0 0 0 0 0 0 0 0
3673 15672 730 2 0 0 0 0 0 0
3674 15672 0 0 0 0 0 15672 0 0
3675 15672 0 0 0 0 0 15672 9787 3
3682 7015 0 0 0 0 0 0 0 0
3701 1262518 2244 5 0 0 0 399172 851 5
3702 100542 287 1 33514 876 1 0 0 0
3703 1100271 1195 3 0 0 0 275597 1397 7
3720 441048 1 1 88209 5 0 88210 2 0
3721 264630 0 0 0 0 0 0 0 0
3722 352840 635 1 176420 8 0 0 0 0
3726 264630 1625 1 0 0 0 176420 3 0
3731 88210 0 0 0 0 0 0 0 0
3732 372088 1878 2 0 0 0 0 0 0
3734 69184 0 0 69184 139 0 0 0 0
3735 207552 0 0 69184 842 0 0 0 0
3736 138368 0 0 69184 1129 0 0 0 0
3739 69184 0 0 0 0 0 0 0 0
3749 222046 0 0 0 0 0 0 0 0
3750 47952 1518 1 0 0 0 0 0 0
3751 70124 1351 2 47050 0 0 0 0 0
3752 352840 0 0 0 0 0 176420 0 0
3755 28186 0 0 0 0 0 0 0 0
3756 14093 0 0 0 0 0 0 0 0
3757 28186 0 0 0 0 0 28186 0 0
3758 14093 0 0 0 0 0 14093 0 0
3759 28186 0 0 0 0 0 28186 6715 306
3760 28186 0 0 0 0 0 0 0 0
3762 8050 0 0 0 0 0 8050 2094 420
3763 8050 155 1 0 0 0 8050 0 0
3766 126837 1242 1 0 0 0 14093 0 0
3768 42279 0 0 0 0 0 14093 745 36
3769 14093 1065 1 0 0 0 14093 203 0
3772 14093 0 0 0 0 0 0 0 0
3778 55091 0 0 0 0 0 55091 0 0
3779 55091 2181 3 0 0 0 55091 835 0
3783 110182 0 0 0 0 0 0 0 0
3785 9747 0 0 9747 220 0 0 0 0
3786 29241 202 0 0 0 0 0 0 0
3791 29241 1210 2 9747 0 0 0 0 0
3792 300782 0 0 194496 2257 1 88210 0 0
3795 8385 590 1 0 0 0 0 0 0
3796 16770 0 0 0 0 0 0 0 0
3812 90688 0 0 0 0 0 0 0 0
3814 74128 811 2 0 0 0 0 0 0
3815 148256 0 0 0 0 0 0 0 0
3816 74128 0 0 37064 4570 7 0 0 0
3820 103804 2452 6 0 0 0 0 0 0
3821 33120 0 0 0 0 0 0 0 0
3822 16560 1152 2 8280 2957 8 8280 3 0
3825 16560 0 0 0 0 0 0 0 0
3828 3282 0 0 0 0 0 0 0 0
3830 13128 0 0 6564 399 1 0 0 0
3831 6564 0 0 0 0 0 0 0 0
3837 258 0 0 129 0 0 129 6 0
3838 258 0 0 129 36 0 129 0 0
3839 387 3 0 0 0 0 258 0 0
3843 15765 1639 6 9459 318 1 0 0 0
3844 6564 0 0 0 0 0 0 0 0
3846 129 0 0 129 1 0 0 0 0
3847 387 0 0 129 1 0 0 0 0
3850 3153 0 0 0 0 0 0 0 0
3853 5356 670 0 2678 15 0 0 0 0
3856 950 0 0 0 0 0 475 3 0
3857 950 0 0 475 22 0 475 0 0
3858 475 0 0 0 0 0 475 0 0
3859 950 0 0 475 0 0 475 1 0
3861 6306 0 0 3153 299 1 0 0 0
3865 19992 535 2 0 0 0 9996 53 0
3868 272064 689 2 45344 1283 1 0 0 0
3869 45344 0 0 0 0 0 45344 0 0
3870 45344 0 0 0 0 0 45344 0 0
3871 45344 0 0 0 0 0 45344 1023 0
3872 45344 0 0 0 0 0 45344 2 0
3877 45344 0 0 0 0 0 0 0 0
3878 90688 0 0 0 0 0 0 0 0
3879 98876 32 0 88210 0 0 0 0 0
3887 226720 2093 3 45344 0 0 0 0 0
3893 145510 549 3 0 0 0 0 0 0
3895 3194 0 0 0 0 0 0 0 0
3904 139122 57 1 0 0 0 0 0 0
3906 164025 0 0 32805 0 0 0 0 0
3909 98415 0 0 32805 2605 9 0 0 0
3910 8112 0 0 4056 445 2 0 0 0
3913 3897 676 1 3897 99 1 0 0 0
3914 23467 0 0 3914 48 0 0 0 0
3916 17 0 0 17 8 0 0 0 0
3920 7794 586 2 3897 0 0 0 0 0
3922 7278 0 0 4852 398 1 0 0 0
3925 7794 0 0 0 0 0 0 0 0
3926 86448 1472 4 34689 2881 4 10758 0 0
3929 7794 0 0 0 0 0 0 0 0
3931 3165 0 0 3165 0 0 0 0 0
3932 12660 544 2 0 0 0 0 0 0
3938 732 0 0 0 0 0 0 0 0
3942 732 215 0 732 0 0 0 0 0
3943 1464 0 0 732 0 0 0 0 0
3945 732 0 0 0 0 0 732 207 3
3946 732 0 0 0 0 0 732 0 0
3947 732 0 0 0 0 0 732 0 0
3948 732 0 0 0 0 0 732 0 0
3949 1464 0 0 0 0 0 0 0 0
3951 93 0 0 0 0 0 93 3 0
3952 93 0 0 0 0 0 93 0 0
3954 6588 514 2 0 0 0 732 0 0
3956 2196 0 0 0 0 0 732 28 1
3957 1464 0 0 0 0 0 732 0 0
3977 131328 1999 2 65664 0 0 0 0 0
3978 131328 0 0 0 0 0 0 0 0
3979 131328 0 0 0 0 0 0 0 0
3980 131328 0 0 65664 1563 0 0 0 0
3981 131328 0 0 0 0 0 0 0 0
3986 216863 714 1 0 0 0 3153 0 0
3990 280410 487 3 0 0 0 0 0 0
3993 280971 163 1 75026 0 0 0 0 0
3995 17008 21 1 0 0 0 0 0 0
3996 8504 0 0 0 0 0 0 0 0
4000 212162 0 0 0 0 0 0 0 0
4002 78329 0 0 0 0 0 0 0 0
4004 156658 1437 2 0 0 0 0 0 0
4008 27752 2086 2 27752 6230 4 0 0 0
4011 55504 0 0 0 0 0 0 0 0
4013 58720 786 1 0 0 0 11744 0 0
4014 11744 0 0 0 0 0 0 0 0
4015 11744 0 0 0 0 0 0 0 0
4020 48024 364 0 16008 7702 3 0 0 0
4023 32016 520 2 0 0 0 0 0 0
4025 32016 0 0 0 0 0 0 0 0
4028 255486 987 4 100290 15444 15 38700 0 0
4031 32016 0 0 0 0 0 0 0 0
4033 2655 0 0 2655 0 0 0 0 0
4034 7965 0 0 0 0 0 0 0 0
4041 13353 0 0 0 0 0 0 0 0
4046 13353 540 1 13353 0 0 0 0 0
4047 26706 0 0 13353 0 0 0 0 0
4049 13353 0 0 0 0 0 13353 7070 58
4050 13353 0 0 0 0 0 13353 0 0
4051 13353 927 3 0 0 0 13353 0 0
4052 13353 0 0 0 0 0 13353 0 0
4055 26706 0 0 0 0 0 0 0 0
4056 10706 0 0 0 0 0 10706 0 0
4057 26706 0 0 0 0 0 0 0 0
4059 3005 0 0 0 0 0 3005 720 12
4060 3005 0 0 0 0 0 3005 0 0
4062 120177 172 0 0 0 0 13353 0 0
4064 40059 0 0 0 0 0 13353 1534 16
4065 26706 0 0 0 0 0 13353 0 0
4090 49656 1156 0 49656 0 0 0 0 0
4091 99312 0 0 49656 457 1 0 0 0
4093 152067 0 0 0 0 0 3099 0 0
4095 93114 327 1 0 0 0 0 0 0
4096 46557 0 0 0 0 0 0 0 0
4097 46557 0 0 0 0 0 46557 0 0
4098 419013 441 2 0 0 0 46557 0 0
4100 139671 0 0 0 0 0 46557 21239 11092
4103 66462 0 0 0 0 0 0 0 0
4110 9297 0 0 3099 1 0 0 0 0
4125 12396 982 2 0 0 0 3099 12 1
4126 6198 0 0 0 0 0 0 0 0
4131 884892 633 2 666575 4 0 0 0 0
fn=calloc
3366 25 1 1 0 0 0 25 0 0
3376 10 0 0 0 0 0 0 0 0
3379 10 1 1 0 0 0 0 0 0
3381 15 0 0 0 0 0 0 0 0
3389 10 0 0 10 2 0 0 0 0
3390 10 0 0 0 0 0 0 0 0
3402 15 0 0 10 2 0 0 0 0
3404 20 1 1 5 0 0 0 0 0
3414 5 0 0 5 1 0 0 0 0
3415 15 0 0 5 0 0 0 0 0
3436 20 0 0 0 0 0 5 0 0
3438 50 2 2 5 0 0 0 0 0
3441 20 1 1 10 0 0 0 0 0
3458 5 0 0 0 0 0 0 0 0
3469 5 0 0 0 0 0 0 0 0
3472 30 1 1 0 0 0 0 0 0
3483 5 0 0 0 0 0 0 0 0
3484 10 0 0 0 0 0 0 0 0
3485 10 0 0 0 0 0 0 0 0
3487 10 0 0 0 0 0 0 0 0
3488 25 1 1 0 0 0 5 0 0
3513 35 0 0 30 0 0 0 0 0
fn=free
1894 358542 0 0 119514 596 1 0 0 0
2829 8 1 0 4 0 0 0 0 0
2831 4 0 0 0 0 0 0 0 0
2835 8 0 0 2 0 0 0 0 0
2838 6 0 0 2 0 0 0 0 0
2839 2 0 0 0 0 0 0 0 0
2845 14 1 1 4 2 0 0 0 0
2848 2 0 0 4 0 0 0 0 0
2849 6 0 0 4 0 0 0 0 0
2854 4 0 0 0 0 0 2 1 0
2929 642903 128 1 0 0 0 0 0 0
2930 428602 0 0 214301 2334 1 214301 4701 1
2931 214301 0 0 0 0 0 214301 0 0
2932 642903 869 2 0 0 0 214301 0 0
3086 3671987 740 3 333817 289 0 2336719 2 1
3091 667634 0 0 667634 2756 2 0 0 0
3092 667634 277 3 0 0 0 0 0 0
3098 667634 0 0 0 0 0 0 0 0
3101 333817 0 0 0 0 0 0 0 0
3103 1001451 0 0 333817 48714 3 0 0 0
3107 8 0 0 4 1 0 0 0 0
3109 8 0 0 2 0 0 0 0 0
3110 8 1 1 2 0 0 0 0 0
3112 4 1 1 0 0 0 2 0 0
3113 4 0 0 0 0 0 2 0 0
3114 2 0 0 0 0 0 0 0 0
3121 1001445 0 0 667630 468 2 0 0 0
3123 1001445 454 3 0 0 0 0 0 0
3125 3671987 2394 4 3004353 0 0 0 0 0
4149 667630 0 0 0 0 0 0 0 0
4155 1335260 0 0 0 0 0 0 0 0
4156 667630 0 0 0 0 0 0 0 0
4160 1335260 0 0 0 0 0 0 0 0
4167 667630 0 0 0 0 0 0 0 0
4169 1001445 470 1 333815 0 0 0 0 0
4170 667630 0 0 333815 395 1 0 0 0
4171 1202308 0 0 601154 343 0 0 0 0
4184 239028 0 0 119514 612 1 0 0 0
4195 260508 1418 2 65127 21217 0 0 0 0
4197 195381 0 0 65127 578 0 0 0 0
4218 65127 0 0 0 0 0 65127 297 0
4219 130254 0 0 0 0 0 0 0 0
4223 65127 0 0 65127 0 0 0 0 0
4225 325635 0 0 65127 146 0 0 0 0
4229 130254 0 0 0 0 0 0 0 0
4231 65127 0 0 0 0 0 65127 20 0
4232 130254 0 0 0 0 0 65127 0 0
4259 108774 1150 3 0 0 0 0 0 0
4262 217548 0 0 54387 379 1 0 0 0
4263 54387 1078 3 0 0 0 0 0 0
4268 54387 0 0 0 0 0 0 0 0
4272 163161 0 0 54387 751 1 0 0 0
4275 217548 0 0 54387 501 1 0 0 0
4277 163161 29 0 54387 1006 1 0 0 0
4280 163161 0 0 54387 18495 1 0 0 0
4283 108774 0 0 0 0 0 0 0 0
4284 108774 1231 3 0 0 0 0 0 0
4285 108774 0 0 54387 698 1 0 0 0
4291 108774 0 0 54387 0 0 0 0 0
4292 30067 0 0 30067 0 0 0 0 0
4293 30067 0 0 0 0 0 0 0 0
4294 30067 0 0 0 0 0 0 0 0
4295 560767 1072 6 208001 159 0 60264 0 0
4298 108774 610 3 54387 0 0 0 0 0
4303 159768 0 0 106512 36283 1 0 0 0
4304 75108 502 4 27354 3427 0 10566 0 0
4305 4694 0 0 0 0 0 0 0 0
4307 145686 1282 3 0 0 0 48562 0 0
4315 53256 0 0 0 0 0 0 0 0
4316 53256 1029 3 53256 0 0 0 0 0
4317 106512 738 3 53256 88 0 0 0 0
4319 53256 0 0 0 0 0 53256 6038 0
4320 53256 0 0 0 0 0 53256 0 0
4321 106512 0 0 0 0 0 0 0 0
4323 33505 0 0 0 0 0 33505 742 0
4324 33505 0 0 0 0 0 33505 0 0
4326 53256 0 0 0 0 0 53256 0 0
4327 53256 0 0 0 0 0 53256 0 0
4329 159768 0 0 0 0 0 53256 0 0
4330 53256 1218 3 0 0 0 53256 0 0
4341 1131 3 0 0 0 0 0 0 0
4342 3393 0 0 0 0 0 1131 0 0
4343 2262 0 0 0 0 0 1131 0 0
4360 108774 0 0 0 0 0 0 0 0
4361 70875 0 0 23625 0 0 0 0 0
4362 3482 0 0 0 0 0 1741 0 0
4364 70875 833 2 0 0 0 0 0 0
4366 118125 753 2 70875 1154 0 0 0 0
4368 3408 0 0 1136 0 0 1136 0 0
4380 108774 0 0 0 0 0 0 0 0
fn=malloc
2941 484774 0 0 0 0 0 0 0 0
2943 484774 0 0 242387 25584 28 242387 0 0
2944 242387 0 0 242387 2666 1 0 0 0
3028 1012818 526 2 0 0 0 675212 1449 2
3033 675212 0 0 675212 5009 3 0 0 0
3034 675212 48 2 0 0 0 0 0 0
3035 2 1 1 1 0 0 0 0 0
3039 3370357 825 2 0 0 0 0 0 0
3040 1012815 685 1 0 0 0 0 0 0
3042 1350420 0 0 675210 4308 2 0 0 0
3045 675210 0 0 337605 2302 1 0 0 0
3047 304105 402 2 0 0 0 0 0 0
3048 912315 912 1 304105 6001 12 0 0 0
3055 380872 0 0 95218 2151 1 0 0 0
3057 380872 481 2 0 0 0 95218 811 6
3058 666500 0 0 95218 933 1 0 0 0
3081 1688028 74 1 1012817 2 0 0 0 0
fn=malloc_consolidate
4403 19290 1886 2 0 0 0 19290 50 0
4420 3858 0 0 0 0 0 3858 0 0
4422 3858 0 0 0 0 0 0 0 0
4432 3858 0 0 0 0 0 0 0 0
4433 3858 0 0 0 0 0 0 0 0
4435 81018 0 0 77160 15 0 0 0 0
4436 77160 0 0 0 0 0 0 0 0
4439 166053 1695 2 55351 15313 0 0 0 0
4440 221404 0 0 0 0 0 0 0 0
4445 55351 0 0 55351 150 0 0 0 0
4448 110702 0 0 0 0 0 0 0 0
4449 55351 0 0 0 0 0 0 0 0
4450 166053 0 0 55351 117 0 0 0 0
4452 110702 0 0 0 0 0 0 0 0
4453 5001 0 0 5001 0 0 0 0 0
4454 5001 0 0 0 0 0 0 0 0
4455 5001 0 0 0 0 0 0 0 0
4456 77072 1139 4 30729 1252 0 10172 0 0
4459 110702 1486 2 55351 157 0 0 0 0
4460 50253 0 0 0 0 0 0 0 0
4462 100506 0 0 50253 10931 2 0 0 0
4463 27861 0 0 0 0 0 0 0 0
4464 400447 198 2 161430 1363 0 55852 0 0
4466 67176 1819 2 0 0 0 22392 0 0
4468 50253 1421 2 50253 0 0 0 0 0
4469 50253 0 0 0 0 0 50253 0 0
4470 50253 0 0 0 0 0 50253 16 0
4472 100506 0 0 0 0 0 0 0 0
4473 22144 14 0 0 0 0 22144 74 0
4474 22144 0 0 0 0 0 22144 0 0
4477 150759 1423 2 0 0 0 50253 0 0
4478 50253 0 0 0 0 0 50253 0 0
4479 50253 0 0 0 0 0 50253 0 0
4480 50253 0 0 0 0 0 50253 0 0
4484 5098 0 0 0 0 0 0 0 0
4485 10196 0 0 0 0 0 5098 0 0
4486 10196 0 0 0 0 0 5098 0 0
4489 171764 0 0 0 0 0 0 0 0
4492 154320 150 0 0 0 0 0 0 0
4493 23148 0 0 23148 6 0 0 0 0
fn=malloc_hook_ini
2983 5 0 0 2 1 0 2 0 0
3034 2 0 0 0 0 0 0 0 0
3039 11 2 2 0 0 0 0 0 0
3040 2 0 0 0 0 0 0 0 0
3042 4 0 0 2 0 0 0 0 0
3045 3 1 1 2 0 0 0 0 0
3055 4 1 1 1 0 0 0 0 0
3057 4 0 0 0 0 0 1 0 0
3058 7 1 1 1 0 0 0 0 0
fn=ptmalloc_init.part.0
1816 498 2 2 0 0 0 0 0 0
1817 384 1 1 2 0 0 129 33 32
1825 1 0 0 0 0 0 1 1 1
1826 1 0 0 0 0 0 1 1 1
1828 2 0 0 0 0 0 1 0 0
fn=sysmalloc
2274 24792 1126 2 0 0 0 18594 75 0
2294 6198 0 0 6198 875 4 0 0 0
2305 6198 1178 2 0 0 0 0 0 0
2306 12383 0 0 3099 437 3 0 0 0
2307 39 5 2 26 0 0 0 0 0
2321 12396 0 0 0 0 0 3086 525 0
2327 26 4 1 0 0 0 0 0 0
2329 91 4 2 0 0 0 13 3 1
2331 26 0 0 0 0 0 0 0 0
2346 39 5 2 0 0 0 0 0 0
2361 13 0 0 0 0 0 13 13 13
2362 39 0 0 0 0 0 13 0 0
2367 39 0 0 26 0 0 0 0 0
2368 65 2 1 26 0 0 0 0 0
2371 39 0 0 26 0 0 0 0 0
2372 65 0 0 26 0 0 0 0 0
2387 3086 0 0 3086 0 0 0 0 0
2388 9258 0 0 3086 0 0 0 0 0
2389 3086 1139 2 0 0 0 0 0 0
2398 27769 0 0 0 0 0 0 0 0
2404 12344 1299 1 0 0 0 3086 0 0
2407 9258 0 0 0 0 0 0 0 0
2460 9258 1059 2 3086 0 0 0 0 0
2468 6172 928 2 3086 0 0 0 0 0
2469 3086 1135 2 0 0 0 0 0 0
2479 18516 0 0 0 0 0 6172 0 0
2487 6172 0 0 0 0 0 0 0 0
2489 15430 0 0 6172 497 1 6172 398 0
2490 3086 0 0 0 0 0 0 0 0
2493 9258 0 0 3086 0 0 0 0 0
2496 12344 1131 2 6172 64 0 0 0 0
2497 6172 0 0 0 0 0 0 0 0
2541 3 1 1 0 0 0 0 0 0
2543 6172 0 0 3086 0 0 0 0 0
2544 2 1 1 0 0 0 1 0 0
2545 9258 0 0 3086 0 0 3086 0 0
2551 12342 1128 2 0 0 0 0 0 0
2552 15425 0 0 3085 0 0 3085 0 0
2554 4 2 2 1 0 0 0 0 0
2588 2 0 0 0 0 0 0 0 0
2594 3 0 0 0 0 0 0 0 0
2616 2 1 1 0 0 0 0 0 0
2617 6 0 0 1 0 0 0 0 0
2619 2 0 0 0 0 0 0 0 0
2620 4 0 0 2 0 0 2 0 0
2632 3 1 1 1 0 0 0 0 0
2640 2 1 1 2 0 0 0 0 0
2641 4 0 0 1 0 0 0 0 0
2679 1 0 0 0 0 0 1 0 0
2680 4 0 0 0 0 0 1 1 1
2681 2 0 0 0 0 0 1 0 0
2692 2 1 1 0 0 0 0 0 0
2724 6172 1232 2 3086 0 0 0 0 0
2725 44 0 0 0 0 0 44 0 0
2730 6172 0 0 3086 0 0 0 0 0
2733 6172 910 2 3086 0 0 0 0 0
2735 3086 0 0 0 0 0 0 0 0
2736 3086 0 0 0 0 0 0 0 0
2737 3086 0 0 0 0 0 3086 0 0
2738 24688 0 0 0 0 0 3086 0 0
2739 6172 0 0 0 0 0 3086 1043 41
2741 6172 1005 2 0 0 0 0 0 0
2747 27891 896 1 21693 0 0 0 0 0
fn=systrim.isra.1.constprop.11
2760 5680 758 2 0 0 0 4544 0 0
2770 1136 0 0 1136 1110 0 0 0 0
2771 3408 0 0 2272 0 0 0 0 0
2773 1136 0 0 0 0 0 0 0 0
2774 2272 0 0 0 0 0 0 0 0
2775 22 0 0 0 0 0 0 0 0
2778 3408 733 2 1136 1111 0 0 0 0
2780 3408 0 0 0 0 0 0 0 0
2787 4456 0 0 2228 1108 0 1114 0 0
2788 4456 0 0 1114 0 0 0 0 0
2800 3342 0 0 1114 0 0 1114 0 0
2802 2228 977 1 2228 0 0 0 0 0
2803 2228 0 0 0 0 0 0 0 0
2805 2228 0 0 1114 0 0 1114 0 0
2807 1114 0 0 0 0 0 0 0 0
2809 2228 0 0 0 0 0 0 0 0
2813 2228 0 0 0 0 0 0 0 0
2816 1114 0 0 1114 0 0 0 0 0
2817 4456 0 0 1114 0 0 1114 0 0
2819 1114 0 0 0 0 0 0 0 0
2824 6816 976 2 5680 0 0 0 0 0
fn=tcache_init.part.4
2977 1 0 0 0 0 0 1 0 0
2986 10 2 2 4 1 0 0 0 0
2987 4 0 0 0 0 0 1 0 0
2988 2 1 1 0 0 0 0 0 0
2996 4 0 0 2 0 0 0 0 0
3003 2 0 0 0 0 0 0 0 0
3005 2 1 1 1 0 0 1 0 0
3006 80 0 0 0 0 0 73 8 8
3009 2 0 0 2 0 0 0 0 0
fl=/build/glibc-OTsEL5/glibc-2.27/malloc/morecore.c
fn=__default_morecore
46 6429 1105 2 0 0 0 0 0 0
47 6429 0 0 0 0 0 6429 44 0
49 19287 0 0 0 0 0 0 0 0
52 12858 0 0 6429 0 0 0 0 0
fl=/build/glibc-OTsEL5/glibc-2.27/math/../sysdeps/x86_64/fpu/multiarch/e_asin.c
fn=__acos_finite
33 1 0 0 1 0 0 0 0 0
fn=__asin_finite
25 1 0 0 1 0 0 0 0 0
fl=/build/glibc-OTsEL5/glibc-2.27/math/../sysdeps/x86_64/fpu/multiarch/e_atan2.c
fn=__atan2_finite
24 1 1 1 1 0 0 0 0 0
fl=/build/glibc-OTsEL5/glibc-2.27/math/../sysdeps/x86_64/fpu/multiarch/e_exp.c
fn=__exp_finite
24 1 0 0 1 0 0 0 0 0
fl=/build/glibc-OTsEL5/glibc-2.27/math/../sysdeps/x86_64/fpu/multiarch/e_exp2f.c
fn=exp2f@@GLIBC_2.27
26 1 0 0 1 0 0 0 0 0
fl=/build/glibc-OTsEL5/glibc-2.27/math/../sysdeps/x86_64/fpu/multiarch/e_expf.c
fn=expf@@GLIBC_2.27
26 1 0 0 1 0 0 0 0 0
fl=/build/glibc-OTsEL5/glibc-2.27/math/../sysdeps/x86_64/fpu/multiarch/e_log.c
fn=__log_finite
24 1 0 0 1 0 0 0 0 0
fl=/build/glibc-OTsEL5/glibc-2.27/math/../sysdeps/x86_64/fpu/multiarch/e_log2f.c
fn=log2f@@GLIBC_2.27
26 1 0 0 1 0 0 0 0 0
fl=/build/glibc-OTsEL5/glibc-2.27/math/../sysdeps/x86_64/fpu/multiarch/e_logf.c
fn=logf@@GLIBC_2.27
26 1 0 0 1 0 0 0 0 0
fl=/build/glibc-OTsEL5/glibc-2.27/math/../sysdeps/x86_64/fpu/multiarch/e_pow.c
fn=__pow_finite
24 1 0 0 1 0 0 0 0 0
fl=/build/glibc-OTsEL5/glibc-2.27/math/../sysdeps/x86_64/fpu/multiarch/ifunc-avx-fma4.h
fn=__atan2_finite
32 3 0 0 0 0 0 0 0 0
33 4 1 1 2 0 0 0 0 0
fn=__exp_finite
32 3 1 1 0 0 0 0 0 0
33 4 1 1 2 0 0 0 0 0
fn=__log_finite
32 3 1 1 0 0 0 0 0 0
33 4 1 1 2 0 0 0 0 0
fn=atan
32 3 0 0 0 0 0 0 0 0
33 4 1 1 2 0 0 0 0 0
fn=cos
32 6 0 0 0 0 0 0 0 0
33 8 1 1 4 0 0 0 0 0
fn=sin
32 6 1 1 0 0 0 0 0 0
33 8 1 1 4 2 0 0 0 0
fn=tan
32 3 0 0 0 0 0 0 0 0
33 4 1 1 2 0 0 0 0 0
fl=/build/glibc-OTsEL5/glibc-2.27/math/../sysdeps/x86_64/fpu/multiarch/ifunc-fma.h
fn=cosf
29 4 0 0 0 0 0 0 0 0
30 3 1 1 2 0 0 0 0 0
fn=exp2f@@GLIBC_2.27
29 4 0 0 0 0 0 0 0 0
30 3 2 2 2 0 0 0 0 0
fn=expf@@GLIBC_2.27
29 4 0 0 0 0 0 0 0 0
30 3 1 1 2 0 0 0 0 0
fn=log2f@@GLIBC_2.27
29 4 1 1 0 0 0 0 0 0
30 3 1 1 2 0 0 0 0 0
fn=logf@@GLIBC_2.27
29 4 0 0 0 0 0 0 0 0
30 3 1 1 2 0 0 0 0 0
fn=powf@@GLIBC_2.27
29 5 0 0 1 0 0 0 0 0
30 3 2 2 2 0 0 0 0 0
fn=sincosf
29 4 1 1 0 0 0 0 0 0
30 3 1 1 2 0 0 0 0 0
fn=sinf
29 4 1 1 0 0 0 0 0 0
30 3 1 1 2 0 0 0 0 0
fl=/build/glibc-OTsEL5/glibc-2.27/math/../sysdeps/x86_64/fpu/multiarch/ifunc-fma4.h
fn=__acos_finite
31 3 1 1 0 0 0 0 0 0
32 4 1 1 2 0 0 0 0 0
fn=__asin_finite
31 3 0 0 0 0 0 0 0 0
32 4 1 1 2 0 0 0 0 0
fn=__pow_finite
31 3 0 0 0 0 0 0 0 0
32 4 1 1 2 0 0 0 0 0
fl=/build/glibc-OTsEL5/glibc-2.27/math/../sysdeps/x86_64/fpu/multiarch/ifunc-sse4_1.h
fn=ceil
29 5 1 1 2 0 0 0 0 0
fn=ceilf
29 5 1 1 2 0 0 0 0 0
fn=floor
29 5 2 2 2 0 0 0 0 0
fn=floorf
29 5 2 2 2 0 0 0 0 0
fn=rint
29 5 1 1 2 0 0 0 0 0
fn=rintf
29 5 1 1 2 0 0 0 0 0
fn=trunc
29 5 2 2 2 0 0 0 0 0
fn=truncf
29 5 1 1 2 0 0 0 0 0
fl=/build/glibc-OTsEL5/glibc-2.27/math/../sysdeps/x86_64/fpu/multiarch/s_atan.c
fn=atan
26 1 1 1 1 0 0 0 0 0
fl=/build/glibc-OTsEL5/glibc-2.27/math/../sysdeps/x86_64/fpu/multiarch/s_ceil.c
fn=ceil
30 1 0 0 1 0 0 0 0 0
fl=/build/glibc-OTsEL5/glibc-2.27/math/../sysdeps/x86_64/fpu/multiarch/s_ceilf.c
fn=ceilf
30 1 0 0 1 0 0 0 0 0
fl=/build/glibc-OTsEL5/glibc-2.27/math/../sysdeps/x86_64/fpu/multiarch/s_cosf.c
fn=cosf
26 1 0 0 1 0 0 0 0 0
fl=/build/glibc-OTsEL5/glibc-2.27/math/../sysdeps/x86_64/fpu/multiarch/s_floor.c
fn=floor
30 1 0 0 1 0 0 0 0 0
fl=/build/glibc-OTsEL5/glibc-2.27/math/../sysdeps/x86_64/fpu/multiarch/s_floorf.c
fn=floorf
30 1 0 0 1 0 0 0 0 0
fl=/build/glibc-OTsEL5/glibc-2.27/math/../sysdeps/x86_64/fpu/multiarch/s_rint.c
fn=rint
30 1 0 0 1 0 0 0 0 0
fl=/build/glibc-OTsEL5/glibc-2.27/math/../sysdeps/x86_64/fpu/multiarch/s_rintf.c
fn=rintf
30 1 0 0 1 0 0 0 0 0
fl=/build/glibc-OTsEL5/glibc-2.27/math/../sysdeps/x86_64/fpu/multiarch/s_sin.c
fn=cos
34 2 1 1 2 0 0 0 0 0
fn=sin
27 2 0 0 2 0 0 0 0 0
fl=/build/glibc-OTsEL5/glibc-2.27/math/../sysdeps/x86_64/fpu/multiarch/s_sincosf.c
fn=sincosf
26 1 0 0 1 0 0 0 0 0
fl=/build/glibc-OTsEL5/glibc-2.27/math/../sysdeps/x86_64/fpu/multiarch/s_sinf.c
fn=sinf
26 1 0 0 1 0 0 0 0 0
fl=/build/glibc-OTsEL5/glibc-2.27/math/../sysdeps/x86_64/fpu/multiarch/s_tan.c
fn=tan
26 1 1 1 1 0 0 0 0 0
fl=/build/glibc-OTsEL5/glibc-2.27/math/../sysdeps/x86_64/fpu/multiarch/s_trunc.c
fn=trunc
30 1 0 0 1 0 0 0 0 0
fl=/build/glibc-OTsEL5/glibc-2.27/math/../sysdeps/x86_64/fpu/multiarch/s_truncf.c
fn=truncf
30 1 0 0 1 0 0 0 0 0
fl=/build/glibc-OTsEL5/glibc-2.27/misc/../sysdeps/unix/syscall-template.S
fn=mprotect
78 48 1 1 0 0 0 0 0 0
79 12 0 0 12 0 0 0 0 0
fn=munmap
78 12 1 1 0 0 0 0 0 0
79 3 0 0 3 0 0 0 0 0
fl=/build/glibc-OTsEL5/glibc-2.27/misc/../sysdeps/unix/sysv/linux/getclktck.c
fn=__getclktck
30 5 2 2 2 1 0 0 0 0
31 1 0 0 1 0 0 0 0 0
fl=/build/glibc-OTsEL5/glibc-2.27/misc/../sysdeps/unix/sysv/linux/mmap64.c
fn=mmap
41 348 0 0 0 0 0 174 6 3
44 58 6 4 0 0 0 0 0 0
47 112 7 4 5 0 0 0 0 0
52 290 5 3 0 0 0 0 0 0
54 203 0 0 203 0 0 0 0 0
fl=/build/glibc-OTsEL5/glibc-2.27/misc/../sysdeps/unix/sysv/linux/writev.c
fn=writev
26 32 2 1 4 2 0 0 0 0
27 4 0 0 4 0 0 0 0 0
fl=/build/glibc-OTsEL5/glibc-2.27/misc/../sysdeps/unix/sysv/linux/x86_64/brk.c
fn=brk
31 33608 1883 4 4201 0 0 4201 0 0
33 8402 0 0 0 0 0 0 0 0
39 4201 0 0 0 0 0 0 0 0
40 4201 0 0 4201 0 0 0 0 0
fl=/build/glibc-OTsEL5/glibc-2.27/misc/init-misc.c
fn=__init_misc
30 3 0 0 0 0 0 2 0 0
31 6 2 2 1 0 0 0 0 0
33 3 0 0 0 0 0 1 0 0
37 5 0 0 1 1 0 1 1 0
38 3 0 0 2 0 0 1 0 0
40 4 0 0 3 0 0 0 0 0
fl=/build/glibc-OTsEL5/glibc-2.27/misc/sbrk.c
fn=sbrk
32 25716 974 2 0 0 0 19287 74 0
40 45000 1261 1 19286 4614 3 0 0 0
41 5 1 1 1 0 0 1 0 0
44 12858 0 0 0 0 0 0 0 0
48 25200 0 0 0 0 0 0 0 0
50 2228 0 0 0 0 0 0 0 0
56 16800 797 2 0 0 0 4200 22 0
60 32145 864 0 25716 0 0 0 0 0
fl=/build/glibc-OTsEL5/glibc-2.27/nptl/alloca_cutoff.c
fn=__libc_alloca_cutoff
28 225 50 2 25 25 1 0 0 0
35 25 0 0 25 0 0 0 0 0
fl=/build/glibc-OTsEL5/glibc-2.27/nptl/unregister-atfork.c
fn=__unregister_atfork
28 35 1 1 5 0 0 15 0 0
36 5 0 0 5 1 1 0 0 0
39 10 0 0 0 0 0 0 0 0
121 30 1 1 25 0 0 0 0 0
fl=/build/glibc-OTsEL5/glibc-2.27/posix/../sysdeps/posix/sysconf.c
fn=sysconf
54 6 1 1 1 1 1 0 0 0
77 3 1 1 0 0 0 1 0 0
fl=/build/glibc-OTsEL5/glibc-2.27/posix/../sysdeps/unix/syscall-template.S
fn=uname
78 4 1 1 0 0 0 0 0 0
79 1 0 0 1 0 0 0 0 0
fl=/build/glibc-OTsEL5/glibc-2.27/posix/../sysdeps/unix/sysv/linux/_exit.c
fn=_Exit
27 2 1 1 1 1 0 0 0 0
31 4 1 1 0 0 0 0 0 0
33 2 0 0 0 0 0 0 0 0
fl=/build/glibc-OTsEL5/glibc-2.27/posix/../sysdeps/unix/sysv/linux/times.c
fn=times
27 600 59 2 0 0 0 0 0 0
29 400 59 2 0 0 0 0 0 0
63 600 0 0 0 0 0 0 0 0
66 400 0 0 200 0 0 0 0 0
fl=/build/glibc-OTsEL5/glibc-2.27/posix/../sysdeps/unix/sysv/linux/x86/../sysconf.c
fn=sysconf
72 7 0 0 0 0 0 0 0 0
fl=/build/glibc-OTsEL5/glibc-2.27/posix/../sysdeps/unix/sysv/linux/x86/sysconf.c
fn=sysconf
32 9 2 2 1 0 0 5 0 0
33 3 0 0 0 0 0 0 0 0
37 10 1 1 7 0 0 0 0 0
fl=/build/glibc-OTsEL5/glibc-2.27/setjmp/../sysdeps/x86_64/bsd-_setjmp.S
fn=_setjmp
30 1 1 1 0 0 0 0 0 0
32 1 0 0 0 0 0 0 0 0
fl=/build/glibc-OTsEL5/glibc-2.27/setjmp/../sysdeps/x86_64/setjmp.S
fn=__sigsetjmp
26 14 2 2 0 0 0 14 1 0
35 14 0 0 0 0 0 0 0 0
36 28 1 1 14 0 0 0 0 0
37 14 0 0 0 0 0 14 0 0
41 14 0 0 0 0 0 14 0 0
42 14 0 0 0 0 0 14 0 0
43 14 0 0 0 0 0 14 0 0
44 14 0 0 0 0 0 14 0 0
45 14 0 0 0 0 0 0 0 0
47 28 1 1 14 0 0 0 0 0
49 14 0 0 0 0 0 14 0 0
50 14 0 0 14 0 0 0 0 0
51 14 0 0 0 0 0 0 0 0
53 28 0 0 14 0 0 0 0 0
55 14 1 1 0 0 0 14 0 0
59 13 0 0 0 0 0 0 0 0
60 13 0 0 13 0 0 0 0 0
63 1 0 0 0 0 0 0 0 0
fl=/build/glibc-OTsEL5/glibc-2.27/setjmp/sigjmp.c
fn=__sigjmp_save
28 2 0 0 0 0 0 1 0 0
29 3 0 0 0 0 0 1 1 0
34 3 0 0 2 0 0 0 0 0
fl=/build/glibc-OTsEL5/glibc-2.27/stdio-common/../include/../locale/localeinfo.h
fn=__printf_fp_l
309 75 0 0 50 50 2 25 21 0
fl=/build/glibc-OTsEL5/glibc-2.27/stdio-common/../include/rounding-mode.h
fn=__printf_fp_l
52 72 0 0 0 0 0 0 0 0
58 4 0 0 0 0 0 0 0 0
fl=/build/glibc-OTsEL5/glibc-2.27/stdio-common/../libio/libioP.h
fn=vfprintf
870 328785 610 2 0 0 0 65757 0 0
872 540141 613 2 0 0 0 0 0 0
873 403932 577 2 136209 0 0 0 0 0
fl=/build/glibc-OTsEL5/glibc-2.27/stdio-common/../sysdeps/generic/get-rounding-mode.h
fn=__printf_fp_l
94 25 18 0 0 0 0 25 0 0
95 175 50 2 25 0 0 0 0 0
fl=/build/glibc-OTsEL5/glibc-2.27/stdio-common/../sysdeps/pthread/allocalim.h
fn=__printf_fp_l
27 50 0 0 0 0 0 25 0 0
29 50 25 1 0 0 0 0 0 0
fl=/build/glibc-OTsEL5/glibc-2.27/stdio-common/_itoa.c
fn=_itoa_word
168 265452 1167 4 0 0 0 0 0 0
170 132726 0 0 0 0 0 0 0 0
179 1460142 582 2 110618 591 2 110618 0 0
188 132726 0 0 66363 0 0 0 0 0
fl=/build/glibc-OTsEL5/glibc-2.27/stdio-common/printf-parse.h
fn=vfprintf
108 603613 0 0 0 0 0 267748 618 7
fl=/build/glibc-OTsEL5/glibc-2.27/stdio-common/printf_fp.c
fn=__printf_fp
1271 25 0 0 0 0 0 0 0 0
1272 125 25 1 50 0 0 0 0 0
fn=__printf_fp_l
170 309 0 0 103 0 0 0 0 0
172 515 25 1 309 0 0 0 0 0
174 45 3 1 15 0 0 15 0 0
175 150 0 0 15 0 0 30 0 0
180 176 0 0 0 0 0 0 0 0
184 528 0 0 176 0 0 88 0 0
186 352 0 0 264 0 0 88 0 0
187 88 0 0 88 0 0 0 0 0
189 176 22 1 88 0 0 88 0 0
190 704 0 0 176 0 0 0 0 0
201 352 44 2 0 0 0 176 0 0
202 264 0 0 88 0 0 0 0 0
203 426 22 0 142 0 0 142 0 0
213 400 50 2 25 0 0 250 75 0
230 25 0 0 0 0 0 25 0 0
231 25 0 0 0 0 0 25 0 0
254 25 0 0 0 0 0 25 4 0
257 25 25 1 0 0 0 0 0 0
263 150 25 1 25 0 0 25 0 0
270 50 0 0 25 0 0 25 0 0
273 75 0 0 0 0 0 0 0 0
276 50 0 0 25 0 0 25 0 0
294 50 0 0 0 0 0 0 0 0
302 25 25 1 0 0 0 25 0 0
383 75 0 0 25 0 0 0 0 0
388 50 25 1 0 0 0 0 0 0
392 575 75 3 75 50 2 75 25 0
428 175 25 1 25 0 0 0 0 0
429 25 0 0 0 0 0 0 0 0
430 50 0 0 0 0 0 0 0 0
433 150 0 0 0 0 0 25 0 0
434 100 0 0 0 0 0 25 0 0
435 100 25 1 0 0 0 25 0 0
441 25 0 0 0 0 0 25 0 0
442 50 0 0 0 0 0 0 0 0
445 23 0 0 0 0 0 0 0 0
455 46 0 0 0 0 0 23 0 0
456 46 23 1 23 0 0 0 0 0
459 161 0 0 0 0 0 0 0 0
467 92 0 0 0 0 0 23 23 0
468 23 0 0 0 0 0 0 0 0
470 138 46 2 0 0 0 0 0 0
471 230 0 0 46 0 0 23 0 0
472 46 23 1 0 0 0 0 0 0
473 115 0 0 23 0 0 46 0 0
475 46 23 1 0 0 0 0 0 0
480 299 23 1 0 0 0 0 0 0
484 1495 0 0 299 127 6 0 0 0
486 102 0 0 34 0 0 0 0 0
489 102 0 0 68 0 0 0 0 0
530 68 0 0 34 0 0 34 0 0
531 170 0 0 68 11 0 34 0 0
537 69 23 1 0 0 0 0 0 0
547 306 46 2 136 0 0 34 0 0
550 110 0 0 44 0 0 44 0 0
551 88 0 0 66 0 0 0 0 0
552 88 0 0 0 0 0 0 0 0
553 88 0 0 22 0 0 0 0 0
556 299 22 0 0 0 0 0 0 0
558 874 0 0 276 0 0 0 0 0
559 46 1 1 23 0 0 23 0 0
565 46 0 0 0 0 0 0 0 0
569 154 22 1 88 0 0 0 0 0
573 66 44 2 22 0 0 0 0 0
575 66 0 0 0 0 0 0 0 0
601 132 0 0 22 0 0 0 0 0
604 88 22 1 0 0 0 0 0 0
620 66 0 0 0 0 0 22 0 0
622 66 22 1 22 0 0 0 0 0
623 132 0 0 44 0 0 22 0 0
625 134 0 0 66 0 0 0 0 0
639 44 0 0 0 0 0 22 0 0
640 50 25 1 0 0 0 0 0 0
645 4 2 1 0 0 0 0 0 0
821 8 2 1 0 0 0 2 2 0
822 10 0 0 4 0 0 4 0 0
823 4 0 0 0 0 0 2 0 0
827 75 25 1 50 0 0 25 0 0
836 25 0 0 0 0 0 25 0 0
837 175 0 0 125 25 1 25 0 0
839 50 0 0 0 0 0 0 0 0
849 50 25 1 25 0 0 0 0 0
869 125 0 0 0 0 0 25 0 0
870 175 50 2 100 0 0 0 0 0
883 25 0 0 0 0 0 25 0 0
884 100 0 0 0 0 0 50 0 0
891 125 0 0 25 0 0 25 0 0
893 150 50 2 75 0 0 25 0 0
897 75 0 0 25 0 0 0 0 0
911 150 25 1 25 0 0 0 0 0
912 25 0 0 25 0 0 0 0 0
918 25 0 0 0 0 0 0 0 0
928 175 0 0 0 0 0 50 0 0
929 25 0 0 0 0 0 0 0 0
932 75 0 0 25 0 0 0 0 0
935 444 50 2 125 0 0 25 0 0
938 188 25 1 0 0 0 94 28 0
940 25 0 0 0 0 0 0 0 0
942 150 25 1 75 0 0 0 0 0
943 140 30 2 60 0 0 0 0 0
944 100 0 0 50 0 0 25 0 0
956 75 0 0 0 0 0 25 0 0
957 25 0 0 0 0 0 25 0 0
958 512 0 0 128 0 0 0 0 0
959 513 38 1 265 0 0 0 0 0
961 103 0 0 0 0 0 0 0 0
962 103 25 1 0 0 0 103 0 0
963 103 0 0 0 0 0 0 0 0
965 412 25 1 0 0 0 0 0 0
974 75 12 1 50 0 0 0 0 0
975 50 0 0 25 0 0 25 0 0
977 150 0 0 0 0 0 0 0 0
978 5 0 0 0 0 0 0 0 0
979 21 7 1 7 0 0 0 0 0
982 14 0 0 7 0 0 0 0 0
986 2 0 0 0 0 0 0 0 0
987 24 4 2 6 0 0 0 0 0
999 44 0 0 11 0 0 0 0 0
1003 11 0 0 0 0 0 0 0 0
1004 67 11 1 13 0 0 0 0 0
1006 2 0 0 0 0 0 2 0 0
1007 2 0 0 0 0 0 0 0 0
1009 33 0 0 11 0 0 0 0 0
1013 22 11 1 0 0 0 11 0 0
1024 22 0 0 11 0 0 0 0 0
1093 152 0 0 37 0 0 0 0 0
1095 14 0 0 0 0 0 0 0 0
1096 14 0 0 0 0 0 0 0 0
1100 62 25 1 8 0 0 0 0 0
1101 4 2 1 0 0 0 0 0 0
1103 75 0 0 25 0 0 0 0 0
1116 75 25 1 25 0 0 0 0 0
1162 175 25 1 75 0 0 0 0 0
1164 200 25 1 25 0 0 25 0 0
1166 200 0 0 50 0 0 0 0 0
1169 50 0 0 0 0 0 0 0 0
1171 100 25 1 50 0 0 0 0 0
1173 50 25 1 0 0 0 0 0 0
1176 125 25 1 50 0 0 0 0 0
1185 75 0 0 25 0 0 0 0 0
1192 75 25 1 50 0 0 0 0 0
1197 75 0 0 25 0 0 25 0 0
1199 75 0 0 25 0 0 0 0 0
1200 50 0 0 0 0 0 25 0 0
1204 100 25 1 25 0 0 25 0 0
1206 75 0 0 25 0 0 0 0 0
1217 150 25 1 0 0 0 25 0 0
1224 727 0 0 75 0 0 50 0 0
1225 477 25 1 159 0 0 0 0 0
1226 115 0 0 23 0 0 23 0 0
1227 272 0 0 0 0 0 0 0 0
1228 75 25 1 75 0 0 0 0 0
1230 272 0 0 0 0 0 136 0 0
1234 75 25 1 50 0 0 0 0 0
1251 2024 50 2 502 0 0 318 0 0
1254 75 25 1 25 0 0 0 0 0
1261 75 0 0 50 0 0 0 0 0
1265 300 50 2 225 0 0 0 0 0
fn=hack_digit
167 216 25 1 0 0 0 144 1 0
170 216 0 0 72 0 0 0 0 0
172 432 0 0 216 0 0 0 0 0
174 12 3 1 6 0 0 0 0 0
175 30 3 1 0 0 0 12 1 0
180 132 22 1 0 0 0 0 0 0
184 396 0 0 132 0 0 66 19 0
186 264 0 0 198 0 0 66 0 0
187 66 0 0 66 0 0 0 0 0
189 132 0 0 66 0 0 66 0 0
190 396 22 1 132 0 0 0 0 0
201 198 22 0 0 0 0 66 0 0
202 132 0 0 0 0 0 0 0 0
203 260 0 0 104 0 0 104 0 0
207 366 0 0 216 0 0 0 0 0
fl=/build/glibc-OTsEL5/glibc-2.27/stdio-common/sprintf.c
fn=sprintf
27 40 6 2 4 0 0 20 0 0
31 24 3 1 0 0 0 16 0 0
32 8 0 0 0 0 0 4 0 0
36 20 0 0 12 0 0 0 0 0
fl=/build/glibc-OTsEL5/glibc-2.27/stdio-common/vfprintf.c
fn=vfprintf
1244 920598 608 2 65757 0 0 460299 276 0
1246 131514 609 2 0 0 0 131514 333 6
1275 197271 606 2 131514 1168 1 65757 615 6
1279 65757 0 0 0 0 0 65757 618 7
1283 328785 610 2 65757 0 0 0 0 0
1287 328785 0 0 65757 0 0 0 0 0
1298 263028 610 2 0 0 0 65757 3 1
1305 65757 0 0 0 0 0 65757 0 0
1309 263028 0 0 131514 0 0 131514 618 6
1313 65757 0 0 0 0 0 65757 0 0
1324 197271 612 2 0 0 0 65757 0 0
1328 723327 1216 4 197271 617 3 65757 0 0
1332 197271 0 0 131514 0 0 0 0 0
1336 526056 608 2 197271 1232 2 0 0 0
1357 68117 0 0 0 0 0 68117 0 0
1358 68117 0 0 0 0 0 68117 0 0
1359 68117 0 0 0 0 0 68117 0 0
1360 68117 0 0 0 0 0 68117 0 0
1361 68117 607 2 0 0 0 68117 0 0
1362 68117 0 0 0 0 0 0 0 0
1363 68117 0 0 0 0 0 68117 0 0
1364 68117 0 0 0 0 0 0 0 0
1365 68117 0 0 0 0 0 68117 0 0
1366 68117 0 0 0 0 0 0 0 0
1367 68117 0 0 0 0 0 0 0 0
1370 68117 0 0 0 0 0 68117 282 0
1371 68117 0 0 0 0 0 68117 0 0
1374 136234 0 0 0 0 0 68117 0 0
1375 204351 608 2 68117 0 0 68117 0 0
1378 1021755 610 2 204351 1236 7 0 0 0
1529 25 0 0 0 0 0 0 0 0
1530 75 50 2 25 0 0 0 0 0
1534 50 25 1 0 0 0 0 0 0
1535 100 25 1 25 0 0 0 0 0
1550 200 0 0 75 0 0 25 0 0
1553 50 0 0 0 0 0 0 0 0
1571 125 25 1 0 0 0 0 0 0
1596 50 25 1 25 0 0 0 0 0
1599 325 25 1 50 50 1 0 0 0
1614 66363 0 0 0 0 0 0 0 0
1615 1128171 1170 4 199089 591 2 0 0 0
1642 7389080 11772 52 2323005 0 0 863507 24 0
1643 244430 4619 14 120881 0 0 19019 0 0
1660 68117 612 2 68117 0 0 0 0 0
1662 136234 613 2 68117 0 0 0 0 0
1670 68117 0 0 0 0 0 0 0 0
1674 1294223 612 2 204351 0 0 136234 0 0
1676 270108 0 0 136234 0 0 0 0 0
1696 131514 611 2 65757 0 0 0 0 0
1697 197271 0 0 65757 0 0 0 0 0
1700 789084 0 0 591813 0 0 0 0 0
fl=/build/glibc-OTsEL5/glibc-2.27/stdlib/../stdlib/strtol.c
fn=strtol
106 20 3 2 10 5 0 0 0 0
fl=/build/glibc-OTsEL5/glibc-2.27/stdlib/../stdlib/strtol_l.c
fn=____strtol_l_internal
226 45 3 2 0 0 0 30 0 0
246 10 0 0 0 0 0 0 0 0
252 10 3 2 0 0 0 0 0 0
273 5 0 0 0 0 0 0 0 0
274 5 0 0 0 0 0 0 0 0
283 20 0 0 0 0 0 0 0 0
292 43 3 2 21 7 4 0 0 0
293 3 0 0 0 0 0 0 0 0
294 10 0 0 0 0 0 0 0 0
298 5 4 2 0 0 0 5 1 1
299 10 0 0 0 0 0 0 0 0
304 10 0 0 0 0 0 0 0 0
308 10 0 0 0 0 0 0 0 0
318 10 0 0 0 0 0 0 0 0
325 10 0 0 0 0 0 0 0 0
328 25 3 3 0 0 0 5 0 0
376 5 0 0 0 0 0 0 0 0
377 5 0 0 0 0 0 0 0 0
378 5 0 0 0 0 0 0 0 0
432 22 0 0 11 0 0 0 0 0
434 64 3 3 0 0 0 0 0 0
436 36 3 3 0 0 0 0 0 0
443 2 0 0 0 0 0 0 0 0
450 15 0 0 0 0 0 5 0 0
460 7 0 0 6 3 1 0 0 0
461 5 0 0 0 0 0 0 0 0
464 33 3 3 0 0 0 0 0 0
467 33 0 0 0 0 0 0 0 0
472 16 0 0 0 0 0 0 0 0
473 33 0 0 0 0 0 0 0 0
478 10 3 2 0 0 0 0 0 0
483 10 3 2 0 0 0 0 0 0
489 10 0 0 0 0 0 0 0 0
490 10 3 2 0 0 0 0 0 0
492 15 3 2 5 0 0 0 0 0
525 40 0 0 35 0 0 0 0 0
fl=/build/glibc-OTsEL5/glibc-2.27/stdlib/../sysdeps/ieee754/dbl-64/dbl2mpn.c
fn=__mpn_extract_double
35 25 0 0 0 0 0 0 0 0
37 75 25 1 0 0 0 25 0 0
38 125 25 1 0 0 0 25 0 0
47 75 0 0 0 0 0 25 21 0
56 75 0 0 0 0 0 0 0 0
60 4 0 0 0 0 0 0 0 0
62 2 0 0 0 0 0 2 0 0
103 69 23 0 0 0 0 23 0 0
107 50 2 1 25 0 0 0 0 0
fl=/build/glibc-OTsEL5/glibc-2.27/stdlib/../sysdeps/x86_64/lshift.S
fn=__mpn_lshift
29 25 25 1 0 0 0 0 0 0
30 25 0 0 0 0 0 0 0 0
32 25 0 0 0 0 0 0 0 0
33 25 0 0 0 0 0 0 0 0
34 25 25 1 0 0 0 0 0 0
46 25 0 0 0 0 0 0 0 0
47 25 0 0 0 0 0 0 0 0
48 25 0 0 25 0 0 0 0 0
49 25 0 0 0 0 0 0 0 0
50 25 0 0 0 0 0 0 0 0
51 25 0 0 0 0 0 0 0 0
52 25 0 0 0 0 0 0 0 0
58 25 25 1 0 0 0 0 0 0
59 25 0 0 0 0 0 25 24 0
60 25 0 0 25 0 0 0 0 0
fl=/build/glibc-OTsEL5/glibc-2.27/stdlib/../sysdeps/x86_64/mul_1.S
fn=__mpn_mul_1
32 175 25 1 0 0 0 175 0 0
35 175 0 0 0 0 0 0 0 0
36 175 0 0 175 0 0 0 0 0
37 175 0 0 0 0 0 0 0 0
38 175 0 0 0 0 0 0 0 0
39 175 0 0 0 0 0 0 0 0
41 175 0 0 0 0 0 0 0 0
42 175 0 0 0 0 0 0 0 0
44 175 0 0 0 0 0 0 0 0
45 175 0 0 0 0 0 0 0 0
46 175 0 0 0 0 0 0 0 0
47 175 0 0 0 0 0 0 0 0
48 175 0 0 0 0 0 0 0 0
50 175 0 0 0 0 0 0 0 0
51 175 0 0 0 0 0 0 0 0
52 175 0 0 0 0 0 175 0 0
53 175 0 0 0 0 0 0 0 0
122 175 25 1 0 0 0 0 0 0
124 175 0 0 175 0 0 0 0 0
127 175 0 0 175 0 0 0 0 0
fl=/build/glibc-OTsEL5/glibc-2.27/stdlib/../sysdeps/x86_64/rshift.S
fn=__mpn_rshift
29 44 22 1 0 0 0 0 0 0
30 44 0 0 0 0 0 0 0 0
31 44 0 0 0 0 0 0 0 0
44 44 0 0 0 0 0 0 0 0
45 44 0 0 0 0 0 0 0 0
61 44 22 1 0 0 0 0 0 0
62 44 0 0 44 0 0 0 0 0
63 44 0 0 44 0 0 0 0 0
64 44 0 0 0 0 0 0 0 0
65 44 0 0 0 0 0 0 0 0
66 44 0 0 0 0 0 0 0 0
67 44 0 0 0 0 0 0 0 0
72 44 0 0 0 0 0 0 0 0
73 44 0 0 0 0 0 44 0 0
74 44 22 1 0 0 0 0 0 0
75 44 0 0 0 0 0 44 0 0
76 44 0 0 44 0 0 0 0 0
fl=/build/glibc-OTsEL5/glibc-2.27/stdlib/atoi.c
fn=atoi
26 1 1 1 0 0 0 0 0 0
27 3 0 0 0 0 0 1 0 0
28 2 0 0 1 0 0 0 0 0
fl=/build/glibc-OTsEL5/glibc-2.27/stdlib/cmp.c
fn=__mpn_cmp
35 68 23 1 0 0 0 0 0 0
37 34 0 0 34 0 0 0 0 0
38 34 0 0 34 0 0 0 0 0
39 68 0 0 0 0 0 0 0 0
47 170 23 1 34 0 0 0 0 0
fl=/build/glibc-OTsEL5/glibc-2.27/stdlib/cxa_atexit.c
fn=__cxa_atexit
39 1260 2 1 360 6 2 0 0 0
40 360 2 1 0 0 0 180 0 0
42 360 0 0 0 0 0 0 0 0
49 360 0 0 180 0 0 0 0 0
51 180 0 0 0 0 0 180 0 0
52 180 0 0 0 0 0 180 16 7
53 180 0 0 0 0 0 180 0 0
54 180 0 0 0 0 0 180 0 0
55 720 1 1 360 0 0 0 0 0
56 180 0 0 0 0 0 0 0 0
65 1440 2 1 0 0 0 720 0 0
67 1080 0 0 900 0 0 0 0 0
fn=__new_exitfn
78 540 0 0 0 0 0 360 0 0
79 360 0 0 0 0 0 0 0 0
84 360 3 1 180 4 0 0 0 0
87 5 0 0 0 0 0 0 0 0
89 903 3 2 181 4 0 0 0 0
91 540 0 0 180 4 0 0 0 0
92 1253 1 0 179 3 0 0 0 0
99 2 0 0 0 0 0 1 0 0
102 358 0 0 0 0 0 0 0 0
106 15 0 0 0 0 0 0 0 0
109 20 1 0 0 0 0 5 0 0
111 10 0 0 0 0 0 0 0 0
113 5 0 0 0 0 0 5 0 0
114 10 0 0 0 0 0 5 0 0
120 6 1 1 0 0 0 0 0 0
121 12 0 0 0 0 0 6 0 0
127 522 1 0 0 0 0 0 0 0
128 348 0 0 0 0 0 174 0 0
134 180 1 1 0 0 0 180 2 1
135 180 0 0 180 0 0 0 0 0
139 720 0 0 540 0 0 0 0 0
fl=/build/glibc-OTsEL5/glibc-2.27/stdlib/cxa_finalize.c
fn=__cxa_finalize
30 40 1 1 0 0 0 30 0 0
33 35 1 1 10 0 0 0 0 0
36 30 1 1 10 0 0 0 0 0
40 105 1 1 5 0 0 0 0 0
41 110 0 0 30 1 1 0 0 0
43 5 1 1 5 0 0 0 0 0
45 5 0 0 5 0 0 0 0 0
76 5 0 0 0 0 0 5 0 0
79 15 0 0 10 0 0 0 0 0
82 20 0 0 10 0 0 0 0 0
83 15 1 1 0 0 0 5 0 0
84 30 0 0 10 0 0 0 0 0
88 10 0 0 5 0 0 0 0 0
94 40 2 2 10 0 0 0 0 0
98 30 0 0 5 0 0 0 0 0
106 10 0 0 0 0 0 0 0 0
107 10 0 0 0 0 0 5 0 0
109 20 1 1 10 0 0 0 0 0
110 40 0 0 35 0 0 0 0 0
fl=/build/glibc-OTsEL5/glibc-2.27/stdlib/cxa_thread_atexit_impl.c
fn=__call_tls_dtors
145 3 1 1 0 0 0 2 0 0
146 4 1 1 2 0 0 0 0 0
164 4 1 1 3 0 0 0 0 0
fl=/build/glibc-OTsEL5/glibc-2.27/stdlib/divrem.c
fn=__mpn_divrem
46 1232 44 2 0 0 0 924 3 0
47 154 22 1 0 0 0 154 22 0
49 308 0 0 0 0 0 0 0 0
62 154 22 1 154 0 0 0 0 0
63 154 0 0 154 0 0 0 0 0
65 308 0 0 0 0 0 0 0 0
67 13 8 1 0 0 0 0 0 0
68 26 0 0 0 0 0 13 0 0
72 1197 0 0 0 0 0 0 0 0
73 381 0 0 127 0 0 127 0 0
76 308 0 0 0 0 0 0 0 0
79 154 22 1 0 0 0 154 0 0
81 154 0 0 0 0 0 0 0 0
234 1386 22 1 1232 0 0 0 0 0
fl=/build/glibc-OTsEL5/glibc-2.27/stdlib/exit.c
fn=__run_exit_handlers
40 10 1 1 0 0 0 7 0 0
45 3 0 0 0 0 0 0 0 0
46 2 0 0 0 0 0 1 1 1
53 6 1 1 0 0 0 0 0 0
56 44 1 1 14 1 1 0 0 0
59 7 0 0 7 1 1 0 0 0
61 15 0 0 0 0 0 0 0 0
65 1 0 0 0 0 0 1 1 1
66 4 0 0 2 0 0 0 0 0
70 558 1 1 186 6 6 0 0 0
72 360 0 0 0 0 0 180 0 0
73 180 0 0 180 0 0 0 0 0
76 720 1 1 360 0 0 0 0 0
77 1450 2 2 180 86 86 0 0 0
103 175 0 0 0 0 0 175 0 0
106 525 0 0 350 0 0 0 0 0
108 525 1 1 175 1 1 175 0 0
109 175 0 0 0 0 0 0 0 0
112 1080 0 0 360 0 0 0 0 0
114 360 0 0 180 0 0 0 0 0
120 12 0 0 6 0 0 6 0 0
121 12 0 0 0 0 0 0 0 0
124 10 0 0 0 0 0 5 0 0
126 24 0 0 12 0 0 0 0 0
129 2 1 1 1 1 0 0 0 0
130 14 0 0 1 1 1 1 0 0
132 2 0 0 0 0 0 1 0 0
fn=exit
138 1 0 0 0 0 0 0 0 0
139 4 1 1 0 0 0 1 0 0
fl=/build/glibc-OTsEL5/glibc-2.27/stdlib/rand.c
fn=rand
26 4489 343 3 0 0 0 0 0 0
27 4489 0 0 0 0 0 4489 0 0
28 8978 0 0 4489 0 0 0 0 0
fl=/build/glibc-OTsEL5/glibc-2.27/stdlib/random.c
fn=random
288 17956 358 2 4489 0 0 4489 0 0
291 22445 413 2 8978 565 2 0 0 0
293 13467 472 2 0 0 0 4489 0 0
295 17956 0 0 8978 0 0 0 0 0
297 4489 0 0 4489 0 0 0 0 0
298 22445 1334 2 13467 0 0 0 0 0
fl=/build/glibc-OTsEL5/glibc-2.27/stdlib/random_r.c
fn=random_r
357 17956 337 2 0 0 0 0 0 0
360 8978 0 0 4489 0 0 0 0 0
362 13467 0 0 4489 530 1 0 0 0
371 4489 0 0 4489 0 0 0 0 0
372 4489 0 0 4489 0 0 0 0 0
373 4489 0 0 4489 0 0 0 0 0
376 13467 0 0 8978 812 5 4489 0 0
378 8978 0 0 0 0 0 4489 0 0
379 8978 0 0 0 0 0 0 0 0
380 8978 0 0 0 0 0 0 0 0
388 8690 323 2 0 0 0 0 0 0
391 8834 0 0 4345 0 0 4489 0 0
392 4489 0 0 0 0 0 4489 0 0
394 4633 13 0 144 0 0 0 0 0
fl=/build/glibc-OTsEL5/glibc-2.27/string/../bits/stdlib-bsearch.h
fn=intel_check_word.isra.0
27 24 0 0 0 0 0 0 0 0
28 12 0 0 0 0 0 0 0 0
29 288 1 1 0 0 0 0 0 0
31 162 0 0 0 0 0 0 0 0
32 81 0 0 0 0 0 0 0 0
37 15 0 0 0 0 0 0 0 0
fl=/build/glibc-OTsEL5/glibc-2.27/string/../string/strstr.c
fn=__GI_strstr
53 56 7 2 0 0 0 48 0 0
63 32 0 0 16 7 1 0 0 0
66 40 12 3 0 0 0 0 0 0
89 72 7 1 56 0 0 0 0 0
fl=/build/glibc-OTsEL5/glibc-2.27/string/../sysdeps/x86/cacheinfo.c
fn=handle_intel.constprop.1
259 30 1 1 3 0 0 21 0 0
261 3 0 0 3 0 0 0 0 0
264 9 0 0 3 0 0 0 0 0
270 3 1 1 0 0 0 3 0 0
272 3 0 0 0 0 0 3 0 0
273 3 0 0 0 0 0 3 0 0
275 12 0 0 0 0 0 0 0 0
281 15 0 0 0 0 0 6 0 0
286 6 0 0 0 0 0 0 0 0
288 6 1 1 0 0 0 3 0 0
289 3 0 0 0 0 0 0 0 0
293 18 0 0 0 0 0 3 0 0
295 6 0 0 0 0 0 0 0 0
298 21 1 1 0 0 0 3 0 0
300 6 0 0 0 0 0 0 0 0
319 33 2 2 27 0 0 0 0 0
fn=init_cacheinfo
488 7 1 1 0 0 0 6 0 0
500 2 1 1 1 0 0 1 0 0
502 6 1 1 4 0 0 0 0 0
504 3 0 0 0 0 0 1 0 0
506 3 1 1 0 0 0 2 0 0
510 1 0 0 0 0 0 1 0 0
511 3 0 0 0 0 0 1 0 0
519 2 0 0 0 0 0 0 0 0
530 1 0 0 0 0 0 0 0 0
535 3 0 0 1 0 0 0 0 0
539 2 1 1 1 0 0 0 0 0
547 9 0 0 0 0 0 0 0 0
550 14 1 1 0 0 0 0 0 0
556 8 0 0 0 0 0 0 0 0
559 26 0 0 0 0 0 0 0 0
564 2 0 0 0 0 0 0 0 0
568 4 1 1 0 0 0 0 0 0
569 1 0 0 0 0 0 0 0 0
573 2 0 0 0 0 0 0 0 0
577 3 0 0 0 0 0 0 0 0
580 3 0 0 0 0 0 0 0 0
581 1 0 0 0 0 0 0 0 0
586 8 0 0 0 0 0 0 0 0
592 2 1 1 1 0 0 0 0 0
600 8 0 0 1 0 0 0 0 0
602 7 1 1 0 0 0 0 0 0
604 7 1 1 0 0 0 0 0 0
606 6 0 0 0 0 0 0 0 0
609 2 0 0 0 0 0 0 0 0
610 8 0 0 0 0 0 0 0 0
612 4 0 0 0 0 0 0 0 0
615 2 0 0 0 0 0 0 0 0
620 1 0 0 0 0 0 0 0 0
622 4 0 0 0 0 0 0 0 0
623 3 1 1 0 0 0 0 0 0
624 1 0 0 0 0 0 0 0 0
627 2 0 0 0 0 0 0 0 0
630 3 1 1 0 0 0 0 0 0
634 2 0 0 1 0 0 0 0 0
637 1 0 0 0 0 0 0 0 0
639 4 0 0 0 0 0 0 0 0
640 1 0 0 0 0 0 0 0 0
645 2 1 1 0 0 0 0 0 0
650 2 0 0 0 0 0 0 0 0
651 1 0 0 0 0 0 0 0 0
652 2 0 0 0 0 0 0 0 0
653 1 0 0 0 0 0 0 0 0
654 2 0 0 1 0 0 0 0 0
691 4 0 0 0 0 0 0 0 0
692 5 0 0 0 0 0 0 0 0
696 2 1 1 0 0 0 0 0 0
755 2 0 0 0 0 0 0 0 0
758 2 1 1 0 0 0 0 0 0
760 3 0 0 0 0 0 1 0 0
761 1 0 0 0 0 0 1 1 1
763 1 0 0 0 0 0 0 0 0
764 3 0 0 0 0 0 1 0 0
765 1 0 0 0 0 0 1 0 0
768 2 0 0 0 0 0 0 0 0
771 2 0 0 0 0 0 0 0 0
773 3 0 0 0 0 0 1 0 0
774 1 1 1 0 0 0 1 1 1
776 1 0 0 0 0 0 0 0 0
777 3 0 0 0 0 0 1 0 0
778 1 0 0 0 0 0 1 0 0
786 2 0 0 1 0 0 1 1 1
788 8 0 0 1 0 0 0 0 0
789 8 0 0 7 0 0 0 0 0
fn=intel_check_word.isra.0
119 162 0 0 81 6 6 0 0 0
122 81 0 0 0 0 0 0 0 0
128 36 0 0 0 0 0 24 0 0
132 12 1 1 0 0 0 0 0 0
134 3 1 1 0 0 0 0 0 0
138 42 0 0 0 0 0 0 0 0
140 48 1 1 0 0 0 0 0 0
142 15 0 0 0 0 0 0 0 0
144 30 0 0 0 0 0 0 0 0
152 30 0 0 0 0 0 0 0 0
161 13 1 1 0 0 0 0 0 0
164 30 1 1 0 0 0 0 0 0
167 24 0 0 0 0 0 0 0 0
171 16 0 0 0 0 0 0 0 0
173 36 0 0 0 0 0 0 0 0
175 14 0 0 0 0 0 0 0 0
177 8 0 0 0 0 0 0 0 0
178 14 0 0 0 0 0 0 0 0
179 10 0 0 0 0 0 0 0 0
181 3 1 1 0 0 0 0 0 0
183 6 0 0 0 0 0 0 0 0
185 9 1 1 0 0 0 0 0 0
186 12 1 1 0 0 0 0 0 0
187 9 0 0 0 0 0 0 0 0
188 15 0 0 0 0 0 0 0 0
196 5 0 0 0 0 0 0 0 0
203 24 0 0 0 0 0 0 0 0
225 12 1 1 0 0 0 0 0 0
250 12 0 0 0 0 0 0 0 0
255 36 0 0 30 0 0 0 0 0
fl=/build/glibc-OTsEL5/glibc-2.27/string/../sysdeps/x86_64/memcmp.S
fn=bcmp
24 2 1 1 0 0 0 0 0 0
25 2 0 0 0 0 0 0 0 0
26 2 0 0 0 0 0 0 0 0
27 2 0 0 0 0 0 0 0 0
28 2 0 0 0 0 0 0 0 0
29 2 0 0 0 0 0 0 0 0
30 2 0 0 0 0 0 0 0 0
31 2 0 0 0 0 0 0 0 0
34 2 0 0 0 0 0 0 0 0
35 2 0 0 0 0 0 0 0 0
36 1 0 0 1 0 0 0 0 0
37 1 0 0 1 1 1 0 0 0
38 1 0 0 0 0 0 0 0 0
39 1 0 0 0 0 0 0 0 0
40 1 0 0 0 0 0 0 0 0
41 1 0 0 0 0 0 0 0 0
42 1 0 0 0 0 0 0 0 0
44 2 1 1 0 0 0 0 0 0
45 2 0 0 0 0 0 0 0 0
46 1 0 0 1 0 0 0 0 0
47 1 0 0 1 0 0 0 0 0
48 1 0 0 0 0 0 0 0 0
49 1 0 0 0 0 0 0 0 0
50 1 0 0 0 0 0 0 0 0
51 1 0 0 0 0 0 0 0 0
52 1 0 0 0 0 0 0 0 0
54 2 0 0 0 0 0 0 0 0
55 2 0 0 0 0 0 0 0 0
56 2 1 1 2 0 0 0 0 0
57 2 0 0 2 1 1 0 0 0
58 2 0 0 0 0 0 0 0 0
59 2 0 0 0 0 0 0 0 0
60 1 0 0 0 0 0 0 0 0
61 1 0 0 0 0 0 0 0 0
62 1 0 0 0 0 0 0 0 0
64 1 0 0 0 0 0 0 0 0
65 1 0 0 0 0 0 0 0 0
66 1 0 0 1 0 0 0 0 0
67 1 0 0 1 0 0 0 0 0
68 1 0 0 0 0 0 0 0 0
69 1 0 0 0 0 0 0 0 0
98 2 1 1 0 0 0 0 0 0
99 2 0 0 0 0 0 0 0 0
114 2 1 1 0 0 0 0 0 0
115 2 0 0 2 0 0 0 0 0
fl=/build/glibc-OTsEL5/glibc-2.27/string/../sysdeps/x86_64/multiarch/../strchr.S
fn=index
24 19 1 1 0 0 0 0 0 0
25 19 0 0 0 0 0 0 0 0
26 19 0 0 0 0 0 0 0 0
27 19 0 0 0 0 0 0 0 0
28 19 0 0 0 0 0 0 0 0
29 19 0 0 0 0 0 0 0 0
30 19 0 0 0 0 0 0 0 0
31 19 0 0 0 0 0 0 0 0
32 19 0 0 19 5 5 0 0 0
33 19 0 0 0 0 0 0 0 0
34 19 0 0 0 0 0 0 0 0
35 19 1 1 0 0 0 0 0 0
36 19 0 0 0 0 0 0 0 0
37 19 0 0 0 0 0 0 0 0
38 19 0 0 0 0 0 0 0 0
39 19 0 0 0 0 0 0 0 0
40 19 0 0 0 0 0 0 0 0
41 15 0 0 0 0 0 0 0 0
45 15 0 0 0 0 0 0 0 0
46 15 0 0 0 0 0 0 0 0
47 15 0 0 15 0 0 0 0 0
48 15 0 0 0 0 0 0 0 0
50 15 0 0 15 0 0 0 0 0
54 4 0 0 4 0 0 0 0 0
55 4 0 0 0 0 0 0 0 0
56 4 0 0 0 0 0 0 0 0
57 4 0 0 0 0 0 0 0 0
58 4 0 0 0 0 0 0 0 0
59 4 1 1 0 0 0 0 0 0
60 4 0 0 4 1 1 0 0 0
61 4 0 0 0 0 0 0 0 0
62 4 0 0 0 0 0 0 0 0
63 4 0 0 0 0 0 0 0 0
64 4 0 0 0 0 0 0 0 0
65 4 0 0 0 0 0 0 0 0
66 4 0 0 0 0 0 0 0 0
67 4 0 0 4 1 1 0 0 0
68 4 0 0 0 0 0 0 0 0
69 4 0 0 0 0 0 0 0 0
70 4 0 0 0 0 0 0 0 0
71 4 0 0 0 0 0 0 0 0
72 4 0 0 0 0 0 0 0 0
73 4 0 0 0 0 0 0 0 0
74 4 0 0 0 0 0 0 0 0
75 4 1 1 0 0 0 0 0 0
76 4 0 0 0 0 0 0 0 0
77 4 0 0 0 0 0 0 0 0
129 4 1 1 0 0 0 0 0 0
133 4 0 0 0 0 0 0 0 0
134 4 0 0 0 0 0 0 0 0
135 4 0 0 4 0 0 0 0 0
136 4 1 1 0 0 0 0 0 0
138 4 0 0 4 0 0 0 0 0
fl=/build/glibc-OTsEL5/glibc-2.27/string/../sysdeps/x86_64/multiarch/../strcmp.S
fn=__strcmp_ssse3
144 90 32 2 0 0 0 0 0 0
145 90 0 0 0 0 0 0 0 0
147 90 0 0 0 0 0 0 0 0
148 90 0 0 0 0 0 0 0 0
169 90 0 0 0 0 0 0 0 0
170 90 0 0 0 0 0 0 0 0
171 89 0 0 0 0 0 0 0 0
172 89 0 0 0 0 0 0 0 0
173 28 0 0 28 1 0 0 0 0
174 28 0 0 28 3 2 0 0 0
175 28 2 0 28 0 0 0 0 0
176 28 0 0 28 0 0 0 0 0
197 28 0 0 0 0 0 0 0 0
198 28 0 0 0 0 0 0 0 0
199 28 0 0 0 0 0 0 0 0
200 28 0 0 0 0 0 0 0 0
201 28 0 0 0 0 0 0 0 0
202 28 0 0 0 0 0 0 0 0
203 28 0 0 0 0 0 0 0 0
218 62 32 2 0 0 0 0 0 0
219 62 0 0 0 0 0 0 0 0
220 62 0 0 0 0 0 0 0 0
221 62 0 0 0 0 0 0 0 0
222 62 33 2 0 0 0 0 0 0
223 62 0 0 0 0 0 0 0 0
224 62 0 0 0 0 0 0 0 0
225 62 0 0 0 0 0 0 0 0
226 62 0 0 0 0 0 0 0 0
227 62 0 0 0 0 0 0 0 0
228 62 0 0 0 0 0 0 0 0
229 62 0 0 0 0 0 0 0 0
231 62 0 0 0 0 0 0 0 0
232 62 0 0 0 0 0 0 0 0
233 62 0 0 0 0 0 0 0 0
234 62 0 0 62 34 3 0 0 0
235 62 0 0 0 0 0 0 0 0
236 62 0 0 0 0 0 0 0 0
1071 1 1 1 0 0 0 0 0 0
1072 1 0 0 1 0 0 0 0 0
1073 1 0 0 1 0 0 0 0 0
1074 1 0 0 0 0 0 0 0 0
1075 1 0 0 0 0 0 0 0 0
1077 1 0 0 0 0 0 0 0 0
1078 1 0 0 0 0 0 0 0 0
1079 1 0 0 0 0 0 0 0 0
1080 1 0 0 0 0 0 0 0 0
1081 1 0 0 0 0 0 0 0 0
1082 1 0 0 0 0 0 0 0 0
1083 1 0 0 0 0 0 0 0 0
1084 1 1 1 1 0 0 0 0 0
1088 1 0 0 0 0 0 0 0 0
1089 1 0 0 0 0 0 0 0 0
1090 1 0 0 0 0 0 0 0 0
1096 1 0 0 0 0 0 0 0 0
1097 1 0 0 0 0 0 0 0 0
1098 2 0 0 0 0 0 0 0 0
1102 1 0 0 0 0 0 0 0 0
1103 1 0 0 0 0 0 0 0 0
1106 1 0 0 1 0 0 0 0 0
1107 1 0 0 1 1 1 0 0 0
1108 1 1 1 0 0 0 0 0 0
1115 1 0 0 0 0 0 0 0 0
1119 1 0 0 0 0 0 0 0 0
1120 1 0 0 0 0 0 0 0 0
1121 1 0 0 0 0 0 0 0 0
1122 1 0 0 0 0 0 0 0 0
1123 1 0 0 0 0 0 0 0 0
1124 1 0 0 0 0 0 0 0 0
1196 61 33 2 0 0 0 0 0 0
1197 61 0 0 61 32 1 0 0 0
1198 61 0 0 61 0 0 0 0 0
1199 61 0 0 0 0 0 0 0 0
1200 61 33 2 0 0 0 0 0 0
1202 61 0 0 0 0 0 0 0 0
1203 61 0 0 0 0 0 0 0 0
1204 61 0 0 0 0 0 0 0 0
1205 61 0 0 0 0 0 0 0 0
1206 61 0 0 0 0 0 0 0 0
1207 61 0 0 0 0 0 0 0 0
1208 61 0 0 0 0 0 0 0 0
2200 1 1 0 0 0 0 0 0 0
2202 62 33 2 0 0 0 0 0 0
2203 62 0 0 0 0 0 0 0 0
2204 62 0 0 0 0 0 0 0 0
2205 62 33 2 0 0 0 0 0 0
2206 186 0 0 0 0 0 0 0 0
2211 90 2 0 0 0 0 0 0 0
2217 90 0 0 90 0 0 0 0 0
2218 90 0 0 90 0 0 0 0 0
2226 90 0 0 0 0 0 0 0 0
2227 90 0 0 90 0 0 0 0 0
fl=/build/glibc-OTsEL5/glibc-2.27/string/../sysdeps/x86_64/multiarch/../strlen.S
fn=strlen
79 29 1 1 0 0 0 0 0 0
80 29 0 0 0 0 0 0 0 0
81 29 0 0 0 0 0 0 0 0
82 29 0 0 0 0 0 0 0 0
83 29 1 1 0 0 0 0 0 0
84 29 0 0 0 0 0 0 0 0
85 29 0 0 0 0 0 0 0 0
87 29 0 0 0 0 0 0 0 0
89 29 0 0 0 0 0 0 0 0
120 29 0 0 29 3 3 0 0 0
121 29 0 0 0 0 0 0 0 0
122 29 0 0 0 0 0 0 0 0
123 29 0 0 0 0 0 0 0 0
124 29 0 0 0 0 0 0 0 0
125 14 0 0 0 0 0 0 0 0
127 14 0 0 14 0 0 0 0 0
131 15 0 0 0 0 0 0 0 0
132 15 0 0 15 0 0 0 0 0
133 15 0 0 15 1 1 0 0 0
134 15 0 0 15 2 2 0 0 0
135 15 1 1 0 0 0 0 0 0
136 15 0 0 0 0 0 0 0 0
137 15 0 0 0 0 0 0 0 0
138 15 0 0 0 0 0 0 0 0
139 15 0 0 0 0 0 0 0 0
140 15 0 0 0 0 0 0 0 0
141 15 0 0 0 0 0 0 0 0
142 15 0 0 0 0 0 0 0 0
147 120 0 0 15 0 0 0 0 0
fl=/build/glibc-OTsEL5/glibc-2.27/string/../sysdeps/x86_64/multiarch/ifunc-avx2.h
fn=memchr
30 8 1 1 0 0 0 0 0 0
32 6 2 2 4 0 0 0 0 0
fn=memrchr
30 4 0 0 0 0 0 0 0 0
32 3 1 1 2 0 0 0 0 0
fn=rawmemchr
30 4 0 0 0 0 0 0 0 0
32 3 1 1 2 0 0 0 0 0
fn=rindex
30 4 0 0 0 0 0 0 0 0
32 3 1 1 2 0 0 0 0 0
fn=strchrnul
30 4 0 0 0 0 0 0 0 0
32 3 1 1 2 0 0 0 0 0
fn=strlen
30 12 0 0 0 0 0 0 0 0
32 9 3 1 6 1 0 0 0 0
fn=strnlen
30 8 1 1 0 0 0 0 0 0
32 6 1 1 4 0 0 0 0 0
fl=/build/glibc-OTsEL5/glibc-2.27/string/../sysdeps/x86_64/multiarch/ifunc-memcmp.h
fn=bcmp
32 6 0 0 0 0 0 0 0 0
33 15 2 1 9 2 0 0 0 0
34 6 1 0 0 0 0 0 0 0
35 9 0 0 0 0 0 0 0 0
fl=/build/glibc-OTsEL5/glibc-2.27/string/../sysdeps/x86_64/multiarch/ifunc-memmove.h
fn=memcpy@@GLIBC_2.14
44 15 2 1 6 1 0 0 0 0
47 6 0 0 0 0 0 0 0 0
48 6 2 1 0 0 0 0 0 0
59 6 0 0 0 0 0 0 0 0
61 15 2 1 6 0 0 0 0 0
fn=memmove
44 15 2 2 6 1 0 0 0 0
47 6 0 0 0 0 0 0 0 0
48 6 0 0 0 0 0 0 0 0
59 6 0 0 0 0 0 0 0 0
61 15 1 1 6 1 0 0 0 0
fn=mempcpy
44 5 1 1 2 0 0 0 0 0
47 2 0 0 0 0 0 0 0 0
48 2 1 1 0 0 0 0 0 0
59 2 0 0 0 0 0 0 0 0
61 5 1 1 2 0 0 0 0 0
fl=/build/glibc-OTsEL5/glibc-2.27/string/../sysdeps/x86_64/multiarch/ifunc-memset.h
fn=memset
42 15 2 1 6 1 0 0 0 0
45 12 0 0 3 1 0 0 0 0
46 6 0 0 0 0 0 0 0 0
57 6 0 0 0 0 0 0 0 0
59 15 2 1 3 0 0 0 0 0
fl=/build/glibc-OTsEL5/glibc-2.27/string/../sysdeps/x86_64/multiarch/ifunc-sse4_2.h
fn=strcspn
30 5 2 2 2 0 0 0 0 0
fn=strpbrk
30 5 0 0 2 0 0 0 0 0
fn=strspn
30 5 1 1 2 0 0 0 0 0
fl=/build/glibc-OTsEL5/glibc-2.27/string/../sysdeps/x86_64/multiarch/ifunc-strcasecmp.h
fn=strcasecmp
32 5 1 1 2 0 0 0 0 0
fn=strcasecmp_l
32 5 1 1 2 0 0 0 0 0
fn=strncasecmp
32 5 0 0 2 0 0 0 0 0
fn=strncasecmp_l
32 5 1 1 2 0 0 0 0 0
fl=/build/glibc-OTsEL5/glibc-2.27/string/../sysdeps/x86_64/multiarch/ifunc-unaligned-ssse3.h
fn=stpcpy
33 8 1 1 4 1 0 0 0 0
36 8 0 0 2 0 0 0 0 0
fn=stpncpy
33 4 1 1 2 0 0 0 0 0
36 4 0 0 1 0 0 0 0 0
fn=strcat
33 8 1 1 4 0 0 0 0 0
36 8 0 0 2 0 0 0 0 0
fn=strcpy
33 8 0 0 4 0 0 0 0 0
36 8 0 0 2 0 0 0 0 0
fn=strncpy
33 8 1 1 4 0 0 0 0 0
36 8 0 0 2 0 0 0 0 0
fl=/build/glibc-OTsEL5/glibc-2.27/string/../sysdeps/x86_64/multiarch/memchr-avx2.S
fn=__memchr_avx2
43 42 26 1 0 0 0 0 0 0
44 42 0 0 0 0 0 0 0 0
46 42 0 0 0 0 0 0 0 0
48 42 0 0 0 0 0 0 0 0
53 42 0 0 0 0 0 0 0 0
56 42 0 0 0 0 0 0 0 0
57 42 0 0 0 0 0 0 0 0
58 42 0 0 0 0 0 0 0 0
61 30 0 0 30 0 0 0 0 0
62 30 22 1 0 0 0 0 0 0
63 30 0 0 0 0 0 0 0 0
66 30 0 0 0 0 0 0 0 0
68 2 0 0 0 0 0 0 0 0
69 2 0 0 0 0 0 0 0 0
75 1 0 0 0 0 0 0 0 0
76 1 0 0 0 0 0 0 0 0
77 1 0 0 0 0 0 0 0 0
81 1 0 0 0 0 0 0 0 0
83 1 0 0 0 0 0 0 0 0
84 1 0 0 0 0 0 0 0 0
90 12 5 1 0 0 0 0 0 0
91 12 0 0 0 0 0 0 0 0
92 12 0 0 12 0 0 0 0 0
93 12 0 0 0 0 0 0 0 0
95 12 0 0 0 0 0 0 0 0
96 12 0 0 0 0 0 0 0 0
97 12 0 0 0 0 0 0 0 0
98 6 0 0 0 0 0 0 0 0
101 6 0 0 0 0 0 0 0 0
102 6 0 0 0 0 0 0 0 0
104 6 0 0 0 0 0 0 0 0
105 6 0 0 0 0 0 0 0 0
106 6 0 0 0 0 0 0 0 0
107 6 0 0 6 0 0 0 0 0
115 6 0 0 0 0 0 0 0 0
116 6 0 0 0 0 0 0 0 0
119 6 0 0 0 0 0 0 0 0
120 6 0 0 0 0 0 0 0 0
123 5 1 1 0 0 0 0 0 0
126 5 0 0 0 0 0 0 0 0
127 5 0 0 0 0 0 0 0 0
196 6 1 1 0 0 0 0 0 0
197 6 0 0 0 0 0 0 0 0
199 6 1 1 6 3 0 0 0 0
200 6 0 0 0 0 0 0 0 0
201 6 0 0 0 0 0 0 0 0
202 6 0 0 0 0 0 0 0 0
247 28 21 1 0 0 0 0 0 0
249 28 0 0 0 0 0 0 0 0
250 28 0 0 0 0 0 0 0 0
251 28 0 0 0 0 0 0 0 0
252 28 0 0 0 0 0 0 0 0
253 28 0 0 28 0 0 0 0 0
290 2 2 1 0 0 0 0 0 0
292 2 0 0 0 0 0 0 0 0
293 2 0 0 2 0 0 0 0 0
298 6 1 0 0 0 0 0 0 0
299 6 0 0 0 0 0 0 0 0
300 6 0 0 0 0 0 0 0 0
301 6 0 0 6 0 0 0 0 0
fl=/build/glibc-OTsEL5/glibc-2.27/string/../sysdeps/x86_64/multiarch/memchr.c
fn=memchr
29 2 0 0 2 0 0 0 0 0
fl=/build/glibc-OTsEL5/glibc-2.27/string/../sysdeps/x86_64/multiarch/memcmp-avx2-movbe.S
fn=__memcmp_avx2_movbe
63 50 1 1 0 0 0 0 0 0
64 50 0 0 0 0 0 0 0 0
67 1 0 0 1 0 0 0 0 0
68 1 0 0 1 0 0 0 0 0
69 1 0 0 0 0 0 0 0 0
70 1 0 0 0 0 0 0 0 0
71 1 0 0 0 0 0 0 0 0
73 1 1 1 0 0 0 0 0 0
74 1 0 0 0 0 0 0 0 0
76 1 0 0 0 0 0 0 0 0
78 1 0 0 0 0 0 0 0 0
79 1 0 0 0 0 0 0 0 0
80 1 0 0 0 0 0 0 0 0
81 1 0 0 0 0 0 0 0 0
84 1 0 0 1 0 0 0 0 0
85 1 0 0 1 0 0 0 0 0
87 1 0 0 1 0 0 0 0 0
88 1 0 0 1 0 0 0 0 0
90 1 0 0 1 0 0 0 0 0
91 1 1 1 1 0 0 0 0 0
93 1 0 0 1 0 0 0 0 0
94 1 0 0 1 0 0 0 0 0
96 1 0 0 0 0 0 0 0 0
97 1 0 0 0 0 0 0 0 0
98 1 0 0 0 0 0 0 0 0
100 1 0 0 0 0 0 0 0 0
101 1 0 0 0 0 0 0 0 0
103 1 0 0 0 0 0 0 0 0
104 1 0 0 0 0 0 0 0 0
105 1 0 0 1 0 0 0 0 0
106 1 0 0 1 0 0 0 0 0
108 1 0 0 1 0 0 0 0 0
109 1 0 0 1 0 0 0 0 0
110 1 1 1 0 0 0 0 0 0
112 1 0 0 1 0 0 0 0 0
113 1 0 0 1 0 0 0 0 0
114 1 0 0 0 0 0 0 0 0
116 1 0 0 1 0 0 0 0 0
117 1 0 0 1 0 0 0 0 0
118 1 0 0 0 0 0 0 0 0
120 1 0 0 0 0 0 0 0 0
121 1 0 0 0 0 0 0 0 0
122 1 0 0 0 0 0 0 0 0
123 1 0 0 0 0 0 0 0 0
124 1 0 0 1 0 0 0 0 0
179 49 1 1 49 0 0 0 0 0
180 49 0 0 49 0 0 0 0 0
181 49 0 0 0 0 0 0 0 0
182 49 0 0 0 0 0 0 0 0
183 49 0 0 49 0 0 0 0 0
184 49 0 0 49 0 0 0 0 0
185 49 0 0 0 0 0 0 0 0
186 49 0 0 0 0 0 0 0 0
187 49 0 0 0 0 0 0 0 0
188 49 0 0 0 0 0 0 0 0
189 39 0 0 0 0 0 0 0 0
190 39 0 0 0 0 0 0 0 0
191 39 0 0 39 0 0 0 0 0
195 10 1 1 10 0 0 0 0 0
233 49 1 1 0 0 0 0 0 0
234 49 0 0 0 0 0 0 0 0
235 49 0 0 0 0 0 0 0 0
236 49 0 0 0 0 0 0 0 0
237 49 0 0 0 0 0 0 0 0
238 49 0 0 0 0 0 0 0 0
239 49 0 0 0 0 0 0 0 0
fl=/build/glibc-OTsEL5/glibc-2.27/string/../sysdeps/x86_64/multiarch/memcmp.c
fn=bcmp
29 3 0 0 3 0 0 0 0 0
fl=/build/glibc-OTsEL5/glibc-2.27/string/../sysdeps/x86_64/multiarch/memmove-vec-unaligned-erms.S
fn=__memcpy_avx_unaligned_erms
217 80744 91 1 0 0 0 0 0 0
219 145846 1471 1 0 0 0 0 0 0
220 145846 0 0 0 0 0 0 0 0
221 2946 0 0 0 0 0 0 0 0
222 2946 0 0 0 0 0 0 0 0
225 2370 0 0 2370 8 5 0 0 0
226 2370 0 0 2370 9 9 0 0 0
227 2370 0 0 0 0 0 2370 311 2
228 2370 0 0 0 0 0 2370 35 1
230 2370 0 0 0 0 0 0 0 0
231 2370 0 0 2370 0 0 0 0 0
264 142900 1063 2 0 0 0 0 0 0
265 142900 0 0 0 0 0 0 0 0
267 130512 0 0 0 0 0 0 0 0
268 130512 0 0 0 0 0 0 0 0
269 123028 0 0 0 0 0 0 0 0
270 123028 0 0 0 0 0 0 0 0
271 107679 0 0 0 0 0 0 0 0
272 107679 0 0 0 0 0 0 0 0
273 73195 0 0 0 0 0 0 0 0
274 73195 0 0 73195 150 2 0 0 0
275 73195 0 0 0 0 0 73195 457 0
277 73195 0 0 73195 0 0 0 0 0
291 12388 576 0 12388 102 6 0 0 0
292 12388 0 0 12388 1 1 0 0 0
293 12388 0 0 0 0 0 12388 744 1
294 12388 0 0 0 0 0 12388 25 0
295 12388 0 0 12388 0 0 0 0 0
299 7484 117 1 7484 698 2 0 0 0
300 7484 0 0 7484 0 0 0 0 0
301 7484 0 0 0 0 0 7484 633 0
302 7484 0 0 0 0 0 7484 0 0
303 7484 0 0 7484 0 0 0 0 0
306 15349 73 1 15349 4 0 0 0 0
307 15349 0 0 15349 0 0 0 0 0
308 15349 0 0 0 0 0 15349 207 1
309 15349 0 0 0 0 0 15349 0 0
310 15349 0 0 15349 0 0 0 0 0
313 34484 478 0 34484 365 5 0 0 0
314 34484 0 0 34484 0 0 0 0 0
315 34484 0 0 0 0 0 34484 465 1
316 34484 244 2 0 0 0 34484 0 0
317 34484 0 0 34484 0 0 0 0 0
321 576 25 0 0 0 0 0 0 0
322 576 0 0 0 0 0 0 0 0
327 576 0 0 0 0 0 0 0 0
328 576 0 0 0 0 0 0 0 0
329 576 0 0 0 0 0 0 0 0
330 576 0 0 0 0 0 0 0 0
332 111 0 0 111 0 0 0 0 0
333 111 0 0 111 0 0 0 0 0
334 111 0 0 111 0 0 0 0 0
335 111 0 0 111 0 0 0 0 0
336 111 0 0 111 0 0 0 0 0
337 111 111 0 111 0 0 0 0 0
338 111 0 0 111 0 0 0 0 0
339 111 0 0 111 0 0 0 0 0
340 111 0 0 0 0 0 111 3 0
341 111 0 0 0 0 0 111 108 0
342 111 0 0 0 0 0 111 3 0
343 111 0 0 0 0 0 111 108 0
344 111 0 0 0 0 0 111 6 0
345 111 0 0 0 0 0 111 1 0
346 111 0 0 0 0 0 111 0 0
347 111 0 0 0 0 0 111 0 0
348 111 0 0 0 0 0 0 0 0
349 111 0 0 111 0 0 0 0 0
352 465 347 2 465 2 1 0 0 0
353 465 0 0 465 1 1 0 0 0
354 465 0 0 465 0 0 0 0 0
355 465 0 0 465 0 0 0 0 0
356 465 0 0 0 0 0 465 53 0
357 465 0 0 0 0 0 465 73 0
358 465 0 0 0 0 0 465 122 1
359 465 0 0 0 0 0 465 0 0
360 465 0 0 0 0 0 0 0 0
361 465 0 0 465 0 0 0 0 0
fn=__mempcpy_avx_unaligned_erms
204 65102 1063 2 0 0 0 0 0 0
205 65102 0 0 0 0 0 0 0 0
206 65102 0 0 0 0 0 0 0 0
fn=memcpy
129 47 1 1 0 0 0 0 0 0
131 86 0 0 0 0 0 0 0 0
132 86 0 0 0 0 0 0 0 0
133 43 0 0 0 0 0 0 0 0
134 43 0 0 0 0 0 0 0 0
139 19 0 0 19 3 0 0 0 0
140 19 0 0 19 0 0 0 0 0
141 19 0 0 0 0 0 19 2 2
142 19 0 0 0 0 0 19 6 6
147 19 0 0 19 0 0 0 0 0
267 43 0 0 0 0 0 0 0 0
268 43 0 0 0 0 0 0 0 0
269 13 0 0 0 0 0 0 0 0
270 13 0 0 0 0 0 0 0 0
271 8 0 0 0 0 0 0 0 0
272 8 0 0 0 0 0 0 0 0
273 6 0 0 0 0 0 0 0 0
274 1 0 0 1 0 0 0 0 0
275 1 0 0 0 0 0 1 1 1
277 6 0 0 6 0 0 0 0 0
299 30 0 0 30 1 0 0 0 0
300 30 0 0 30 0 0 0 0 0
301 30 0 0 0 0 0 30 7 7
302 30 0 0 0 0 0 30 0 0
303 30 0 0 30 0 0 0 0 0
306 5 0 0 5 0 0 0 0 0
307 5 0 0 5 0 0 0 0 0
308 5 0 0 0 0 0 5 0 0
309 5 0 0 0 0 0 5 0 0
310 5 0 0 5 0 0 0 0 0
313 2 1 1 2 1 1 0 0 0
314 2 0 0 2 0 0 0 0 0
315 2 0 0 0 0 0 2 1 1
316 2 0 0 0 0 0 2 0 0
317 2 0 0 2 0 0 0 0 0
327 24 0 0 0 0 0 0 0 0
328 24 0 0 0 0 0 0 0 0
329 22 0 0 0 0 0 0 0 0
330 22 0 0 0 0 0 0 0 0
332 9 0 0 9 9 0 0 0 0
333 9 0 0 9 3 0 0 0 0
334 9 0 0 9 1 0 0 0 0
335 9 0 0 9 1 0 0 0 0
336 9 0 0 9 6 0 0 0 0
337 9 0 0 9 0 0 0 0 0
338 9 0 0 9 0 0 0 0 0
339 9 0 0 9 0 0 0 0 0
340 9 0 0 0 0 0 9 1 1
341 9 0 0 0 0 0 9 2 2
342 9 0 0 0 0 0 9 3 3
343 9 0 0 0 0 0 9 3 3
344 9 0 0 0 0 0 9 4 4
345 9 0 0 0 0 0 9 0 0
346 9 0 0 0 0 0 9 0 0
347 9 0 0 0 0 0 9 0 0
349 9 0 0 9 0 0 0 0 0
352 13 1 1 13 0 0 0 0 0
353 13 1 1 13 0 0 0 0 0
354 13 0 0 13 0 0 0 0 0
355 13 0 0 13 0 0 0 0 0
356 13 0 0 0 0 0 13 5 5
357 13 0 0 0 0 0 13 2 2
358 13 0 0 0 0 0 13 4 4
359 13 0 0 0 0 0 13 0 0
361 13 0 0 13 0 0 0 0 0
364 2 0 0 0 0 0 0 0 0
365 2 0 0 0 0 0 0 0 0
367 2 0 0 0 0 0 0 0 0
370 2 0 0 2 2 2 0 0 0
371 2 0 0 2 2 2 0 0 0
372 2 0 0 2 1 1 0 0 0
373 2 0 0 2 0 0 0 0 0
374 2 1 1 2 1 1 0 0 0
376 2 0 0 0 0 0 0 0 0
377 2 0 0 0 0 0 0 0 0
380 2 0 0 0 0 0 0 0 0
381 2 0 0 0 0 0 0 0 0
383 2 0 0 0 0 0 0 0 0
385 2 0 0 0 0 0 0 0 0
387 2 0 0 0 0 0 0 0 0
389 2 0 0 0 0 0 0 0 0
397 6 0 0 6 0 0 0 0 0
398 6 0 0 6 2 2 0 0 0
399 6 0 0 6 0 0 0 0 0
400 6 0 0 6 2 2 0 0 0
401 6 0 0 0 0 0 0 0 0
402 6 0 0 0 0 0 0 0 0
403 6 0 0 0 0 0 6 0 0
404 6 0 0 0 0 0 6 6 6
405 6 0 0 0 0 0 6 0 0
406 6 1 1 0 0 0 6 0 0
407 6 0 0 0 0 0 0 0 0
408 6 0 0 0 0 0 0 0 0
409 6 0 0 0 0 0 0 0 0
411 2 0 0 0 0 0 2 2 2
412 2 0 0 0 0 0 2 0 0
413 2 0 0 0 0 0 2 0 0
414 2 0 0 0 0 0 2 0 0
416 2 0 0 0 0 0 2 0 0
418 2 0 0 2 0 0 0 0 0
fn=mempcpy
116 39 1 1 0 0 0 0 0 0
117 39 0 0 0 0 0 0 0 0
118 39 0 0 0 0 0 0 0 0
fl=/build/glibc-OTsEL5/glibc-2.27/string/../sysdeps/x86_64/multiarch/memrchr.c
fn=memrchr
29 1 0 0 1 0 0 0 0 0
fl=/build/glibc-OTsEL5/glibc-2.27/string/../sysdeps/x86_64/multiarch/memset-vec-unaligned-erms.S
fn=__memset_avx2_erms
137 8 7 2 0 0 0 0 0 0
138 8 0 0 0 0 0 0 0 0
139 8 0 0 0 0 0 0 0 0
140 8 0 0 0 0 0 0 0 0
141 670552 0 0 0 0 0 670544 10474 6712
142 8 0 0 0 0 0 0 0 0
143 8 0 0 8 6 1 0 0 0
fn=__memset_avx2_unaligned_erms
158 53862 582 2 0 0 0 0 0 0
159 17954 0 0 0 0 0 0 0 0
160 17954 0 0 0 0 0 0 0 0
161 2762 0 0 0 0 0 0 0 0
162 2762 0 0 0 0 0 0 0 0
164 2214 0 0 0 0 0 2214 1 0
165 2214 0 0 0 0 0 2214 0 0
166 2214 0 0 0 0 0 0 0 0
167 2214 0 0 2214 0 0 0 0 0
170 548 123 3 0 0 0 0 0 0
171 548 0 0 0 0 0 0 0 0
174 540 0 0 0 0 0 0 0 0
175 540 0 0 0 0 0 0 0 0
176 521 0 0 0 0 0 521 112 1
177 521 0 0 0 0 0 521 0 0
178 521 0 0 0 0 0 521 112 0
179 521 0 0 0 0 0 521 0 0
181 525 0 0 0 0 0 0 0 0
182 525 0 0 525 0 0 0 0 0
185 19 0 0 0 0 0 0 0 0
186 19 0 0 0 0 0 19 4 2
187 19 0 0 0 0 0 0 0 0
188 19 0 0 0 0 0 19 10 4
189 19 0 0 0 0 0 19 5 4
190 19 9 3 0 0 0 19 5 5
191 19 0 0 0 0 0 19 9 5
192 19 0 0 0 0 0 19 5 4
193 19 0 0 0 0 0 19 4 4
194 19 0 0 0 0 0 19 5 5
195 19 0 0 0 0 0 0 0 0
196 19 0 0 0 0 0 0 0 0
197 19 0 0 0 0 0 0 0 0
198 19 0 0 0 0 0 0 0 0
200 55 0 0 0 0 0 55 34 34
201 55 0 0 0 0 0 55 0 0
202 55 0 0 0 0 0 55 36 34
203 55 0 0 0 0 0 55 0 0
204 55 8 2 0 0 0 0 0 0
205 55 0 0 0 0 0 0 0 0
206 55 0 0 0 0 0 0 0 0
207 15 0 0 0 0 0 0 0 0
208 15 0 0 15 0 0 0 0 0
219 15192 448 1 0 0 0 0 0 0
220 15192 0 0 0 0 0 0 0 0
222 14419 0 0 0 0 0 0 0 0
223 14419 0 0 0 0 0 0 0 0
224 14419 0 0 0 0 0 0 0 0
225 10191 0 0 0 0 0 0 0 0
226 10191 0 0 0 0 0 0 0 0
227 9885 0 0 0 0 0 0 0 0
228 9885 0 0 0 0 0 0 0 0
229 9617 0 0 0 0 0 0 0 0
230 9617 0 0 0 0 0 9617 0 0
232 9617 0 0 0 0 0 0 0 0
233 9617 0 0 9617 0 0 0 0 0
245 773 0 0 0 0 0 773 0 0
246 773 0 0 0 0 0 773 0 0
247 773 0 0 0 0 0 0 0 0
248 773 0 0 773 0 0 0 0 0
252 4228 0 0 0 0 0 4228 0 0
253 4228 13 2 0 0 0 4228 0 0
254 4228 0 0 0 0 0 0 0 0
255 4228 0 0 4228 0 0 0 0 0
258 306 24 1 0 0 0 306 0 0
259 306 0 0 0 0 0 306 0 0
260 306 0 0 0 0 0 0 0 0
261 306 0 0 306 0 0 0 0 0
264 268 69 0 0 0 0 268 0 0
265 268 0 0 0 0 0 268 0 0
266 268 0 0 0 0 0 0 0 0
267 268 0 0 268 0 0 0 0 0
fn=memset
109 115 2 2 0 0 0 0 0 0
111 23 0 0 0 0 0 0 0 0
112 23 0 0 0 0 0 0 0 0
113 9 1 1 0 0 0 0 0 0
114 9 0 0 0 0 0 0 0 0
116 5 0 0 0 0 0 5 3 3
117 5 0 0 0 0 0 5 0 0
119 5 0 0 5 0 0 0 0 0
174 4 0 0 0 0 0 0 0 0
175 4 0 0 0 0 0 0 0 0
185 4 0 0 0 0 0 0 0 0
186 4 0 0 0 0 0 4 3 3
187 4 0 0 0 0 0 0 0 0
188 4 0 0 0 0 0 4 3 3
189 4 2 1 0 0 0 4 0 0
190 4 0 0 0 0 0 4 0 0
191 4 0 0 0 0 0 4 2 2
192 4 0 0 0 0 0 4 0 0
193 4 0 0 0 0 0 4 0 0
194 4 0 0 0 0 0 4 1 1
195 4 0 0 0 0 0 0 0 0
196 4 0 0 0 0 0 0 0 0
197 4 0 0 0 0 0 0 0 0
198 4 0 0 0 0 0 0 0 0
200 59 0 0 0 0 0 59 52 52
201 59 0 0 0 0 0 59 0 0
202 59 0 0 0 0 0 59 0 0
203 59 0 0 0 0 0 59 0 0
204 59 1 0 0 0 0 0 0 0
205 59 0 0 0 0 0 0 0 0
206 59 0 0 0 0 0 0 0 0
207 4 0 0 4 0 0 0 0 0
222 14 2 2 0 0 0 0 0 0
223 14 0 0 0 0 0 0 0 0
224 14 0 0 0 0 0 0 0 0
225 6 0 0 0 0 0 0 0 0
226 6 0 0 0 0 0 0 0 0
227 2 0 0 0 0 0 0 0 0
228 2 0 0 0 0 0 0 0 0
252 8 0 0 0 0 0 8 2 2
253 8 0 0 0 0 0 8 0 0
255 8 0 0 8 0 0 0 0 0
258 4 0 0 0 0 0 4 0 0
259 4 0 0 0 0 0 4 0 0
261 4 0 0 4 0 0 0 0 0
264 2 0 0 0 0 0 2 0 0
265 2 0 0 0 0 0 2 0 0
267 2 0 0 2 0 0 0 0 0
fl=/build/glibc-OTsEL5/glibc-2.27/string/../sysdeps/x86_64/multiarch/rawmemchr.c
fn=rawmemchr
31 1 0 0 1 0 0 0 0 0
fl=/build/glibc-OTsEL5/glibc-2.27/string/../sysdeps/x86_64/multiarch/stpcpy.c
fn=stpcpy
33 2 0 0 2 0 0 0 0 0
fl=/build/glibc-OTsEL5/glibc-2.27/string/../sysdeps/x86_64/multiarch/stpncpy.c
fn=stpncpy
31 1 0 0 1 0 0 0 0 0
fl=/build/glibc-OTsEL5/glibc-2.27/string/../sysdeps/x86_64/multiarch/strcasecmp.c
fn=strcasecmp
31 1 1 1 1 0 0 0 0 0
fl=/build/glibc-OTsEL5/glibc-2.27/string/../sysdeps/x86_64/multiarch/strcasecmp_l.c
fn=strcasecmp_l
31 1 0 0 1 0 0 0 0 0
fl=/build/glibc-OTsEL5/glibc-2.27/string/../sysdeps/x86_64/multiarch/strcat.c
fn=strcat
29 2 0 0 2 0 0 0 0 0
fl=/build/glibc-OTsEL5/glibc-2.27/string/../sysdeps/x86_64/multiarch/strchr-avx2.S
fn=__strchrnul_avx2
45 133874 611 2 0 0 0 0 0 0
47 133874 0 0 0 0 0 0 0 0
48 133874 0 0 0 0 0 0 0 0
49 133874 0 0 0 0 0 0 0 0
51 133874 0 0 0 0 0 0 0 0
52 133874 0 0 0 0 0 0 0 0
53 133874 0 0 0 0 0 0 0 0
57 2270 0 0 2270 581 8 0 0 0
58 2270 0 0 0 0 0 0 0 0
59 2270 0 0 0 0 0 0 0 0
60 2270 0 0 0 0 0 0 0 0
61 2270 0 0 0 0 0 0 0 0
62 2270 0 0 0 0 0 0 0 0
63 2270 604 0 0 0 0 0 0 0
74 131604 8 2 0 0 0 0 0 0
75 131604 0 0 0 0 0 0 0 0
76 131604 0 0 131604 19 11 0 0 0
77 131604 0 0 0 0 0 0 0 0
78 131604 0 0 0 0 0 0 0 0
79 131604 0 0 0 0 0 0 0 0
80 131604 0 0 0 0 0 0 0 0
82 131604 0 0 0 0 0 0 0 0
83 131604 604 2 0 0 0 0 0 0
84 131604 0 0 0 0 0 0 0 0
86 131601 0 0 0 0 0 0 0 0
87 131601 0 0 0 0 0 0 0 0
89 131601 0 0 0 0 0 0 0 0
96 131601 0 0 0 0 0 0 0 0
97 131601 0 0 131601 0 0 0 0 0
101 3 0 0 0 0 0 0 0 0
106 3 0 0 3 3 3 0 0 0
107 3 0 0 0 0 0 0 0 0
108 3 0 0 0 0 0 0 0 0
109 3 0 0 0 0 0 0 0 0
110 3 0 0 0 0 0 0 0 0
111 3 0 0 0 0 0 0 0 0
112 3 3 1 0 0 0 0 0 0
184 2273 607 2 0 0 0 0 0 0
186 2273 0 0 0 0 0 0 0 0
193 2273 0 0 0 0 0 0 0 0
194 2273 0 0 2273 0 0 0 0 0
fl=/build/glibc-OTsEL5/glibc-2.27/string/../sysdeps/x86_64/multiarch/strchr.c
fn=index
38 3 0 0 0 0 0 0 0 0
40 4 1 1 2 0 0 0 0 0
49 1 0 0 1 0 0 0 0 0
fl=/build/glibc-OTsEL5/glibc-2.27/string/../sysdeps/x86_64/multiarch/strchrnul.c
fn=strchrnul
31 1 0 0 1 0 0 0 0 0
fl=/build/glibc-OTsEL5/glibc-2.27/string/../sysdeps/x86_64/multiarch/strcmp.c
fn=strcmp
38 12 2 1 6 1 0 0 0 0
41 12 0 0 3 2 0 0 0 0
47 3 0 0 3 0 0 0 0 0
fl=/build/glibc-OTsEL5/glibc-2.27/string/../sysdeps/x86_64/multiarch/strcpy-ssse3.S
fn=__strcpy_ssse3
32 29551 18 2 0 0 0 0 0 0
36 29551 0 0 0 0 0 0 0 0
43 29551 0 0 29551 2 0 0 0 0
44 29551 0 0 0 0 0 0 0 0
45 29550 0 0 29550 0 0 0 0 0
46 29550 0 0 0 0 0 0 0 0
47 28619 0 0 28619 0 0 0 0 0
48 28619 0 0 0 0 0 0 0 0
49 27187 0 0 27187 0 0 0 0 0
50 27187 0 0 0 0 0 0 0 0
51 24958 9 2 24958 0 0 0 0 0
52 24958 0 0 0 0 0 0 0 0
53 21220 0 0 21220 0 0 0 0 0
54 21220 0 0 0 0 0 0 0 0
55 16568 0 0 16568 0 0 0 0 0
56 16568 0 0 0 0 0 0 0 0
57 16518 0 0 16518 0 0 0 0 0
58 16518 0 0 0 0 0 0 0 0
63 16483 0 0 16483 0 0 0 0 0
64 16483 0 0 0 0 0 0 0 0
65 16451 0 0 16451 0 0 0 0 0
66 16451 0 0 0 0 0 0 0 0
67 16444 0 0 16444 0 0 0 0 0
68 16444 3 1 0 0 0 0 0 0
69 16430 0 0 16430 0 0 0 0 0
70 16430 0 0 0 0 0 0 0 0
71 16296 0 0 16296 0 0 0 0 0
72 16296 0 0 0 0 0 0 0 0
73 16007 0 0 16007 0 0 0 0 0
74 16007 0 0 0 0 0 0 0 0
75 15827 0 0 15827 0 0 0 0 0
76 15827 0 0 0 0 0 0 0 0
81 15827 0 0 15827 0 0 0 0 0
82 15827 0 0 0 0 0 0 0 0
94 15827 0 0 0 0 0 0 0 0
95 15827 0 0 0 0 0 0 0 0
96 15827 2 1 0 0 0 0 0 0
97 15827 0 0 15827 0 0 0 0 0
98 15827 0 0 0 0 0 15827 0 0
99 15827 0 0 15827 0 0 0 0 0
100 15827 0 0 15827 0 0 0 0 0
101 15827 0 0 0 0 0 15827 0 0
105 15827 0 0 0 0 0 0 0 0
106 15827 0 0 0 0 0 0 0 0
112 15827 0 0 0 0 0 0 0 0
113 15827 0 0 0 0 0 0 0 0
115 1 0 0 0 0 0 0 0 0
116 1 0 0 0 0 0 0 0 0
117 1 0 0 0 0 0 0 0 0
118 1 0 0 0 0 0 0 0 0
130 1 0 0 0 0 0 0 0 0
131 1 0 0 0 0 0 0 0 0
132 1 0 0 0 0 0 0 0 0
133 1 1 1 0 0 0 0 0 0
137 1 0 0 0 0 0 0 0 0
139 1 0 0 0 0 0 0 0 0
140 1 0 0 0 0 0 0 0 0
156 1 1 1 0 0 0 0 0 0
157 1 0 0 0 0 0 0 0 0
158 1 0 0 0 0 0 0 0 0
159 1 0 0 0 0 0 0 0 0
160 1 0 0 0 0 0 0 0 0
161 1 0 0 0 0 0 0 0 0
162 1 0 0 0 0 0 0 0 0
163 1 0 0 0 0 0 0 0 0
164 1 0 0 0 0 0 0 0 0
165 1 1 1 0 0 0 0 0 0
166 1 0 0 0 0 0 0 0 0
167 1 0 0 0 0 0 0 0 0
168 1 0 0 0 0 0 0 0 0
1848 1 1 1 1 0 0 0 0 0
1849 1 0 0 1 0 0 0 0 0
1851 1 0 0 0 0 0 0 0 0
1852 1 0 0 0 0 0 0 0 0
1853 1 1 1 0 0 0 0 0 0
1858 1 0 0 0 0 0 0 0 0
1859 1 0 0 0 0 0 0 0 0
1958 1 1 1 1 0 0 0 0 0
1959 1 0 0 0 0 0 0 0 0
1960 1 0 0 0 0 0 1 0 0
1961 1 0 0 0 0 0 0 0 0
2089 15827 2 1 0 0 0 0 0 0
2090 15827 0 0 0 0 0 0 0 0
2092 15827 0 0 0 0 0 0 0 0
2093 15827 0 0 0 0 0 0 0 0
2094 10731 0 0 0 0 0 0 0 0
2095 10731 2 1 0 0 0 0 0 0
2096 10731 0 0 0 0 0 0 0 0
2097 10731 0 0 0 0 0 0 0 0
2098 10697 0 0 0 0 0 0 0 0
2099 10697 0 0 0 0 0 0 0 0
2100 10681 0 0 0 0 0 0 0 0
2101 10681 0 0 0 0 0 0 0 0
2102 6661 0 0 0 0 0 0 0 0
2103 6661 0 0 0 0 0 0 0 0
2104 2514 0 0 0 0 0 0 0 0
2105 2514 0 0 0 0 0 0 0 0
2106 852 0 0 0 0 0 0 0 0
2107 1612 0 0 0 0 0 0 0 0
2111 415 3 1 415 0 0 0 0 0
2112 415 0 0 0 0 0 415 0 0
2116 415 0 0 0 0 0 0 0 0
2127 415 0 0 415 0 0 0 0 0
2131 5096 1 0 0 0 0 0 0 0
2132 5096 0 0 0 0 0 0 0 0
2133 5096 0 0 0 0 0 0 0 0
2134 5096 0 0 0 0 0 0 0 0
2135 3024 0 0 0 0 0 0 0 0
2136 3024 0 0 0 0 0 0 0 0
2137 1044 0 0 0 0 0 0 0 0
2138 1044 0 0 0 0 0 0 0 0
2139 126 0 0 0 0 0 0 0 0
2140 126 0 0 0 0 0 0 0 0
2141 30 0 0 0 0 0 0 0 0
2142 30 1 1 0 0 0 0 0 0
2288 1 1 1 1 0 0 0 0 0
2289 1 0 0 0 0 0 1 0 0
2293 1 0 0 0 0 0 0 0 0
2304 1 0 0 1 0 0 0 0 0
2308 965 12 1 965 0 0 0 0 0
2309 965 0 0 0 0 0 965 0 0
2313 965 0 0 0 0 0 0 0 0
2324 965 0 0 965 0 0 0 0 0
2328 1448 1 0 1448 0 0 0 0 0
2329 1448 0 0 0 0 0 1448 0 0
2330 1448 0 0 1448 0 0 0 0 0
2331 1448 0 0 0 0 0 1448 0 0
2335 1448 0 0 0 0 0 0 0 0
2346 1448 0 0 1448 0 0 0 0 0
2350 6249 1 0 6249 0 0 0 0 0
2351 6249 0 0 0 0 0 6249 1 0
2355 6249 0 0 0 0 0 0 0 0
2366 6249 0 0 6249 0 0 0 0 0
2370 7885 0 0 7885 0 0 0 0 0
2371 7885 0 0 0 0 0 7885 0 0
2372 7885 0 0 7885 0 0 0 0 0
2373 7885 0 0 0 0 0 7885 0 0
2377 7885 0 0 0 0 0 0 0 0
2388 7885 0 0 7885 0 0 0 0 0
2392 6314 3 1 6314 0 0 0 0 0
2393 6314 0 0 0 0 0 6314 0 0
2394 6314 0 0 6314 0 0 0 0 0
2395 6314 0 0 0 0 0 6314 0 0
2399 6314 0 0 0 0 0 0 0 0
2410 6314 0 0 6314 0 0 0 0 0
2414 522 2 1 522 0 0 0 0 0
2415 522 0 0 0 0 0 522 0 0
2416 522 0 0 522 0 0 0 0 0
2417 522 0 0 0 0 0 522 0 0
2421 522 0 0 0 0 0 0 0 0
2432 522 0 0 522 0 0 0 0 0
2436 32 1 0 32 0 0 0 0 0
2437 32 0 0 0 0 0 32 0 0
2438 32 0 0 32 0 0 0 0 0
2439 32 0 0 0 0 0 32 0 0
2443 32 0 0 0 0 0 0 0 0
2454 32 0 0 32 0 0 0 0 0
2458 2079 3 0 2079 0 0 0 0 0
2459 2079 0 0 0 0 0 2079 5 0
2460 2079 0 0 2079 0 0 0 0 0
2461 2079 0 0 0 0 0 2079 0 0
2465 2079 0 0 0 0 0 0 0 0
2476 2079 0 0 2079 0 0 0 0 0
2480 1994 1 0 1994 0 0 0 0 0
2481 1994 0 0 0 0 0 1994 0 0
2482 1994 0 0 1994 0 0 0 0 0
2483 1994 0 0 0 0 0 1994 0 0
2487 1994 0 0 0 0 0 0 0 0
2498 1994 0 0 1994 0 0 0 0 0
2502 1052 1 1 1052 0 0 0 0 0
2503 1052 0 0 0 0 0 1052 0 0
2504 1052 0 0 1052 0 0 0 0 0
2505 1052 0 0 0 0 0 1052 0 0
2509 1052 0 0 0 0 0 0 0 0
2520 1052 0 0 1052 0 0 0 0 0
2524 385 1 0 385 0 0 0 0 0
2525 385 0 0 0 0 0 385 0 0
2526 385 0 0 385 0 0 0 0 0
2527 385 0 0 0 0 0 385 0 0
2531 385 0 0 0 0 0 0 0 0
2542 385 0 0 385 0 0 0 0 0
2546 210 2 1 210 0 0 0 0 0
2547 210 0 0 0 0 0 210 0 0
2548 210 0 0 210 0 0 0 0 0
2549 210 0 0 0 0 0 210 0 0
2553 210 0 0 0 0 0 0 0 0
2564 210 0 0 210 0 0 0 0 0
fl=/build/glibc-OTsEL5/glibc-2.27/string/../sysdeps/x86_64/multiarch/strcpy.c
fn=strcpy
29 2 0 0 2 0 0 0 0 0
fl=/build/glibc-OTsEL5/glibc-2.27/string/../sysdeps/x86_64/multiarch/strcspn.c
fn=strcspn
29 1 0 0 1 0 0 0 0 0
fl=/build/glibc-OTsEL5/glibc-2.27/string/../sysdeps/x86_64/multiarch/strlen-avx2.S
fn=__strlen_avx2
52 136081 829 2 0 0 0 0 0 0
53 136081 0 0 0 0 0 0 0 0
54 136081 0 0 0 0 0 0 0 0
57 136081 0 0 0 0 0 0 0 0
58 136081 0 0 0 0 0 0 0 0
59 136081 0 0 0 0 0 0 0 0
62 132568 0 0 132568 5150 24 0 0 0
63 132568 0 0 0 0 0 0 0 0
64 132568 0 0 0 0 0 0 0 0
72 132568 0 0 0 0 0 0 0 0
76 131 0 0 0 0 0 0 0 0
77 131 0 0 0 0 0 0 0 0
78 131 0 0 0 0 0 0 0 0
87 131 0 0 0 0 0 0 0 0
91 3513 697 2 0 0 0 0 0 0
92 3513 0 0 0 0 0 0 0 0
93 3513 0 0 3513 1270 13 0 0 0
94 3513 0 0 0 0 0 0 0 0
96 3513 0 0 0 0 0 0 0 0
97 3513 0 0 0 0 0 0 0 0
98 3513 0 0 0 0 0 0 0 0
99 944 0 0 0 0 0 0 0 0
105 944 0 0 0 0 0 0 0 0
106 944 0 0 0 0 0 0 0 0
107 944 0 0 0 0 0 0 0 0
111 944 0 0 0 0 0 0 0 0
112 944 0 0 944 0 0 0 0 0
128 2569 0 0 0 0 0 0 0 0
138 2700 77 0 2700 2469 128 0 0 0
139 2700 0 0 0 0 0 0 0 0
140 2700 0 0 0 0 0 0 0 0
141 2700 770 2 0 0 0 0 0 0
143 195 0 0 195 6 6 0 0 0
144 195 0 0 0 0 0 0 0 0
145 195 0 0 0 0 0 0 0 0
146 195 0 0 0 0 0 0 0 0
148 184 0 0 184 0 0 0 0 0
149 184 0 0 0 0 0 0 0 0
150 184 0 0 0 0 0 0 0 0
151 184 0 0 0 0 0 0 0 0
153 183 0 0 183 0 0 0 0 0
154 183 0 0 0 0 0 0 0 0
155 183 0 0 0 0 0 0 0 0
156 183 0 0 0 0 0 0 0 0
158 54 0 0 0 0 0 0 0 0
166 54 29 1 0 0 0 0 0 0
167 54 0 0 0 0 0 0 0 0
168 108 0 0 0 0 0 0 0 0
178 56 0 0 56 0 0 0 0 0
179 56 0 0 56 0 0 0 0 0
180 56 0 0 56 34 0 0 0 0
181 56 0 0 56 0 0 0 0 0
182 56 0 0 0 0 0 0 0 0
183 56 0 0 0 0 0 0 0 0
184 56 0 0 0 0 0 0 0 0
186 56 0 0 0 0 0 0 0 0
187 56 0 0 0 0 0 0 0 0
188 56 0 0 0 0 0 0 0 0
189 56 0 0 0 0 0 0 0 0
191 2 2 0 0 0 0 0 0 0
194 2 0 0 0 0 0 0 0 0
332 134975 675 2 0 0 0 0 0 0
333 134975 0 0 0 0 0 0 0 0
334 134975 0 0 0 0 0 0 0 0
338 134975 0 0 0 0 0 0 0 0
339 134975 0 0 134975 0 0 0 0 0
343 12 5 0 0 0 0 0 0 0
344 12 0 0 0 0 0 0 0 0
345 12 0 0 0 0 0 0 0 0
346 12 0 0 0 0 0 0 0 0
350 12 0 0 0 0 0 0 0 0
351 12 0 0 12 0 0 0 0 0
355 14 1 0 0 0 0 0 0 0
356 14 0 0 0 0 0 0 0 0
357 14 0 0 0 0 0 0 0 0
358 14 0 0 0 0 0 0 0 0
362 14 0 0 0 0 0 0 0 0
363 14 0 0 14 0 0 0 0 0
367 54 54 1 0 0 0 0 0 0
368 54 0 0 0 0 0 0 0 0
369 54 0 0 0 0 0 0 0 0
370 54 0 0 0 0 0 0 0 0
371 21 0 0 0 0 0 0 0 0
372 21 0 0 0 0 0 0 0 0
373 21 0 0 0 0 0 0 0 0
374 21 0 0 0 0 0 0 0 0
375 20 0 0 0 0 0 0 0 0
376 20 0 0 0 0 0 0 0 0
377 20 20 1 0 0 0 0 0 0
378 20 0 0 0 0 0 0 0 0
379 7 0 0 0 0 0 0 0 0
380 7 0 0 0 0 0 0 0 0
381 7 0 0 0 0 0 0 0 0
383 136 129 0 0 0 0 0 0 0
384 136 0 0 0 0 0 0 0 0
385 136 0 0 0 0 0 0 0 0
386 136 0 0 0 0 0 0 0 0
390 136 0 0 0 0 0 0 0 0
391 136 0 0 136 0 0 0 0 0
fl=/build/glibc-OTsEL5/glibc-2.27/string/../sysdeps/x86_64/multiarch/strlen.c
fn=strlen
29 3 0 0 3 0 0 0 0 0
fl=/build/glibc-OTsEL5/glibc-2.27/string/../sysdeps/x86_64/multiarch/strncase.c
fn=strncasecmp
31 1 1 1 1 0 0 0 0 0
fl=/build/glibc-OTsEL5/glibc-2.27/string/../sysdeps/x86_64/multiarch/strncase_l.c
fn=strncasecmp_l
31 1 1 1 1 0 0 0 0 0
fl=/build/glibc-OTsEL5/glibc-2.27/string/../sysdeps/x86_64/multiarch/strncmp.c
fn=strncmp
38 8 1 1 4 0 0 0 0 0
39 6 0 0 2 0 0 0 0 0
48 2 0 0 2 0 0 0 0 0
fl=/build/glibc-OTsEL5/glibc-2.27/string/../sysdeps/x86_64/multiarch/strncpy.c
fn=strncpy
29 2 0 0 2 0 0 0 0 0
fl=/build/glibc-OTsEL5/glibc-2.27/string/../sysdeps/x86_64/multiarch/strnlen.c
fn=strnlen
31 2 0 0 2 0 0 0 0 0
fl=/build/glibc-OTsEL5/glibc-2.27/string/../sysdeps/x86_64/multiarch/strpbrk.c
fn=strpbrk
29 1 0 0 1 0 0 0 0 0
fl=/build/glibc-OTsEL5/glibc-2.27/string/../sysdeps/x86_64/multiarch/strrchr-avx2.S
fn=__strrchr_avx2
43 1 1 1 0 0 0 0 0 0
44 1 0 0 0 0 0 0 0 0
46 1 0 0 0 0 0 0 0 0
47 1 0 0 0 0 0 0 0 0
50 1 0 0 0 0 0 0 0 0
51 1 0 0 0 0 0 0 0 0
52 1 0 0 0 0 0 0 0 0
85 1 1 1 0 0 0 0 0 0
86 1 0 0 0 0 0 0 0 0
87 1 0 0 1 1 0 0 0 0
88 1 0 0 0 0 0 0 0 0
89 1 1 1 0 0 0 0 0 0
90 1 0 0 0 0 0 0 0 0
91 1 0 0 0 0 0 0 0 0
92 1 0 0 0 0 0 0 0 0
93 1 0 0 0 0 0 0 0 0
94 1 0 0 0 0 0 0 0 0
97 1 0 0 0 0 0 0 0 0
98 1 0 0 0 0 0 0 0 0
107 1 0 0 0 0 0 0 0 0
108 1 0 0 0 0 0 0 0 0
111 1 0 0 0 0 0 0 0 0
112 2 0 0 0 0 0 0 0 0
116 1 1 1 1 1 0 0 0 0
117 1 0 0 0 0 0 0 0 0
118 1 0 0 0 0 0 0 0 0
119 1 0 0 0 0 0 0 0 0
120 1 0 0 0 0 0 0 0 0
121 1 0 0 0 0 0 0 0 0
122 1 0 0 0 0 0 0 0 0
123 1 0 0 0 0 0 0 0 0
155 1 1 1 0 0 0 0 0 0
156 1 0 0 0 0 0 0 0 0
158 1 0 0 0 0 0 0 0 0
159 1 0 0 0 0 0 0 0 0
160 1 0 0 0 0 0 0 0 0
161 1 1 1 0 0 0 0 0 0
167 1 0 0 0 0 0 0 0 0
168 1 0 0 0 0 0 0 0 0
169 1 0 0 0 0 0 0 0 0
170 1 0 0 1 0 0 0 0 0
fl=/build/glibc-OTsEL5/glibc-2.27/string/../sysdeps/x86_64/multiarch/strrchr.c
fn=rindex
28 1 0 0 1 0 0 0 0 0
fl=/build/glibc-OTsEL5/glibc-2.27/string/../sysdeps/x86_64/multiarch/strspn.c
fn=strspn
29 1 0 0 1 0 0 0 0 0
fl=/build/glibc-OTsEL5/glibc-2.27/string/../sysdeps/x86_64/strcmp.S
fn=strcmp
144 4141 6 3 0 0 0 0 0 0
145 4141 0 0 0 0 0 0 0 0
147 4141 0 0 0 0 0 0 0 0
148 4141 0 0 0 0 0 0 0 0
169 4141 0 0 0 0 0 0 0 0
170 4141 0 0 0 0 0 0 0 0
171 3876 0 0 0 0 0 0 0 0
172 3876 0 0 0 0 0 0 0 0
173 3431 0 0 3431 181 73 0 0 0
174 3431 0 0 3431 32 10 0 0 0
175 3431 5 2 3431 0 0 0 0 0
176 3431 0 0 3431 0 0 0 0 0
197 3431 0 0 0 0 0 0 0 0
198 3431 0 0 0 0 0 0 0 0
199 3431 0 0 0 0 0 0 0 0
200 3431 0 0 0 0 0 0 0 0
201 3431 0 0 0 0 0 0 0 0
202 3431 0 0 0 0 0 0 0 0
203 3431 0 0 0 0 0 0 0 0
208 90 0 0 0 0 0 0 0 0
209 90 0 0 0 0 0 0 0 0
218 800 1 1 0 0 0 0 0 0
219 800 0 0 0 0 0 0 0 0
220 800 0 0 0 0 0 0 0 0
221 800 0 0 0 0 0 0 0 0
222 800 5 3 0 0 0 0 0 0
223 800 0 0 0 0 0 0 0 0
224 800 0 0 0 0 0 0 0 0
225 800 0 0 0 0 0 0 0 0
226 653 0 0 0 0 0 0 0 0
227 485 0 0 0 0 0 0 0 0
228 485 0 0 0 0 0 0 0 0
229 485 0 0 0 0 0 0 0 0
231 653 0 0 0 0 0 0 0 0
232 653 0 0 0 0 0 0 0 0
233 653 0 0 0 0 0 0 0 0
234 653 0 0 653 25 4 0 0 0
235 653 0 0 0 0 0 0 0 0
236 653 0 0 0 0 0 0 0 0
246 147 0 0 147 6 1 0 0 0
247 147 0 0 0 0 0 0 0 0
248 147 0 0 0 0 0 0 0 0
250 147 0 0 147 0 0 0 0 0
256 147 2 1 0 0 0 0 0 0
257 147 0 0 0 0 0 0 0 0
258 147 0 0 0 0 0 0 0 0
259 147 0 0 0 0 0 0 0 0
260 147 0 0 0 0 0 0 0 0
265 147 0 0 0 0 0 0 0 0
267 138 0 0 0 0 0 0 0 0
268 138 0 0 0 0 0 0 0 0
269 276 0 0 0 0 0 0 0 0
277 156 0 0 156 4 0 0 0 0
278 156 0 0 156 1 1 0 0 0
281 156 0 0 0 0 0 0 0 0
282 156 2 1 0 0 0 0 0 0
283 156 0 0 0 0 0 0 0 0
284 156 0 0 0 0 0 0 0 0
285 156 0 0 0 0 0 0 0 0
286 156 0 0 0 0 0 0 0 0
292 28 0 0 0 0 0 0 0 0
293 28 0 0 28 0 0 0 0 0
294 28 0 0 28 1 0 0 0 0
297 28 0 0 0 0 0 0 0 0
298 28 0 0 0 0 0 0 0 0
299 28 0 0 0 0 0 0 0 0
300 28 0 0 0 0 0 0 0 0
301 28 0 0 0 0 0 0 0 0
302 28 0 0 0 0 0 0 0 0
307 18 1 1 0 0 0 0 0 0
308 18 0 0 0 0 0 0 0 0
447 2 1 1 0 0 0 0 0 0
448 2 0 0 2 1 0 0 0 0
449 2 0 0 2 1 1 0 0 0
450 2 0 0 0 0 0 0 0 0
451 2 0 0 0 0 0 0 0 0
453 2 0 0 0 0 0 0 0 0
454 2 0 0 0 0 0 0 0 0
455 2 0 0 0 0 0 0 0 0
456 2 0 0 0 0 0 0 0 0
457 2 0 0 0 0 0 0 0 0
458 2 0 0 0 0 0 0 0 0
459 2 0 0 0 0 0 0 0 0
460 2 1 1 2 0 0 0 0 0
463 2 0 0 0 0 0 0 0 0
464 2 0 0 0 0 0 0 0 0
465 2 0 0 0 0 0 0 0 0
471 2 0 0 0 0 0 0 0 0
472 2 0 0 0 0 0 0 0 0
473 4 0 0 0 0 0 0 0 0
477 4 0 0 0 0 0 0 0 0
478 4 0 0 0 0 0 0 0 0
481 4 0 0 4 1 1 0 0 0
482 4 1 1 4 0 0 0 0 0
483 4 0 0 0 0 0 0 0 0
486 4 0 0 0 0 0 0 0 0
487 4 0 0 0 0 0 0 0 0
488 4 0 0 0 0 0 0 0 0
494 4 0 0 0 0 0 0 0 0
495 4 0 0 0 0 0 0 0 0
496 4 0 0 0 0 0 0 0 0
497 4 0 0 0 0 0 0 0 0
498 4 0 0 0 0 0 0 0 0
499 4 0 0 0 0 0 0 0 0
506 2 0 0 0 0 0 0 0 0
507 2 0 0 0 0 0 0 0 0
509 2 0 0 0 0 0 0 0 0
510 2 0 0 0 0 0 0 0 0
512 2 1 1 2 0 0 0 0 0
513 2 0 0 2 1 0 0 0 0
514 2 0 0 0 0 0 0 0 0
517 2 0 0 0 0 0 0 0 0
518 2 0 0 0 0 0 0 0 0
519 2 0 0 0 0 0 0 0 0
525 2 0 0 0 0 0 0 0 0
526 2 0 0 0 0 0 0 0 0
527 2 0 0 0 0 0 0 0 0
528 2 0 0 0 0 0 0 0 0
529 2 0 0 0 0 0 0 0 0
530 2 0 0 0 0 0 0 0 0
537 2 0 0 0 0 0 0 0 0
538 2 0 0 0 0 0 0 0 0
539 2 1 1 0 0 0 0 0 0
571 16 1 1 0 0 0 0 0 0
572 16 0 0 16 1 1 0 0 0
573 16 0 0 16 0 0 0 0 0
574 16 0 0 0 0 0 0 0 0
575 16 0 0 0 0 0 0 0 0
577 16 0 0 0 0 0 0 0 0
578 16 0 0 0 0 0 0 0 0
579 16 0 0 0 0 0 0 0 0
580 16 0 0 0 0 0 0 0 0
581 16 0 0 0 0 0 0 0 0
582 16 0 0 0 0 0 0 0 0
583 16 0 0 0 0 0 0 0 0
584 1 1 1 1 0 0 0 0 0
588 1 0 0 0 0 0 0 0 0
589 1 0 0 0 0 0 0 0 0
590 1 0 0 0 0 0 0 0 0
596 1 0 0 0 0 0 0 0 0
597 1 0 0 0 0 0 0 0 0
598 2 0 0 0 0 0 0 0 0
602 1 0 0 0 0 0 0 0 0
603 1 0 0 0 0 0 0 0 0
606 1 0 0 1 0 0 0 0 0
607 1 1 1 1 1 1 0 0 0
608 1 0 0 0 0 0 0 0 0
611 1 0 0 0 0 0 0 0 0
612 1 0 0 0 0 0 0 0 0
613 1 0 0 0 0 0 0 0 0
619 1 0 0 0 0 0 0 0 0
620 1 0 0 0 0 0 0 0 0
621 1 0 0 0 0 0 0 0 0
622 1 0 0 0 0 0 0 0 0
623 1 0 0 0 0 0 0 0 0
624 1 0 0 0 0 0 0 0 0
696 10 1 1 0 0 0 0 0 0
697 10 0 0 10 1 1 0 0 0
698 10 0 0 10 1 1 0 0 0
699 10 0 0 0 0 0 0 0 0
700 10 0 0 0 0 0 0 0 0
702 10 0 0 0 0 0 0 0 0
703 10 0 0 0 0 0 0 0 0
704 10 0 0 0 0 0 0 0 0
705 10 0 0 0 0 0 0 0 0
706 10 0 0 0 0 0 0 0 0
707 10 0 0 0 0 0 0 0 0
708 10 0 0 0 0 0 0 0 0
709 9 1 1 9 0 0 0 0 0
713 9 0 0 0 0 0 0 0 0
714 9 0 0 0 0 0 0 0 0
715 9 0 0 0 0 0 0 0 0
721 9 0 0 0 0 0 0 0 0
722 9 0 0 0 0 0 0 0 0
723 18 0 0 0 0 0 0 0 0
727 9 0 0 0 0 0 0 0 0
728 9 0 0 0 0 0 0 0 0
731 9 0 0 9 1 1 0 0 0
732 9 1 1 9 1 1 0 0 0
733 9 0 0 0 0 0 0 0 0
736 9 0 0 0 0 0 0 0 0
737 9 0 0 0 0 0 0 0 0
738 9 0 0 0 0 0 0 0 0
744 9 0 0 0 0 0 0 0 0
745 9 0 0 0 0 0 0 0 0
746 9 0 0 0 0 0 0 0 0
747 9 0 0 0 0 0 0 0 0
748 9 0 0 0 0 0 0 0 0
749 9 0 0 0 0 0 0 0 0
756 2 0 0 0 0 0 0 0 0
757 2 0 0 0 0 0 0 0 0
759 2 0 0 0 0 0 0 0 0
760 2 0 0 0 0 0 0 0 0
762 2 1 1 2 0 0 0 0 0
763 2 0 0 2 0 0 0 0 0
764 2 0 0 0 0 0 0 0 0
767 2 0 0 0 0 0 0 0 0
768 2 0 0 0 0 0 0 0 0
769 2 0 0 0 0 0 0 0 0
775 2 0 0 0 0 0 0 0 0
776 2 0 0 0 0 0 0 0 0
777 2 0 0 0 0 0 0 0 0
778 2 0 0 0 0 0 0 0 0
779 2 0 0 0 0 0 0 0 0
780 2 0 0 0 0 0 0 0 0
821 4 2 2 0 0 0 0 0 0
822 4 0 0 4 2 1 0 0 0
823 4 0 0 4 0 0 0 0 0
824 4 0 0 0 0 0 0 0 0
825 4 0 0 0 0 0 0 0 0
827 4 0 0 0 0 0 0 0 0
828 4 0 0 0 0 0 0 0 0
829 4 0 0 0 0 0 0 0 0
830 4 0 0 0 0 0 0 0 0
831 4 0 0 0 0 0 0 0 0
832 4 0 0 0 0 0 0 0 0
833 4 0 0 0 0 0 0 0 0
834 4 2 2 4 0 0 0 0 0
838 4 0 0 0 0 0 0 0 0
839 4 0 0 0 0 0 0 0 0
840 4 0 0 0 0 0 0 0 0
846 4 0 0 0 0 0 0 0 0
847 4 0 0 0 0 0 0 0 0
848 8 0 0 0 0 0 0 0 0
852 5 0 0 0 0 0 0 0 0
853 5 0 0 0 0 0 0 0 0
856 5 0 0 5 0 0 0 0 0
857 5 2 2 5 2 2 0 0 0
858 5 0 0 0 0 0 0 0 0
861 5 0 0 0 0 0 0 0 0
862 5 0 0 0 0 0 0 0 0
863 5 0 0 0 0 0 0 0 0
869 5 0 0 0 0 0 0 0 0
870 5 0 0 0 0 0 0 0 0
871 5 0 0 0 0 0 0 0 0
872 5 0 0 0 0 0 0 0 0
873 5 0 0 0 0 0 0 0 0
874 5 0 0 0 0 0 0 0 0
881 1 0 0 0 0 0 0 0 0
882 1 0 0 0 0 0 0 0 0
884 1 0 0 0 0 0 0 0 0
885 1 0 0 0 0 0 0 0 0
887 1 1 1 1 0 0 0 0 0
888 1 0 0 1 0 0 0 0 0
889 1 0 0 0 0 0 0 0 0
892 1 0 0 0 0 0 0 0 0
893 1 0 0 0 0 0 0 0 0
894 1 0 0 0 0 0 0 0 0
900 1 0 0 0 0 0 0 0 0
901 1 0 0 0 0 0 0 0 0
902 1 0 0 0 0 0 0 0 0
903 1 0 0 0 0 0 0 0 0
904 1 0 0 0 0 0 0 0 0
905 1 0 0 0 0 0 0 0 0
912 1 0 0 0 0 0 0 0 0
913 1 0 0 0 0 0 0 0 0
914 1 1 1 0 0 0 0 0 0
946 8 1 1 0 0 0 0 0 0
947 8 0 0 8 1 0 0 0 0
948 8 0 0 8 1 1 0 0 0
949 8 0 0 0 0 0 0 0 0
950 8 0 0 0 0 0 0 0 0
952 8 0 0 0 0 0 0 0 0
953 8 0 0 0 0 0 0 0 0
954 8 0 0 0 0 0 0 0 0
955 8 0 0 0 0 0 0 0 0
956 8 0 0 0 0 0 0 0 0
957 8 0 0 0 0 0 0 0 0
958 8 0 0 0 0 0 0 0 0
959 7 1 1 7 0 0 0 0 0
963 7 0 0 0 0 0 0 0 0
964 7 0 0 0 0 0 0 0 0
965 7 0 0 0 0 0 0 0 0
971 7 0 0 0 0 0 0 0 0
972 7 0 0 0 0 0 0 0 0
973 14 0 0 0 0 0 0 0 0
977 10 0 0 0 0 0 0 0 0
978 10 0 0 0 0 0 0 0 0
981 10 0 0 10 1 1 0 0 0
982 10 1 1 10 2 2 0 0 0
983 10 0 0 0 0 0 0 0 0
986 10 0 0 0 0 0 0 0 0
987 10 0 0 0 0 0 0 0 0
988 10 0 0 0 0 0 0 0 0
994 10 0 0 0 0 0 0 0 0
995 10 0 0 0 0 0 0 0 0
996 10 0 0 0 0 0 0 0 0
997 10 0 0 0 0 0 0 0 0
998 10 0 0 0 0 0 0 0 0
999 10 0 0 0 0 0 0 0 0
1006 6 0 0 0 0 0 0 0 0
1007 6 0 0 0 0 0 0 0 0
1009 6 0 0 0 0 0 0 0 0
1010 6 0 0 0 0 0 0 0 0
1012 6 1 1 6 0 0 0 0 0
1013 6 0 0 6 1 1 0 0 0
1014 6 0 0 0 0 0 0 0 0
1017 6 0 0 0 0 0 0 0 0
1018 6 0 0 0 0 0 0 0 0
1019 6 0 0 0 0 0 0 0 0
1025 6 0 0 0 0 0 0 0 0
1026 6 0 0 0 0 0 0 0 0
1027 6 0 0 0 0 0 0 0 0
1028 6 0 0 0 0 0 0 0 0
1029 6 0 0 0 0 0 0 0 0
1030 6 0 0 0 0 0 0 0 0
1037 3 0 0 0 0 0 0 0 0
1038 3 0 0 0 0 0 0 0 0
1039 3 1 1 0 0 0 0 0 0
1071 15 1 1 0 0 0 0 0 0
1072 15 0 0 15 6 4 0 0 0
1073 15 0 0 15 1 0 0 0 0
1074 15 0 0 0 0 0 0 0 0
1075 15 0 0 0 0 0 0 0 0
1077 15 0 0 0 0 0 0 0 0
1078 15 0 0 0 0 0 0 0 0
1079 15 0 0 0 0 0 0 0 0
1080 15 0 0 0 0 0 0 0 0
1081 15 0 0 0 0 0 0 0 0
1082 15 0 0 0 0 0 0 0 0
1083 15 0 0 0 0 0 0 0 0
1084 10 1 1 10 0 0 0 0 0
1088 10 0 0 0 0 0 0 0 0
1089 10 0 0 0 0 0 0 0 0
1090 10 0 0 0 0 0 0 0 0
1096 10 0 0 0 0 0 0 0 0
1097 10 0 0 0 0 0 0 0 0
1098 20 0 0 0 0 0 0 0 0
1102 13 0 0 0 0 0 0 0 0
1103 13 0 0 0 0 0 0 0 0
1106 13 0 0 13 1 0 0 0 0
1107 13 1 1 13 4 3 0 0 0
1108 13 0 0 0 0 0 0 0 0
1111 13 0 0 0 0 0 0 0 0
1112 13 0 0 0 0 0 0 0 0
1113 13 0 0 0 0 0 0 0 0
1119 13 0 0 0 0 0 0 0 0
1120 13 0 0 0 0 0 0 0 0
1121 13 0 0 0 0 0 0 0 0
1122 13 0 0 0 0 0 0 0 0
1123 13 0 0 0 0 0 0 0 0
1124 13 0 0 0 0 0 0 0 0
1131 4 0 0 0 0 0 0 0 0
1132 4 0 0 0 0 0 0 0 0
1134 4 0 0 0 0 0 0 0 0
1135 4 0 0 0 0 0 0 0 0
1137 4 1 1 4 0 0 0 0 0
1138 4 0 0 4 1 1 0 0 0
1139 4 0 0 0 0 0 0 0 0
1142 4 0 0 0 0 0 0 0 0
1143 4 0 0 0 0 0 0 0 0
1144 4 0 0 0 0 0 0 0 0
1150 4 0 0 0 0 0 0 0 0
1151 4 0 0 0 0 0 0 0 0
1152 4 0 0 0 0 0 0 0 0
1153 4 0 0 0 0 0 0 0 0
1154 4 0 0 0 0 0 0 0 0
1155 4 0 0 0 0 0 0 0 0
1162 3 0 0 0 0 0 0 0 0
1163 3 0 0 0 0 0 0 0 0
1164 3 1 1 0 0 0 0 0 0
1196 113 5 2 0 0 0 0 0 0
1197 113 0 0 113 18 4 0 0 0
1198 113 0 0 113 10 3 0 0 0
1199 113 0 0 0 0 0 0 0 0
1200 113 0 0 0 0 0 0 0 0
1202 113 0 0 0 0 0 0 0 0
1203 113 0 0 0 0 0 0 0 0
1204 113 0 0 0 0 0 0 0 0
1205 113 0 0 0 0 0 0 0 0
1206 113 0 0 0 0 0 0 0 0
1207 113 0 0 0 0 0 0 0 0
1208 113 0 0 0 0 0 0 0 0
1209 108 5 3 108 0 0 0 0 0
1213 108 0 0 0 0 0 0 0 0
1214 108 0 0 0 0 0 0 0 0
1215 108 0 0 0 0 0 0 0 0
1221 108 0 0 0 0 0 0 0 0
1222 108 0 0 0 0 0 0 0 0
1223 216 0 0 0 0 0 0 0 0
1227 108 0 0 0 0 0 0 0 0
1228 108 0 0 0 0 0 0 0 0
1231 108 0 0 108 12 2 0 0 0
1232 108 5 3 108 8 4 0 0 0
1233 108 0 0 0 0 0 0 0 0
1236 108 0 0 0 0 0 0 0 0
1237 108 0 0 0 0 0 0 0 0
1238 108 0 0 0 0 0 0 0 0
1244 108 0 0 0 0 0 0 0 0
1245 108 0 0 0 0 0 0 0 0
1246 108 0 0 0 0 0 0 0 0
1247 108 0 0 0 0 0 0 0 0
1248 108 0 0 0 0 0 0 0 0
1249 108 0 0 0 0 0 0 0 0
1256 3 0 0 0 0 0 0 0 0
1257 3 0 0 0 0 0 0 0 0
1259 3 0 0 0 0 0 0 0 0
1260 3 0 0 0 0 0 0 0 0
1262 3 1 1 3 0 0 0 0 0
1263 3 0 0 3 0 0 0 0 0
1264 3 0 0 0 0 0 0 0 0
1267 3 0 0 0 0 0 0 0 0
1268 3 0 0 0 0 0 0 0 0
1269 3 0 0 0 0 0 0 0 0
1275 3 0 0 0 0 0 0 0 0
1276 3 0 0 0 0 0 0 0 0
1277 3 0 0 0 0 0 0 0 0
1278 3 0 0 0 0 0 0 0 0
1279 3 0 0 0 0 0 0 0 0
1280 3 0 0 0 0 0 0 0 0
1321 17 3 1 0 0 0 0 0 0
1322 17 0 0 17 2 2 0 0 0
1323 17 0 0 17 6 2 0 0 0
1324 17 0 0 0 0 0 0 0 0
1325 17 0 0 0 0 0 0 0 0
1327 17 0 0 0 0 0 0 0 0
1328 17 0 0 0 0 0 0 0 0
1329 17 0 0 0 0 0 0 0 0
1330 17 0 0 0 0 0 0 0 0
1331 17 0 0 0 0 0 0 0 0
1332 17 0 0 0 0 0 0 0 0
1333 17 0 0 0 0 0 0 0 0
1334 12 2 1 12 0 0 0 0 0
1338 12 0 0 0 0 0 0 0 0
1339 12 0 0 0 0 0 0 0 0
1340 12 0 0 0 0 0 0 0 0
1346 12 0 0 0 0 0 0 0 0
1347 12 0 0 0 0 0 0 0 0
1348 24 0 0 0 0 0 0 0 0
1352 19 0 0 0 0 0 0 0 0
1353 19 0 0 0 0 0 0 0 0
1356 19 0 0 19 5 3 0 0 0
1357 19 2 1 19 3 2 0 0 0
1358 19 0 0 0 0 0 0 0 0
1361 19 0 0 0 0 0 0 0 0
1362 19 0 0 0 0 0 0 0 0
1363 19 0 0 0 0 0 0 0 0
1369 19 0 0 0 0 0 0 0 0
1370 19 0 0 0 0 0 0 0 0
1371 19 0 0 0 0 0 0 0 0
1372 19 0 0 0 0 0 0 0 0
1373 19 0 0 0 0 0 0 0 0
1374 19 0 0 0 0 0 0 0 0
1381 11 0 0 0 0 0 0 0 0
1382 11 0 0 0 0 0 0 0 0
1384 11 0 0 0 0 0 0 0 0
1385 11 0 0 0 0 0 0 0 0
1387 11 1 1 11 1 0 0 0 0
1388 11 0 0 11 0 0 0 0 0
1389 11 0 0 0 0 0 0 0 0
1392 11 0 0 0 0 0 0 0 0
1393 11 0 0 0 0 0 0 0 0
1394 11 0 0 0 0 0 0 0 0
1400 11 0 0 0 0 0 0 0 0
1401 11 0 0 0 0 0 0 0 0
1402 11 0 0 0 0 0 0 0 0
1403 11 0 0 0 0 0 0 0 0
1404 11 0 0 0 0 0 0 0 0
1405 11 0 0 0 0 0 0 0 0
1412 7 0 0 0 0 0 0 0 0
1413 7 0 0 0 0 0 0 0 0
1414 7 1 1 0 0 0 0 0 0
1418 1 0 0 0 0 0 0 0 0
1419 1 0 0 0 0 0 0 0 0
1420 1 0 0 0 0 0 0 0 0
1421 1 0 0 0 0 0 0 0 0
1428 1 0 0 0 0 0 0 0 0
1429 1 0 0 0 0 0 0 0 0
1430 1 0 0 0 0 0 0 0 0
1446 18 2 1 0 0 0 0 0 0
1447 18 0 0 18 3 2 0 0 0
1448 18 0 0 18 6 5 0 0 0
1449 18 0 0 0 0 0 0 0 0
1450 18 0 0 0 0 0 0 0 0
1452 18 0 0 0 0 0 0 0 0
1453 18 0 0 0 0 0 0 0 0
1454 18 0 0 0 0 0 0 0 0
1455 18 0 0 0 0 0 0 0 0
1456 18 0 0 0 0 0 0 0 0
1457 18 0 0 0 0 0 0 0 0
1458 18 0 0 0 0 0 0 0 0
1459 14 2 1 14 0 0 0 0 0
1463 14 0 0 0 0 0 0 0 0
1464 14 0 0 0 0 0 0 0 0
1465 14 0 0 0 0 0 0 0 0
1471 14 0 0 0 0 0 0 0 0
1472 14 0 0 0 0 0 0 0 0
1473 28 0 0 0 0 0 0 0 0
1477 20 0 0 0 0 0 0 0 0
1478 20 0 0 0 0 0 0 0 0
1481 20 0 0 20 4 3 0 0 0
1482 20 2 1 20 6 3 0 0 0
1483 20 0 0 0 0 0 0 0 0
1486 20 0 0 0 0 0 0 0 0
1487 20 0 0 0 0 0 0 0 0
1488 20 0 0 0 0 0 0 0 0
1494 20 0 0 0 0 0 0 0 0
1495 20 0 0 0 0 0 0 0 0
1496 20 0 0 0 0 0 0 0 0
1497 20 0 0 0 0 0 0 0 0
1498 20 0 0 0 0 0 0 0 0
1499 20 0 0 0 0 0 0 0 0
1506 11 0 0 0 0 0 0 0 0
1507 11 0 0 0 0 0 0 0 0
1509 11 0 0 0 0 0 0 0 0
1510 11 0 0 0 0 0 0 0 0
1512 11 1 1 11 1 1 0 0 0
1513 11 0 0 11 1 0 0 0 0
1514 11 0 0 0 0 0 0 0 0
1517 11 0 0 0 0 0 0 0 0
1518 11 0 0 0 0 0 0 0 0
1519 11 0 0 0 0 0 0 0 0
1525 11 0 0 0 0 0 0 0 0
1526 11 0 0 0 0 0 0 0 0
1527 11 0 0 0 0 0 0 0 0
1528 11 0 0 0 0 0 0 0 0
1529 11 0 0 0 0 0 0 0 0
1530 11 0 0 0 0 0 0 0 0
1537 6 0 0 0 0 0 0 0 0
1538 6 0 0 0 0 0 0 0 0
1539 6 1 1 0 0 0 0 0 0
1571 35 1 1 0 0 0 0 0 0
1572 35 0 0 35 6 3 0 0 0
1573 35 0 0 35 6 2 0 0 0
1574 35 0 0 0 0 0 0 0 0
1575 35 0 0 0 0 0 0 0 0
1577 35 0 0 0 0 0 0 0 0
1578 35 0 0 0 0 0 0 0 0
1579 35 0 0 0 0 0 0 0 0
1580 35 0 0 0 0 0 0 0 0
1581 35 0 0 0 0 0 0 0 0
1582 35 0 0 0 0 0 0 0 0
1583 35 0 0 0 0 0 0 0 0
1584 24 1 1 24 0 0 0 0 0
1588 24 0 0 0 0 0 0 0 0
1589 24 0 0 0 0 0 0 0 0
1590 24 0 0 0 0 0 0 0 0
1596 24 0 0 0 0 0 0 0 0
1597 24 0 0 0 0 0 0 0 0
1598 48 0 0 0 0 0 0 0 0
1602 31 0 0 0 0 0 0 0 0
1603 31 0 0 0 0 0 0 0 0
1606 31 0 0 31 4 2 0 0 0
1607 31 1 1 31 6 2 0 0 0
1608 31 0 0 0 0 0 0 0 0
1611 31 0 0 0 0 0 0 0 0
1612 31 0 0 0 0 0 0 0 0
1613 31 0 0 0 0 0 0 0 0
1619 31 0 0 0 0 0 0 0 0
1620 31 0 0 0 0 0 0 0 0
1621 31 0 0 0 0 0 0 0 0
1622 31 0 0 0 0 0 0 0 0
1623 31 0 0 0 0 0 0 0 0
1624 31 0 0 0 0 0 0 0 0
1631 8 0 0 0 0 0 0 0 0
1632 8 0 0 0 0 0 0 0 0
1634 8 0 0 0 0 0 0 0 0
1635 8 0 0 0 0 0 0 0 0
1637 8 1 1 8 0 0 0 0 0
1638 8 0 0 8 3 1 0 0 0
1639 8 0 0 0 0 0 0 0 0
1642 8 0 0 0 0 0 0 0 0
1643 8 0 0 0 0 0 0 0 0
1644 8 0 0 0 0 0 0 0 0
1650 8 0 0 0 0 0 0 0 0
1651 8 0 0 0 0 0 0 0 0
1652 8 0 0 0 0 0 0 0 0
1653 8 0 0 0 0 0 0 0 0
1654 8 0 0 0 0 0 0 0 0
1655 8 0 0 0 0 0 0 0 0
1662 7 0 0 0 0 0 0 0 0
1663 7 0 0 0 0 0 0 0 0
1664 7 1 1 0 0 0 0 0 0
1696 13 2 1 0 0 0 0 0 0
1697 13 0 0 13 4 2 0 0 0
1698 13 0 0 13 4 3 0 0 0
1699 13 0 0 0 0 0 0 0 0
1700 13 0 0 0 0 0 0 0 0
1702 13 0 0 0 0 0 0 0 0
1703 13 0 0 0 0 0 0 0 0
1704 13 0 0 0 0 0 0 0 0
1705 13 0 0 0 0 0 0 0 0
1706 13 0 0 0 0 0 0 0 0
1707 13 0 0 0 0 0 0 0 0
1708 13 0 0 0 0 0 0 0 0
1709 10 1 1 10 0 0 0 0 0
1713 10 0 0 0 0 0 0 0 0
1714 10 0 0 0 0 0 0 0 0
1715 10 0 0 0 0 0 0 0 0
1721 10 0 0 0 0 0 0 0 0
1722 10 0 0 0 0 0 0 0 0
1723 20 0 0 0 0 0 0 0 0
1727 14 0 0 0 0 0 0 0 0
1728 14 0 0 0 0 0 0 0 0
1731 14 0 0 14 5 5 0 0 0
1732 14 1 1 14 3 1 0 0 0
1733 14 0 0 0 0 0 0 0 0
1736 14 0 0 0 0 0 0 0 0
1737 14 0 0 0 0 0 0 0 0
1738 14 0 0 0 0 0 0 0 0
1744 14 0 0 0 0 0 0 0 0
1745 14 0 0 0 0 0 0 0 0
1746 14 0 0 0 0 0 0 0 0
1747 14 0 0 0 0 0 0 0 0
1748 14 0 0 0 0 0 0 0 0
1749 14 0 0 0 0 0 0 0 0
1756 10 0 0 0 0 0 0 0 0
1757 10 0 0 0 0 0 0 0 0
1759 10 0 0 0 0 0 0 0 0
1760 10 0 0 0 0 0 0 0 0
1762 10 1 1 10 0 0 0 0 0
1763 10 0 0 10 1 0 0 0 0
1764 10 0 0 0 0 0 0 0 0
1767 10 0 0 0 0 0 0 0 0
1768 10 0 0 0 0 0 0 0 0
1769 10 0 0 0 0 0 0 0 0
1775 10 0 0 0 0 0 0 0 0
1776 10 0 0 0 0 0 0 0 0
1777 10 0 0 0 0 0 0 0 0
1778 10 0 0 0 0 0 0 0 0
1779 10 0 0 0 0 0 0 0 0
1780 10 0 0 0 0 0 0 0 0
1787 4 0 0 0 0 0 0 0 0
1788 4 0 0 0 0 0 0 0 0
1789 4 1 1 0 0 0 0 0 0
1821 303 5 4 0 0 0 0 0 0
1822 303 0 0 303 53 11 0 0 0
1823 303 0 0 303 19 7 0 0 0
1824 303 0 0 0 0 0 0 0 0
1825 303 0 0 0 0 0 0 0 0
1827 303 0 0 0 0 0 0 0 0
1828 303 0 0 0 0 0 0 0 0
1829 303 0 0 0 0 0 0 0 0
1830 303 0 0 0 0 0 0 0 0
1831 303 0 0 0 0 0 0 0 0
1832 303 0 0 0 0 0 0 0 0
1833 303 0 0 0 0 0 0 0 0
1834 21 1 1 21 0 0 0 0 0
1838 21 0 0 0 0 0 0 0 0
1839 21 0 0 0 0 0 0 0 0
1840 21 0 0 0 0 0 0 0 0
1846 21 0 0 0 0 0 0 0 0
1847 21 0 0 0 0 0 0 0 0
1848 42 0 0 0 0 0 0 0 0
1852 28 0 0 0 0 0 0 0 0
1853 28 0 0 0 0 0 0 0 0
1856 28 0 0 28 4 4 0 0 0
1857 28 1 1 28 6 5 0 0 0
1858 28 0 0 0 0 0 0 0 0
1861 28 0 0 0 0 0 0 0 0
1862 28 0 0 0 0 0 0 0 0
1863 28 0 0 0 0 0 0 0 0
1869 28 0 0 0 0 0 0 0 0
1870 28 0 0 0 0 0 0 0 0
1871 28 0 0 0 0 0 0 0 0
1872 28 0 0 0 0 0 0 0 0
1873 28 0 0 0 0 0 0 0 0
1874 28 0 0 0 0 0 0 0 0
1881 13 0 0 0 0 0 0 0 0
1882 13 0 0 0 0 0 0 0 0
1884 13 0 0 0 0 0 0 0 0
1885 13 0 0 0 0 0 0 0 0
1887 13 1 1 13 0 0 0 0 0
1888 13 0 0 13 0 0 0 0 0
1889 13 0 0 0 0 0 0 0 0
1892 13 0 0 0 0 0 0 0 0
1893 13 0 0 0 0 0 0 0 0
1894 13 0 0 0 0 0 0 0 0
1900 13 0 0 0 0 0 0 0 0
1901 13 0 0 0 0 0 0 0 0
1902 13 0 0 0 0 0 0 0 0
1903 13 0 0 0 0 0 0 0 0
1904 13 0 0 0 0 0 0 0 0
1905 13 0 0 0 0 0 0 0 0
1912 7 0 0 0 0 0 0 0 0
1913 7 0 0 0 0 0 0 0 0
1914 7 1 1 0 0 0 0 0 0
1946 74 3 2 0 0 0 0 0 0
1947 74 0 0 74 8 3 0 0 0
1948 74 0 0 74 7 4 0 0 0
1949 74 0 0 0 0 0 0 0 0
1950 74 0 0 0 0 0 0 0 0
1952 74 0 0 0 0 0 0 0 0
1953 74 0 0 0 0 0 0 0 0
1954 74 0 0 0 0 0 0 0 0
1955 74 0 0 0 0 0 0 0 0
1956 74 0 0 0 0 0 0 0 0
1957 74 0 0 0 0 0 0 0 0
1958 74 0 0 0 0 0 0 0 0
1959 61 2 1 61 0 0 0 0 0
1963 61 0 0 0 0 0 0 0 0
1964 61 0 0 0 0 0 0 0 0
1965 61 0 0 0 0 0 0 0 0
1971 61 0 0 0 0 0 0 0 0
1972 61 0 0 0 0 0 0 0 0
1973 122 0 0 0 0 0 0 0 0
1977 68 0 0 0 0 0 0 0 0
1978 68 0 0 0 0 0 0 0 0
1981 68 0 0 68 2 2 0 0 0
1982 68 2 1 68 6 4 0 0 0
1983 68 0 0 0 0 0 0 0 0
1986 68 0 0 0 0 0 0 0 0
1987 68 0 0 0 0 0 0 0 0
1988 68 0 0 0 0 0 0 0 0
1994 68 0 0 0 0 0 0 0 0
1995 68 0 0 0 0 0 0 0 0
1996 68 0 0 0 0 0 0 0 0
1997 68 0 0 0 0 0 0 0 0
1998 68 0 0 0 0 0 0 0 0
1999 68 0 0 0 0 0 0 0 0
2006 11 0 0 0 0 0 0 0 0
2007 11 0 0 0 0 0 0 0 0
2009 11 0 0 0 0 0 0 0 0
2010 11 0 0 0 0 0 0 0 0
2012 11 1 1 11 0 0 0 0 0
2013 11 0 0 11 1 0 0 0 0
2014 11 0 0 0 0 0 0 0 0
2017 11 0 0 0 0 0 0 0 0
2018 11 0 0 0 0 0 0 0 0
2019 11 0 0 0 0 0 0 0 0
2025 11 0 0 0 0 0 0 0 0
2026 11 0 0 0 0 0 0 0 0
2027 11 0 0 0 0 0 0 0 0
2028 11 0 0 0 0 0 0 0 0
2029 11 0 0 0 0 0 0 0 0
2030 11 0 0 0 0 0 0 0 0
2037 7 0 0 0 0 0 0 0 0
2038 7 0 0 0 0 0 0 0 0
2039 7 1 1 0 0 0 0 0 0
2043 1 0 0 0 0 0 0 0 0
2044 1 0 0 0 0 0 0 0 0
2045 1 0 0 0 0 0 0 0 0
2046 1 0 0 0 0 0 0 0 0
2053 1 0 0 0 0 0 0 0 0
2054 1 0 0 0 0 0 0 0 0
2055 1 0 0 0 0 0 0 0 0
2071 25 2 2 0 0 0 0 0 0
2072 25 0 0 25 10 6 0 0 0
2073 25 0 0 25 5 3 0 0 0
2074 25 0 0 0 0 0 0 0 0
2075 25 0 0 0 0 0 0 0 0
2077 25 0 0 0 0 0 0 0 0
2078 25 0 0 0 0 0 0 0 0
2079 25 0 0 0 0 0 0 0 0
2080 25 0 0 0 0 0 0 0 0
2081 25 0 0 0 0 0 0 0 0
2082 25 0 0 0 0 0 0 0 0
2083 25 0 0 0 0 0 0 0 0
2085 12 1 1 12 0 0 0 0 0
2089 12 0 0 0 0 0 0 0 0
2090 12 0 0 0 0 0 0 0 0
2091 12 0 0 0 0 0 0 0 0
2097 12 0 0 0 0 0 0 0 0
2098 12 0 0 0 0 0 0 0 0
2100 24 0 0 0 0 0 0 0 0
2104 19 0 0 0 0 0 0 0 0
2105 19 0 0 0 0 0 0 0 0
2108 19 0 0 19 3 2 0 0 0
2109 19 1 1 19 4 2 0 0 0
2110 19 0 0 0 0 0 0 0 0
2113 19 0 0 0 0 0 0 0 0
2114 19 0 0 0 0 0 0 0 0
2115 19 0 0 0 0 0 0 0 0
2121 19 0 0 0 0 0 0 0 0
2122 19 0 0 0 0 0 0 0 0
2123 19 0 0 0 0 0 0 0 0
2124 19 0 0 0 0 0 0 0 0
2125 19 0 0 0 0 0 0 0 0
2126 19 0 0 0 0 0 0 0 0
2133 10 0 0 0 0 0 0 0 0
2134 10 0 0 0 0 0 0 0 0
2136 10 0 0 0 0 0 0 0 0
2137 10 0 0 0 0 0 0 0 0
2139 10 1 1 10 1 1 0 0 0
2140 10 0 0 10 0 0 0 0 0
2141 10 0 0 0 0 0 0 0 0
2144 10 0 0 0 0 0 0 0 0
2145 10 0 0 0 0 0 0 0 0
2146 10 0 0 0 0 0 0 0 0
2152 10 0 0 0 0 0 0 0 0
2153 10 0 0 0 0 0 0 0 0
2154 10 0 0 0 0 0 0 0 0
2155 10 0 0 0 0 0 0 0 0
2156 10 0 0 0 0 0 0 0 0
2157 10 0 0 0 0 0 0 0 0
2164 7 0 0 0 0 0 0 0 0
2165 7 0 0 0 0 0 0 0 0
2166 7 1 1 0 0 0 0 0 0
2200 433 0 0 0 0 0 0 0 0
2202 800 1 1 0 0 0 0 0 0
2203 800 0 0 0 0 0 0 0 0
2204 800 0 0 0 0 0 0 0 0
2205 800 0 0 0 0 0 0 0 0
2206 1455 0 0 0 0 0 0 0 0
2211 4141 6 1 0 0 0 0 0 0
2217 4141 0 0 4141 0 0 0 0 0
2218 4141 0 0 4141 0 0 0 0 0
2226 4141 0 0 0 0 0 0 0 0
2227 4141 0 0 4141 0 0 0 0 0
fl=/build/glibc-OTsEL5/glibc-2.27/string/../sysdeps/x86_64/strcspn.S
fn=strcspn
30 1 1 1 0 0 0 0 0 0
37 1 0 0 0 0 0 0 0 0
38 1 0 0 0 0 0 0 0 0
40 1 0 0 0 0 0 0 0 0
41 1 0 0 0 0 0 0 0 0
42 1 0 0 0 0 0 0 0 0
43 1 0 0 0 0 0 0 0 0
44 33 0 0 0 0 0 32 4 4
47 2 0 0 0 0 0 0 0 0
54 1 0 0 1 0 0 0 0 0
55 1 0 0 0 0 0 0 0 0
56 1 0 0 0 0 0 0 0 0
57 1 0 0 0 0 0 1 0 0
59 1 0 0 1 0 0 0 0 0
60 1 0 0 0 0 0 0 0 0
61 1 1 1 0 0 0 0 0 0
62 1 0 0 0 0 0 1 0 0
64 1 0 0 1 0 0 0 0 0
65 1 0 0 0 0 0 0 0 0
66 1 0 0 0 0 0 0 0 0
75 3 0 0 0 0 0 0 0 0
87 12 0 0 0 0 0 0 0 0
89 12 0 0 12 0 0 0 0 0
90 12 0 0 12 0 0 0 0 0
91 12 0 0 0 0 0 0 0 0
93 12 0 0 12 0 0 0 0 0
94 12 0 0 12 0 0 0 0 0
95 12 0 0 0 0 0 0 0 0
97 12 0 0 12 0 0 0 0 0
98 12 0 0 12 0 0 0 0 0
99 12 0 0 0 0 0 0 0 0
101 12 0 0 12 1 1 0 0 0
102 12 0 0 12 0 0 0 0 0
103 12 0 0 0 0 0 0 0 0
105 1 0 0 0 0 0 0 0 0
106 1 0 0 0 0 0 0 0 0
107 1 0 0 0 0 0 0 0 0
109 1 0 0 0 0 0 0 0 0
116 1 0 0 0 0 0 0 0 0
120 1 0 0 1 0 0 0 0 0
fl=/build/glibc-OTsEL5/glibc-2.27/string/strdup.c
fn=strdup
40 24 1 1 0 0 0 12 0 0
41 12 0 0 0 0 0 6 0 0
42 12 0 0 0 0 0 6 0 0
44 12 0 0 0 0 0 0 0 0
47 24 0 0 0 0 0 0 0 0
48 18 0 0 12 0 0 0 0 0
fl=/build/glibc-OTsEL5/glibc-2.27/time/../sysdeps/generic/dl-hash.h
fn=gettimeofday
43 1 0 0 0 0 0 0 0 0
44 1 0 0 0 0 0 0 0 0
45 13 0 0 4 0 0 0 0 0
48 12 0 0 0 0 0 0 0 0
62 16 0 0 0 0 0 0 0 0
67 1 0 0 0 0 0 0 0 0
fn=time
44 2 0 0 0 0 0 0 0 0
45 26 0 0 8 2 1 0 0 0
48 24 0 0 0 0 0 0 0 0
62 32 1 1 0 0 0 0 0 0
67 2 0 0 0 0 0 0 0 0
fl=/build/glibc-OTsEL5/glibc-2.27/time/../sysdeps/unix/sysv/linux/x86/gettimeofday.c
fn=gettimeofday
42 16 3 3 1 0 0 4 0 0
fl=/build/glibc-OTsEL5/glibc-2.27/time/../sysdeps/unix/sysv/linux/x86/time.c
fn=time
43 34 2 2 2 0 0 8 0 0
fl=/build/glibc-OTsEL5/glibc-2.27/wcsmbs/../sysdeps/x86_64/multiarch/ifunc-avx2.h
fn=wcschr
30 8 0 0 0 0 0 0 0 0
32 6 2 2 4 0 0 0 0 0
fn=wcslen
30 4 0 0 0 0 0 0 0 0
32 3 2 2 2 0 0 0 0 0
fn=wmemchr
30 8 0 0 0 0 0 0 0 0
32 6 1 1 4 0 0 0 0 0
fl=/build/glibc-OTsEL5/glibc-2.27/wcsmbs/../sysdeps/x86_64/multiarch/ifunc-wmemset.h
fn=wmemset
30 6 0 0 0 0 0 0 0 0
32 8 1 1 4 0 0 0 0 0
34 8 1 1 0 0 0 0 0 0
35 2 0 0 0 0 0 0 0 0
fl=/build/glibc-OTsEL5/glibc-2.27/wcsmbs/../sysdeps/x86_64/multiarch/wcschr.c
fn=wcschr
31 2 0 0 2 0 0 0 0 0
fl=/build/glibc-OTsEL5/glibc-2.27/wcsmbs/../sysdeps/x86_64/multiarch/wcslen.c
fn=wcslen
29 1 0 0 1 0 0 0 0 0
fl=/build/glibc-OTsEL5/glibc-2.27/wcsmbs/../sysdeps/x86_64/multiarch/wcsnlen.c
fn=wcsnlen
38 3 0 0 0 0 0 0 0 0
40 3 1 1 2 0 0 0 0 0
49 1 0 0 1 0 0 0 0 0
fl=/build/glibc-OTsEL5/glibc-2.27/wcsmbs/../sysdeps/x86_64/multiarch/wmemchr.c
fn=wmemchr
31 2 0 0 2 0 0 0 0 0
fl=/build/glibc-OTsEL5/glibc-2.27/wcsmbs/../sysdeps/x86_64/multiarch/wmemset.c
fn=wmemset
31 2 0 0 2 0 0 0 0 0
fl=/build/glibc-OTsEL5/glibc-2.27/wcsmbs/./wcsmbsload.h
fn=btowc
70 384 0 0 128 1 0 0 0 0
72 384 1 1 0 0 0 0 0 0
73 256 0 0 0 0 0 0 0 0
fl=/build/glibc-OTsEL5/glibc-2.27/wcsmbs/btowc.c
fn=btowc
33 1792 1 1 256 0 0 1024 0 0
38 1536 1 1 0 0 0 0 0 0
43 768 0 0 0 0 0 0 0 0
47 384 0 0 384 1 0 0 0 0
48 256 0 0 256 2 0 0 0 0
50 256 0 0 128 1 0 0 0 0
55 512 0 0 128 0 0 0 0 0
58 640 0 0 128 0 0 256 0 0
99 2048 1 1 1536 0 0 0 0 0
fl=/build/glibc-OTsEL5/glibc-2.27/wcsmbs/wctob.c
fn=wctob
31 1152 1 1 128 0 0 768 0 0
40 256 0 0 0 0 0 0 0 0
45 512 0 0 0 0 0 0 0 0
82 1280 1 1 1024 0 0 0 0 0
fl=/build/glibc-OTsEL5/glibc-2.27/wctype/wctype_l.c
fn=wctype_l
27 90 2 2 0 0 0 60 0 0
30 20 0 0 0 0 0 10 0 0
33 30 0 0 20 1 0 0 0 0
34 58 0 0 0 0 0 0 0 0
36 174 0 0 0 0 0 58 0 0
38 410 1 1 0 0 0 49 0 0
41 48 0 0 0 0 0 0 0 0
42 96 0 0 48 0 0 0 0 0
46 10 0 0 10 1 0 0 0 0
47 10 0 0 10 2 0 0 0 0
48 80 0 0 70 0 0 0 0 0
fl=???
fn=???
0 5393418 26585 369 3666016 33465 130 292960 34 15
fn=AG_element_rank(long, long*, long, long, long&)
0 172368 402 6 19152 0 0 19152 0 0
fn=AG_element_unrank(long, long*, long, long, long)
0 3609508 1493 11 146335 0 0 285689 1004 53
fn=Gram_matrix(finite_field&, long, long, long, long, long, long*&)
0 228 7 7 27 0 0 51 0 0
fn=Heapsort_general(void*, long, long (*)(void*, long, long, void*), void (*)(void*, long, long, void*), void*)
0 6867 40 6 688 0 0 849 0 0
fn=INT_log10(long)
0 836322 2131 4 98952 0 0 49476 0 0
fn=INT_log2(long)
0 34 2 2 2 0 0 0 0 0
fn=INT_matrix_print(long*, long, long)
0 25599 1242 18 6003 0 0 4416 0 0
fn=INT_matrix_write_csv(char const*, long*, long, long)
0 106 12 12 22 0 0 23 0 0
fn=INT_n_choose_k(long, long)
0 3904 228 4 854 0 0 976 1 0
fn=INT_set_print(std::ostream&, long*, long)
0 2092 225 8 280 0 0 387 0 0
fn=INT_set_print_tex(std::ostream&, long*, long)
0 5313 405 7 759 73 0 1104 0 0
fn=INT_set_print_tex_for_inline_text(std::ostream&, long*, long)
0 2898 7 7 378 32 0 630 0 0
fn=INT_swap(long&, long&)
0 667190 1693 2 400314 212 0 266876 0 0
fn=INT_vec_apply(long*, long*, long*, long)
0 24729 571 11 9013 3489 2035 4328 319 0
fn=INT_vec_classify(long, long*, long*&, long*&, long*&, long&, long*&, long*&)
0 186 9 5 42 0 0 60 0 0
fn=INT_vec_classify_with_arrays(long, long*, long*, long*, long*, long&, long*, long*)
0 17288 48 34 6698 12 1 3104 292 197
fn=INT_vec_compare(long*, long*, long)
0 37664 1500 6 9416 365 0 0 0 0
fn=INT_vec_complement(long*, long*, long, long)
0 18688 2538 8 1424 0 0 792 0 0
fn=INT_vec_complement(long*, long, long)
0 6836651 4784 31 408466 0 0 299335 22 2
fn=INT_vec_copy(long*, long*, long)
0 21823294 13878 32 3249369 22417 0 2942992 67375 1243
fn=INT_vec_heapsort(long*, long)
0 10119362 3701 5 1121857 87 0 998002 0 0
fn=INT_vec_heapsort_with_log(long*, long*, long)
0 16783492 3437 12 2860076 7917 0 2323981 4 0
fn=INT_vec_is_zero(long*, long)
0 18942 1804 4 3608 0 0 0 0 0
fn=INT_vec_print(std::ostream&, long*, long)
0 3945 1519 11 177 16 0 339 0 0
fn=INT_vec_print_fully(std::ostream&, long*, long)
0 82251 3052 16 11325 106 0 17340 0 0
fn=INT_vec_print_to_str(char*, long*, long)
0 1205275 17 8 141641 0 0 332684 1 0
fn=INT_vec_quicksort(long*, long (*)(long, long), long, long) [clone .part.4]
0 20983 22 22 5245 0 0 2805 1 0
fn=INT_vec_quicksort_increasingly(long*, long)
0 8635 147 147 1584 0 0 379 0 0
fn=INT_vec_search(long*, long, long, long&)
0 148799094 2961 4 13864608 463464 44 2197814 297 0
fn=INT_vec_search_vec(long*, long, long*, long, long*)
0 287570 1711 5 27114 10266 5 3960 0 0
fn=INT_vec_zero(long*, long)
0 16610 1061 6 0 0 0 0 0 0
fn=N1_rank(finite_field&, long*, long, long, long&)
0 5156640 30 25 1352736 0 0 1173600 0 0
fn=N1_unrank(finite_field&, long*, long, long, long)
0 9374912 3032 39 1718920 0 0 2175112 118 0
fn=N_unrank(finite_field&, long*, long, long, long)
0 249264 37 6 69240 0 0 76164 0 0
fn=PG_element_modified_not_in_subspace_perm(long, long, finite_field&, long*, long*, long)
0 471396 42 42 172668 8 0 76296 4778 0
fn=PG_element_normalize(finite_field&, long*, long, long)
0 3446851 27 26 591946 0 0 731682 4 0
fn=PG_element_normalize_from_front(finite_field&, long*, long, long)
0 56900 676 30 11639 0 0 12463 0 0
fn=PG_element_rank_modified(finite_field&, long*, long, long, long&)
0 245077206 62036 124 40827694 0 0 33972518 3 0
fn=PG_element_unrank_modified(finite_field&, long*, long, long, long)
0 138459182 35358 47 11762654 511 0 10845202 7264 196
fn=PG_element_unrank_modified(finite_field&, long*, long, long, long) [clone .constprop.17]
0 2367104 32 32 263288 0 0 228288 2 0
fn=Q_epsilon_rank(finite_field&, long*, long, long, long, long, long, long)
0 1280930 8 8 329382 0 0 256186 0 0
fn=Q_epsilon_unrank(finite_field&, long*, long, long, long, long, long, long, long)
0 2311122 837 11 560272 0 0 560272 3 0
fn=S_rank(finite_field&, long*, long, long, long&)
0 1103665 25 25 338376 0 0 240847 1 0
fn=S_unrank(finite_field&, long*, long, long, long)
0 1355290 728 26 267882 0 0 320721 234 1
fn=S_unrank(finite_field&, long*, long, long, long) [clone .constprop.31]
0 93670 447 6 23766 0 0 23766 0 0
fn=Sbar_rank(finite_field&, long*, long, long, long&)
0 5383756 42 38 1665841 0 0 1063278 2 0
fn=Sbar_unrank(finite_field&, long*, long, long, long)
0 9352782 6526 53 1531633 4 0 2063774 23794 23493
fn=UBYTE_move(unsigned char*, unsigned char*, long)
0 47842 1624 15 11331 0 0 10072 637 158
fn=Witt_index(long, long)
0 154 4 4 21 0 0 14 0 0
fn=Witt_index(long, long) [clone .part.4] [clone .constprop.40]
0 1066350 797 5 106635 0 0 0 0 0
fn=_GLOBAL__sub_I_DLX_f_write_tree
0 8 1 1 1 0 0 1 0 0
fn=_GLOBAL__sub_I__Z10count_Sbarll
0 8 1 1 1 0 0 1 0 0
fn=_GLOBAL__sub_I__Z11INT_vec_addPlS_S_l
0 8 1 1 1 1 0 1 0 0
fn=_GLOBAL__sub_I__Z12draw_densityPcPlllPKclS2_lllllllllllllllll
0 8 1 1 1 0 0 1 0 0
fn=_GLOBAL__sub_I__Z12orbits_pointPlS_lllll
0 8 0 0 1 0 0 1 0 0
fn=_GLOBAL__sub_I__Z12test_unipolyv
0 8 1 1 1 0 0 1 0 0
fn=_GLOBAL__sub_I__Z14nb_PG_elementsll
0 8 0 0 1 0 0 1 0 0
fn=_GLOBAL__sub_I__Z15page_table_initl
0 8 1 1 1 0 0 1 0 0
fn=_GLOBAL__sub_I__Z16double_vec_printPdl
0 8 0 0 1 0 0 1 0 0
fn=_GLOBAL__sub_I__Z16free_global_datav
0 8 1 1 1 0 0 1 0 0
fn=_GLOBAL__sub_I__Z18INT_vec_search_vecPllS_lS_
0 8 1 1 1 0 0 1 0 0
fn=_GLOBAL__sub_I__Z19diagonal_orbit_permlR12finite_fieldPlS1_l
0 8 0 0 1 0 0 1 0 0
fn=_GLOBAL__sub_I__Z23Hamming_distance_binarylll
0 8 1 1 1 0 0 1 0 0
fn=_GLOBAL__sub_I__Z27callback_partial_ovoid_testlPlPvl
0 8 1 1 1 0 0 1 0 0
fn=_GLOBAL__sub_I__Z27perm_group_element_image_ofR6actionlPvl
0 8 1 1 1 0 0 1 0 0
fn=_GLOBAL__sub_I__Z28design_parameters_admissiblelllR13discreta_base
0 8 0 0 1 0 0 1 0 0
fn=_GLOBAL__sub_I__Z28nauty_interface_graph_bitveclPhPlS0_S0_RlS0_S1_S0_S1_l
0 8 1 1 1 0 0 1 0 0
fn=_GLOBAL__sub_I__Z29magma_write_permutation_groupPKclPlS1_ll
0 8 1 1 1 0 0 1 0 0
fn=_GLOBAL__sub_I__Z29matrix_group_element_image_ofR6actionlPvl
0 8 1 1 1 0 0 1 0 0
fn=_GLOBAL__sub_I__Z31induced_action_element_image_ofR6actionlPvl
0 8 1 1 1 0 0 1 0 0
fn=_GLOBAL__sub_I__Z31vec_generators_is_trivial_groupR6Vector
0 8 1 1 1 0 0 1 0 0
fn=_GLOBAL__sub_I__Z37direct_product_group_element_image_ofR6actionlPvl
0 8 0 0 1 0 0 1 0 0
fn=_GLOBAL__sub_I__Z37schreier_vector_coset_rep_inv_generalP6actionPlS1_lRlS1_S1_S1_S1_llll
0 8 1 1 1 0 0 1 0 0
fn=_GLOBAL__sub_I__Z37wreath_product_group_element_image_ofR6actionlPvl
0 8 1 1 1 0 0 1 0 0
fn=_GLOBAL__sub_I__Z42create_automorphism_group_from_group_tablePKcPllS1_lRP17strong_generatorsl
0 8 0 0 1 0 0 1 0 0
fn=_GLOBAL__sub_I__Z52read_orbit_rep_and_candidates_from_files_and_processP6actionPclllPFvPllS2_lS2_RlPvlES4_RS2_S3_RP4simsRP17strong_generatorsS7_S3_S3_l
0 8 1 1 1 0 0 1 0 0
fn=_GLOBAL__sub_I__Z62create_sims_from_generators_with_target_group_order_factorizedP6actionP9vector_gePlll
0 8 1 1 1 0 0 1 0 0
fn=_GLOBAL__sub_I__Z9power_modlll
0 8 1 1 1 0 0 1 0 0
fn=_GLOBAL__sub_I__ZN10INT_matrixC2Ev
0 8 1 1 1 0 0 1 0 0
fn=_GLOBAL__sub_I__ZN10gl_classesC2Ev
0 8 1 1 1 0 0 1 0 0
fn=_GLOBAL__sub_I__ZN10graph_nodeC2Ev
0 8 1 0 1 0 0 1 0 0
fn=_GLOBAL__sub_I__ZN10orbit_nodeC2Ev
0 8 1 1 1 0 0 1 0 0
fn=_GLOBAL__sub_I__ZN10orthogonal12unrank_pointEPllll
0 8 1 1 1 0 0 1 0 0
fn=_GLOBAL__sub_I__ZN10perm_groupC2Ev
0 8 1 1 1 0 0 1 0 0
fn=_GLOBAL__sub_I__ZN10union_findC2Ev
0 8 1 1 1 0 0 1 0 0
fn=_GLOBAL__sub_I__ZN11arc_liftingC2Ev
0 8 1 1 1 0 0 1 0 0
fn=_GLOBAL__sub_I__ZN11file_outputC2Ev
0 8 1 1 1 0 0 1 0 0
fn=_GLOBAL__sub_I__ZN11finite_ringC2Ev
0 8 1 1 1 0 0 1 0 0
fn=_GLOBAL__sub_I__ZN11flag_orbitsC2Ev
0 8 1 1 1 0 0 1 0 0
fn=_GLOBAL__sub_I__ZN11graph_layerC2Ev
0 8 1 1 1 0 0 1 0 0
fn=_GLOBAL__sub_I__ZN11longintegerC2Ev
0 8 1 1 1 0 0 1 0 0
fn=_GLOBAL__sub_I__ZN11mp_graphicsC2Ev
0 8 1 1 1 0 0 1 0 0
fn=_GLOBAL__sub_I__ZN11set_of_setsC2Ev
0 8 1 1 1 0 0 1 0 0
fn=_GLOBAL__sub_I__ZN11spreadsheetC2Ev
0 8 0 0 1 0 0 1 0 0
fn=_GLOBAL__sub_I__ZN11upstep_work22upstep_subspace_actionEl
0 8 1 1 1 0 0 1 0 0
fn=_GLOBAL__sub_I__ZN11upstep_work28find_automorphism_by_tracingERlS0_ll
0 8 1 1 1 0 0 1 0 0
fn=_GLOBAL__sub_I__ZN11upstep_workC2Ev
0 8 1 1 1 0 0 1 0 0
fn=_GLOBAL__sub_I__ZN12brick_domainC2Ev
0 8 1 1 1 0 0 1 0 0
fn=_GLOBAL__sub_I__ZN12finite_field11copy_matrixEPlS0_ll
0 8 1 1 1 0 0 1 0 0
fn=_GLOBAL__sub_I__ZN12finite_fieldC2Ev
0 8 1 1 1 0 0 1 0 0
fn=_GLOBAL__sub_I__ZN12linear_groupC2Ev
0 8 1 1 1 0 0 1 0 0
fn=_GLOBAL__sub_I__ZN12matrix_groupC2Ev
0 8 1 1 1 0 0 1 0 0
fn=_GLOBAL__sub_I__ZN12page_storageC2Ev
0 8 1 1 1 0 0 1 0 0
fn=_GLOBAL__sub_I__ZN13clique_finder14open_tree_fileEPKcl
0 8 1 1 1 0 0 1 0 0
fn=_GLOBAL__sub_I__ZN13colored_graphC2Ev
0 8 1 1 1 0 0 1 0 0
fn=_GLOBAL__sub_I__ZN13decompositionC2Ev
0 8 1 1 1 0 0 1 0 0
fn=_GLOBAL__sub_I__ZN13discreta_baseC2Ev
0 8 0 0 1 0 0 1 0 0
fn=_GLOBAL__sub_I__ZN13eckardt_pointC2Ev
0 8 1 1 1 0 0 1 0 0
fn=_GLOBAL__sub_I__ZN13layered_graphC2Ev
0 8 0 0 1 0 0 1 0 0
fn=_GLOBAL__sub_I__ZN13memory_objectC2Ev
0 8 1 1 1 0 0 1 0 0
fn=_GLOBAL__sub_I__ZN13schreier_simsC2Ev
0 8 0 0 1 0 0 1 0 0
fn=_GLOBAL__sub_I__ZN13unusual_modelC2Ev
0 8 1 1 1 0 0 1 0 0
fn=_GLOBAL__sub_I__ZN14action_on_setsC2Ev
0 8 1 1 1 0 0 1 0 0
fn=_GLOBAL__sub_I__ZN14action_on_signC2Ev
0 8 0 0 1 0 0 1 0 0
fn=_GLOBAL__sub_I__ZN14classificationC2Ev
0 8 1 1 1 0 0 1 0 0
fn=_GLOBAL__sub_I__ZN14direct_productC2Ev
0 8 0 0 1 0 0 1 0 0
fn=_GLOBAL__sub_I__ZN14product_actionC2Ev
0 8 1 1 1 0 0 1 0 0
fn=_GLOBAL__sub_I__ZN14recoordinatizeC2Ev
0 8 0 0 1 0 0 1 0 0
fn=_GLOBAL__sub_I__ZN14surface_objectC2Ev
0 8 1 1 1 0 0 1 0 0
fn=_GLOBAL__sub_I__ZN14unipoly_domainC2EP12finite_field
0 8 0 0 1 0 0 1 0 0
fn=_GLOBAL__sub_I__ZN14vector_hashingC2Ev
0 8 0 0 1 0 0 1 0 0
fn=_GLOBAL__sub_I__ZN14wreath_productC2Ev
0 8 1 1 1 0 0 1 0 0
fn=_GLOBAL__sub_I__ZN15action_on_andreC2Ev
0 8 1 1 1 0 0 1 0 0
fn=_GLOBAL__sub_I__ZN15action_on_flagsC2Ev
0 8 1 1 1 0 0 1 0 0
fn=_GLOBAL__sub_I__ZN15flag_orbit_nodeC2Ev
0 8 0 0 1 0 0 1 0 0
fn=_GLOBAL__sub_I__ZN15group_selectionC2Ev
0 8 1 1 1 0 0 1 0 0
fn=_GLOBAL__sub_I__ZN15rainbow_cliquesC2Ev
0 8 1 1 1 0 0 1 0 0
fn=_GLOBAL__sub_I__ZN16action_on_bricksC2Ev
0 8 1 1 1 0 0 1 0 0
fn=_GLOBAL__sub_I__ZN16action_on_cosetsC2Ev
0 8 1 1 1 0 0 1 0 0
fn=_GLOBAL__sub_I__ZN16action_on_orbitsC2Ev
0 8 1 1 1 0 0 1 0 0
fn=_GLOBAL__sub_I__ZN16design_parameterC2Ev
0 8 1 1 1 0 0 1 0 0
fn=_GLOBAL__sub_I__ZN16number_partitionC2Ev
0 8 1 1 1 0 0 1 0 0
fn=_GLOBAL__sub_I__ZN16poset_orbit_node18read_memory_objectEP6actionP13memory_objectRll
0 8 1 1 1 0 0 1 0 0
fn=_GLOBAL__sub_I__ZN16poset_orbit_node20apply_fusion_elementEP20poset_classificationllllll
0 8 1 1 1 0 0 1 0 0
fn=_GLOBAL__sub_I__ZN16poset_orbit_node31setup_factor_space_action_lightEP20poset_classificationR22action_on_factor_spacell
0 8 1 1 1 0 0 1 0 0
fn=_GLOBAL__sub_I__ZN16poset_orbit_node54orbit_representative_and_coset_rep_inv_subspace_actionEP20poset_classificationllRlRPll
0 8 0 0 1 0 0 1 0 0
fn=_GLOBAL__sub_I__ZN16poset_orbit_node8downstepEP20poset_classificationllllll
0 8 0 0 1 0 0 1 0 0
fn=_GLOBAL__sub_I__ZN16poset_orbit_nodeC2Ev
0 8 1 1 1 0 0 1 0 0
fn=_GLOBAL__sub_I__ZN16projective_spaceC2Ev
0 8 0 0 1 0 0 1 0 0
fn=_GLOBAL__sub_I__ZN17strong_generators30init_linear_group_from_scratchERP6actionP12finite_fieldlllllll
0 8 1 1 1 0 0 1 0 0
fn=_GLOBAL__sub_I__ZN17strong_generatorsC2Ev
0 8 1 1 1 0 0 1 0 0
fn=_GLOBAL__sub_I__ZN18grassmann_embeddedC2Ev
0 8 0 0 1 0 0 1 0 0
fn=_GLOBAL__sub_I__ZN18longinteger_domain7compareER18longinteger_objectS1_
0 8 1 1 1 0 0 1 0 0
fn=_GLOBAL__sub_I__ZN18set_and_stabilizerC2Ev
0 8 0 0 1 0 0 1 0 0
fn=_GLOBAL__sub_I__ZN18subfield_structureC2Ev
0 8 1 1 1 0 0 1 0 0
fn=_GLOBAL__sub_I__ZN19action_on_k_subsetsC2Ev
0 8 0 0 1 0 0 1 0 0
fn=_GLOBAL__sub_I__ZN19action_on_subgroupsC2Ev
0 8 1 1 1 0 0 1 0 0
fn=_GLOBAL__sub_I__ZN19incidence_structureC2Ev
0 8 1 1 1 0 0 1 0 0
fn=_GLOBAL__sub_I__ZN19surface_with_actionC2Ev
0 8 1 1 1 0 0 1 0 0
fn=_GLOBAL__sub_I__ZN20action_on_orthogonalC2Ev
0 8 1 1 1 0 0 1 0 0
fn=_GLOBAL__sub_I__ZN20action_on_spread_setC2Ev
0 8 1 1 1 0 0 1 0 0
fn=_GLOBAL__sub_I__ZN20klein_correspondenceC2Ev
0 8 1 1 1 0 0 1 0 0
fn=_GLOBAL__sub_I__ZN20poset_classification12housekeepingEllll
0 8 1 1 1 0 0 1 0 0
fn=_GLOBAL__sub_I__ZN20poset_classification14compute_orbitsEllll
0 8 1 1 1 0 0 1 0 0
fn=_GLOBAL__sub_I__ZN20poset_classification16find_isomorphismEPlS0_lS0_Rll
0 8 1 1 1 0 0 1 0 0
fn=_GLOBAL__sub_I__ZN20poset_classification17Plesken_matrix_upElRPlRll
0 8 1 1 1 0 0 1 0 0
fn=_GLOBAL__sub_I__ZN20poset_classification18nb_orbits_at_levelEl
0 8 1 1 1 0 0 1 0 0
fn=_GLOBAL__sub_I__ZN20poset_classification20recognize_start_overEllllRll
0 8 1 1 1 0 0 1 0 0
fn=_GLOBAL__sub_I__ZN20poset_classification28write_treefile_and_draw_treeEPcllllll
0 8 1 1 1 0 0 1 0 0
fn=_GLOBAL__sub_I__ZN20poset_classificationC2Ev
0 8 0 0 1 0 0 1 0 0
fn=_GLOBAL__sub_I__ZN21action_by_conjugationC2Ev
0 8 0 0 1 0 0 1 0 0
fn=_GLOBAL__sub_I__ZN21action_by_restrictionC2Ev
0 8 1 1 1 0 0 1 0 0
fn=_GLOBAL__sub_I__ZN21action_on_determinantC2Ev
0 8 0 0 1 0 0 1 0 0
fn=_GLOBAL__sub_I__ZN21classify_double_sixesC2Ev
0 8 1 1 1 0 0 1 0 0
fn=_GLOBAL__sub_I__ZN22action_on_factor_spaceC2Ev
0 8 1 1 1 0 0 1 0 0
fn=_GLOBAL__sub_I__ZN22action_on_grassmannianC2Ev
0 8 1 1 1 0 0 1 0 0
fn=_GLOBAL__sub_I__ZN22surface_classify_wedgeC2Ev
0 8 1 1 1 0 0 1 0 0
fn=_GLOBAL__sub_I__ZN23action_on_wedge_productC2Ev
0 8 0 0 1 0 0 1 0 0
fn=_GLOBAL__sub_I__ZN23design_parameter_sourceC2Ev
0 8 1 1 1 0 0 1 0 0
fn=_GLOBAL__sub_I__ZN23null_polarity_generatorC2Ev
0 8 0 0 1 0 0 1 0 0
fn=_GLOBAL__sub_I__ZN24action_by_representationC2Ev
0 8 1 1 1 0 0 1 0 0
fn=_GLOBAL__sub_I__ZN24classify_trihedral_pairsC2Ev
0 8 1 1 1 0 0 1 0 0
fn=_GLOBAL__sub_I__ZN24linear_group_descriptionC2Ev
0 8 0 0 1 0 0 1 0 0
fn=_GLOBAL__sub_I__ZN26layered_graph_draw_optionsC2Ev
0 8 1 1 1 0 0 1 0 0
fn=_GLOBAL__sub_I__ZN26surface_object_with_actionC2Ev
0 8 0 0 1 0 0 1 0 0
fn=_GLOBAL__sub_I__ZN27generators_symplectic_groupC2Ev
0 8 1 1 1 0 0 1 0 0
fn=_GLOBAL__sub_I__ZN28action_by_subfield_structureC2Ev
0 8 0 0 1 0 0 1 0 0
fn=_GLOBAL__sub_I__ZN29homogeneous_polynomial_domainC2Ev
0 8 1 1 1 0 0 1 0 0
fn=_GLOBAL__sub_I__ZN30action_by_right_multiplicationC2Ev
0 8 1 1 1 0 0 1 0 0
fn=_GLOBAL__sub_I__ZN31andre_construction_line_elementC2Ev
0 8 1 1 1 0 0 1 0 0
fn=_GLOBAL__sub_I__ZN32andre_construction_point_elementC2Ev
0 8 1 1 1 0 0 1 0 0
fn=_GLOBAL__sub_I__ZN33action_on_homogeneous_polynomialsC2Ev
0 8 1 1 1 0 0 1 0 0
fn=_GLOBAL__sub_I__ZN4flagC2Ev
0 8 0 0 1 0 0 1 0 0
fn=_GLOBAL__sub_I__ZN4simsC2Ev
0 8 1 1 1 0 0 1 0 0
fn=_GLOBAL__sub_I__ZN4treeC2Ev
0 8 1 1 1 0 0 1 0 0
fn=_GLOBAL__sub_I__ZN5groupC2Ev
0 8 1 1 1 0 0 1 0 0
fn=_GLOBAL__sub_I__ZN5mckay6tMCKAYC2Ev
0 8 1 1 1 0 0 1 0 0
fn=_GLOBAL__sub_I__ZN5solidC2Ev
0 8 0 0 1 0 0 1 0 0
fn=_GLOBAL__sub_I__ZN6VectorC2Ev
0 8 1 1 1 0 0 1 0 0
fn=_GLOBAL__sub_I__ZN6action12coset_unrankEP4simsS1_lPll
0 8 0 0 1 0 0 1 0 0
fn=_GLOBAL__sub_I__ZN6action20init_action_on_linesEPS_P12finite_fieldll
0 8 1 1 1 0 0 1 0 0
fn=_GLOBAL__sub_I__ZN6action38init_direct_product_group_and_restrictEP12matrix_groupS1_l
0 8 1 1 1 0 0 1 0 0
fn=_GLOBAL__sub_I__ZN6action8image_ofEPvl
0 8 1 1 1 0 0 1 0 0
fn=_GLOBAL__sub_I__ZN6actionC2Ev
0 8 1 1 1 0 0 1 0 0
fn=_GLOBAL__sub_I__ZN6bt_keyC2Ev
0 8 1 1 1 0 0 1 0 0
fn=_GLOBAL__sub_I__ZN6matrixC2Ev
0 8 0 0 1 0 0 1 0 0
fn=_GLOBAL__sub_I__ZN6memoryC2Ev
0 8 1 1 1 0 0 1 0 0
fn=_GLOBAL__sub_I__ZN7integerC2Ev
0 8 1 1 1 0 0 1 0 0
fn=_GLOBAL__sub_I__ZN7surfaceC2Ev
0 8 1 1 1 0 0 1 0 0
fn=_GLOBAL__sub_I__ZN7unipolyC2Ev
0 8 0 0 1 0 0 1 0 0
fn=_GLOBAL__sub_I__ZN8classifyC2Ev
0 8 1 1 1 0 0 1 0 0
fn=_GLOBAL__sub_I__ZN8databaseC2Ev
0 8 0 0 1 0 0 1 0 0
fn=_GLOBAL__sub_I__ZN8geometryC2Ev
0 8 0 0 1 0 0 1 0 0
fn=_GLOBAL__sub_I__ZN8schreierC2Ev
0 8 1 1 1 0 0 1 0 0
fn=_GLOBAL__sub_I__ZN9bitmatrixC2Ev
0 8 1 1 1 0 0 1 0 0
fn=_GLOBAL__sub_I__ZN9extensionC2Ev
0 8 1 1 1 0 0 1 0 0
fn=_GLOBAL__sub_I__ZN9fancy_setC2Ev
0 8 1 1 1 0 0 1 0 0
fn=_GLOBAL__sub_I__ZN9grassmannC2Ev
0 8 1 1 1 0 0 1 0 0
fn=_GLOBAL__sub_I__ZN9hjelmslevC2Ev
0 8 1 1 1 0 0 1 0 0
fn=_GLOBAL__sub_I__ZN9hollerithC2Ev
0 8 1 1 1 0 0 1 0 0
fn=_GLOBAL__sub_I__ZN9tree_nodeC2Ev
0 8 0 0 1 0 0 1 0 0
fn=_GLOBAL__sub_I__ZN9vector_geC2Ev
0 8 1 1 1 0 0 1 0 0
fn=_GLOBAL__sub_I__ZlsRSoR14partitionstack
0 8 1 1 1 0 0 1 0 0
fn=_GLOBAL__sub_I_arcs_8_10_size
0 8 1 1 1 0 0 1 0 0
fn=_GLOBAL__sub_I_current_permutation_print_type
0 8 1 1 1 0 0 1 0 0
fn=_GLOBAL__sub_I_diophant_user_callback_solution_found
0 8 0 0 1 0 0 1 0 0
fn=_GLOBAL__sub_I_domain_stack_len
0 8 1 1 1 0 0 1 0 0
fn=_GLOBAL__sub_I_f_RootBF_free
0 8 1 1 1 0 0 1 0 0
fn=_GLOBAL__sub_I_f_memory_debug
0 29 2 2 4 1 0 12 3 3
fn=_GLOBAL__sub_I_finitefield_primes
0 8 1 1 1 0 0 1 0 0
fn=_GLOBAL__sub_I_longinteger_f_print_scientific
0 8 1 1 1 0 0 1 0 0
fn=_GLOBAL__sub_I_printing_mode_stack_size
0 8 0 0 1 0 0 1 0 0
fn=_GLOBAL__sub_I_t0
0 7 1 1 2 0 0 2 0 0
fn=__cpu_indicator_init
0 61 7 7 6 2 1 5 0 0
fn=__cxa_guard_acquire
0 31 3 3 12 1 0 6 0 0
fn=__cxa_guard_release
0 15 2 2 5 0 0 3 0 0
fn=__cxxabiv1::__si_class_type_info::__do_dyncast(long, __cxxabiv1::__class_type_info::__sub_kind, __cxxabiv1::__class_type_info const*, void const*, __cxxabiv1::__class_type_info const*, void const*, __cxxabiv1::__class_type_info::__dyncast_result&) const
0 3960 20 7 1210 0 0 990 0 0
fn=__cxxabiv1::__vmi_class_type_info::__do_dyncast(long, __cxxabiv1::__class_type_info::__sub_kind, __cxxabiv1::__class_type_info const*, void const*, __cxxabiv1::__class_type_info const*, void const*, __cxxabiv1::__class_type_info::__dyncast_result&) const
0 4087 230 16 1525 99 4 1098 7 0
fn=__dynamic_cast
0 9063 131 12 3249 200 12 1881 1 0
fn=__gnu_cxx::stdio_sync_filebuf<char, std::char_traits<char> >::overflow(int)
0 66206 654 2 9458 0 0 0 0 0
fn=__gnu_cxx::stdio_sync_filebuf<char, std::char_traits<char> >::sync()
0 28383 0 0 9461 1 1 0 0 0
fn=__gnu_cxx::stdio_sync_filebuf<char, std::char_traits<char> >::xsputn(char const*, long)
0 380160 1677 4 63360 737 1 0 0 0
fn=__gnu_cxx::stdio_sync_filebuf<wchar_t, std::char_traits<wchar_t> >::sync()
0 9 0 0 3 2 2 0 0 0
fn=__libc_csu_init
0 1245 3 3 181 25 0 181 0 0
fn=__static_initialization_and_destruction_0(int, int)
0 19 1 1 5 2 0 5 0 0
fn=_start
0 11 2 2 2 1 0 3 0 0
fn=action::action()
0 26588 2890 10 3468 0 0 17918 4230 23
fn=action::allocate_base_data(long)
0 268776 4010 23 123650 3 0 58008 5962 5936
fn=action::allocate_element_data()
0 46818 4345 16 8670 0 0 16762 610 0
fn=action::element_image_of(long, void*, long)
0 2483678 2631 2 2483678 6089 4 0 0 0
fn=action::element_image_of_low_level(long*, long*, void*, long)
0 10660 0 0 4264 112 1 0 0 0
fn=action::element_invert(void*, void*, long)
0 152480 662 0 152480 2883 2 0 0 0
fn=action::element_is_one(void*, long)
0 86592 1413 6 29766 976 1 18942 0 0
fn=action::element_linear_entry_ij(void*, long, long, long)
0 45815760 1485 0 45815760 305 0 0 0 0
fn=action::element_move(void*, void*, long)
0 112508 911 2 112508 3611 1 0 0 0
fn=action::element_mult(void*, void*, void*, long)
0 176228 1168 2 176228 1846 0 0 0 0
fn=action::element_one(void*, long)
0 35190 1078 2 35190 2057 1 0 0 0
fn=action::element_pack(void*, void*, long)
0 780 169 0 780 121 0 0 0 0
fn=action::element_print(void*, std::ostream&)
0 9 1 1 9 1 0 0 0 0
fn=action::element_print_for_make_element(void*, std::ostream&)
0 12 1 1 12 1 0 0 0 0
fn=action::element_print_latex(void*, std::ostream&)
0 68 26 2 68 25 0 0 0 0
fn=action::element_print_quick(void*, std::ostream&)
0 2380 309 1 595 261 1 0 0 0
fn=action::element_retrieve(long, void*, long)
0 124768 812 0 124768 1386 2 0 0 0
fn=action::element_store(void*, long)
0 2514 184 0 2514 2 0 0 0 0
fn=action::element_write_to_file_binary(long*, std::basic_ofstream<char, std::char_traits<char> >&, long)
0 7334 6 3 1544 5 0 1351 0 0
fn=action::element_write_to_memory_object(long*, memory_object*, long)
0 33939 3 3 10056 3 0 6285 0 0
fn=action::free_base_data()
0 34953 3437 5 7449 1449 0 10314 0 0
fn=action::free_element_data()
0 53289 5157 8 8595 1054 0 10887 0 0
fn=action::freeself()
0 35526 4574 8 6876 570 0 5730 0 0
fn=action::group_order(longinteger_object&)
0 26 4 2 12 0 0 4 0 0
fn=action::induced_action_by_restriction(action&, long, sims*, long, long*, long)
0 28690 2415 8 4228 362 2 9362 148 0
fn=action::induced_action_by_restriction_on_orbit_with_schreier_vector(action&, long, sims*, long*, long, long)
0 26112 2176 8 4080 819 0 8432 816 0
fn=action::induced_action_on_grassmannian(long, long)
0 126 11 11 17 5 0 38 0 0
fn=action::induced_action_on_wedge_product(action*, action_on_wedge_product*, long, sims*, long)
0 221 19 19 53 0 0 58 0 0
fn=action::init_function_pointers_induced_action()
0 25920 3454 12 576 0 0 13248 1179 0
fn=action::init_matrix_group_strong_generators_builtin(matrix_group*, long)
0 299 28 28 89 4 0 62 0 0
fn=action::init_projective_group(long, finite_field*, long, long, long)
0 491 48 45 131 24 8 122 13 0
fn=action::init_sims(sims*, long)
0 558611 43 43 265344 3699 0 95248 10479 0
fn=action::make_element(long*, long*, long)
0 36670 3987 15 7720 506 2 5790 0 0
fn=action::make_element_which_moves_a_line_in_PG3q(grassmann*, long, long*, long)
0 41723 4146 12 6406 68 1 8642 0 0
fn=action::map_a_set(long*, long*, long, long*, long)
0 126756 5324 5 33198 0 0 27162 1348 0
fn=action::move(void*, void*)
0 771 257 1 257 0 0 0 0 0
fn=action::null_function_pointers()
0 9248 1156 4 1734 0 0 5780 1703 7
fn=action::print_group_order(std::ostream&)
0 27 2 2 8 0 0 7 0 0
fn=action::print_info()
0 4522 430 35 1095 49 1 1097 0 0
fn=action::setup_linear_group_from_strong_generators(matrix_group*, long)
0 229 20 20 56 4 0 48 0 0
fn=action::~action()
0 573 573 0 0 0 0 0 0 0
fn=action_by_restriction::action_by_restriction()
0 2296 574 1 574 0 0 1722 87 0
fn=action_by_restriction::compute_image(action*, long*, long, long)
0 34670720 5262 4 11144160 208066 3 6191200 1002 1
fn=action_by_restriction::init(long, long*, long)
0 185757 8692 26 41143 6133 0 60172 22307 1
fn=action_by_restriction::init_from_sv(long*, long, long)
0 4305647 11661 48 798932 10583 2 584706 94273 0
fn=action_by_restriction::~action_by_restriction()
0 13752 1146 2 2292 578 0 1719 0 0
fn=action_on_grassmannian::action_on_grassmannian()
0 13 2 2 2 0 0 9 1 0
fn=action_on_grassmannian::compute_image_INT(action*, long*, long, long)
0 3198 112 1 1066 112 1 0 0 0
fn=action_on_grassmannian::compute_image_INT_ordinary(action*, long*, long, long)
0 82082 448 4 25584 112 1 12792 0 0
fn=action_on_grassmannian::init(action&, grassmann*, long)
0 70 5 5 21 0 0 22 0 0
fn=action_on_homogeneous_polynomials::action_on_homogeneous_polynomials()
0 14 1 1 3 0 0 8 1 0
fn=action_on_homogeneous_polynomials::init(action*, homogeneous_polynomial_domain*, long)
0 67 7 7 18 1 0 24 0 0
fn=action_on_wedge_product::action_on_wedge_product()
0 7 2 2 1 0 0 6 1 0
fn=action_on_wedge_product::compute_image_INT(action&, long*, long, long)
0 15271920 4196 3 6045135 1662 0 3181650 643 1
fn=action_on_wedge_product::compute_image_INT_low_level(action&, long*, long*, long*, long)
0 1023002014 15852 14 273831752 33 0 228760635 4894 4
fn=action_on_wedge_product::init(action&, long)
0 92 8 8 23 0 0 26 0 0
fn=action_on_wedge_product::unrank_point(long*, long)
0 1138610 60 1 455444 125 2 0 0 0
fn=action_print_symmetry_group_type(std::ostream&, symmetry_group_type)
0 375 88 13 0 0 0 0 0 0
fn=binomial_with_table(longinteger_object&, long, long)
0 847306 1921 39 254759 123 1 186503 10 1
fn=bitvector_m_ii(unsigned char*, long, long)
0 5695326 2 2 876204 401457 132386 438102 0 0
fn=block_swap_bytes(char*, long, long)
0 682104 9 9 145616 2 0 130292 0 0
fn=bool std::has_facet<std::codecvt<char, char, __mbstate_t> >(std::locale const&)
0 154 6 1 63 3 1 21 0 0
fn=bool std::has_facet<std::ctype<char> >(std::locale const&)
0 396 16 5 162 28 4 54 0 0
fn=bool std::has_facet<std::ctype<wchar_t> >(std::locale const&)
0 88 2 2 36 2 0 12 0 0
fn=bool std::has_facet<std::num_get<char, std::istreambuf_iterator<char, std::char_traits<char> > > >(std::locale const&)
0 396 8 2 162 8 1 54 0 0
fn=bool std::has_facet<std::num_get<wchar_t, std::istreambuf_iterator<wchar_t, std::char_traits<wchar_t> > > >(std::locale const&)
0 88 1 1 36 1 0 12 0 0
fn=bool std::has_facet<std::num_put<char, std::ostreambuf_iterator<char, std::char_traits<char> > > >(std::locale const&)
0 396 16 5 162 23 4 54 0 0
fn=bool std::has_facet<std::num_put<wchar_t, std::ostreambuf_iterator<wchar_t, std::char_traits<wchar_t> > > >(std::locale const&)
0 88 2 2 36 0 0 12 0 0
fn=callback_partial_ovoid_test(long, long*, void*, long)
0 198472 58 1 0 0 0 0 0 0
fn=classification::classification()
0 26 4 2 4 0 0 18 1 0
fn=classification::get_set_and_stabilizer(long, long)
0 2145 165 4 561 115 0 462 0 0
fn=classification::init(action*, action*, long, long, longinteger_object&, long)
0 604 28 14 46 0 0 160 0 0
fn=classification::print_latex(std::ostream&, char const*, long)
0 1969 20 20 529 9 0 404 0 0
fn=classification::write_file(std::basic_ofstream<char, std::char_traits<char> >&, long)
0 4327 14 7 1162 1 0 407 0 0
fn=classify::classify()
0 51 4 2 9 0 0 33 2 1
fn=classify::init(long*, long, long, long)
0 126 7 4 27 0 0 36 0 0
fn=classify_double_sixes::classify(long)
0 187 17 15 52 2 0 39 0 0
fn=classify_double_sixes::classify_double_sixes()
0 41 4 4 5 0 0 27 4 0
fn=classify_double_sixes::classify_partial_ovoids(long, long, long)
0 181 20 18 50 7 0 35 1 0
fn=classify_double_sixes::compute_neighbors(long)
0 193339 12 11 74459 776 517 43872 6280 0
fn=classify_double_sixes::downstep(long)
0 26552 2776 51 6575 1058 0 5952 11 5
fn=classify_double_sixes::identify_double_six(long*, long*, long&, long)
0 21308 1237 12 6910 978 0 3888 100 0
fn=classify_double_sixes::identify_five_plus_one(long*, long, long*, long&, long*, long)
0 37800 2690 13 12348 912 0 7812 52 0
fn=classify_double_sixes::init(surface_with_action*, linear_group*, int, char const**, long)
0 422 33 29 87 18 2 85 4 0
fn=classify_double_sixes::partial_ovoid_test(long*, long, long)
0 5904943 450 10 2967511 7404 0 1016639 0 0
fn=classify_double_sixes::print_five_plus_ones(std::ostream&)
0 8000 592 28 1663 352 0 1650 0 0
fn=classify_double_sixes::test_orbits(long)
0 31249 24 24 15158 796 1 4658 39 0
fn=classify_double_sixes::upstep(long)
0 62687 5414 85 20025 1477 0 11321 108 1
fn=classify_double_sixes::write_file(std::basic_ofstream<char, std::char_traits<char> >&, long)
0 1612 9 9 452 4 0 198 0 0
fn=classify_trihedral_pairs::classify_trihedral_pairs()
0 16 2 2 3 0 0 10 1 0
fn=classify_trihedral_pairs::init(surface_with_action*, long)
0 86 8 6 18 2 0 26 1 0
fn=code_INT4(char*&, int)
0 138348 913 5 37332 183 1 35136 291 0
fn=code_UBYTE(char*&, unsigned char)
0 49920 366 2 15600 0 0 12480 79 1
fn=compare_increasingly_INT(long, long)
0 5610 1 1 1235 0 0 0 0 0
fn=count_N1(long, long)
0 26 1 1 2 0 0 0 0 0
fn=count_S(long, long)
0 240 2 2 40 0 0 48 0 0
fn=count_Sbar(long, long)
0 192 1 1 32 0 0 40 0 0
fn=count_T1(long, long, long)
0 224 3 3 32 0 0 40 0 0
fn=count_T2(long, long)
0 218 3 3 26 0 0 42 0 0
fn=create_linear_group(sims*&, action*&, finite_field*, long, long, long, long, long, long, long)
0 68 11 9 18 4 0 16 2 1
fn=create_sims_from_generators_randomized(action*, vector_ge*, long, longinteger_object&, long)
0 16836 1459 18 2196 270 0 4392 0 0
fn=create_sims_from_generators_with_target_group_order_factorized(action*, vector_ge*, long*, long, long)
0 9504 502 9 2160 238 0 2376 0 0
fn=diophant::Aij(long, long)
0 2090 2 1 770 0 0 330 0 0
fn=diophant::Gij(long, long)
0 627 14 2 231 0 0 99 0 0
fn=diophant::RHSi(long)
0 50 7 1 30 0 0 0 0 0
fn=diophant::diophant()
0 510 55 6 60 0 0 330 45 33
fn=diophant::fill_coefficient_matrix_with(long)
0 301 2 2 129 0 0 33 0 0
fn=diophant::freeself()
0 1090 79 10 190 0 0 230 0 0
fn=diophant::get_solutions_full_length(long*&, long&, long)
0 5025 19 7 1426 0 0 676 27 20
fn=diophant::j_fst(long, long)
0 16157 90 22 5197 0 0 1123 0 0
fn=diophant::j_nxt(long, long)
0 12230 71 14 4034 0 0 1514 0 0
fn=diophant::open(long, long)
0 1315 48 16 113 0 0 363 0 0
fn=diophant::solve_all_betten(long)
0 7164 32 11 2056 0 0 1302 8 7
fn=diophant::solve_first_betten(long)
0 2281 129 18 491 0 0 384 0 0
fn=diophant::solve_next_betten(long) [clone .part.18]
0 9691 51 8 1228 0 0 1202 0 0
fn=diophant::~diophant()
0 550 41 8 200 0 0 120 0 0
fn=eckardt_point::eckardt_point()
0 765 1 1 765 0 0 0 0 0
fn=eckardt_point::init2(long, long)
0 1920 1 1 480 0 0 1440 0 0
fn=eckardt_point::init3(long, long, long)
0 1200 0 0 240 0 0 960 0 0
fn=eckardt_point::init_by_rank(long)
0 1275 4 4 330 0 0 285 16 16
fn=eckardt_point::latex_to_str_without_E(char*)
0 2640 7 7 690 0 0 585 0 0
fn=eckardt_point::rank()
0 19200 4 4 7440 0 0 2880 0 0
fn=eckardt_point::~eckardt_point()
0 720 0 0 720 0 0 0 0 0
fn=evaluate_bilinear_form(finite_field&, long*, long*, long, long*)
0 1424 10 10 302 5 5 318 0 0
fn=evaluate_hyperbolic_quadratic_form(finite_field&, long*, long, long)
0 2054228 12 11 456494 0 0 410845 0 0
fn=evaluate_quadratic_form(finite_field&, long*, long, long, long, long, long, long)
0 34 3 3 8 0 0 8 0 0
fn=extension::extension()
0 12408 29 1 4512 29 1 5640 810 0
fn=factor_prime_power(long, long&, long&)
0 93 8 8 6 0 0 9 0 0
fn=file_size(char const*)
0 95 10 2 15 0 0 25 0 0
fn=finite_field::Gauss_INT(long*, long, long, long*, long, long*, long, long, long, long)
0 2927071 11593 83 1147781 0 0 569754 849 5
fn=finite_field::Gauss_INT(long*, long, long, long*, long, long*, long, long, long, long) [clone .constprop.12]
0 69624179 80067 178 22339870 80448 0 13221711 11429 34
fn=finite_field::Gauss_easy(long*, long, long)
0 16906400 11282 33 4544231 0 0 2664934 9 0
fn=finite_field::Gauss_simple(long*, long, long, long*, long)
0 8424 34 1 648 0 0 3240 0 0
fn=finite_field::Gauss_step(long*, long*, long, long, long) [clone .constprop.17]
0 55022 2329 8 13981 0 0 14883 0 0
fn=finite_field::Pluecker_12(long*, long*)
0 1275510 3 3 497760 2 0 248880 0 0
fn=finite_field::Pluecker_13(long*, long*)
0 1275510 3 3 497760 0 0 248880 0 0
fn=finite_field::Pluecker_14(long*, long*)
0 1275510 3 3 497760 0 0 248880 0 0
fn=finite_field::Pluecker_23(long*, long*)
0 1275510 3 3 497760 0 0 248880 0 0
fn=finite_field::Pluecker_34(long*, long*)
0 1275510 3 3 497760 0 0 248880 0 0
fn=finite_field::Pluecker_42(long*, long*)
0 1275510 4 4 497760 0 0 248880 0 0
fn=finite_field::add(long, long)
0 1390895222 4773 6 449995513 46387 46 163634732 777 0
fn=finite_field::add3(long, long, long)
0 404430 1 1 62220 0 0 93330 0 0
fn=finite_field::add_vector(long*, long*, long*, long)
0 35032 1646 4 10872 0 0 10268 0 0
fn=finite_field::adjust_basis(long*, long*, long, long, long, long)
0 152438 7997 26 41492 0 0 27511 0 0
fn=finite_field::create_alpha_table(long)
0 38 5 5 8 0 0 9 0 0
fn=finite_field::create_alpha_table_prime_field(long)
0 238 4 4 62 0 0 35 2 2
fn=finite_field::create_tables_prime_field(long)
0 5335 6 6 359 0 0 367 42 42
fn=finite_field::evaluate_monomial(long*, long*, long)
0 63723800 36 4 13578320 2025 11 2709000 0 0
fn=finite_field::evaluate_quadratic_form_x0x3mx1x2(long*)
0 226594 1422 3 89445 68 0 41741 0 0
fn=finite_field::finite_field()
0 15 2 2 3 0 0 9 2 2
fn=finite_field::identity_matrix(long*, long)
0 7691511 13929 21 446688 1532 3 743282 10313 32
fn=finite_field::init(long, long)
0 43 6 6 8 0 0 11 0 0
fn=finite_field::init_override_polynomial(long, char const*, long)
0 1748 20 20 377 0 0 109 1 1
fn=finite_field::init_symbol_for_print(char const*)
0 27 2 2 3 0 0 7 0 0
fn=finite_field::intersect_subspaces(long, long, long*, long, long*, long&, long*, long)
0 263638 8987 15 58738 0 0 58738 0 0
fn=finite_field::inverse(long)
0 11718490 2314 7 5859245 8467 8 0 0 0
fn=finite_field::invert_matrix(long*, long*, long)
0 435 13 13 18 2 0 40 5 5
fn=finite_field::is_scalar_multiple_of_identity_matrix(long*, long, long&)
0 52380 2563 12 8742 0 0 5793 0 0
fn=finite_field::kernel_columns(long, long, long*, long*)
0 1980 396 0 0 0 0 0 0 0
fn=finite_field::matrix_get_kernel(long*, long, long, long*, long, long&, long&, long*)
0 1014326 9688 56 147039 0 0 87163 213 0
fn=finite_field::matrix_inverse(long*, long*, long, long)
0 107580 3664 4 15648 0 0 23472 0 0
fn=finite_field::matrix_invert(long*, long*, long*, long*, long, long)
0 6183648 18458 24 511000 769 0 862366 6312 25
fn=finite_field::mult(long, long)
0 1411417450 3337 8 395196886 46232 48 112913396 2877 4
fn=finite_field::mult_matrix(long*, long*, long*, long, long, long)
0 101519250 7 7 24069990 0 0 14882658 3 2
fn=finite_field::mult_matrix_matrix(long*, long*, long*, long, long, long)
0 88474684 11528 18 21568932 8527 0 13106284 21863 180
fn=finite_field::mult_vector_from_the_left(long*, long*, long*, long, long)
0 84045500 9252 14 19254060 7588 0 14364140 5203 6
fn=finite_field::mult_vector_from_the_right(long*, long*, long*, long, long)
0 1014 7 7 218 0 0 174 1 1
fn=finite_field::negate(long)
0 293380200 2185 6 122241750 2754 1 36672525 112 0
fn=finite_field::perp(long, long, long*, long*)
0 680 34 34 160 0 0 96 0 0
fn=finite_field::perp_standard(long, long, long*, long)
0 12993 5 5 1830 0 0 3111 0 0
fn=finite_field::perp_standard_with_temporary_data(long, long, long*, long*, long*, long*, long)
0 19764 11 11 4026 0 0 4209 0 0
fn=finite_field::perp_standard_with_temporary_data(long, long, long*, long*, long*, long*, long) [clone .constprop.8]
0 1985319 14696 42 545652 0 0 305516 591 1
fn=finite_field::primitive_root()
0 32 5 2 32 0 0 0 0 0
fn=finite_field::projective_action_from_the_right(long, long*, long*, long*, long, long)
0 10696700 5622 10 2444960 0 0 2139340 162 0
fn=flag_orbit_node::flag_orbit_node()
0 2527 4 2 798 2 1 1197 98 0
fn=flag_orbit_node::init(flag_orbits*, long, long, long, long, long, long*, strong_generators*, long)
0 6840 540 6 2250 0 0 2070 248 0
fn=flag_orbit_node::write_file(std::basic_ofstream<char, std::char_traits<char> >&, long)
0 5035 10 5 825 52 0 1120 0 0
fn=flag_orbits::flag_orbits()
0 18 4 2 2 0 0 16 0 0
fn=flag_orbits::init(action*, action*, long, long, long, long)
0 708 25 13 44 0 0 187 0 0
fn=flag_orbits::write_file(std::basic_ofstream<char, std::char_traits<char> >&, long)
0 24664 14 7 6676 2 0 2272 0 0
fn=gcd_INT(long, long)
0 3249176 1073 5 162073 0 0 0 0 0
fn=generalized_binomial(long, long, long)
0 5672916 2219 18 646263 0 0 803875 113 0
fn=generators_for_parabolic_subgroup(long, finite_field*, long, long, long*&, long&, long&, long)
0 569 39 39 190 0 0 104 2 0
fn=generators_for_stabilizer_of_three_collinear_points_in_PGL4(finite_field*, long, long*&, long&, long&, long)
0 324 19 19 80 0 0 78 0 0
fn=generators_for_stabilizer_of_triangle_in_PGL4(finite_field*, long, long*&, long&, long&, long)
0 247 19 19 62 0 0 65 0 0
fn=generators_to_strong_generators(action*, long, longinteger_object&, vector_ge*, strong_generators*&, long)
0 1680 167 9 196 32 0 448 28 0
fn=grassmann::grassmann()
0 450 14 4 100 0 0 225 0 0
fn=grassmann::init(long, long, finite_field*, long)
0 5730 109 17 729 2 0 1863 1 0
fn=grassmann::line_regulus_in_PG_3_q(long*&, long&, long)
0 2545 21 21 839 4 4 378 3 1
fn=grassmann::rank_INT(long)
0 1398949 7669 42 423151 329 7 220191 511 4
fn=grassmann::rank_INT_here(long*, long)
0 49728 266 2 15540 266 3 9324 0 0
fn=grassmann::unrank_INT(long, long)
0 683382 113 2 195252 114 2 162710 0 0
fn=grassmann::unrank_INT(long, long) [clone .part.3]
0 27995725 11048 61 8650014 1287 7 3776893 3168 18
fn=grassmann::unrank_INT_here(long*, long, long)
0 1263584 1487 4 394870 454 1 276409 1 0
fn=group::code_ascii(long)
0 60870 1003 10 26874 439 1 8658 44 1
fn=group::delete_strong_generators()
0 8432 816 3 1904 141 0 2448 0 0
fn=group::group()
0 8172 826 2 908 0 0 7264 17 0
fn=group::group_order(longinteger_object&)
0 17982 1068 2 8991 376 0 1998 0 0
fn=group::init(action*)
0 8172 856 1 908 0 0 7264 389 0
fn=group::init_strong_generators(vector_ge&, long*)
0 49107 2720 5 14982 33 0 11718 114 0
fn=group::init_strong_generators_by_hdl(long, long*, long*, long)
0 79149 5830 15 20916 1049 0 17503 26 0
fn=group::point_stabilizer_with_action(action*, group&, long, long)
0 21488 2992 10 5440 1597 0 6256 0 0
fn=group::schreier_sims(long)
0 42676 3266 4 11804 2134 0 11804 7 0
fn=group::~group()
0 46864 3025 5 9263 426 0 10537 0 0
fn=homogeneous_polynomial_domain::enumerate_points(long*, long*, long&, long)
0 2396948 24 6 740972 12 2 225848 125 0
fn=homogeneous_polynomial_domain::homogeneous_polynomial_domain()
0 120 3 2 30 0 0 60 17 14
fn=homogeneous_polynomial_domain::init(finite_field*, long, long, long, long)
0 1070 73 9 130 0 0 350 0 0
fn=homogeneous_polynomial_domain::make_monomials(long)
0 27073 204 30 7639 0 0 2129 39 31
fn=homogeneous_polynomial_domain_compare_monomial(void*, long, long, void*)
0 44509 100 13 15797 0 0 1755 0 0
fn=homogeneous_polynomial_domain_compare_monomial_with(void*, long, long*, void*)
0 161130 86 15 48942 0 0 4570 0 0
fn=homogeneous_polynomial_domain_swap_monomial(void*, long, long, void*)
0 17383 27 8 3706 0 0 3208 0 0
fn=i_power_j(long, long)
0 5337758 3011 10 319618 0 0 0 0 0
fn=ij2k(long, long, long)
0 240548670 1687 2 13363815 0 0 0 0 0
fn=incidence_structure::compute_TDO_safe(partitionstack&, long, long)
0 164 20 5 40 1 0 40 0 0
fn=incidence_structure::get_col_decomposition_scheme(partitionstack&, long*, long*, long, long*, long*, long, long*, long)
0 89911 108 27 40392 28 0 2786 0 0
fn=incidence_structure::incidence_structure()
0 36 8 2 4 0 0 32 3 0
fn=incidence_structure::init_by_matrix(long, long, long*, long)
0 120080 48 12 56412 3477 0 28252 3548 31
fn=incidence_structure::init_by_matrix2(long)
0 547266 281 71 176229 10817 0 8895 1220 0
fn=incidence_structure::init_by_set_of_sets(set_of_sets*, long)
0 10348 20 5 3396 286 0 1556 718 0
fn=incidence_structure::refine_column_partition_safe(partitionstack&, long)
0 68677 92 23 28671 428 0 2804 141 0
fn=incidence_structure::~incidence_structure()
0 152 16 3 24 0 0 20 0 0
fn=induced_action_element_image_of(action&, long, void*, long)
0 50142148 13848 12 13136914 1495 2 9383510 1212 2
fn=induced_action_element_invert(action&, void*, void*, long)
0 1093825 1851 2 306271 0 0 218765 0 0
fn=induced_action_element_is_one(action&, void*, long)
0 29013 615 2 7635 0 0 4581 0 0
fn=induced_action_element_move(action&, void*, void*, long)
0 1366800 1742 2 382704 1329 0 273360 0 0
fn=induced_action_element_mult(action&, void*, void*, void*, long)
0 1591689 1626 2 385864 0 0 289398 0 0
fn=induced_action_element_one(action&, void*, long)
0 315495 1894 2 83025 456 0 49815 42 0
fn=induced_action_element_retrieve(action&, long, void*, long)
0 993875 1356 2 278285 87 0 198775 0 0
fn=is_diagonal_matrix(long*, long)
0 167918 3476 10 14539 0 0 0 0 0
fn=is_prime(long)
0 26136 108 12 1089 0 0 0 0 0
fn=k2ij(long, long&, long&, long)
0 19525 5 5 825 0 0 1650 0 0
fn=klein_correspondence::init(finite_field*, orthogonal*, long)
0 3780088 27 27 808895 3859 0 902245 43070 15552
fn=klein_correspondence::klein_correspondence()
0 12 2 2 3 0 0 6 1 1
fn=latex_foot(std::ostream&)
0 84 7 7 1 0 0 25 0 0
fn=latex_head(std::ostream&, long, long, char const*, char const*, long, long, long, long, long, char const*)
0 971 77 77 13 0 0 326 0 0
fn=linear_group::init(linear_group_description*, long)
0 155 18 16 48 3 0 36 2 1
fn=linear_group::init_wedge_action(char*, long)
0 177 15 15 44 3 0 38 0 0
fn=linear_group::linear_group()
0 8 2 2 1 0 0 7 1 1
fn=linear_group_description::linear_group_description()
0 17 2 2 3 0 0 11 3 3
fn=linear_group_description::read_arguments(int, char const**, long)
0 696 31 31 332 7 7 60 0 0
fn=longinteger_domain::add(longinteger_object&, longinteger_object&, longinteger_object&)
0 166022 565 15 37556 62 0 13389 0 0
fn=longinteger_domain::add_in_place(longinteger_object&, longinteger_object&)
0 2277 207 2 552 0 0 621 0 0
fn=longinteger_domain::binomial(longinteger_object&, long, long, long)
0 1408452 1594 10 269555 2 0 392080 3 0
fn=longinteger_domain::compare(longinteger_object&, longinteger_object&)
0 15236 549 2 4688 0 0 2344 0 0
fn=longinteger_domain::compare_unsigned(longinteger_object&, longinteger_object&)
0 214657 3174 10 48128 317 0 0 0 0
fn=longinteger_domain::compare_unsigned(longinteger_object&, longinteger_object&) [clone .constprop.22]
0 2728934 8678 24 648476 744 1 0 0 0
fn=longinteger_domain::create_qnm1(longinteger_object&, long, long)
0 2000 6 6 400 0 0 600 0 0
fn=longinteger_domain::group_order_PGL(longinteger_object&, long, long, long)
0 118 6 6 14 0 0 28 0 0
fn=longinteger_domain::integral_division(longinteger_object&, longinteger_object&, longinteger_object&, longinteger_object&, long)
0 2390263 25030 63 426072 237 0 335540 546 0
fn=longinteger_domain::integral_division_by_INT(longinteger_object&, long, longinteger_object&, long&)
0 31507 2105 8 7073 0 0 10288 816 0
fn=longinteger_domain::integral_division_exact(longinteger_object&, longinteger_object&, longinteger_object&)
0 858 6 6 198 0 0 220 0 0
fn=longinteger_domain::mult(longinteger_object&, longinteger_object&, longinteger_object&)
0 5712 544 2 816 0 0 1360 0 0
fn=longinteger_domain::mult(longinteger_object&, longinteger_object&, longinteger_object&) [clone .constprop.21]
0 695045 3762 4 104682 0 0 174470 0 0
fn=longinteger_domain::mult(longinteger_object&, longinteger_object&, longinteger_object&) [clone .part.3]
0 4370908 11063 12 1112734 0 0 507370 2 0
fn=longinteger_domain::mult_in_place(longinteger_object&, longinteger_object&)
0 232 4 2 56 0 0 64 0 0
fn=longinteger_domain::mult_integer_in_place(longinteger_object&, long)
0 975 75 3 200 0 0 300 0 0
fn=longinteger_domain::multiply_up(longinteger_object&, long*, long)
0 408316 13175 14 79979 1997 3 82788 331 0
fn=longinteger_domain::power_int(longinteger_object&, long)
0 3142 15 15 360 0 0 868 0 0
fn=longinteger_domain::q_binomial(longinteger_object&, long, long, long, long)
0 6611 88 67 1592 5 2 1861 5 2
fn=longinteger_domain::q_binomial_no_table(longinteger_object&, long, long, long, long)
0 2695 27 27 643 0 0 853 4 2
fn=longinteger_domain::subtract_signless(longinteger_object&, longinteger_object&, longinteger_object&)
0 1168499 6081 10 343602 0 0 159812 0 0
fn=longinteger_object::as_INT()
0 703530 4015 6 147236 8 0 0 0 0
fn=longinteger_object::assign_to(longinteger_object&)
0 1231826 5627 5 387968 661 0 261162 8 1
fn=longinteger_object::create(long)
0 2293992 10445 12 205464 117 0 475755 102 0
fn=longinteger_object::freeself()
0 330216 420 2 116421 325 0 48687 0 0
fn=longinteger_object::is_one()
0 9320 1322 4 2545 0 0 455 0 0
fn=longinteger_object::is_zero()
0 1450218 5135 6 351154 1063 16 90853 0 0
fn=longinteger_object::longinteger_object()
0 550628 1237 2 137657 0 0 412971 2778 1208
fn=longinteger_object::normalize()
0 1337261 6251 13 303887 0 0 59865 0 0
fn=longinteger_object::one()
0 108066 2528 9 16116 1415 0 42152 275 0
fn=longinteger_object::print_not_scientific(std::ostream&)
0 28741 1519 7 7515 39 0 5301 0 0
fn=longinteger_object::print_to_string(char*)
0 34330 8 8 9668 0 0 4288 0 0
fn=longinteger_object::swap_with(longinteger_object&)
0 23075 17 2 12425 476 3 10650 0 0
fn=longinteger_object::~longinteger_object()
0 691241 813 0 220873 757 0 0 0 0
fn=main
0 631 64 59 129 36 7 144 6 4
fn=matrix_group::GL_copy(long*, long*)
0 290465 2042 2 58093 980 0 0 0 0
fn=matrix_group::GL_element_entry_ij(long*, long, long)
0 183263040 1393 1 137447280 5015 0 0 0 0
fn=matrix_group::GL_invert(long*, long*)
0 552279 2244 2 162435 1113 0 129948 0 0
fn=matrix_group::GL_invert_internal(long*, long*, long)
0 896572 9721 14 330316 1608 4 165158 148 0
fn=matrix_group::GL_is_one(long*)
0 31065 1760 8 11406 0 0 4716 0 0
fn=matrix_group::GL_mult(long*, long*, long*, long)
0 1276192 1688 4 279167 0 0 279167 0 0
fn=matrix_group::GL_mult_internal(long*, long*, long*, long)
0 3350004 7866 12 1036906 0 0 638096 0 0
fn=matrix_group::GL_one(long*)
0 520380 3309 8 241605 2141 0 92925 0 0
fn=matrix_group::GL_one_internal(long*)
0 68 4 4 32 6 0 16 0 0
fn=matrix_group::GL_pack(long*, unsigned char*)
0 4866001 2597 12 526830 1979 2 213831 0 0
fn=matrix_group::GL_print_easy(long*, std::ostream&)
0 215628 1574 10 60400 4 0 37448 0 0
fn=matrix_group::GL_print_easy_normalized(long*, std::ostream&)
0 3393 8 8 918 0 0 585 0 0
fn=matrix_group::GL_print_for_make_element(long*, std::ostream&)
0 3684 6 6 912 31 0 660 0 0
fn=matrix_group::GL_print_latex(long*, std::ostream&)
0 47124 364 28 12580 0 0 7684 0 0
fn=matrix_group::GL_unpack(unsigned char*, long*, long)
0 26498559 10803 8 2466561 5837 0 543096 3654 0
fn=matrix_group::action_from_the_right_all_types(long*, long*, long*, long)
0 12530420 5669 8 3973060 507 0 2444960 42 0
fn=matrix_group::allocate_data(long)
0 228 22 22 43 0 0 63 0 0
fn=matrix_group::compute_elt_size(long)
0 234 22 22 67 0 0 51 0 0
fn=matrix_group::image_of_element(long*, long, long)
0 16388352 5924 10 6069760 3608 2 3034880 18 0
fn=matrix_group::init_base(action*, long)
0 105 11 11 32 2 0 22 0 0
fn=matrix_group::init_base_projective(action*, long)
0 90 8 8 42 11 0 30 4 0
fn=matrix_group::init_projective_group(long, finite_field*, long, action*, long)
0 298 22 22 60 2 0 76 0 0
fn=matrix_group::make_element(long*, long*, long)
0 159225 2803 12 38600 140 1 22195 472 25
fn=matrix_group::matrix_group()
0 38 4 4 6 0 0 26 8 4
fn=matrix_group::setup_page_storage(long, long)
0 208 23 23 57 9 0 45 0 0
fn=matrix_group_base_len_projective_group(long, long, long, long)
0 40 4 4 10 0 0 8 0 0
fn=matrix_group_element_image_of(action&, long, void*, long)
0 6980224 1299 2 2124416 17 0 1820928 21 0
fn=matrix_group_element_image_of_low_level(action&, long*, long*, void*, long)
0 49036 112 1 14924 0 0 12792 0 0
fn=matrix_group_element_invert(action&, void*, void*, long)
0 617253 3973 4 227409 0 0 194922 0 0
fn=matrix_group_element_is_one(action&, void*, long)
0 36549 1419 6 10611 0 0 8253 0 0
fn=matrix_group_element_linear_entry_ij(action&, void*, long, long, long)
0 1145394000 4114 3 320710320 32 0 274894560 170 0
fn=matrix_group_element_move(action&, void*, void*, long)
0 1103767 3046 6 290465 306 0 232372 0 0
fn=matrix_group_element_mult(action&, void*, void*, void*, long)
0 797620 3319 4 279167 0 0 239286 0 0
fn=matrix_group_element_one(action&, void*, long)
0 241605 3145 6 74340 0 0 55755 0 0
fn=matrix_group_element_pack(action&, void*, void*, long)
0 34960 555 3 9200 0 0 7360 0 0
fn=matrix_group_element_print(action&, void*, std::ostream&)
0 603 6 6 225 1 0 126 0 0
fn=matrix_group_element_print_for_make_element(action&, void*, std::ostream&)
0 24 1 1 12 0 0 0 0 0
fn=matrix_group_element_print_latex(action&, void*, std::ostream&)
0 136 26 1 68 0 0 0 0 0
fn=matrix_group_element_print_quick(action&, void*, std::ostream&)
0 1190 28 1 595 0 0 0 0 0
fn=matrix_group_element_retrieve(action&, long, void*, long)
0 610983 1716 2 181032 411 0 158403 0 0
fn=matrix_group_element_store(action&, void*, long)
0 20112 606 2 8799 36 0 5028 0 0
fn=mem_object_registry::allocate_BYTE(long, char const*, int)
0 4374081 6177 5 1458027 35 0 1134021 1305 3
fn=mem_object_registry::allocate_INT(long, char const*, int)
0 4782750 4269 5 1434825 2106 1 1115975 3306 5
fn=mem_object_registry::allocate_OBJECT(void*, long, char const*, char const*, int)
0 152012 3781 6 48861 12 0 32574 12 0
fn=mem_object_registry::allocate_OBJECTS(void*, long, long, char const*, char const*, int)
0 10640 638 6 3420 33 0 2660 1 0
fn=mem_object_registry::allocate_PBYTE(long, char const*, int)
0 2040 13 3 612 2 0 476 3 0
fn=mem_object_registry::allocate_PINT(long, char const*, int)
0 286830 5324 6 86049 0 0 66927 0 0
fn=mem_object_registry::allocate_UBYTE(long, char const*, int)
0 15930 1741 7 5310 0 0 4130 0 0
fn=mem_object_registry::free_BYTE(char*, char const*, int)
0 4492124 3661 4 1283464 33 0 962598 3 0
fn=mem_object_registry::free_INT(long*, char const*, int)
0 4415628 1666 6 1261608 343 1 946206 0 0
fn=mem_object_registry::free_OBJECT(void*, char const*, int)
0 136296 2161 4 45432 2 0 30288 0 0
fn=mem_object_registry::free_OBJECTS(void*, char const*, int)
0 8991 575 4 2997 1 0 1998 0 0
fn=mem_object_registry::free_PBYTE(char**, char const*, int)
0 1148 17 4 328 0 0 246 0 0
fn=mem_object_registry::free_PINT(long**, char const*, int)
0 267092 2491 4 76312 0 0 57234 0 0
fn=mem_object_registry::free_UBYTE(unsigned char*, char const*, int)
0 16044 1719 3 4584 0 0 3438 0 0
fn=mem_object_registry::init(long)
0 9125 19 19 29 3 0 8027 878 875
fn=mem_object_registry::~mem_object_registry()
0 543 4 4 3 2 2 0 0 0
fn=memory_object::alloc(long, long)
0 33 3 3 7 0 0 11 0 0
fn=memory_object::append(long, char*, long)
0 79191 6 6 31425 0 0 18855 165 0
fn=memory_object::memory_object()
0 2 1 1 1 0 0 1 0 0
fn=memory_object::realloc(long, long) [clone .constprop.11]
0 194772 9 9 101602 531 0 67742 1059 0
fn=memory_object::write_int(long)
0 298903 3 3 130288 0 0 84305 472 0
fn=memory_object::~memory_object()
0 7 1 1 1 0 0 0 0 0
fn=nb_AG_elements(long, long)
0 16 0 0 0 0 0 0 0 0
fn=nb_PG_elements(long, long)
0 288 21 9 7 0 0 0 0 0
fn=nb_PG_elements_not_in_subspace(long, long, long)
0 392 14 14 8 0 0 0 0 0
fn=nb_pts_N1(long, long)
0 17004886 1341 15 4447609 0 0 4255245 5 0
fn=nb_pts_N1(long, long) [clone .constprop.36]
0 506176 397 2 253088 0 0 0 0 0
fn=nb_pts_Qepsilon(long, long, long)
0 66 2 2 15 0 0 18 0 0
fn=nb_pts_S(long, long)
0 8593477 801 4 2065275 0 0 1862854 1 0
fn=nb_pts_Sbar(long, long)
0 1420548 3 3 291776 0 0 327876 0 0
fn=operator delete(void*)
0 667606 2323 2 0 0 0 0 0 0
fn=operator delete(void*, unsigned long)
0 10096 0 0 0 0 0 0 0 0
fn=operator delete[](void*)
0 657256 2005 2 0 0 0 0 0 0
fn=operator delete[](void*, unsigned long)
0 124 0 0 0 0 0 0 0 0
fn=operator new(unsigned long)
0 4051140 1308 5 675190 2 0 675190 1288 2
fn=operator new[](unsigned long)
0 664078 1313 2 0 0 0 0 0 0
fn=operator<<(std::ostream&, longinteger_object&)
0 22114 992 14 6046 111 1 3799 0 0
fn=orbit_node::init(classification*, long, strong_generators*, long*, long)
0 1450 125 5 350 4 0 375 32 0
fn=orbit_node::orbit_node()
0 90 2 1 90 0 0 0 0 0
fn=orbit_node::write_file(std::basic_ofstream<char, std::char_traits<char> >&, long)
0 125 2 1 25 11 0 0 0 0
fn=ordered_pair_rank(long, long, long)
0 6240 2 2 480 0 0 0 0 0
fn=ordered_pair_unrank(long, long&, long&, long)
0 1070 11 11 90 0 0 120 11 11
fn=orthogonal::Siegel_Transformation(long*, long, long, long, long) [clone .constprop.56]
0 579 16 16 159 1 1 119 6 6
fn=orthogonal::canonical_points_L1(long, long, long&, long&)
0 6192 4 4 2448 0 0 1584 0 0
fn=orthogonal::canonical_points_L3(long, long, long&, long&)
0 1222 5 5 520 0 0 286 0 0
fn=orthogonal::canonical_points_L4(long, long, long&, long&)
0 1222 4 4 520 2 2 286 0 0
fn=orthogonal::evaluate_bilinear_form(long*, long*, long)
0 18758384 471 11 7187792 161 0 4382800 28 0
fn=orthogonal::evaluate_hyperbolic_bilinear_form(long*, long*, long, long) [clone .constprop.65]
0 4750 12 6 1650 0 0 950 0 0
fn=orthogonal::find_root(long, long) [clone .constprop.60]
0 6 2 2 2 0 0 0 0 0
fn=orthogonal::find_root_hyperbolic(long, long, long)
0 56 6 6 16 1 1 10 0 0
fn=orthogonal::find_root_hyperbolic_xyz(long, long, long*, long*, long*, long)
0 123 17 17 16 0 0 24 2 2
fn=orthogonal::hyperbolic_canonical_points_of_line(long, long, long, long&, long&, long)
0 6432 7 7 1584 0 0 1388 0 0
fn=orthogonal::hyperbolic_line_type_given_point_types(long, long, long, long)
0 4492 8 8 643 1 0 445 0 0
fn=orthogonal::hyperbolic_rank_line(long, long, long)
0 15352 13 13 3714 3 3 2376 0 0
fn=orthogonal::hyperbolic_unrank_line(long&, long&, long, long)
0 2182 5 5 546 4 0 0 0 0
fn=orthogonal::init(long, long, finite_field*, long)
0 1487 49 49 207 0 0 432 8 8
fn=orthogonal::init_hyperbolic(long)
0 1016 36 36 279 1 1 399 43 43
fn=orthogonal::lines_on_point_by_line_rank(long, long*, long) [clone .constprop.27]
0 19469 18 18 6687 9 6 2951 26 26
fn=orthogonal::make_Siegel_Transformation(long*, long*, long*, long, long*, long) [clone .constprop.59]
0 2053 23 23 794 0 0 456 0 0
fn=orthogonal::orthogonal()
0 66 3 3 9 0 0 48 21 21
fn=orthogonal::perp(long, long*, long&, long)
0 34744 8 7 9031 1 1 2754 1 0
fn=orthogonal::point_rk_to_type_and_index(long, long&, long&, long)
0 7168 3 3 1695 2 2 792 0 0
fn=orthogonal::points_on_line_by_line_rank(long, long*, long) [clone .constprop.28]
0 520576 10 10 217364 0 0 104076 344 344
fn=orthogonal::rank_Sbar(long*, long, long) [clone .constprop.61]
0 19043 12 7 4628 1 1 3423 2 1
fn=orthogonal::rank_line_L1(long, long, long)
0 41472 14 14 16848 0 0 8064 0 0
fn=orthogonal::rank_line_L3(long, long, long)
0 4594 11 11 1748 0 0 764 0 0
fn=orthogonal::rank_line_L4(long, long, long)
0 4594 13 13 1748 1 1 764 0 0
fn=orthogonal::rank_line_L5(long, long, long)
0 72 4 4 20 1 0 14 0 0
fn=orthogonal::rank_line_L6(long, long, long)
0 36 2 2 14 0 0 10 0 0
fn=orthogonal::rank_line_L7(long, long, long)
0 36 2 2 14 0 0 10 0 0
fn=orthogonal::rank_point(long*, long, long)
0 2457034 6 6 807792 3 0 437554 2 0
fn=orthogonal::triple_is_collinear(long, long, long)
0 4165 6 6 1519 0 0 1225 0 0
fn=orthogonal::type_and_index_to_point_rk(long, long, long) [clone .constprop.45]
0 46 3 3 22 0 0 10 0 0
fn=orthogonal::unrank_line_L1(long&, long&, long, long)
0 19008 13 13 5616 0 0 3744 0 0
fn=orthogonal::unrank_line_L3(long&, long&, long, long)
0 2784 9 9 864 0 0 600 0 0
fn=orthogonal::unrank_line_L4(long&, long&, long, long)
0 2784 9 9 864 0 0 600 0 0
fn=orthogonal::unrank_line_L5(long&, long&, long, long)
0 72 5 5 20 1 0 14 0 0
fn=orthogonal::unrank_line_L6(long&, long&, long, long)
0 60 3 3 16 0 0 18 0 0
fn=orthogonal::unrank_line_L7(long&, long&, long, long)
0 70 4 4 22 0 0 16 0 0
fn=orthogonal::unrank_point(long*, long, long, long)
0 2286768 1108 9 900848 917 1 692960 2 0
fn=orthogonal::unrank_point(long*, long, long, long) [clone .constprop.68]
0 11455 6 3 4740 0 0 3555 0 0
fn=os_memory_usage()
0 228 4 3 53 1 0 26 0 0
fn=os_ticks()
0 2716 114 4 970 1 0 388 2 1
fn=page_storage::init(long, long, long)
0 786646 16 16 393250 3 0 131134 2048 2046
fn=page_storage::page_storage()
0 8 2 2 2 0 0 6 2 1
fn=page_storage::s_i(long)
0 701499 3104 2 294177 2904 0 45258 0 0
fn=page_storage::store(unsigned char*)
0 95684 1512 15 33993 1154 6 15108 0 0
fn=partitionstack::allocate(long, long)
0 2096 96 24 68 4 0 1036 417 0
fn=partitionstack::allocate_and_get_decomposition(long*&, long*&, long&, long*&, long*&, long&, long)
0 494 28 7 165 0 0 121 5 0
fn=partitionstack::check()
0 23700 40 10 8760 0 0 60 4 0
fn=partitionstack::get_row_and_col_classes(long*, long&, long*, long&, long)
0 1377 34 8 553 4 0 264 1 0
fn=partitionstack::is_row_class(long)
0 80 4 1 56 0 0 0 0 0
fn=partitionstack::partitionstack()
0 48 8 2 12 0 0 24 4 0
fn=partitionstack::print_decomposition_scheme(std::ostream&, long*, long, long*, long, long*, long, long)
0 1354 110 30 399 0 0 272 0 0
fn=partitionstack::radix_sort(long, long, long*, long, long, long)
0 5512 108 27 1645 0 0 335 4 0
fn=partitionstack::radix_sort_bits(long, long, long*, long, long, long, long)
0 43140 167 45 16044 0 0 2843 33 0
fn=partitionstack::split_cell(long)
0 84 8 2 28 0 0 20 0 0
fn=partitionstack::split_cell_front_or_back(long*, long, long, long) [clone .constprop.16]
0 11776 32 8 3260 0 0 1104 0 0
fn=partitionstack::subset_continguous(long, long)
0 7336 8 2 1052 0 0 2092 131 2
fn=partitionstack::~partitionstack()
0 292 20 4 44 0 0 40 0 0
fn=perm_identity(long*, long)
0 22085650 9071 19 44884 6430 0 8556478 4268429 19281
fn=perm_inverse(long*, long*, long)
0 3141 5 3 963 0 0 960 118 89
fn=poset_classification::change_extension_type(long, long, long, long, long)
0 32984 1332 5 14664 2406 0 4512 0 0
fn=poset_classification::check_the_set(long, long*, long)
0 1671412 168 3 496180 0 0 347326 0 0
fn=poset_classification::compute_and_print_automorphism_group_orders(long, std::ostream&)
0 10770 154 16 3106 3 0 1598 0 0
fn=poset_classification::count_automorphism_group_orders(long, long&, longinteger_object*&, long*&, long)
0 88444 284 51 29442 580 0 8166 16 0
fn=poset_classification::count_extension_nodes_at_level(long)
0 400 15 3 234 28 0 20 19 0
fn=poset_classification::downstep(long, long, long, long, long)
0 4053 374 21 1266 137 0 779 4 0
fn=poset_classification::extend_level(long, long, long, long, long, long, long)
0 1070 105 19 290 10 0 235 0 0
fn=poset_classification::extend_node(long, long, long&, long, long, _IO_FILE*, long)
0 47438 1343 23 30125 964 0 11937 276 0
fn=poset_classification::find_poset_orbit_node_for_set(long, long*, long, long)
0 10023 1170 6 3084 257 0 2570 0 0
fn=poset_classification::find_poset_orbit_node_for_set_basic(long, long, long, long*, long, long)
0 51657 700 5 14135 123 0 5140 0 0
fn=poset_classification::get_node_ij(long, long)
0 1638 1 1 1092 0 0 0 0 0
fn=poset_classification::get_orbit_length_and_stabilizer_order(long, long, longinteger_object&, longinteger_object&)
0 16202 4 4 4647 77 0 4095 0 0
fn=poset_classification::get_set_and_stabilizer(long, long, long)
0 13756 1240 6 2896 433 0 3258 180 0
fn=poset_classification::get_set_by_level(long, long, long*)
0 14476 4 2 3619 245 0 2585 0 0
fn=poset_classification::get_stabilizer_generators(strong_generators*&, long, long, long) [clone .constprop.11]
0 13032 1086 6 2353 128 0 3258 181 0
fn=poset_classification::housekeeping(long, long, long, long)
0 1996 204 40 498 21 0 394 10 0
fn=poset_classification::init(action*, action*, strong_generators*, long, long)
0 489 43 43 108 2 0 116 1 0
fn=poset_classification::init_check_func(long (*)(long, long*, void*, long), void*)
0 4 1 1 1 0 0 3 0 0
fn=poset_classification::init_poset_orbit_node(long, long)
0 914 23 23 151 0 0 261 1 0
fn=poset_classification::level_progress(long)
0 319 21 1 203 0 0 0 0 0
fn=poset_classification::main(long, long, long, long, long)
0 551 61 21 104 13 0 111 0 0
fn=poset_classification::make_spreadsheet_of_orbit_reps(spreadsheet*&, long)
0 86127 72 72 10496 222 0 9386 207 0
fn=poset_classification::nb_orbits_at_level(long)
0 224 14 1 224 9 0 0 0 0
fn=poset_classification::orbit_length(long, long, longinteger_object&)
0 11308 905 5 2844 594 0 3077 0 0
fn=poset_classification::poset_classification()
0 71 10 10 10 4 4 53 16 0
fn=poset_classification::poset_classification_apply_fusion_element(long, long, long, long, long*, long*, long*, long*, long*, long, long)
0 18504 2056 8 7710 53 0 3598 0 0
fn=poset_classification::print_level_info(long, long)
0 12350 330 6 2280 103 0 3040 0 0
fn=poset_classification::print_problem_label()
0 78 15 1 52 5 0 0 0 0
fn=poset_classification::print_progress(long, double)
0 4503 245 5 869 70 1 790 0 0
fn=poset_classification::print_progress(long, long, long, long, long)
0 2291 134 6 435 33 0 522 0 0
fn=poset_classification::print_progress_by_level(long)
0 10011 168 8 3443 39 0 2363 0 0
fn=poset_classification::read_arguments(int, char const**, long)
0 793 16 16 373 9 9 44 0 0
fn=poset_classification::reallocate()
0 9845 26 13 2742 341 0 2740 116 0
fn=poset_classification::trace_set(long*, long, long, long*, long*, long)
0 52668 3745 11 11484 703 0 12672 0 0
fn=poset_classification::trace_set_recursion(long, long, long, long, long*, long*, long*, long*, long*, long, long)
0 242501 4431 16 88001 764 0 75413 27 0
fn=poset_classification::upstep(long, long, long)
0 3031 327 27 754 26 0 611 5 0
fn=poset_classification::write_file(std::basic_ofstream<char, std::char_traits<char> >&, long, long)
0 4477 28 28 1213 10 0 661 1 0
fn=poset_classification::write_lvl(std::ostream&, long, long, long, long, long)
0 3255 435 14 584 200 0 483 0 0
fn=poset_orbit_node::calc_size_on_file(action*, long)
0 11929 15 15 2433 1164 1 0 0 0
fn=poset_orbit_node::check_orbits(poset_classification*, schreier&, action&, long, long, long, long)
0 69997 375 14 28570 1758 0 4947 0 0
fn=poset_orbit_node::check_orbits_wrapper(poset_classification*, schreier&, action&, long, long, long&, long&, long, long)
0 1160 87 3 493 0 0 435 29 0
fn=poset_orbit_node::compute_point_stabilizer_in_standard_setting(poset_classification*, long, long, long, group&, longinteger_object&, group&, long, long, long) [clone .constprop.10]
0 24752 1904 7 6800 1273 0 6256 272 0
fn=poset_orbit_node::depth_of_node(poset_classification*)
0 25590 364 1 5544 1840 0 0 0 0
fn=poset_orbit_node::downstep(poset_classification*, long, long, long, long, long, long)
0 13995 1192 39 4608 293 0 2726 78 1
fn=poset_orbit_node::downstep_apply_early_test(poset_classification*, long, long, long*, long*, long&, long)
0 830370 458 15 282162 6080 0 178911 5061 0
fn=poset_orbit_node::downstep_get_invariant_subset(poset_classification*, long, long&, long*&, long&, long)
0 11758 203 8 3098 79 0 2926 317 0
fn=poset_orbit_node::downstep_implicit_fusion(poset_classification*, schreier&, action&, long, long, long, long, long, long)
0 957 116 4 319 0 0 290 0 0
fn=poset_orbit_node::downstep_orbit_test_and_schreier_vector(poset_classification*, schreier&, action&, long, long, long, long, long, long&, long&, long)
0 1943 203 7 696 63 0 551 0 0
fn=poset_orbit_node::downstep_orbits(poset_classification*, schreier&, action&, long, long, long&, long&, long)
0 3456 348 15 871 178 0 842 0 0
fn=poset_orbit_node::find_extension_from_point(poset_classification*, long, long)
0 280690 3485 6 87036 40306 1 0 0 0
fn=poset_orbit_node::find_extensions(poset_classification*, schreier&, action&, long, long, long)
0 61393 421 15 18352 1326 0 5252 20 0
fn=poset_orbit_node::freeself()
0 5460 1362 4 2184 405 5 819 0 0
fn=poset_orbit_node::get_nb_of_live_points()
0 1365 2 2 575 155 0 0 0 0
fn=poset_orbit_node::init_extension_node_prepare_G(poset_classification*, long, long, long, group&, longinteger_object&, long)
0 11152 1060 3 3808 546 0 2992 5 0
fn=poset_orbit_node::init_extension_node_prepare_H(poset_classification*, long, long, long, group&, longinteger_object&, group&, longinteger_object&, long, long, long)
0 21488 2346 8 7072 1088 0 5984 0 0
fn=poset_orbit_node::init_root_node(poset_classification*, long)
0 260 11 11 76 0 0 58 1 0
fn=poset_orbit_node::install_fusion_node(poset_classification*, long, long, long, long, long, long, long, long, long, long)
0 78752 3221 7 33384 308 0 18832 426 0
fn=poset_orbit_node::log_current_node(poset_classification*, long, std::ostream&, long, long)
0 56258 3475 28 13445 1839 0 11159 182 0
fn=poset_orbit_node::null()
0 2100 4 1 300 0 0 1800 0 0
fn=poset_orbit_node::poset_orbit_node()
0 4900 6 2 700 0 0 4200 783 0
fn=poset_orbit_node::print_extensions(poset_classification*)
0 3252 247 9 727 84 0 517 0 0
fn=poset_orbit_node::print_extensions(std::ostream&)
0 1940 211 14 600 0 0 418 0 0
fn=poset_orbit_node::print_set(poset_classification*)
0 6675 371 13 1757 39 0 860 0 0
fn=poset_orbit_node::relabel_schreier_vector(action&, long)
0 361043 324 13 161980 15681 0 80426 0 0
fn=poset_orbit_node::store_set(poset_classification*, long)
0 36281 3466 9 12511 2480 0 2970 443 0
fn=poset_orbit_node::store_set_to(poset_classification*, long, long*)
0 80027 2328 6 22526 444 0 6981 517 0
fn=poset_orbit_node::store_strong_generators(poset_classification*, strong_generators*)
0 14407 1093 5 4572 53 0 3450 340 0
fn=poset_orbit_node::test_point_using_check_functions(poset_classification*, long, long, long*, long)
0 1835866 232 4 446562 116 0 396944 14 0
fn=poset_orbit_node::trace_next_point(poset_classification*, long, long, long, long*, long*, long*, long*, long, long&, long)
0 729589 8550 14 255265 4561 0 185264 420 0
fn=poset_orbit_node::trace_next_point_in_place(poset_classification*, long, long, long, long*, long*, long*, long*, long, long&, long)
0 85140 1557 4 37620 0 0 31680 0 0
fn=poset_orbit_node::trace_next_point_wrapper(poset_classification*, long, long, long, long, long&, long)
0 241020 1639 6 78795 376 0 83430 0 0
fn=poset_orbit_node::write_memory_object(action*, memory_object*, long&, long)
0 76203 16 16 29032 1547 0 12653 0 0
fn=poset_orbit_node::~poset_orbit_node()
0 6000 4 2 2400 0 0 900 0 0
fn=primitive_root(long, long)
0 105 3 3 4 0 0 3 0 0
fn=print_elapsed_time(std::ostream&, long, long, long, long)
0 5238 168 3 776 0 0 1164 0 0
fn=print_extension_type(std::ostream&, long)
0 15 6 2 0 0 0 0 0 0
fn=projective_matrix_group_base_and_orbits(long, finite_field*, long, long, long, long*, long*, long**, long**, long)
0 191407 72 72 62361 506 0 37058 1728 0
fn=projective_space::init(long, finite_field*, long, long)
0 2138 127 28 342 0 0 542 0 0
fn=projective_space::init_incidence_structure(long)
0 50220062 40 40 20767618 287289 4 12603415 626038 260492
fn=projective_space::point_of_intersection_of_a_line_and_a_line_in_three_space(long, long, long)
0 34160 560 5 8960 112 0 6720 0 0
fn=projective_space::projective_space()
0 182 6 4 42 0 0 98 17 11
fn=projective_space::rank_point(long*)
0 497760 2 2 217770 2 0 62220 0 0
fn=projective_space::test_if_lines_are_skew(long, long, long)
0 4565 276 4 1162 0 0 996 0 0
fn=projective_space::unrank_line(long*, long)
0 93654 1 1 31218 1 0 0 0 0
fn=projective_space::unrank_point(long*, long)
0 207210 460 1 69070 13 1 0 0 0
fn=random_integer(long)
0 76313 674 4 13467 529 2 8978 0 0
fn=rank_k_subset(long*, long, long)
0 452053 19 13 76993 4 0 56662 0 0
fn=recoordinatize::do_recoordinatize(long, long, long, long)
0 197600 7280 14 61360 336 3 20280 112 0
fn=recoordinatize::init(long, long, finite_field*, grassmann*, action*, action*, long, long, long (*)(long, long*, void*, long), void*, long)
0 118 11 11 19 0 0 44 0 0
fn=recoordinatize::recoordinatize()
0 5 1 1 1 0 0 4 0 0
fn=schreier::compute_all_point_orbits(long)
0 378766 174 6 207240 3458 0 1389 3 0
fn=schreier::compute_point_orbit(long, long)
0 12948056 7070 14 4452588 223818 0 1548528 159097 0
fn=schreier::coset_rep(long)
0 35978 680 3 16954 2138 0 5175 0 0
fn=schreier::coset_rep_inv(long)
0 31132 629 3 14664 630 0 4510 0 0
fn=schreier::delete_images() [clone .part.6]
0 25890 1146 2 8337 441 0 5071 0 0
fn=schreier::extend_orbit(long*, long)
0 26601 702 10 10336 326 0 3820 152 0
fn=schreier::freeself()
0 42975 4011 7 9168 1257 0 8595 0 0
fn=schreier::get_schreier_vector(long*&, long, long)
0 319 58 2 87 0 0 87 0 0
fn=schreier::get_schreier_vector_compact(long*&, long)
0 425095 1342 52 194311 30901 0 105721 20363 0
fn=schreier::images_append()
0 11705 434 8 3571 42 0 1746 57 0
fn=schreier::init(action*)
0 32088 2763 5 4584 3 0 10314 87 0
fn=schreier::init2()
0 30369 2865 5 9168 36 0 8595 37 0
fn=schreier::init_generators(long, long*)
0 1324875 3818 9 227603 45 0 220777 25104 6999
fn=schreier::init_generators(vector_ge&)
0 10268 1530 3 2380 105 0 2040 0 0
fn=schreier::init_generators_by_hdl(long, long*, long)
0 4402 232 8 972 35 0 1159 0 0
fn=schreier::init_images(long, long)
0 2345398 174 6 391221 72 0 390805 48703 0
fn=schreier::initialize_tables()
0 507016 573 1 106460 42 0 200278 24095 0
fn=schreier::non_trivial_random_schreier_generator(action*, long)
0 17110 1185 5 4215 0 0 4090 0 0
fn=schreier::random_schreier_generator(long)
0 43774 1776 6 15779 1380 0 9671 0 0
fn=schreier::schreier()
0 19482 1719 3 2865 0 0 11460 1419 2
fn=schreier::sum_up_orbit_lengths()
0 2488 241 9 533 0 0 116 0 0
fn=schreier::~schreier()
0 4584 573 1 573 0 0 1719 0 0
fn=schreier_sims::closure_group(long)
0 40016 1536 19 8528 0 0 13120 0 0
fn=schreier_sims::create_group(long)
0 71477 4557 45 17788 796 0 9716 244 0
fn=schreier_sims::get_generator_external(long*, long)
0 12886 432 9 3790 101 0 2653 0 0
fn=schreier_sims::get_generator_internal(long*, long)
0 14588 882 6 5210 2 0 3647 0 0
fn=schreier_sims::init(action*, long)
0 12200 973 10 2440 357 0 3660 0 0
fn=schreier_sims::init_generators(vector_ge*, long)
0 3172 488 6 976 0 0 1220 0 0
fn=schreier_sims::init_target_group_order(longinteger_object&, long)
0 4636 689 9 1220 0 0 1464 0 0
fn=schreier_sims::schreier_sims()
0 10248 976 11 1220 0 0 6588 27 0
fn=schreier_sims::~schreier_sims()
0 10980 1368 18 1708 0 0 2684 0 0
fn=schreier_vector_coset_rep_inv_compact_general(action*, long*, long*, long, long&, long*, long*, long*, long*, long, long, long, long)
0 1751482 6573 11 565492 29715 20 434184 0 0
fn=schreier_vector_coset_rep_inv_general(action*, long*, long*, long, long&, long*, long*, long*, long*, long, long, long, long)
0 667080 9355 13 225107 17953 32 162012 247 0
fn=schreier_vector_determine_depth_recursion(long, long*, long*, long*, long*, long)
0 22475148 1088 4 7032967 75150 2 5186912 30532 0
fn=search_general(void*, long, long*, long&, long (*)(void*, long, long*, void*), void*, long)
0 25173 32 5 6629 0 0 4373 0 0
fn=set_and_stabilizer::allocate_data(long, long)
0 3801 362 2 905 0 0 1267 0 0
fn=set_and_stabilizer::init(action*, action*, long)
0 905 132 1 181 0 0 362 0 0
fn=set_and_stabilizer::init_everything(action*, action*, long*, long, strong_generators*, long)
0 1155 93 2 297 45 0 462 33 0
fn=set_and_stabilizer::print_set_tex(std::ostream&)
0 1587 207 3 276 0 0 345 0 0
fn=set_and_stabilizer::set_and_stabilizer()
0 2354 218 2 428 0 0 1498 0 0
fn=set_and_stabilizer::~set_and_stabilizer()
0 9834 856 3 1408 8 0 2726 45 0
fn=set_complement(long*, long, long*, long&, long)
0 47012 3994 19 5799 0 0 3423 0 0
fn=set_of_sets::add_element(long, long)
0 13608 4 1 7560 0 0 3024 101 1
fn=set_of_sets::get_eckardt_points(long*&, long&, long)
0 2261 148 43 453 13 0 321 8 0
fn=set_of_sets::init_basic_constant_size(long, long, long, long)
0 1456 40 10 248 0 0 380 14 0
fn=set_of_sets::number_of_eckardt_points(long)
0 264 40 7 80 4 0 52 0 0
fn=set_of_sets::set_of_sets()
0 20 8 2 4 0 0 16 2 0
fn=set_of_sets::~set_of_sets()
0 1400 12 2 348 20 0 124 0 0
fn=sims::add_generator(long*, long)
0 118219 8358 48 25384 1212 0 17883 165 0
fn=sims::add_generator_at_level(long*, long, long)
0 26328 1446 10 3717 250 0 5450 0 0
fn=sims::compute_base_orbit_known_length(long, long, long)
0 7115046 7125 32 3541156 131196 0 713143 30510 0
fn=sims::compute_base_orbits(long)
0 38420 1360 8 18190 2441 0 6800 379 0
fn=sims::compute_base_orbits_known_length(long*, long)
0 103174 4042 22 26481 1417 0 10097 5 0
fn=sims::compute_coset_rep_depth(long, long, long)
0 289096 2112 10 108011 5635 0 44905 0 0
fn=sims::compute_coset_rep_path(long, long, long*&, long*&, long&, long)
0 574158 6766 23 165618 921 0 132698 266 9
fn=sims::coset_rep(long, long, long)
0 765952 5066 24 312679 1276 0 149771 0 0
fn=sims::coset_rep_inv(long, long, long)
0 464256 1766 9 217152 44 0 82368 0 0
fn=sims::element_from_path(long*, long)
0 16692 334 5 7276 70 0 2568 0 0
fn=sims::extend_base_orbit(long, long, long) [clone .constprop.23]
0 10611367 5030 37 5014347 337207 0 949997 22045 0
fn=sims::extract_strong_generators_in_order(vector_ge&, long*, long)
0 166462 5347 24 71624 655 0 34195 855 0
fn=sims::freeself()
0 483313 17239 50 115561 6816 0 87851 0 0
fn=sims::get_image(long, long)
0 8035497 2498 6 2912475 219266 0 1522320 0 0
fn=sims::group_order(longinteger_object&)
0 16380 490 4 8190 58 2 2340 0 0
fn=sims::images_append()
0 8896455 3496 30 4437437 217 0 1483757 183956 14175
fn=sims::init(action*)
0 85471588 13180 26 17196134 42228 0 34079974 4260779 19587
fn=sims::init_generator_depth_and_perm(long)
0 405909 14833 45 139063 3532 0 54930 2197 0
fn=sims::init_generators(long, long*, long)
0 85620 6102 30 16753 861 0 18312 525 0
fn=sims::init_generators(vector_ge&, long)
0 21450 2159 6 4990 1065 0 3910 0 0
fn=sims::init_images(long)
0 22415052 4733 15 4488340 93 0 4482036 557377 5342
fn=sims::init_trivial_group(long)
0 58820 2768 24 23528 4898 1 10726 383 0
fn=sims::init_without_base(action*)
0 135470 7912 17 21390 26 0 47058 529 0
fn=sims::point_stabilizer_stabchain_with_action(action*, sims&, long, long)
0 111436 9062 39 41870 2549 0 21156 890 0
fn=sims::point_stabilizer_with_action(action*, vector_ge&, long*, long, long)
0 14416 1258 4 2992 272 0 3808 0 0
fn=sims::random_element(long*, long)
0 8132 323 4 3424 55 0 1605 113 0
fn=sims::random_schreier_generator(long)
0 55575 1365 31 22151 542 0 10039 0 0
fn=sims::sims()
0 42780 3140 6 7130 0 0 22816 1534 4
fn=sims::strip(long*, long*, long&, long&, long)
0 161442 2401 22 78324 512 0 25682 60 0
fn=sims::strip(long*, long*, long&, long&, long) [clone .constprop.20]
0 138950 2866 5 72796 893 0 22002 29 0
fn=sims::strip_and_add(long*, long*, long)
0 25147 572 3 6445 140 0 4909 0 0
fn=sims::transitive_extension_tolerant(schreier&, vector_ge&, long*, long, long)
0 37086 3358 17 11356 1091 0 11161 16 0
fn=sims::~sims()
0 9208 1297 5 1151 0 0 3453 0 0
fn=spreadsheet::fill_column_with_INT(long, long*, char const*)
0 451775 7 7 106073 14349 0 30615 2 0
fn=spreadsheet::fill_column_with_row_index(long, char const*)
0 157644 14 7 32621 4812 0 11308 3 0
fn=spreadsheet::fill_column_with_text(long, char const**, char const*)
0 269673 10 5 102264 17437 0 46527 4 0
fn=spreadsheet::init_empty_table(long, long)
0 12558 25 13 18 4 0 4970 2471 2230
fn=spreadsheet::print_table_row(long, long, std::ostream&)
0 899796 16 16 212829 14834 0 119670 0 0
fn=spreadsheet::save(char const*, long)
0 22846 25 20 2882 18 4 2907 3 0
fn=spreadsheet::spreadsheet()
0 10 2 1 2 0 0 8 1 0
fn=spreadsheet::~spreadsheet()
0 177913 8 3 59299 2474 0 19769 0 0
fn=std::_V2::error_category::~error_category()
0 6 0 0 3 0 0 0 0 0
fn=std::__basic_file<char>::__basic_file(pthread_mutex_t*)
0 28 4 1 7 0 0 14 0 0
fn=std::__basic_file<char>::close()
0 175 6 1 42 0 0 42 0 0
fn=std::__basic_file<char>::fd()
0 9354 82 1 3118 10 0 0 0 0
fn=std::__basic_file<char>::is_open() const
0 168 0 0 84 0 0 0 0 0
fn=std::__basic_file<char>::open(char const*, std::_Ios_Openmode, int)
0 189 14 2 28 0 0 56 0 0
fn=std::__basic_file<char>::xsputn(char const*, long)
0 43596 168 2 6228 0 0 9342 0 0
fn=std::__basic_file<char>::xsputn_2(char const*, long, char const*, long)
0 184 8 3 48 0 0 60 2 0
fn=std::__basic_file<char>::~__basic_file()
0 14 7 1 0 0 0 0 0 0
fn=std::__cxx11::messages<char>::messages(unsigned long)
0 20 1 1 4 0 0 8 0 0
fn=std::__cxx11::messages<wchar_t>::messages(unsigned long)
0 20 2 2 4 1 0 8 1 1
fn=std::__cxx11::moneypunct<char, false>::_M_initialize_moneypunct(__locale_struct*, char const*)
0 123 6 6 48 1 1 31 0 0
fn=std::__cxx11::moneypunct<char, true>::_M_initialize_moneypunct(__locale_struct*, char const*)
0 123 6 6 48 0 0 31 0 0
fn=std::__cxx11::moneypunct<wchar_t, false>::_M_initialize_moneypunct(__locale_struct*, char const*)
0 131 7 7 51 0 0 32 0 0
fn=std::__cxx11::moneypunct<wchar_t, true>::_M_initialize_moneypunct(__locale_struct*, char const*)
0 131 7 7 51 0 0 32 0 0
fn=std::__cxx11::numpunct<char>::_M_initialize_numpunct(__locale_struct*)
0 420 5 5 143 5 1 75 0 0
fn=std::__cxx11::numpunct<wchar_t>::_M_initialize_numpunct(__locale_struct*)
0 350 6 6 73 2 0 74 3 3
fn=std::__num_base::_S_format_float(std::ios_base const&, char*, char)
0 825 75 3 50 0 0 100 0 0
fn=std::__timepunct<char>::_M_initialize_timepunct(__locale_struct*)
0 106 12 12 6 0 0 52 0 0
fn=std::__timepunct<char>::__timepunct(std::__timepunct_cache<char>*, unsigned long)
0 23 2 2 4 0 0 9 0 0
fn=std::__timepunct<wchar_t>::_M_initialize_timepunct(__locale_struct*)
0 104 12 12 5 0 0 51 0 0
fn=std::__timepunct<wchar_t>::__timepunct(std::__timepunct_cache<wchar_t>*, unsigned long)
0 23 2 2 4 0 0 9 1 1
fn=std::basic_filebuf<char, std::char_traits<char> >::_M_allocate_internal_buffer()
0 91 11 2 35 0 0 28 2 0
fn=std::basic_filebuf<char, std::char_traits<char> >::_M_convert_to_external(char*, long)
0 121446 335 5 40482 0 0 28026 2 0
fn=std::basic_filebuf<char, std::char_traits<char> >::_M_destroy_internal_buffer()
0 140 9 1 35 0 0 56 0 0
fn=std::basic_filebuf<char, std::char_traits<char> >::_M_terminate_output()
0 276 31 5 116 0 0 58 1 0
fn=std::basic_filebuf<char, std::char_traits<char> >::basic_filebuf()
0 406 39 7 56 10 2 252 10 3
fn=std::basic_filebuf<char, std::char_traits<char> >::close()
0 364 25 8 77 0 0 140 0 0
fn=std::basic_filebuf<char, std::char_traits<char> >::open(char const*, std::_Ios_Openmode)
0 378 31 10 70 4 0 133 4 0
fn=std::basic_filebuf<char, std::char_traits<char> >::overflow(int)
0 159136 299 13 40587 0 0 31217 0 0
fn=std::basic_filebuf<char, std::char_traits<char> >::sync()
0 43568 82 1 15560 0 0 3112 0 0
fn=std::basic_filebuf<char, std::char_traits<char> >::xsputn(char const*, long)
0 2854847 353 8 835551 402 1 348167 0 0
fn=std::basic_ios<char, std::char_traits<char> >::_M_cache_locale(std::locale const&)
0 558 23 6 54 0 0 198 0 0
fn=std::basic_ios<char, std::char_traits<char> >::clear(std::_Ios_Iostate)
0 49 14 2 21 2 0 7 2 0
fn=std::basic_ios<char, std::char_traits<char> >::init(std::basic_streambuf<char, std::char_traits<char> >*)
0 414 19 6 54 0 0 162 0 0
fn=std::basic_ios<wchar_t, std::char_traits<wchar_t> >::_M_cache_locale(std::locale const&)
0 124 3 3 12 0 0 44 0 0
fn=std::basic_ios<wchar_t, std::char_traits<wchar_t> >::init(std::basic_streambuf<wchar_t, std::char_traits<wchar_t> >*)
0 92 3 3 12 0 0 40 0 0
fn=std::basic_ofstream<char, std::char_traits<char> >::basic_ofstream(char const*, std::_Ios_Openmode)
0 177 12 4 30 4 0 66 2 1
fn=std::basic_ofstream<char, std::char_traits<char> >::basic_ofstream(char const*, std::_Ios_Openmode) [clone .constprop.33]
0 58 4 4 13 0 0 22 0 0
fn=std::basic_ofstream<char, std::char_traits<char> >::~basic_ofstream()
0 112 12 3 20 13 1 40 0 0
fn=std::basic_ostream<char, std::char_traits<char> >& std::__ostream_insert<char, std::char_traits<char> >(std::basic_ostream<char, std::char_traits<char> >&, char const*, long)
0 5198336 4129 12 1999360 1718 2 1299584 253 3
fn=std::basic_ostream<char, std::char_traits<char> >& std::endl<char, std::char_traits<char> >(std::basic_ostream<char, std::char_traits<char> >&)
0 2400 76 4 840 5 0 360 0 0
fn=std::basic_ostream<char, std::char_traits<char> >& std::endl<char, std::char_traits<char> >(std::basic_ostream<char, std::char_traits<char> >&) [clone .constprop.13]
0 2685 154 6 1074 26 0 358 0 0
fn=std::basic_ostream<char, std::char_traits<char> >& std::endl<char, std::char_traits<char> >(std::basic_ostream<char, std::char_traits<char> >&) [clone .constprop.23]
0 60 8 2 24 0 0 8 0 0
fn=std::basic_ostream<char, std::char_traits<char> >& std::endl<char, std::char_traits<char> >(std::basic_ostream<char, std::char_traits<char> >&) [clone .constprop.37]
0 15 2 2 6 0 0 2 0 0
fn=std::basic_ostream<char, std::char_traits<char> >& std::endl<char, std::char_traits<char> >(std::basic_ostream<char, std::char_traits<char> >&) [clone .constprop.41]
0 120 8 2 48 4 0 16 0 0
fn=std::basic_ostream<char, std::char_traits<char> >& std::endl<char, std::char_traits<char> >(std::basic_ostream<char, std::char_traits<char> >&) [clone .constprop.4]
0 105 12 2 42 0 0 14 0 0
fn=std::basic_ostream<char, std::char_traits<char> >& std::operator<< <std::char_traits<char> >(std::basic_ostream<char, std::char_traits<char> >&, char const*)
0 5776 21 4 912 0 0 1216 0 0
fn=std::basic_ostream<char, std::char_traits<char> >& std::operator<< <std::char_traits<char> >(std::basic_ostream<char, std::char_traits<char> >&, char const*) [clone .constprop.3]
0 12 1 1 2 0 0 3 0 0
fn=std::basic_ostream<wchar_t, std::char_traits<wchar_t> >::flush()
0 45 1 1 21 10 10 6 0 0
fn=std::basic_streambuf<char, std::char_traits<char> >::xsputn(char const*, long)
0 2436878 179 3 626640 8 3 417742 0 0
fn=std::codecvt<char, char, __mbstate_t> const& std::use_facet<std::codecvt<char, char, __mbstate_t> >(std::locale const&)
0 140 12 4 63 0 0 21 0 0
fn=std::codecvt<char, char, __mbstate_t>::codecvt(unsigned long)
0 18 2 2 4 0 0 6 1 1
fn=std::codecvt<char, char, __mbstate_t>::do_always_noconv() const
0 218244 39 1 72748 0 0 0 0 0
fn=std::codecvt<wchar_t, char, __mbstate_t>::codecvt(unsigned long)
0 18 2 2 4 0 0 6 2 2
fn=std::ctype<char> const& std::use_facet<std::ctype<char> >(std::locale const&)
0 860 66 4 387 100 0 129 0 0
fn=std::ctype<char>::_M_widen_init() const
0 1087 7 6 26 2 0 278 4 0
fn=std::ctype<char>::ctype(unsigned short const*, bool, unsigned long)
0 116 5 5 8 1 0 79 9 9
fn=std::ctype<wchar_t> const& std::use_facet<std::ctype<wchar_t> >(std::locale const&)
0 80 2 2 36 0 0 12 0 0
fn=std::ctype<wchar_t>::_M_convert_to_wmask(unsigned short) const
0 149 6 6 12 0 0 0 0 0
fn=std::ctype<wchar_t>::_M_initialize_ctype()
0 2733 5 5 5 0 0 810 20 20
fn=std::ctype<wchar_t>::ctype(unsigned long)
0 20 2 2 3 0 0 7 1 1
fn=std::deque<std::vector<int, std::allocator<int> >, std::allocator<std::vector<int, std::allocator<int> > > >::push_back(std::vector<int, std::allocator<int> > const&)
0 530 29 3 120 0 0 140 0 0
fn=std::error_category::error_category()
0 10 1 1 4 1 0 2 0 0
fn=std::error_category::~error_category()
0 4 0 0 2 0 0 0 0 0
fn=std::future_category()
0 18 3 3 2 1 1 3 0 0
fn=std::ios_base::Init::Init()
0 4397 33 31 1589 19 1 1368 17 12
fn=std::ios_base::Init::~Init()
0 1744 3 3 525 5 5 179 0 0
fn=std::ios_base::_M_call_callbacks(std::ios_base::event)
0 77 13 2 35 4 0 21 0 0
fn=std::ios_base::_M_dispose_callbacks()
0 91 6 1 35 0 0 28 0 0
fn=std::ios_base::_M_init()
0 572 22 6 132 0 0 198 2 0
fn=std::ios_base::ios_base()
0 885 22 6 15 4 2 390 44 26
fn=std::ios_base::~ios_base()
0 119 12 2 21 6 0 28 0 0
fn=std::locale::_Impl::_Impl(unsigned long)
0 982 65 65 80 31 1 423 49 49
fn=std::locale::_Impl::_M_install_facet(std::locale::id const*, std::locale::facet const*)
0 10950 6 6 3180 1 0 240 0 0
fn=std::locale::facet::_S_create_c_locale(__locale_struct*&, char const*, __locale_struct*)
0 10 1 1 2 0 0 3 0 0
fn=std::locale::facet::_S_get_c_locale()
0 392 51 3 157 50 0 40 0 0
fn=std::locale::facet::_S_get_c_name()
0 21 1 1 7 0 0 0 0 0
fn=std::locale::id::_M_id() const
0 174000 993 4 57954 840 7 92 0 0
fn=std::locale::locale()
0 1200 23 6 450 2 0 350 8 1
fn=std::locale::operator=(std::locale const&)
0 484 15 4 176 0 0 66 0 0
fn=std::locale::~locale()
0 432 16 5 180 10 0 72 0 0
fn=std::messages<char>::messages(unsigned long)
0 20 2 2 4 0 0 8 0 0
fn=std::messages<wchar_t>::messages(unsigned long)
0 20 1 1 4 0 0 8 1 1
fn=std::moneypunct<char, false>::_M_initialize_moneypunct(__locale_struct*, char const*)
0 123 6 6 48 0 0 31 0 0
fn=std::moneypunct<char, true>::_M_initialize_moneypunct(__locale_struct*, char const*)
0 123 6 6 48 0 0 31 0 0
fn=std::moneypunct<wchar_t, false>::_M_initialize_moneypunct(__locale_struct*, char const*)
0 131 7 7 51 0 0 32 0 0
fn=std::moneypunct<wchar_t, true>::_M_initialize_moneypunct(__locale_struct*, char const*)
0 131 7 7 51 0 0 32 0 0
fn=std::num_get<char, std::istreambuf_iterator<char, std::char_traits<char> > > const& std::use_facet<std::num_get<char, std::istreambuf_iterator<char, std::char_traits<char> > > >(std::locale const&)
0 360 8 2 162 0 0 54 0 0
fn=std::num_get<wchar_t, std::istreambuf_iterator<wchar_t, std::char_traits<wchar_t> > > const& std::use_facet<std::num_get<wchar_t, std::istreambuf_iterator<wchar_t, std::char_traits<wchar_t> > > >(std::locale const&)
0 80 1 1 36 0 0 12 0 0
fn=std::num_put<char, std::ostreambuf_iterator<char, std::char_traits<char> > > const& std::use_facet<std::num_put<char, std::ostreambuf_iterator<char, std::char_traits<char> > > >(std::locale const&)
0 360 15 5 162 0 0 54 0 0
fn=std::num_put<char, std::ostreambuf_iterator<char, std::char_traits<char> > >::_M_pad(char, long, std::ios_base&, char*, char const*, int&) const
0 191970 458 2 53325 0 0 42660 0 0
fn=std::num_put<char, std::ostreambuf_iterator<char, std::char_traits<char> > >::do_put(std::ostreambuf_iterator<char, std::char_traits<char> >, std::ios_base&, char, double) const
0 100 25 1 0 0 0 0 0 0
fn=std::num_put<char, std::ostreambuf_iterator<char, std::char_traits<char> > >::do_put(std::ostreambuf_iterator<char, std::char_traits<char> >, std::ios_base&, char, long) const
0 86025 1254 2 0 0 0 0 0 0
fn=std::num_put<wchar_t, std::ostreambuf_iterator<wchar_t, std::char_traits<wchar_t> > > const& std::use_facet<std::num_put<wchar_t, std::ostreambuf_iterator<wchar_t, std::char_traits<wchar_t> > > >(std::locale const&)
0 80 2 2 36 0 0 12 0 0
fn=std::numpunct<char>::_M_initialize_numpunct(__locale_struct*)
0 420 5 5 143 0 0 75 0 0
fn=std::numpunct<wchar_t>::_M_initialize_numpunct(__locale_struct*)
0 350 4 4 73 0 0 74 0 0
fn=std::operator|(std::_Ios_Openmode, std::_Ios_Openmode)
0 24 2 1 12 0 0 9 0 0
fn=std::ostream& std::ostream::_M_insert<double>(double)
0 1275 125 5 475 25 1 250 0 0
fn=std::ostream& std::ostream::_M_insert<long>(long)
0 1519823 2692 10 544841 1527 2 286758 0 0
fn=std::ostream::flush()
0 188595 1009 2 88011 87 5 25146 0 0
fn=std::ostream::operator<<(long)
0 8 4 2 0 0 0 0 0 0
fn=std::ostream::operator<<(std::ostream& (*)(std::ostream&))
0 48 11 2 0 0 0 0 0 0
fn=std::ostream::put(char)
0 468324 3419 6 185438 726 1 87990 48 0
fn=std::ostream::sentry::sentry(std::ostream&)
0 3347811 1184 6 1018899 3229 4 727785 4 2
fn=std::ostream::sentry::~sentry()
0 1018899 541 2 727785 0 0 0 0 0
fn=std::ostream::write(char const*, long)
0 168441 6 3 60466 1 0 34552 0 0
fn=std::ostreambuf_iterator<char, std::char_traits<char> > std::num_put<char, std::ostreambuf_iterator<char, std::char_traits<char> > >::_M_insert_float<double>(std::ostreambuf_iterator<char, std::char_traits<char> >, std::ios_base&, char, char, double) const
0 3142 252 11 698 0 0 748 0 0
fn=std::ostreambuf_iterator<char, std::char_traits<char> > std::num_put<char, std::ostreambuf_iterator<char, std::char_traits<char> > >::_M_insert_int<long>(std::ostreambuf_iterator<char, std::char_traits<char> >, std::ios_base&, char, long) const
0 2848250 6559 16 569475 0 0 537480 0 0
fn=std::vector<int, std::allocator<int> >::_M_default_append(unsigned long)
0 670 46 6 120 0 0 110 0 0
fn=std::vector<int, std::allocator<int> >::operator=(std::vector<int, std::allocator<int> > const&)
0 4246 46 6 1121 0 0 726 0 0
fn=std::vector<int, std::allocator<int> >::resize(unsigned long)
0 80 10 1 20 0 0 0 0 0
fn=strong_generators::create_copy()
0 5458 348 6 1506 105 0 1472 5 0
fn=strong_generators::create_sims(long)
0 3672 432 6 1512 0 0 648 0 0
fn=strong_generators::freeself()
0 425 75 3 125 0 0 125 0 0
fn=strong_generators::generators_for_parabolic_subgroup(action*, matrix_group*, long, long)
0 372 18 17 85 7 4 72 0 0
fn=strong_generators::generators_for_stabilizer_of_three_collinear_points_in_PGL4(action*, matrix_group*, long)
0 345 17 16 69 3 0 77 0 0
fn=strong_generators::generators_for_stabilizer_of_triangle_in_PGL4(action*, matrix_group*, long)
0 305 19 18 60 1 0 65 0 0
fn=strong_generators::group_order(longinteger_object&)
0 5964 591 2 2982 94 1 852 0 0
fn=strong_generators::init_copy(strong_generators*, long)
0 673 18 6 199 0 0 135 2 0
fn=strong_generators::init_from_data(action*, long*, long, long, long*, long)
0 114 10 10 24 0 0 34 0 0
fn=strong_generators::init_from_sims(sims*, long)
0 21330 1890 11 3881 4 0 5813 1 0
fn=strong_generators::init_group_extension(strong_generators*, vector_ge*, long, long)
0 8289 663 32 1878 94 0 2372 0 0
fn=strong_generators::init_linear_group_from_scratch(action*&, finite_field*, long, long, long, long, long, long, long)
0 172 19 17 43 3 0 38 0 0
fn=strong_generators::print_generators()
0 580 10 10 167 0 0 115 0 0
fn=strong_generators::print_generators_tex()
0 2 1 1 0 0 0 0 0 0
fn=strong_generators::print_generators_tex(std::ostream&)
0 3700 217 22 1032 0 0 706 0 0
fn=strong_generators::strong_generators()
0 2056 464 2 514 0 0 1542 77 0
fn=strong_generators::write_to_file_binary(std::basic_ofstream<char, std::char_traits<char> >&, long)
0 10810 8 4 3105 97 0 1380 0 0
fn=strong_generators::~strong_generators()
0 10600 933 2 1696 98 0 1696 0 0
fn=strong_generators_for_projective_linear_group(long, finite_field*, long, long*&, long&, long&, long)
0 716 36 36 254 0 0 140 0 0
fn=surface::build_cubic_surface_from_lines(long, long*, long*, long)
0 344 24 3 96 32 0 80 0 0
fn=surface::compute_points_on_lines(long*, long, long*, long, set_of_sets*&, long)
0 524104 80 20 50223 14 0 87540 0 0
fn=surface::compute_system_in_RREF(long, long*, long)
0 10474108 108 12 3466932 1365 426 989604 10485 992
fn=surface::create_half_double_sixes(long)
0 9500 23 23 1457 0 0 1100 24 0
fn=surface::create_the_fifteen_other_lines(long*, long*, long)
0 37401 294 14 12558 315 13 6678 42 0
fn=surface::enumerate_points(long*, long*, long&, long)
0 16 8 2 4 4 0 0 0 0
fn=surface::init(finite_field*, long)
0 211 20 18 10 2 2 58 1 1
fn=surface::init_Trihedral_to_Eckardt(long)
0 25366 12 12 7813 137 0 7334 89 89
fn=surface::init_collinear_Eckardt_triples(long)
0 5102 10 9 856 5 0 976 31 29
fn=surface::init_double_sixes(long)
0 8437 30 30 1728 0 0 1312 37 0
fn=surface::init_line_data(long)
0 3585 30 30 452 0 0 355 14 13
fn=surface::init_polynomial_domains(long)
0 256 26 20 36 2 0 64 4 4
fn=surface::init_system(long)
0 42 6 6 9 0 0 11 1 1
fn=surface::klein_to_wedge_vec(long*, long*, long)
0 84115 5 5 43326 322 0 25489 4 2
fn=surface::label_variables_3(homogeneous_polynomial_domain*, long)
0 1167 12 12 177 2 0 129 1 0
fn=surface::label_variables_4(homogeneous_polynomial_domain*, long)
0 1488 13 13 222 1 0 159 0 0
fn=surface::label_variables_x123(homogeneous_polynomial_domain*, long)
0 1636 13 13 260 0 0 196 0 0
fn=surface::line_cij(long, long)
0 12330 1 1 720 0 0 720 0 0
fn=surface::line_to_wedge_vec(long*, long*, long)
0 83556 1976 5 43560 2880 131 23364 186 1
fn=surface::make_Eckardt_points(long)
0 3230 14 14 586 0 0 469 12 9
fn=surface::make_Tdefght(long*, long, long, long, long, long, long)
0 650 3 3 130 0 0 240 10 10
fn=surface::make_Tlmnp(long*, long, long, long, long)
0 8640 7 7 1710 0 0 2700 101 101
fn=surface::make_spreadsheet_of_lines_in_three_kinds(spreadsheet*&, long*, long*, long*, long, long)
0 631535 42 42 79625 1927 0 45898 959 0
fn=surface::make_trihedral_pairs(long*&, char**&, long&, long)
0 11661 29 29 3567 0 0 1605 37 37
fn=surface::process_trihedral_pairs(long)
0 16294 14 14 4098 135 0 4343 90 88
fn=surface::rank_line(long*)
0 1809 443 1 603 112 0 0 0 0
fn=surface::surface()
0 36 5 5 3 0 0 30 9 0
fn=surface::unrank_point(long*, long)
0 902 451 1 451 0 0 0 0 0
fn=surface::wedge_to_klein(long*, long*)
0 5237606 120 2 2277220 59 0 2049498 288 0
fn=surface_classify_wedge::classify_surfaces_from_double_sixes(long)
0 186 18 16 54 3 0 38 0 0
fn=surface_classify_wedge::downstep(long)
0 3483 300 25 981 106 1 721 0 0
fn=surface_classify_wedge::generate_source_code(long)
0 4882 221 117 1295 98 0 952 11 0
fn=surface_classify_wedge::init(finite_field*, linear_group*, int, char const**, long)
0 136 13 12 24 5 4 38 2 2
fn=surface_classify_wedge::read_arguments(int, char const**, long)
0 116 5 5 52 3 1 10 1 1
fn=surface_classify_wedge::surface_classify_wedge()
0 16 2 2 3 0 0 10 2 0
fn=surface_classify_wedge::upstep(long)
0 38377 3395 77 12572 1745 55 7988 176 0
fn=surface_classify_wedge::write_file(std::basic_ofstream<char, std::char_traits<char> >&, long)
0 60 6 6 17 2 0 13 0 0
fn=surface_with_action::create_double_six_from_five_lines_with_a_common_transversal(long*, long, long*, long)
0 226829 7781 45 63451 896 6 44047 226 0
fn=surface_with_action::init(surface*, long, long)
0 109 10 8 17 6 0 34 1 0
fn=surface_with_action::init_group(long, long)
0 33 3 2 8 0 0 12 1 0
fn=surface_with_action::surface_with_action()
0 13 2 2 3 0 0 7 0 0
fn=the_end(long)
0 61 6 6 19 1 1 15 1 0
fn=time_check(std::ostream&, long)
0 402 36 5 60 6 0 36 0 0
fn=time_check_delta(std::ostream&, long)
0 9087 264 6 570 73 1 194 1 0
fn=union_find::add_generator(long*, long)
0 75937 1535 9 19094 35 0 11262 15 0
fn=union_find::add_generators(vector_ge*, long)
0 10956 884 4 2477 0 0 2234 0 0
fn=union_find::ancestor(long)
0 7850 271 1 3280 335 0 0 0 0
fn=union_find::init(action*, long)
0 12376 816 3 3230 0 0 3230 0 0
fn=union_find::union_find()
0 816 272 1 272 0 0 544 0 0
fn=union_find::~union_find()
0 1904 543 1 272 0 0 0 0 0
fn=unordered_triple_pair_rank(long, long, long, long, long, long)
0 16720 5 5 3360 0 0 3040 0 0
fn=unordered_triple_pair_unrank(long, long&, long&, long&, long&, long&, long&)
0 1167 6 6 308 1 1 307 1 0
fn=unrank_k_subset(long, long*, long, long)
0 89980 3380 25 12782 0 0 18947 0 0
fn=upstep_work::find_automorphism_by_tracing(long&, long&, long, long)
0 53409 1122 4 19677 400 0 12181 0 0
fn=upstep_work::find_automorphism_by_tracing_recursion(long, long, long&, long&, long, long)
0 514385 6464 16 197431 3210 0 93637 88 0
fn=upstep_work::handle_extension(long&, long&, long)
0 42280 822 3 14664 1134 0 9024 0 0
fn=upstep_work::handle_extension_fusion_type(long)
0 2568 42 1 856 0 0 0 0 0
fn=upstep_work::handle_extension_unprocessed_type(long)
0 12784 1109 4 4624 272 0 2448 0 0
fn=upstep_work::handle_last_level(long, long, long, long, long&, long&, long)
0 57041 1350 8 23714 234 0 14425 272 0
fn=upstep_work::init(poset_classification*, long, long, long, long, long, long, long, _IO_FILE*, long)
0 121431 2728 11 32372 666 0 31978 34 0
fn=upstep_work::init_extension_node(long)
0 45968 4624 14 13600 1976 0 11696 350 0
fn=upstep_work::upstep_for_sets(long)
0 191501 10237 37 90506 2978 0 36291 1658 0
fn=upstep_work::upstep_work()
0 24816 546 2 3384 0 0 14664 246 0
fn=upstep_work::~upstep_work()
0 41104 1653 5 7584 123 0 8632 0 0
fn=vector_ge::allocate(long)
0 132741 4423 6 37926 1605 1 31605 827 0
fn=vector_ge::append(long*)
0 93994 2218 12 25122 57 0 14342 0 0
fn=vector_ge::copy_in(long, long*)
0 51896 773 3 15968 0 0 0 0 0
fn=vector_ge::init(action*)
0 94815 2553 4 25284 309 0 31605 37 0
fn=vector_ge::init_from_data(action*, long*, long, long, long)
0 540 20 20 142 0 0 94 0 0
fn=vector_ge::ith(long)
0 5346369 3148 4 2970205 1736 0 0 0 0
fn=vector_ge::print_quick(std::ostream&)
0 6856 175 7 2095 0 0 928 0 0
fn=vector_ge::reallocate(long)
0 2929 188 8 869 4 0 411 0 0
fn=vector_ge::vector_ge()
0 25292 1306 2 6323 0 0 18969 1567 2
fn=vector_ge::vector_ge(action*)
0 680 170 0 170 0 0 510 0 0
fn=vector_ge::write_to_file_binary(std::basic_ofstream<char, std::char_traits<char> >&, long)
0 3495 4 2 1087 11 0 588 0 0
fn=vector_ge::~vector_ge()
0 44031 836 2 6533 591 0 0 0 0
summary: 7664585087 1491281 11881 2190171500 3484108 150438 1110977149 10803094 403794
