# callgrind format
version: 1
creator: callgrind-3.13.0
pid: 3079
cmd:  ./surface_classify.out -v 4 -linear -PGL 4 13 -wedge -end
part: 1


desc: I1 cache: 
desc: D1 cache: 
desc: LL cache: 

desc: Timerange: Basic block 0 - 1474549083
desc: Trigger: Program termination

positions: line
events: Ir
summary: 7664585309


ob=(2) ???
fl=(18) ???
fn=(1310) 0x00000000085c92c0
0 10
cob=(3) /lib/x86_64-linux-gnu/libc-2.27.so
cfi=(107) /build/glibc-OTsEL5/glibc-2.27/malloc/malloc.c
cfn=(532) malloc
calls=10 3028 
0 992

fn=(2910) 0x00000000085c92c8
0 14
cob=(3)
cfi=(107)
cfn=(1834) free
calls=14 3086 
0 1285

fn=(400) 0x00000000083927e0
0 6

fn=(3846) 0x0000000007da45e0
0 3

fn=(454) 0x0000000007ffd7f0
0 6

fn=(368) 0x0000000007a62520
0 6

fn=(1802) 0x00000000001534b8
0 96
cob=(7) /usr/lib/x86_64-linux-gnu/libstdc++.so.6.0.25
cfi=(103) ???
cfn=(1784) std::basic_ostream<char, std::char_traits<char> >& std::endl<char, std::char_traits<char> >(std::basic_ostream<char, std::char_traits<char> >&)
calls=96 0 
0 30384

fn=(3788) 0x00000000006f6ad4
0 3

fn=(3882) 0x00000000083a3688
0 3

fn=(702) 0x0000000000152c88
0 6

fn=(3814) 0x0000000007cf0378
0 1
cob=(3)
cfi=(194) /build/glibc-OTsEL5/glibc-2.27/stdlib/cxa_finalize.c
cfn=(3776) __cxa_finalize
calls=1 30 
0 1764

fn=(88) 0x0000000007038f00
0 1
cob=(1) /lib/x86_64-linux-gnu/ld-2.27.so
cfi=(19) /build/glibc-OTsEL5/glibc-2.27/elf/dl-minimal.c
cfn=(90) free
calls=1 111 
0 4

fn=(2364) 0x0000000007cf0348
0 69
cob=(7)
cfi=(103)
cfn=(1822) operator delete[](void*)
calls=69 0 
0 6040

fn=(3872) 0x0000000008392ab0
0 1
cob=(3)
cfi=(194)
cfn=(3776)
calls=1 30 
0 108

fn=(2806) 0x0000000007cf0370
0 7
cob=(7)
cfi=(103)
cfn=(1406) operator new[](unsigned long)
calls=7 0 
0 494270

fn=(3774) 0x00000000001534b0
0 1
cob=(3)
cfi=(194)
cfn=(3776)
calls=1 30 
0 108

fn=(3796) 0x0000000007a62560
0 1
cob=(3)
cfi=(194)
cfn=(3776)
calls=1 30 
0 108

fn=(3806) 0x0000000007a627a8
0 3

fn=(464) 0x0000000007cecf60
0 6

fn=(3854) 0x0000000007ffda70
0 1
cob=(3)
cfi=(194)
cfn=(3776)
calls=1 30 
0 108

fn=(3864) 0x00000000080bc2f8
0 3

ob=(3)
fl=(117) /build/glibc-OTsEL5/glibc-2.27/locale/newlocale.c
fn=(770) newlocale
44 14
+12 2
+8 2
+3 3
+6 2
+1 1
+2 1
-2 9
279 12
57 2

fl=(157) /build/glibc-OTsEL5/glibc-2.27/stdlib/random.c
fn=(2166) random
288 4489
+3 4489
-3 13467
+3 17956
+2 13467
cfi=(158) /build/glibc-OTsEL5/glibc-2.27/stdlib/random_r.c
cfn=(2168) random_r
calls=4489 +64 
* 120915
+2 17956
+3 8978
-1 4489
+1 13467

fl=(136) /build/glibc-OTsEL5/glibc-2.27/io/../sysdeps/unix/sysv/linux/write.c
fn=(1352) write
27 100576
+1 12572

fl=(123) /build/glibc-OTsEL5/glibc-2.27/iconv/gconv_simple.c
fn=(860) __gconv_btwoc_ascii
52 512
+3 128

fl=(171) /build/glibc-OTsEL5/glibc-2.27/libio/vsnprintf.c
fn=(3426) vsnprintf
95 275
+9 25
-5 25
+5 100
+6 150
cfi=(131) /build/glibc-OTsEL5/glibc-2.27/libio/genops.c
cfn=(1882) _IO_no_init
calls=25 590 
* 1175
+1 25
+2 100
-2 25
+1 25
+1 25
cfi=(150) /build/glibc-OTsEL5/glibc-2.27/libio/strops.c
cfn=(1886) _IO_str_init_static_internal
calls=25 -77 
* 1325
+1 100
cfi=(151) /build/glibc-OTsEL5/glibc-2.27/stdio-common/vfprintf.c
cfn=(1888) vfprintf
calls=25 1244 
* 48934
+2 75
+1 50
+2 250

fl=(129) /build/glibc-OTsEL5/glibc-2.27/libio/iofwrite.c
fn=(1296) fwrite
31 316800
+1 63360
-1 63360
+1 63360
-1 63360
+4 126720
+2 1140480
+1 316801
+1 1
fi=(134) /build/glibc-OTsEL5/glibc-2.27/libio/libioP.h
870 3
+2 2
+1 2
fe=(129)
39 63359
fi=(134)
870 190077
+2 126718
+1 126718
fe=(129)
39 253440
cfi=(130) /build/glibc-OTsEL5/glibc-2.27/libio/fileops.c
cfn=(1298) _IO_file_xsputn@@GLIBC_2.2.5
calls=63360 1220 
* 6047984
* 190080
fi=(134)
796 126720
+1 253440
fe=(129)
38 126718
fi=(134)
797 316800
fe=(129)
45 126720
+1 63360
+3 570240

fl=(166) /build/glibc-OTsEL5/glibc-2.27/posix/../sysdeps/unix/sysv/linux/x86/sysconf.c
fn=(2986) sysconf
32 9
+1 3
fi=(167) /build/glibc-OTsEL5/glibc-2.27/posix/../sysdeps/unix/sysv/linux/x86/../sysconf.c
+39 7
fi=(168) /build/glibc-OTsEL5/glibc-2.27/posix/../sysdeps/posix/sysconf.c
-18 6
fe=(166)
-17 10
fi=(168)
+40 1
cfi=(169) /build/glibc-OTsEL5/glibc-2.27/misc/../sysdeps/unix/sysv/linux/getclktck.c
cfn=(2992) __getclktck
calls=1 -47 
* 6
* 2
fe=(166)

fl=(190) /build/glibc-OTsEL5/glibc-2.27/io/../sysdeps/unix/sysv/linux/read.c
fn=(3736) read
27 8
+1 1

fl=(110) /build/glibc-OTsEL5/glibc-2.27/elf/dl-addr.c
fn=(538) _dl_addr
126 9
+2 1
-2 1
+5 1
-5 1
+5 2
cob=(1)
cfi=(2) /build/glibc-OTsEL5/glibc-2.27/elf/rtld.c
cfn=(52) rtld_lock_default_lock_recursive
calls=1 784 
* 2
+2 2
cob=(1)
cfi=(104) /build/glibc-OTsEL5/glibc-2.27/elf/../sysdeps/x86_64/dl-trampoline.h
cfn=(483) _dl_runtime_resolve_xsave'2
calls=1 -62 
* 1528
* 5
+2 3
30 1
+1 1
-1 1
+1 1
+3 2
+5 1
+6 1
-7 1
+2 3
+2 3
+3 1
+5 7
-6 2
+6 4043
+2 1010
+1 2020
-1 1
+1 2
+2 3664
+9 2052
+7 28
-2 28
+2 2353
-2 2297
+2 6003
-10 11625
+2 9300
+1 14806
+36 2
+1 1
+1 3
+3 2
+36 2
cob=(1)
cfi=(2)
cfn=(54) rtld_lock_default_unlock_recursive
calls=1 790 
* 2
+3 9
-27 1
+1 1
+20 2

fl=(176) /build/glibc-OTsEL5/glibc-2.27/nptl/alloca_cutoff.c
fn=(3438) __libc_alloca_cutoff
28 225
+7 25

fl=(61) /build/glibc-OTsEL5/glibc-2.27/time/../sysdeps/unix/sysv/linux/x86/time.c
fn=(206) time
43 4
fi=(62) /build/glibc-OTsEL5/glibc-2.27/time/../sysdeps/generic/dl-hash.h
+1 2
+1 2
fe=(61)
-2 8
fi=(62)
+5 6
+14 8
-17 6
+3 18
+14 24
-17 18
+22 2
fe=(61)
-24 12
cfi=(63) /build/glibc-OTsEL5/glibc-2.27/elf/../sysdeps/unix/sysv/linux/dl-vdso.c
cfn=(210) _dl_vdso_vsym
calls=2 -18 
* 34
* 10

fl=(65) /build/glibc-OTsEL5/glibc-2.27/string/../sysdeps/x86_64/multiarch/ifunc-memcmp.h
fn=(218) bcmp
33 15
-1 6
+2 6
+1 9
fi=(66) /build/glibc-OTsEL5/glibc-2.27/string/../sysdeps/x86_64/multiarch/memcmp.c
-6 3
fe=(65)

fl=(56) /build/glibc-OTsEL5/glibc-2.27/string/../sysdeps/x86_64/multiarch/ifunc-memmove.h
fn=(240) memcpy@@GLIBC_2.14
44 15
+4 6
-1 6
+12 6
+2 15

fn=(194) memmove
44 15
+4 6
-1 6
+12 6
+2 15

fn=(216) mempcpy
44 5
+4 2
-1 2
+12 2
+2 5

fl=(194)
fn=(3776)
30 10
+3 5
-3 25
+3 5
-3 5
+3 25
+3 15
+4 30
+1 50
-1 60
+1 60
+2 5
+36 5
-34 5
+31 5
+3 10
+3 20
+1 15
cob=(7)
cfi=(103)
cfn=(3836) 0x0000000000090af0
calls=1 -83 
* 7
cob=(7)
cfi=(103)
cfn=(3828) 0x0000000000090ab0
calls=1 -83 
* 770
cob=(7)
cfi=(103)
cfn=(3826) 0x00000000000bc4f0
calls=1 -83 
* 7
cob=(7)
cfi=(103)
cfn=(3824) 0x00000000000be5e0
calls=1 -83 
* 7
cob=(7)
cfi=(103)
cfn=(3816) 0x00000000000be5a0
calls=1 -83 
* 750
+1 30
+4 10
-48 15
-4 15
+58 25
+4 30
-4 15
+12 10
+1 10
cfi=(195) /build/glibc-OTsEL5/glibc-2.27/nptl/unregister-atfork.c
cfn=(3778) __unregister_atfork
calls=5 -79 
* 80
+2 20
+1 40

fl=(98) /build/glibc-OTsEL5/glibc-2.27/ctype/ctype-info.c
fn=(390) __ctype_init
31 5
+2 1
+2 1
-4 1
+4 1
-4 1
+2 3
+2 2
+1 1

fl=(109) /build/glibc-OTsEL5/glibc-2.27/malloc/arena.c
fn=(536) ptmalloc_init.part.0
289 2
+5 1
-5 3
+13 2
+6 1
fi=(107)
1816 2
fe=(109)
308 12
fi=(107)
1816 13
+1 1
-1 3
+1 11
-1 390
+1 30
-1 90
+1 331
fe=(109)
313 1
fi=(107)
1825 1
fe=(109)
313 4
fi=(107)
1817 7
+11 1
-11 4
+9 1
fe=(109)
313 1
fi=(107)
1828 1
fe=(109)
313 1
cob=(1)
cfi=(104)
cfn=(483)
calls=1 71 
* 1417
* 5
+1 4
cob=(1)
cfi=(9) /build/glibc-OTsEL5/glibc-2.27/elf/dl-tunables.c
cfn=(26) __tunable_get_val
calls=1 +59 
* 18
* 1
+1 4
cob=(1)
cfi=(9)
cfn=(26)
calls=1 +58 
* 19
* 1
+1 4
cob=(1)
cfi=(9)
cfn=(26)
calls=1 +57 
* 18
* 1
+1 4
cob=(1)
cfi=(9)
cfn=(26)
calls=1 +56 
* 18
* 1
+1 4
cob=(1)
cfi=(9)
cfn=(26)
calls=1 +55 
* 19
* 1
+1 4
cob=(1)
cfi=(9)
cfn=(26)
calls=1 +54 
* 18
* 1
+1 4
cob=(1)
cfi=(9)
cfn=(26)
calls=1 +53 
* 18
* 1
+2 4
cob=(1)
cfi=(9)
cfn=(26)
calls=1 +51 
* 18
* 1
+1 4
cob=(1)
cfi=(9)
cfn=(26)
calls=1 +50 
* 18
* 1
+1 4
cob=(1)
cfi=(9)
cfn=(26)
calls=1 +49 
* 18
* 1
+71 2
+1 2
+4 2
-1 1
+1 4
-97 5
cfi=(110)
cfn=(538)
calls=1 126 
* 60837
* 2
+1 4

fl=(133) /build/glibc-OTsEL5/glibc-2.27/io/../sysdeps/unix/sysv/linux/wordsize-64/fxstat.c
fn=(1308) _fxstat
34 2
-1 2
+1 2
+1 12
+4 2

fl=(142) /build/glibc-OTsEL5/glibc-2.27/setjmp/sigjmp.c
fn=(1740) __sigjmp_save
29 1
-1 2
+1 2
+5 3

fl=(90) /build/glibc-OTsEL5/glibc-2.27/debug/../sysdeps/x86_64/multiarch/ifunc-memmove.h
fn=(354) __memcpy_chk
44 5
+4 2
-1 2
+12 2
+2 5

fl=(150)
fn=(1886)
36 526056
+4 131514
+6 328785
cfi=(131)
cfn=(1312) _IO_setb
calls=65757 347 
* 1183626
+5 65757
-3 65757
+1 65757
+1 65757
+1 65757
+2 65757
+1 65757
+1 65757
+9 65757
+1 394542
-23 65757
+1 263028

fl=(125) /build/glibc-OTsEL5/glibc-2.27/string/../sysdeps/x86_64/multiarch/strlen-avx2.S
fn=(876) __strlen_avx2
52 136081
+1 136081
+1 136081
+3 136081
+1 136081
+1 136081
+3 132568
+1 132568
+1 132568
+8 132568
+4 131
+1 131
+1 131
+9 131
+4 3513
+1 3513
+1 3513
+1 3513
+2 3513
+1 3513
+1 3513
+1 944
+6 944
+1 944
+1 944
+4 944
+1 944
+16 2569
+10 2569
+1 2569
+1 2569
+1 2569
-3 131
+1 131
+1 131
+1 131
+2 195
+1 195
+1 195
+1 195
+2 184
+1 184
+1 184
+1 184
+2 183
+1 183
+1 183
+1 183
+2 54
+8 54
+1 54
+1 108
+10 54
+1 54
+1 54
+1 54
+1 54
+1 54
+1 54
+2 54
+1 54
+1 54
+1 54
-11 2
+1 2
+1 2
+1 2
+1 2
+1 2
+1 2
+2 2
+1 2
+1 2
+1 2
+2 2
+3 2
332 134975
+1 134975
+1 134975
+4 134975
+1 134975
+4 12
+1 12
+1 12
+1 12
+4 12
+1 12
+4 14
+1 14
+1 14
+1 14
+4 14
+1 14
+4 54
+1 54
+1 54
+1 54
+1 21
+1 21
+1 21
+1 21
+1 20
+1 20
+1 20
+1 20
+1 7
+1 7
+1 7
+2 7
+1 7
+1 7
+1 7
+4 7
+1 7
-8 129
+1 129
+1 129
+1 129
+4 129
+1 129

fl=(145) /build/glibc-OTsEL5/glibc-2.27/stdlib/../stdlib/strtol.c
fn=(1756) strtol
106 20
cfi=(146) /build/glibc-OTsEL5/glibc-2.27/stdlib/../stdlib/strtol_l.c
cfn=(1758) ____strtol_l_internal
calls=5 226 
* 607

fl=(174) /build/glibc-OTsEL5/glibc-2.27/stdlib/../sysdeps/ieee754/dbl-64/dbl2mpn.c
fn=(3434) __mpn_extract_double
37 25
-2 25
+2 50
+1 25
+9 50
+9 25
-18 75
+18 25
-18 25
+9 25
+9 25
+4 4
+2 2
+45 4
-4 46
+4 23
-4 23
+4 23

fl=(122) /build/glibc-OTsEL5/glibc-2.27/elf/dl-profstub.c
fn=(858) _dl_mcount_wrapper_check
38 384
+2 128

fl=(128) /build/glibc-OTsEL5/glibc-2.27/string/../sysdeps/x86_64/multiarch/../strcmp.S
fn=(1162) __strcmp_ssse3
144 90
+1 90
+2 90
+1 90
+21 90
+1 90
+1 89
+1 89
+1 28
+1 28
+1 28
+1 28
+21 28
+1 28
+1 28
+1 28
+1 28
+1 28
+1 28
+15 62
+1 62
+1 62
+1 62
+1 62
+1 62
+1 62
+1 62
+1 62
+1 62
+1 62
+1 62
+2 62
+1 62
+1 62
+1 62
+1 62
+1 62
1071 1
+1 1
+1 1
+1 1
+1 1
+2 1
+1 1
+1 1
+1 1
+1 1
+1 1
+1 1
+1 1
+4 1
+1 1
+1 1
+6 1
+1 1
+1 2
+4 1
+1 1
+3 1
+1 1
+1 1
+7 1
+4 1
+1 1
+1 1
+1 1
+1 1
+1 1
+72 61
+1 61
+1 61
+1 61
+1 61
+2 61
+1 61
+1 61
+1 61
+1 61
+1 61
+1 61
2200 1
+2 1
+1 1
+1 1
+1 1
-3 61
+1 61
+1 61
+1 61
+1 186
+5 62
+6 62
+1 62
+8 62
+1 62
-16 28
+6 28
+1 28
+8 28
+1 28

fl=(108) /build/glibc-OTsEL5/glibc-2.27/malloc/hooks.c
fn=(534) malloc_hook_ini
29 5
fi=(109)
291 1
fe=(108)
30 1
fi=(109)
291 1
fe=(108)
30 1
fi=(109)
291 1
fi=(107)
3039 7
+3 1
-2 2
+2 3
+13 4
+2 3
cfn=(558) _int_malloc
calls=1 3521 
* 161
+1 1
-1 1
+1 6
-19 4
-56 5
cfn=(556) tcache_init.part.4
calls=1 +3 
* 496
+62 3
fe=(108)
33 6
cfi=(109)
cfn=(536)
calls=1 289 
* 63427
* 1
fi=(107)
3034 2
fe=(108)

fl=(185) /build/glibc-OTsEL5/glibc-2.27/stdio-common/sprintf.c
fn=(3514) sprintf
27 40
+4 4
+1 4
-1 20
+1 4
cfi=(186) /build/glibc-OTsEL5/glibc-2.27/libio/iovsprintf.c
cfn=(3516) vsprintf
calls=4 * 
* 2979
+4 20

fl=(72) /build/glibc-OTsEL5/glibc-2.27/wcsmbs/../sysdeps/x86_64/multiarch/wcsnlen.c
fn=(242) wcsnlen
40 1
-2 1
+2 2
-2 2
+11 1

fl=(162) /build/glibc-OTsEL5/glibc-2.27/libio/fileno.c
fn=(2850) fileno
35 15590
+7 3118

fl=(70) /build/glibc-OTsEL5/glibc-2.27/string/../sysdeps/x86_64/multiarch/ifunc-sse4_2.h
fn=(246) strpbrk
30 5
fi=(197) /build/glibc-OTsEL5/glibc-2.27/string/../sysdeps/x86_64/multiarch/strpbrk.c
-1 1
fe=(70)

fn=(232) strcspn
30 5
fi=(198) /build/glibc-OTsEL5/glibc-2.27/string/../sysdeps/x86_64/multiarch/strcspn.c
-1 1
fe=(70)

fn=(262) strspn
30 5
fi=(199) /build/glibc-OTsEL5/glibc-2.27/string/../sysdeps/x86_64/multiarch/strspn.c
-1 1
fe=(70)

fl=(148) /build/glibc-OTsEL5/glibc-2.27/debug/sprintf_chk.c
fn=(1878) __sprintf_chk
26 525824
+4 65728
+1 65728
-1 328640
+1 65728
cfi=(149) /build/glibc-OTsEL5/glibc-2.27/debug/vsprintf_chk.c
cfn=(1880) __vsprintf_chk
calls=65728 +32 
* 39578306
+4 328640

fl=(182) /build/glibc-OTsEL5/glibc-2.27/stdlib/cmp.c
fn=(3506) __mpn_cmp
35 68
+2 34
+1 34
+1 68
+8 170

fl=(153) /build/glibc-OTsEL5/glibc-2.27/stdio-common/_itoa.c
fn=(1894) _itoa_word
168 265452
+2 132726
+9 1460142
+9 132726

fl=(156) /build/glibc-OTsEL5/glibc-2.27/stdlib/rand.c
fn=(2164) rand
26 4489
+1 4489
cfi=(157)
cfn=(2166)
calls=4489 288 
* 219673
+1 8978

fl=(57) /build/glibc-OTsEL5/glibc-2.27/string/../sysdeps/x86_64/multiarch/ifunc-unaligned-ssse3.h
fn=(196) strncpy
33 8
+3 8
fi=(200) /build/glibc-OTsEL5/glibc-2.27/string/../sysdeps/x86_64/multiarch/strncpy.c
-7 2
fe=(57)

fn=(238) strcpy
33 8
+3 8
fi=(201) /build/glibc-OTsEL5/glibc-2.27/string/../sysdeps/x86_64/multiarch/strcpy.c
-7 2
fe=(57)

fn=(266) stpcpy
33 8
+3 8
fi=(202) /build/glibc-OTsEL5/glibc-2.27/string/../sysdeps/x86_64/multiarch/stpcpy.c
-3 2
fe=(57)

fn=(264) stpncpy
33 4
+3 4
fi=(203) /build/glibc-OTsEL5/glibc-2.27/string/../sysdeps/x86_64/multiarch/stpncpy.c
-5 1
fe=(57)

fn=(202) strcat
33 8
+3 8
fi=(204) /build/glibc-OTsEL5/glibc-2.27/string/../sysdeps/x86_64/multiarch/strcat.c
-7 2
fe=(57)

fl=(140) /build/glibc-OTsEL5/glibc-2.27/setjmp/../sysdeps/x86_64/bsd-_setjmp.S
fn=(1736) _setjmp
30 1
+2 1
cfi=(141) /build/glibc-OTsEL5/glibc-2.27/setjmp/../sysdeps/x86_64/setjmp.S
cfn=(1738) __sigsetjmp
calls=1 -6 
* 27

fl=(189) /build/glibc-OTsEL5/glibc-2.27/libio/iogetline.c
fn=(3724) _IO_getline
33 187
+20 17
-20 17
+20 34
+2 51
+28 17
+2 34
-2 17
+2 34
cfi=(181) /build/glibc-OTsEL5/glibc-2.27/string/../sysdeps/x86_64/multiarch/memchr-avx2.S
cfn=(3460) __memchr_avx2
calls=17 -42 
* 400
* 17
+1 17
-1 17
+1 17
-29 54
+1 36
+2 2
cfi=(131)
cfn=(3726) __uflow
calls=1 318 
* 307
+1 2
+6 2
+11 1
-1 2
-22 2
+34 17
+1 17
-2 17
+1 17
-1 17
+2 34
+2 17
+2 34
+2 85
cfi=(138) /build/glibc-OTsEL5/glibc-2.27/string/../sysdeps/x86_64/multiarch/memmove-vec-unaligned-erms.S
cfn=(1374) __memcpy_avx_unaligned_erms
calls=17 217 
* 193
* 17
+1 17
+1 17
-1 17
-62 136
+19 2

fl=(99) /build/glibc-OTsEL5/glibc-2.27/string/../sysdeps/x86/cacheinfo.c
fn=(392) init_cacheinfo
488 7
+14 6
758 2
+2 1
+1 1
+2 1
-3 1
+5 1
-5 1
+4 3
+4 2
+3 2
+2 1
+1 1
+2 1
-3 1
+5 1
-5 1
+4 3
+9 1
+2 8
-2 1
+3 8
500 1
+4 1
-4 1
+4 1
cfn=(394) handle_intel.constprop.1
calls=1 259 
* 469
+2 1
-2 1
+2 1
cfn=(394)
calls=1 259 
* 515
+5 1
-5 1
+5 1
cfn=(394)
calls=1 259 
* 542
+8 1
-8 1
+8 1
+11 1
-20 1
+25 3
+4 2
+8 6
+3 2
+9 6
+14 2
+4 1
+3 1
+1 1
-4 1
+3 1
-3 1
+3 1
+6 8
-39 3
+3 9
+6 6
-6 3
+6 2
+3 20
+5 2
+4 1
+1 1
-1 3
691 4
+1 5
+4 2
+59 2
592 2
+8 1
+2 1
-2 6
+2 4
-2 1
+4 1
+23 2
-25 2
+2 6
+2 6
+3 2
+1 8
+2 4
+3 2
+5 1
+2 2
+1 1
-1 1
+2 1
-2 1
+1 2
+27 2
+1 1
+1 2
+2 1
-1 1
+1 1
-24 3
+4 2
+3 1
+2 4
+1 1
+5 2

fn=(396) intel_check_word.isra.0
132 12
+6 6
-10 18
+10 6
-10 6
+10 6
-10 6
+10 12
-10 6
+10 6
+2 6
-2 6
+2 18
250 12
140 24
+2 15
+2 30
+8 30
+51 24
+22 12
fi=(100) /build/glibc-OTsEL5/glibc-2.27/string/../bits/stdlib-bsearch.h
28 12
-1 24
+4 24
+1 12
fe=(99)
+87 24
fi=(100)
-88 138
+1 69
fe=(99)
+87 138
+3 81
fi=(100)
-93 252
+8 15
-8 36
fe=(99)
134 3
255 36
-91 9
+3 9
-6 13
+3 4
+9 4
+5 14
+1 10
+17 5
-32 15
+3 15
+4 14
+2 28
+2 14
+2 8
+4 3
+2 6
+2 3
+2 3
-2 3
+2 6
-2 3
+3 9
-2 12
+2 6
-24 2
+7 2
+2 4

fn=(394)
259 21
+2 3
-2 9
+5 9
+8 3
+1 3
-3 3
+5 12
+6 6
+5 3
-5 9
+5 3
+2 3
+1 3
-1 3
+5 18
cfn=(396)
calls=3 132 
* 1035
+2 6
+3 21
cfn=(396)
calls=3 132 
* 314
+2 6
+19 33

fl=(138)
fn=(1372) __mempcpy_avx_unaligned_erms
204 65102
+1 65102
+1 65102
+13 65102
+1 65102
+1 2848
+1 2848
+3 2274
+1 2274
+1 2274
+1 2274
+2 2274
+1 2274
+33 62254
+1 62254
+2 58290
+1 58290
+1 55718
+1 55718
+1 49394
+1 49394
+1 20219
+1 20219
+1 20219
+2 20219
+14 3964
+1 3964
+1 3964
+1 3964
+1 3964
+4 2572
+1 2572
+1 2572
+1 2572
+1 2572
+3 6324
+1 6324
+1 6324
+1 6324
+1 6324
+3 29175
+1 29175
+1 29175
+1 29175
+1 29175
+4 574
+1 574
+5 574
+1 574
+1 574
+1 574
+2 111
+1 111
+1 111
+1 111
+1 111
+1 111
+1 111
+1 111
+1 111
+1 111
+1 111
+1 111
+1 111
+1 111
+1 111
+1 111
+1 111
+1 111
+3 463
+1 463
+1 463
+1 463
+1 463
+1 463
+1 463
+1 463
+1 463
+1 463

fn=(1374)
217 80744
+2 80744
+1 80744
+1 98
+1 98
+3 96
+1 96
+1 96
+1 96
+2 96
+1 96
+33 80646
+1 80646
+2 72222
+1 72222
+1 67310
+1 67310
+1 58285
+1 58285
+1 52964
+1 52964
+1 52964
+2 52964
+14 8424
+1 8424
+1 8424
+1 8424
+1 8424
+4 4912
+1 4912
+1 4912
+1 4912
+1 4912
+3 9025
+1 9025
+1 9025
+1 9025
+1 9025
+3 5321
+1 5321
+1 5321
+1 5321
+1 5321
+4 2
+1 2
+5 2
+1 2
+1 2
+1 2
+22 2
+1 2
+1 2
+1 2
+1 2
+1 2
+1 2
+1 2
+1 2
+1 2

fl=(141)
fn=(1738)
26 1
+9 1
+1 2
+1 1
+4 1
+1 1
+1 1
+1 1
+1 1
+2 2
+2 1
+1 1
+1 1
+2 2
+2 1
+8 1
cfi=(142)
cfn=(1740)
calls=1 -34 
* 8

fl=(164) /build/glibc-OTsEL5/glibc-2.27/io/../sysdeps/unix/sysv/linux/close.c
fn=(3308) close
27 40
+1 5

fn=(2902) __close_nocancel
37 32
+1 8

fl=(146)
fn=(1758)
226 10
+48 5
-48 25
+47 5
-47 10
+26 10
+31 20
525 40
292 31
+1 1
-1 4
+1 2
-1 8
+2 10
+5 10
+5 5
-6 5
+6 5
+4 10
+10 10
+7 10
434 5
-56 5
+56 15
+16 5
+10 5
+1 5
-84 5
-1 5
+96 5
-22 10
+17 11
+5 11
+1 33
-41 22
+2 44
+2 36
+7 2
+17 2
+4 33
+3 22
+11 10
+5 10
+6 10
328 25
-82 10
492 15
-2 10

fl=(163) /build/glibc-OTsEL5/glibc-2.27/libio/iofclose.c
fn=(2892) fclose@@GLIBC_2.2.5
34 24
+14 8
-14 8
+14 16
fi=(134)
796 16
+1 24
fe=(163)
57 8
fi=(134)
870 24
+2 16
+1 16
fe=(163)
57 24
cfi=(130)
cfn=(2906) _IO_file_finish@@GLIBC_2.2.5
calls=8 169 
* 296
+1 24
+13 16
+3 48
+3 16
cob=(2)
cfi=(18)
cfn=(2910)
calls=8 -77 
* 568
+4 40
-32 8
cfi=(131)
cfn=(2894) _IO_un_link
calls=8 +4 
* 752
+2 152
+1 16
+1 16
cfi=(130)
cfn=(2896) _IO_file_close_it@@GLIBC_2.2.5
calls=8 +76 
* 882
* 32
fi=(134)
797 48
fe=(163)

fl=(68) /build/glibc-OTsEL5/glibc-2.27/string/../sysdeps/x86_64/multiarch/strcmp.c
fn=(224) strcmp
38 12
+3 12
+6 3

fl=(97) /build/glibc-OTsEL5/glibc-2.27/string/../sysdeps/x86_64/multiarch/strrchr-avx2.S
fn=(388) __strrchr_avx2
43 1
+1 1
+2 1
+1 1
+3 1
+1 1
+1 1
+33 1
+1 1
+1 1
+1 1
+1 1
+1 1
+1 1
+1 1
+1 1
+1 1
+3 1
+1 1
+9 1
+1 1
+3 1
+1 2
+4 1
+1 1
+1 1
+1 1
+1 1
+1 1
+1 1
+1 1
+32 1
+1 1
+2 1
+1 1
+1 1
+1 1
+6 1
+1 1
+1 1
+1 1

fl=(181)
fn=(3460)
43 42
+1 42
+2 42
+2 42
+5 42
+3 42
+1 42
+1 42
+3 30
+1 30
+1 30
+3 30
+2 2
+1 2
+6 1
+1 1
+1 1
+4 1
+2 1
+1 1
+6 12
+1 12
+1 12
+1 12
+2 12
+1 12
+1 12
+1 6
+3 6
+1 6
+2 6
+1 6
+1 6
+1 6
+8 6
+1 6
+3 6
+1 6
+3 5
+3 5
+1 5
+69 6
+1 6
+2 6
+1 6
+1 6
+1 6
+45 28
+2 28
+1 28
+1 28
+1 28
+1 28
+37 2
+2 2
+1 2
+5 6
+1 6
+1 6
+1 6

fl=(130)
fn=(2906)
169 32
+1 16
+7 8
-1 16
+1 16
-1 8
cfi=(131)
cfn=(2908) _IO_default_finish
calls=8 628 
* 200

fn=(1306) _IO_file_stat
1169 2
+1 6
cfi=(133)
cfn=(1308)
calls=2 34 
* 20

fn=(2896)
129 24
+2 24
+4 8
+3 16
-3 8
-1 16
+6 8
+3 8
-3 8
cfi=(131)
cfn=(2898) _IO_unsave_markers
calls=8 1019 
* 48
+3 24
fi=(134)
870 24
+2 16
+1 16
fe=(130)
143 16
cfn=(2900) _IO_file_close
calls=8 1190 
* 56
* 8
+3 24
+8 40
cfi=(131)
cfn=(1312)
calls=8 347 
* 226
+1 16
+3 8
-3 8
+1 24
+2 8
cfi=(131)
cfn=(2894)
calls=8 53 
* 120
+5 8
-4 8
+1 8
+1 8
+2 8
+1 40

fn=(2790) _IO_new_file_init_internal
107 16
+4 8
-4 16
+5 8
-1 8
+3 8
cfi=(131)
cfn=(2792) _IO_link_in
calls=8 -27 
* 688
+1 8
+1 32

fn=(3892) _IO_file_setbuf@@GLIBC_2.2.5
389 2
+1 1
cfi=(131)
cfn=(3894) _IO_default_setbuf
calls=1 +89 
* 68
* 2
+4 2
-1 2
+2 3
+2 1
+1 2

fn=(1350) _IO_file_write@@GLIBC_2.2.5
1196 56748
+2 56748
+5 9458
cfi=(136)
cfn=(1352)
calls=9458 27 
* 85122
+1 18916
+5 9458
+1 9458
-12 18916
+5 47290
+10 28374
+3 85122

fn=(1366) _IO_file_sync@@GLIBC_2.2.5
807 37860
+5 37860
+2 9465
+1 18930
+15 18930
+4 37860

fn=(2794) _IO_file_fopen@@GLIBC_2.2.5
214 80
+9 16
+2 46
364 80
234 7
-2 7
+1 7
+15 112
+33 8
-96 8
+1 16
-1 8
+4 8
cfi=(160) /build/glibc-OTsEL5/glibc-2.27/io/../sysdeps/unix/sysv/linux/open64.c
cfn=(2796) open
calls=8 36 
* 238
* 8
+1 16
+3 8
-1 8
+1 16
+3 16
-3 8
+3 8
+10 16
cfi=(131)
cfn=(2792)
calls=8 87 
* 128
+81 24
cfi=(161) /build/glibc-OTsEL5/glibc-2.27/string/../string/strstr.c
cfn=(2798) __GI_strstr
calls=8 53 
* 200
+1 8
-1 8
+1 8
-59 1
-1 1
-13 2
+73 16

fn=(2900)
1190 16
cfi=(164)
cfn=(2902)
calls=8 37 
* 40

fn=(3730) _IO_file_underflow@@GLIBC_2.2.5
478 3
+6 3
-14 5
+17 6
+13 2
+20 2
cfi=(131)
cfn=(3732) _IO_switch_to_get_mode
calls=1 164 
* 24
+11 1
-5 1
fi=(134)
872 1
fe=(130)
526 2
fi=(134)
872 1
fe=(130)
527 1
+2 1
fi=(134)
873 1
fe=(130)
528 2
fi=(134)
873 1
fe=(130)
531 4
cfn=(3734) _IO_file_read
calls=1 1153 
* 14
+2 2
+16 1
-9 1
+9 2
+2 1
+1 2
-1 1
+1 4
-62 3
+5 2
cfi=(131)
cfn=(1302) _IO_doallocbuf
calls=1 362 
* 150
* 2

fn=(1300) _IO_file_overflow@@GLIBC_2.2.5
747 28452
+7 9484
-8 56904
+8 37933
+35 18966
+3 18966
+3 28449
+1 28449
+1 47415
+5 37932
-45 2
+12 2
+9 4
+8 1
-4 1
+3 2
-2 2
-3 1
+1 2
+5 1
-1 1
+1 3
+3 1
-2 1
+2 1
+1 1
+1 1
+11 3
-12 1
cfn=(1314) _IO_do_write@@GLIBC_2.2.5
calls=1 433 
* 4
+9 18916
-1 9458
+1 9458
-1 9458
cfn=(1314)
calls=9458 433 
* 1002548
* 18916
-39 2
cfi=(131)
cfn=(1302)
calls=1 362 
* 330
+1 6

fn=(1314)
433 28377
+1 1
-3 151328
+11 18916
+7 37832
fi=(134)
873 18916
fe=(130)
457 37832
cfn=(1350)
calls=9458 1196 
* 425610
* 9458
+1 47290
+6 9458
-4 9458
+4 9458
-4 28374
+1 18916
+3 9458
-2 9458
-29 37832
+1 75664
+29 18916

fn=(1298)
1220 253440
+7 63360
-7 190080
+6 316800
+7 316800
+17 3
+4 126718
+4 63359
+2 190077
-1 63359
+1 63359
-2 63359
cfi=(138)
cfn=(1372)
calls=63359 204 
* 1076253
* 63359
* 63359
+4 126718
+18 126718
+10 570240
-40 1
+16 1
fi=(134)
870 3
+2 2
+1 2
fe=(130)
1266 3
cfn=(1300)
calls=1 747 
* 384
* 2
+6 2
+1 7
+2 2
+11 3
+1 4
cfi=(131)
cfn=(1316) _IO_default_xsputn
calls=1 392 
* 1332
* 3
-52 126718
+1 126718
+3 190077
+2 1081200
-2 784159

fn=(3734)
1153 2
+3 3
cfi=(190)
cfn=(3736)
calls=1 27 
* 9

fl=(107)
fn=(556)
2986 1
-9 1
+9 9
+1 3
cfn=(558)
calls=1 3521 
* 389
+1 1
-1 1
+1 1
+8 4
+7 2
+2 1
+1 2
-1 1
+1 78
+3 2

fn=(560) sysmalloc
2274 24792
+20 3099
+11 3099
-11 3099
+11 3099
+1 12383
fi=(109)
535 3086
fe=(107)
2321 6172
fi=(109)
535 3086
fe=(107)
2321 6172
+66 3086
+1 9258
+10 3086
-9 3086
+9 24683
-91 39
+14 52
+6 26
+77 12344
+3 9258
2724 6172
+1 44
+5 88
+3 88
-3 6084
+3 6084
+5 3086
-3 3086
+3 3086
-2 3086
+2 9258
+1 3086
-1 3086
-1 3086
+4 3086
-3 6172
+1 3086
+2 3086
2346 39
+16 13
-1 13
+1 26
+5 39
+1 65
+3 39
+1 65
2747 27891
2460 9258
+19 6172
-11 3086
+11 3086
-11 3086
+21 12344
cfi=(112) /build/glibc-OTsEL5/glibc-2.27/malloc/morecore.c
cfn=(562) __default_morecore
calls=3086 46 
* 145056
* 3086
+1 3086
+3 9258
+3 12344
+1 6172
+46 6172
+2 6172
+6 3086
-6 3086
+6 9256
+1 15425
-83 3086
+10 6172
+8 3086
-8 3086
+8 3086
+67 4
+34 2
+6 3
+22 2
+1 5
+2 1
-2 1
+2 1
+1 4
cfi=(112)
cfn=(562)
calls=1 46 
* 25
+12 3
+48 1
+1 1
-2 1
+1 2
+12 1
-12 1
+1 1
+11 1
2544 2
-3 3
+99 2
+1 4
2329 91
cfi=(154) /build/glibc-OTsEL5/glibc-2.27/misc/../sysdeps/unix/sysv/linux/mmap64.c
cfn=(1910) mmap
calls=13 44 
* 455
+2 26

fn=(558)
3521 571350
+32 95225
-32 95225
+32 773424
+4 571350
+24 190450
+2 150867
+3 50289
+2 100578
+2 2401
-6 4802
+6 7203
+1 2401
+5 7203
+1 4802
+7 9604
-1 4802
+1 4802
+5 7203
+1 8783
+2 29500
+1 7375
2929 14750
+1 7375
-2 14750
+2 14750
-2 7375
+4 22125
3609 22125
+1 23133
1887 1437
3682 1437
1887 8452
3682 5578
1887 11156
4131 884892
3553 55734
+86 123386
+62 1262394
+1 100542
+20 88210
-1 176420
+1 88210
-1 88210
+1 176420
-2 441045
+6 264627
+66 88209
-40 176418
3879 88209
3731 88209
+1 88209
+20 176418
+40 176418
-60 176418
-12 1
+6 3
+66 1
-40 2
3879 1
3731 1
+1 1
+20 2
+40 2
-60 107460
+3 207552
+1 138368
+3 69184
+10 69184
-15 69184
+15 152862
+34 55091
-5 55091
+1 55091
+4 55091
+29 90688
+8 34363
+1 3729
+1 1243
-1 1243
+4 1243
-3 1243
+3 1243
-4 21111
+1 7037
-1 7037
+4 7037
-3 7037
+3 7037
+5 13128
-2 3282
+3 6564
+6 129
+1 129
-1 129
+1 129
+1 387
+29 258
+9 129
-9 516
+10 129
-9 129
+1 129
+1 129
+1 129
+6 129
-10 90430
+9 45215
-9 180860
+10 45215
-9 45215
+1 45215
+1 45215
+1 45215
+6 45215
+1 10666
+8 106687
3642 177930
+2 59310
-2 59310
+2 118620
+2 4614
+1 9228
+6 4614
-4 4614
+1 4614
+1 4614
+2 9228
+7 18456
-1 9228
+1 13842
+5 71196
+3 31344
-2 41856
3814 74128
+1 148256
+1 74128
3703 4234
cfn=(2178) malloc_consolidate
calls=2117 4403 
* 2145753
* 1096037
-62 711048
3786 9747
-1 9747
+1 19494
+5 29241
+1 36152
1887 4086
3887 120033
+17 139122
+2 131220
+3 32805
-3 32805
+3 65610
+1 8112
+67 131328
+1 131328
+1 131328
+1 131328
+1 131328
+5 201966
+14 212162
+2 78329
+2 156658
3820 56162
2929 16770
3751 23976
-1 47952
+1 46148
+4 14093
+1 14093
-1 14093
+2 28186
+3 14093
-2 14093
+1 28186
+1 14093
+2 8050
+1 8050
+3 48300
+6 8050
-6 24150
+2 24150
1887 8050
3769 8050
1887 16100
3766 36258
+6 6043
-6 18129
+2 18129
1887 6043
3769 6043
1887 12086
3720 2
3865 19992
-45 3900
2930 8385
+2 8385
-2 16770
+1 8385
3796 8385
2932 8385
3795 8385
+1 8385
-95 124
3843 15765
+1 6564
+2 129
+1 387
3670 15672
+1 15672
+1 31344
+1 15672
2929 15672
3674 15672
+1 15672
2929 15672
+1 15672
-2 15672
+2 15672
-2 15672
3670 15672
2932 31344
3820 6782
+73 145510
2941 9582
-1 9582
+2 6388
+1 6388
+1 3194
3895 3194
-75 2597
3990 161724
+3 110848
-3 71724
+3 95360
-3 46962
+3 70422
+97 49656
+3 49656
-2 99312
+2 102411
+17 9297
4008 27752
+3 55504
+2 11744
+1 11744
+1 11744
-2 46976
-27 14897
3850 3153
+7 475
-1 950
+1 475
+1 475
+1 950
+2 6306
-8 5356
3993 4163
+2 16652
+1 8326
-1 356
+1 178
+24 48024
+3 32016
+5 16008
-3 32016
+3 202716
+3 32016
+3 2655
-1 2655
+1 5310
1887 66462
4103 66462
1887 132924
3993 178
4125 9297
cfn=(560)
calls=3099 2274 
* 504435
+1 3099
-1 3099
+1 3099
1887 9297
4046 13353
-5 13353
+6 26706
+8 13353
-6 13353
+1 13353
+1 13353
+1 13353
+3 13353
+1 10706
+1 26706
+2 3005
+1 3005
+2 27045
+2 9015
+1 6010
-3 93132
+2 31044
+1 20696
+30 46557
+3 93114
-3 46557
+1 46557
+2 139671
+2 46557
-2 93114
-1 46557
+1 93114
+2 93114
3913 3897
+1 3897
+2 17
-2 19570
+6 7794
+2 7278
+4 2426
-1 4852
+1 11175
-1 2942
+1 56545
+3 7794
+3 3165
-1 3165
+1 9495
+10 732
+1 1464
-5 732
+11 732
-4 732
+1 732
+1 732
+1 732
+1 732
+2 93
+1 93
+2 837
+2 279
+1 186
-3 5751
+2 1917
+1 1278
+71 36762
3926 16302

fn=(2178)
4403 3858
+19 3858
-19 3858
+30 3858
-30 7716
+29 3858
-29 3858
+32 3858
-15 3858
+15 7716
+1 7716
-1 69444
+1 69444
+3 166053
+1 221404
+8 55351
-3 55351
+3 55351
+1 55351
+1 166053
+2 110702
+1 5001
+2 5001
-1 5001
+2 76134
+3 110702
+1 50253
+2 100506
+1 27861
+1 334332
+4 50253
+4 50253
-3 50253
+1 50253
+2 50253
+1 22144
+1 22144
+3 22144
+1 22144
+1 22144
-2 44288
+3 22144
+9 66432
-12 28109
+1 28109
+1 28109
-2 56218
+3 28109
+9 105332
+3 154320
+1 23148
-27 67176
+18 5098
+1 10196
+1 10196
-22 66115
-8 938

fn=(2592) systrim.isra.1.constprop.11
2760 5680
+11 3408
+2 1136
+1 2272
-4 1136
+8 3408
+2 3408
+7 3342
cfi=(112)
cfn=(562)
calls=1114 46 
* 27850
* 1114
+1 4456
+12 3342
cfi=(112)
cfn=(562)
calls=1114 46 
* 54586
+2 2228
+1 2228
+2 2228
cfi=(112)
cfn=(562)
calls=1114 46 
* 27850
+2 1114
+2 2228
+4 2228
+4 2228
-1 1114
+1 2228
+7 1114
-5 1114
+5 5592
-49 22
+49 110

fn=(532)
3028 1012818
+5 675212
+1 675212
+5 2706533
+3 337605
-2 1012815
+2 1012815
+3 675210
+10 380872
+2 285654
cfn=(558)
calls=95218 3521 
* 21202347
+1 95218
-1 95218
+1 571282
-19 663824
+8 304105
+1 912315
2941 484774
+2 484774
+1 242387
3081 1688025
-46 1
+46 3
-46 1
cfi=(108)
cfn=(534)
calls=1 29 
* 64143

fn=(1436) calloc
3379 5
-13 5
+15 5
-15 5
+13 5
-13 10
+10 5
-10 5
+10 5
+5 10
+8 10
+1 10
+12 15
+2 20
+10 5
+1 15
+21 15
cfn=(558)
calls=5 +85 
* 947
+2 5
-2 5
+2 20
+75 35
-75 25
+3 20
+28 5
+3 10
-14 5
+14 20
+11 5
+1 10
+1 10
+2 10
+1 15
cfi=(139) /build/glibc-OTsEL5/glibc-2.27/string/../sysdeps/x86_64/multiarch/memset-vec-unaligned-erms.S
cfn=(1440) __memset_avx2_unaligned_erms
calls=5 158 
* 366
* 5
* 10

fn=(1834)
3086 3671987
+5 667634
+1 667634
+6 667634
+5 333817
-2 333817
+2 667634
+18 1001445
+2 1001445
4149 667630
+6 1335260
+1 667630
+4 1335260
+9 1001445
-2 667630
+3 667630
+1 1202308
+13 239028
+11 260508
+2 195381
1894 195381
4218 65127
+7 65127
-6 130254
+6 130254
-2 65127
+2 130254
+4 130254
+2 65127
+1 130254
3125 3671987
-18 8
+2 8
+1 4
+2 2
+1 2
-1 2
+1 2
+1 2
2829 2
+2 4
3110 4
2835 4
+3 6
+1 2
+6 14
+3 2
+1 6
+5 2
cfi=(165) /build/glibc-OTsEL5/glibc-2.27/misc/../sysdeps/unix/syscall-template.S
cfn=(2936) munmap
calls=2 78 
* 10
* 2
-19 4
4259 108774
+3 54387
+1 54387
-1 163161
+10 54387
-4 54387
+4 108774
+3 108774
+5 163161
+3 108774
+1 108774
+1 108774
1894 163161
4291 108774
+1 30067
+2 30067
-1 30067
+2 560057
+3 108774
+5 159768
+1 68680
+1 4694
+11 4694
-1 4694
+2 9388
-1 48562
-1 48562
+2 97124
+4 53256
-2 53256
+1 53256
+1 53256
+2 33505
+1 33505
+2 33505
+1 33505
+2 100515
+1 33505
+30 67010
-34 19751
+1 19751
+2 59253
+1 19751
+30 41764
+20 108774
2929 642903
+3 214301
-2 428602
+1 214301
+1 428602
4277 163161
-2 108774
+32 145686
+34 1131
+1 3393
+1 2262
+18 70875
+1 3482
cfn=(2178)
calls=1741 +41 
* 753576
+2 70875
+2 118125
+2 2272
cfn=(2592)
calls=1136 2760 
* 168764
* 1136
-73 696
+9 6293
-9 11
+9 108
-9 3
2829 6
4304 27

fl=(192) /build/glibc-OTsEL5/glibc-2.27/stdlib/cxa_thread_atexit_impl.c
fn=(3752) __call_tls_dtors
145 3
+1 4
+18 4

fl=(113) /build/glibc-OTsEL5/glibc-2.27/misc/sbrk.c
fn=(564) sbrk
32 6429
+8 6429
-8 19287
+8 38571
+1 2
cfi=(114) /build/glibc-OTsEL5/glibc-2.27/misc/../sysdeps/unix/sysv/linux/x86_64/brk.c
cfn=(566) brk
calls=1 -10 
* 12
* 3
+3 12858
+4 21858
+12 11145
-4 8400
cfi=(114)
cfn=(566)
calls=4200 -25 
* 50400
* 8400
+4 21000
-10 2228
-2 3342

fl=(124) /build/glibc-OTsEL5/glibc-2.27/wctype/wctype_l.c
fn=(872) wctype_l
27 50
+7 10
-7 40
+3 10
cfi=(125)
cfn=(876)
calls=10 +22 
* 178
* 10
+3 10
-3 10
+3 20
+8 48
+1 96
-8 48
+2 96
cfi=(125)
cfn=(876)
calls=48 +16 
* 776
* 48
* 20
cfi=(125)
cfn=(876)
calls=10 +16 
* 150
* 10
+2 58
-2 58
+2 254
cfi=(126) /build/glibc-OTsEL5/glibc-2.27/string/../sysdeps/x86_64/multiarch/memcmp-avx2-movbe.S
cfn=(880) __memcmp_avx2_movbe
calls=49 +25 
* 1058
* 49
* 98
+8 10
+1 10
+1 80

fl=(196) /build/glibc-OTsEL5/glibc-2.27/posix/../sysdeps/unix/sysv/linux/_exit.c
fn=(3896) _Exit
27 2
+4 1
+2 2

fl=(131)
fn=(1312)
347 197301
+1 263070
+3 65767
+2 263068
-3 65767
+3 131534
+3 197304
-7 1
cob=(2)
cfi=(18)
cfn=(2910)
calls=1 0 
* 71
* 5

fn=(2894)
53 96
+1 32
+4 32
+1 80
+2 8
-2 8
+1 8
+1 8
-2 8
+2 8
-2 8
+2 120
+2 8
-2 8
+2 16
+2 16
+9 8
+2 8
-2 8
+2 64
+2 8
-1 8
+1 64
+1 16
+3 112
-6 56
-18 32
+8 24

fn=(3726)
318 3
-1 4
+6 5
+3 2
+2 2
+6 2
+7 1
fi=(134)
870 3
+2 2
+1 2
fe=(131)
341 1
+1 1
-1 1
+1 2
-1 1
cfn=(3728) _IO_default_uflow
calls=1 +38 
* 270
-23 2
+21 3

fn=(1882)
590 591885
+1 65765
cfn=(1884) _IO_old_init
calls=65765 -30 
* 1644141
+2 65765
-1 65765
+1 65765
+2 8
+1 8
+1 8
+1 8
+1 8
+1 8
+1 8
+1 8
+1 8
+1 8
+1 8
+1 8
+2 8
+6 8
+1 48
-1 65757
+1 394542
-2 131514

fn=(3732)
164 4
+1 3
+3 3
+5 1
-1 2
+1 1
+7 1
-4 1
+2 2
+2 1
+1 1
+1 4

fn=(1302)
362 4
-1 6
+3 8
+4 8
-3 2
fi=(134)
870 6
+2 4
+1 4
fe=(131)
365 4
cfi=(132) /build/glibc-OTsEL5/glibc-2.27/libio/filedoalloc.c
cfn=(1304) _IO_file_doallocate
calls=2 78 
* 430
* 4

fn=(1316)
392 403934
-3 351780
fi=(134)
870 70356
fe=(131)
389 70356
fi=(134)
870 70356
fe=(131)
389 351780
fi=(134)
870 140712
fe=(131)
407 137270
+8 70355
+2 140787
fi=(134)
872 50
+1 50
fe=(131)
417 100
cfi=(130)
cfn=(1300)
calls=25 747 
* 825
* 50
+2 50
-22 281524
+2 211065
+3 140710
+2 6880
cfi=(138)
cfn=(1372)
calls=1720 204 
* 20641
* 1720
+1 1720
-1 1720
+1 3440
+17 70356
-29 70356
+29 755714
-15 68635
+5 205905
-1 137270
+1 157581
-1 105054
+2 274540

fn=(2792)
87 96
+1 48
+4 8
-2 24
+2 16
+1 88
+2 8
-1 8
-1 8
+2 8
-2 8
+2 104
+2 8
-2 8
+5 8
-2 8
-1 8
+3 112
+2 8
-1 8
+1 64
+1 16
+3 112
-14 32

fn=(3728)
379 2
fi=(134)
870 2
fe=(131)
379 2
+1 1
fi=(134)
870 1
+2 2
+1 2
fe=(131)
380 2
cfi=(130)
cfn=(3730)
calls=1 +98 
* 246
+1 2
+2 4
+1 4

fn=(2898)
1019 16
+19 24
189 8

fn=(1346) __overflow
217 18916
+2 28374
+2 9458
fi=(134)
870 28374
+2 18916
+1 18916
fe=(131)
221 9458
+1 18916
-1 9458
cfi=(130)
cfn=(1300)
calls=9458 747 
* 1380868

fn=(1884)
561 65765
-2 65765
+1 65765
-1 65765
+2 131530
+16 65765
-14 65765
+1 65765
+13 65765
+5 65765
-17 65765
+1 65765
+1 65765
+1 65765
+14 65765
-13 65765
+1 65765
+1 65765
+2 65765
+1 65765
+1 65765
+1 65765
+6 65765
+1 16
+2 65765

fn=(3886) _IO_flush_all_lockp
749 11
+5 4
+1 11
+3 1
-8 1
+5 1
+3 1
-3 1
+3 1
fi=(134)
870 2
fe=(131)
762 1
fi=(134)
870 2
fe=(131)
-98 6
-14 3
+16 3
-16 6
+3 3
-1 3
+1 3
+3 22
+14 9
+1 3
+4 12
-29 4

fn=(2908)
628 32
+2 8
-2 24
+2 16
+6 24
+3 24
54 16
651 56

fn=(3884) _IO_cleanup
918 2
+3 1
-3 8
+3 1
cfn=(3886)
calls=1 749 
* 114
-72 1
+72 1
-72 2
+1 11
+3 1
-3 1
+3 1
-3 1
+3 1
fi=(134)
+17 2
fe=(131)
-7 1
fi=(134)
+7 2
fe=(131)
+23 3
-40 9
+2 9
+2 6
+6 12
+8 2
+9 1
fi=(134)
-8 2
+1 2
fe=(131)
+7 4
cfi=(130)
cfn=(3892)
calls=1 389 
* 83
+2 3
+4 5
+1 9
+10 9
+1 2
+35 12
-62 3
+2 2
+2 1
+1 1
-1 1
+2 3
-28 4
+14 4

fn=(3894)
479 2
fi=(134)
870 1
fe=(131)
479 3
fi=(134)
870 1
fe=(131)
479 3
+1 1
fi=(134)
870 1
+2 2
+1 2
fe=(131)
480 2
cfi=(130)
cfn=(1366)
calls=1 807 
* 17
* 3
+2 2
+7 1
-7 1
+10 2
+2 1
-2 1
+1 3
+2 6
-11 1
348 1
485 1
-1 1
+1 1
348 3
+7 1
-5 1
+1 1
+4 2

fl=(187) /build/glibc-OTsEL5/glibc-2.27/misc/../sysdeps/unix/sysv/linux/writev.c
fn=(3574) writev
26 32
+1 4

fl=(114)
fn=(566)
31 33608
+8 4201
-6 8402
+7 4201

fl=(96) /build/glibc-OTsEL5/glibc-2.27/misc/init-misc.c
fn=(384) __init_misc
31 2
-1 3
+1 4
+2 3
cfi=(97)
cfn=(388)
calls=1 +10 
* 42
* 1
+4 5
+1 3
+2 4

fl=(119) /build/glibc-OTsEL5/glibc-2.27/wcsmbs/wctob.c
fn=(848) wctob
31 1152
+9 256
+5 512
+37 1280

fl=(159) /build/glibc-OTsEL5/glibc-2.27/libio/iofopen.c
fn=(2788) fopen@@GLIBC_2.2.5
88 40
-23 8
+23 16
-23 8
cob=(2)
cfi=(18)
cfn=(1310)
calls=8 -65 
* 750
+2 24
+3 8
+2 32
-2 8
+2 24
cfi=(131)
cfn=(1882)
calls=8 590 
* 480
+1 8
+1 8
-1 8
+1 8
cfi=(130)
cfn=(2790)
calls=8 +33 
* 792
+4 40
cfi=(130)
cfn=(2794)
calls=8 214 
* 1141
* 16
-41 16
+53 56

fl=(143) /build/glibc-OTsEL5/glibc-2.27/posix/../sysdeps/unix/sysv/linux/times.c
fn=(1748) times
27 400
+2 200
-2 200
+2 200
+34 600
+3 400

fl=(172) /build/glibc-OTsEL5/glibc-2.27/stdio-common/printf_fp.c
fn=(3428) __printf_fp
1272 25
-1 25
+1 100
cfn=(3430) __printf_fp_l
calls=25 213 
* 40925

fn=(3442) hack_digit
167 216
+3 216
+2 432
+8 132
+4 396
cfi=(184) /build/glibc-OTsEL5/glibc-2.27/stdlib/divrem.c
cfn=(3510) __mpn_divrem
calls=66 46 
* 2555
+2 264
+3 66
-2 66
+3 66
-1 66
+1 330
+11 198
cfi=(178) /build/glibc-OTsEL5/glibc-2.27/stdlib/../sysdeps/x86_64/mul_1.S
cfn=(3444) __mpn_mul_1
calls=66 32 
* 1320
+1 132
+1 260
+4 330
-33 6
+1 18
-1 6
+1 6
cfi=(178)
cfn=(3444)
calls=6 32 
* 120
* 6
+32 36

fn=(3430)
213 350
+50 25
-50 50
+41 25
+16 50
-7 25
+10 25
-10 75
+10 25
-10 25
+10 25
fi=(173) /build/glibc-OTsEL5/glibc-2.27/stdio-common/../include/../locale/localeinfo.h
+36 25
fe=(172)
-15 25
fi=(173)
+15 50
fe=(172)
-33 50
+18 25
+8 25
-71 25
-1 25
383 75
+5 50
+40 25
+13 25
-13 150
+1 25
+1 50
+3 100
+1 50
+1 50
-2 25
+1 25
-1 25
+2 25
+7 25
-8 25
+1 25
+7 25
+17 161
+16 46
-19 46
-1 46
-10 23
+92 69
-48 102
+42 34
-1 34
+1 34
-1 34
+1 68
cfi=(138)
cfn=(1374)
calls=34 217 
* 340
* 34
* 34
+16 114
+9 12
+2 24
-2 265
+2 806
-78 276
+4 1380
-4 23
+4 115
+2 102
-94 425
cfi=(174)
cfn=(3434)
calls=25 37 
* 500
* 150
1265 300
547 102
cfi=(182)
cfn=(3506)
calls=34 35 
* 374
* 90
+3 110
cfi=(138)
cfn=(1374)
calls=22 217 
* 220
* 22
+1 66
+1 66
+1 22
+3 22
-5 22
+1 22
+1 66
+5 44
+1 23
+6 23
-6 23
+6 23
+4 154
+35 88
+16 44
+2 22
-2 22
cfi=(183) /build/glibc-OTsEL5/glibc-2.27/stdlib/../sysdeps/x86_64/rshift.S
cfn=(3508) __mpn_rshift
calls=22 29 
* 374
+3 66
-1 44
+1 66
cfi=(183)
cfn=(3508)
calls=22 29 
* 374
+2 134
+14 2
827 2
+10 2
-10 1
+10 4
+2 1
-2 1
+2 1
639 42
827 42
+10 42
-10 21
+10 84
+2 21
-2 21
+2 21
-12 6
+10 6
-10 3
+10 12
+2 3
-2 3
+2 3
+10 50
+20 125
+1 100
+23 150
+4 25
-61 25
+61 50
+14 100
+1 25
-1 50
+7 25
fi=(177) /build/glibc-OTsEL5/glibc-2.27/stdio-common/../sysdeps/pthread/allocalim.h
27 50
cfi=(176)
cfn=(3438)
calls=25 +1 
* 250
+2 50
fe=(172)
928 175
+4 25
-3 25
+3 50
+3 250
+3 75
cfn=(3442)
calls=25 167 
* 2484
* 66
cfn=(3442)
calls=22 167 
* 2314
* 47
-3 169
+7 150
+2 50
-4 25
+4 50
+13 25
-1 75
+2 512
+1 462
170 103
961 103
170 206
+2 515
+8 176
+4 528
cfi=(184)
cfn=(3510)
calls=88 46 
* 3374
+2 352
+3 88
-2 88
+3 88
-1 88
+1 616
962 103
+1 103
+2 412
201 352
cfi=(178)
cfn=(3444)
calls=88 32 
* 1760
+1 264
+1 426
-29 15
+1 45
-1 30
+1 15
cfi=(178)
cfn=(3444)
calls=15 32 
* 300
* 90
959 51
+15 75
+1 50
cfn=(3442)
calls=25 167 
* 2445
+2 150
+2 21
+3 14
-4 5
fi=(179) /build/glibc-OTsEL5/glibc-2.27/stdio-common/../sysdeps/generic/get-rounding-mode.h
94 5
+1 20
-1 20
+1 105
fe=(172)
1093 28
+3 14
-1 14
-2 102
+7 62
+3 75
+13 75
+46 175
+2 150
+2 25
-2 50
+2 175
257 25
1169 50
645 4
821 8
cfi=(175) /build/glibc-OTsEL5/glibc-2.27/stdlib/../sysdeps/x86_64/lshift.S
cfn=(3436) __mpn_lshift
calls=2 29 
* 30
+1 10
+1 4
1171 100
870 75
+14 25
-1 25
+1 75
+7 125
fi=(179)
95 50
fi=(180) /build/glibc-OTsEL5/glibc-2.27/stdio-common/../include/rounding-mode.h
-43 72
+6 4
fe=(172)
999 44
+5 11
-1 11
+1 22
+2 2
-2 4
+3 2
-3 30
+5 33
+4 22
+11 22
+69 22
+80 50
+3 125
+9 25
+7 25
-7 50
+7 50
+5 50
cfi=(125)
cfn=(876)
calls=25 52 
* 375
* 25
+2 25
-2 25
+2 50
+5 25
+2 25
-2 50
+2 25
-2 25
+2 25
+11 150
+7 250
+3 272
+3 272
-6 477
+1 477
+1 92
cfi=(138)
cfn=(1372)
calls=23 204 
* 391
* 23
* 23
+2 75
+6 75
+17 125
470 23
-2 23
+2 23
-3 23
+3 46
-3 23
+3 46
-3 46
cfi=(175)
cfn=(3436)
calls=23 29 
* 345
+4 207
+1 23
-1 23
+1 23
+1 115
1251 1899
987 2
-1 2
+1 22
1101 4
1254 75
+7 75
640 50
943 140
-8 25
1200 50
573 44
+2 22
-2 22
+2 44
+26 132

fl=(195)
fn=(3778)
28 20
+8 5
-8 15
+11 10
+82 30

fl=(191) /build/glibc-OTsEL5/glibc-2.27/stdlib/exit.c
fn=(3750) __run_exit_handlers
40 9
+5 1
-5 1
+5 2
+11 44
+3 7
+2 15
+16 370
+35 1080
+2 360
-44 558
+2 180
+1 180
-1 180
+4 720
+1 1080
+29 175
-3 175
+5 175
-2 350
+2 350
cob=(1)
cfi=(193) /build/glibc-OTsEL5/glibc-2.27/elf/dl-fini.c
cfn=(3766) _dl_fini
calls=1 -78 
* 3501
cob=(8) /home/sajeeb/Desktop/orbiter/ORBITER/src/apps/surfaces/surface_classify.out
cfi=(115) ???
cfn=(3756) mem_object_registry::~mem_object_registry()
calls=1 0 
* 687
cob=(7)
cfi=(103)
cfn=(3754) std::ios_base::Init::~Init()
calls=173 0 
* 3176
+1 175
+11 6
+1 6
-1 6
+1 6
+3 10
cob=(2)
cfi=(18)
cfn=(2910)
calls=5 0 
* 660
+2 24
-73 6
+12 1
+1 4
+63 2
+1 11
cfi=(131)
cfn=(3884)
calls=1 918 
* 343
* 3
+2 2
cfi=(196)
cfn=(3896)
calls=1 27 
* 5
-86 1
cfi=(192)
cfn=(3752)
calls=1 +99 
* 11
* 1

fn=(3748) exit
139 1
-1 1
+1 3
cfn=(3750)
calls=1 -99 
* 14659

fl=(126)
fn=(880)
63 50
+1 50
+3 1
+1 1
+1 1
+1 1
+1 1
+2 1
+1 1
+2 1
+2 1
+1 1
+1 1
+1 1
+3 1
+1 1
+2 1
+1 1
+2 1
+1 1
+2 1
+1 1
+2 1
+1 1
+1 1
+2 1
+1 1
+2 1
+1 1
+1 1
+1 1
+2 1
+1 1
+1 1
+2 1
+1 1
+1 1
+2 1
+1 1
+1 1
+2 1
+1 1
+1 1
+1 1
+1 1
+55 49
+1 49
+1 49
+1 49
+1 49
+1 49
+1 49
+1 49
+1 49
+1 49
+1 39
+1 39
+1 39
+4 10
+38 49
+1 49
+1 49
+1 49
+1 49
+1 49
+1 49

fl=(169)
fn=(2992)
30 5
+1 1

fl=(170) /build/glibc-OTsEL5/glibc-2.27/io/../sysdeps/unix/sysv/linux/lseek64.c
fn=(3304) lseek
35 20
+2 5

fl=(116) /build/glibc-OTsEL5/glibc-2.27/csu/../csu/libc-start.c
fn=(698) (below main)
137 8
+4 1
-4 2
+4 2
+98 1
-98 1
+98 1
+1 4
cfi=(106) /build/glibc-OTsEL5/glibc-2.27/stdlib/cxa_atexit.c
cfn=(496) __cxa_atexit
calls=1 65 
* 71
+22 4
+3 2
+1 5
cob=(8)
cfi=(115)
cfn=(700) __libc_csu_init
calls=1 0 
* 152416
+4 4
+15 2
+12 2
cfi=(140)
cfn=(1736)
calls=1 30 
* 29
+1 2
+5 2
+1 2
+3 2
+3 6
cob=(8)
cfi=(115)
cfn=(1742) main
calls=1 0 
* 7662029989
+34 2
cfi=(191)
cfn=(3748)
calls=1 139 
* 14664

fl=(120) /build/glibc-OTsEL5/glibc-2.27/wcsmbs/btowc.c
fn=(854) btowc
33 512
+5 256
-5 1280
+5 1280
+5 768
+4 384
fi=(121) /build/glibc-OTsEL5/glibc-2.27/wcsmbs/./wcsmbsload.h
+23 384
fe=(120)
-22 128
+2 128
-2 128
+2 128
+5 512
+3 256
cfi=(122)
cfn=(858)
calls=128 -20 
* 512
* 384
cfi=(123)
cfn=(860)
calls=128 -6 
* 640
+41 2048
fi=(121)
-27 384
+1 256
fe=(120)

fl=(60) /build/glibc-OTsEL5/glibc-2.27/string/../sysdeps/x86_64/multiarch/ifunc-avx2.h
fn=(268) strchrnul
32 1
-2 1
+2 2
-2 3
fi=(205) /build/glibc-OTsEL5/glibc-2.27/string/../sysdeps/x86_64/multiarch/strchrnul.c
+1 1
fe=(60)

fn=(252) memrchr
32 1
-2 1
+2 2
-2 3
fi=(206) /build/glibc-OTsEL5/glibc-2.27/string/../sysdeps/x86_64/multiarch/memrchr.c
-1 1
fe=(60)

fn=(250) strlen
32 3
-2 3
+2 6
-2 9
fi=(207) /build/glibc-OTsEL5/glibc-2.27/string/../sysdeps/x86_64/multiarch/strlen.c
-1 3
fe=(60)

fn=(258) memchr
32 2
-2 2
+2 4
-2 6
fi=(208) /build/glibc-OTsEL5/glibc-2.27/string/../sysdeps/x86_64/multiarch/memchr.c
-1 2
fe=(60)

fn=(212) rawmemchr
32 1
-2 1
+2 2
-2 3
fi=(209) /build/glibc-OTsEL5/glibc-2.27/string/../sysdeps/x86_64/multiarch/rawmemchr.c
+1 1
fe=(60)

fn=(230) strnlen
32 2
-2 2
+2 4
-2 6
fi=(210) /build/glibc-OTsEL5/glibc-2.27/string/../sysdeps/x86_64/multiarch/strnlen.c
+1 2
fe=(60)

fn=(204) rindex
32 1
-2 1
+2 2
-2 3
fi=(211) /build/glibc-OTsEL5/glibc-2.27/string/../sysdeps/x86_64/multiarch/strrchr.c
-2 1
fe=(60)

fl=(132)
fn=(1304)
78 16
+6 8
fi=(134)
870 6
+2 4
+1 4
fe=(132)
84 6
cfi=(130)
cfn=(1306)
calls=2 1169 
* 28
* 4
+2 8
+11 8
+4 4
cob=(2)
cfi=(18)
cfn=(1310)
calls=2 0 
* 252
* 2
+2 2
-1 4
+2 8
cfi=(131)
cfn=(1312)
calls=2 347 
* 36
+1 2
+1 16
-15 1
fi=(212) /build/glibc-OTsEL5/glibc-2.27/libio/../misc/sys/sysmacros.h
-12 6
fe=(132)
+12 1
-2 2
+5 2

fl=(184)
fn=(3510)
46 1232
+3 308
234 1386
62 154
+1 154
-16 154
+18 308
+7 689
+1 127
-1 254
+1 254
-1 254
+4 308
+3 154
+2 154
-14 13
+1 26

fl=(188) /build/glibc-OTsEL5/glibc-2.27/libio/iofgets.c
fn=(3722) fgets
37 34
+2 17
-7 85
+7 17
+8 306
+4 17
+2 17
-1 17
+1 34
-1 17
+1 51
-2 17
+2 17
cfi=(189)
cfn=(3724)
calls=17 -20 
* 1938
+5 17
-2 85
fi=(134)
797 136
fe=(188)
67 85
-6 51
+3 34
fi=(134)
796 34
fe=(188)

fl=(144) /build/glibc-OTsEL5/glibc-2.27/stdlib/atoi.c
fn=(1754) atoi
26 1
+1 3
cfi=(145)
cfn=(1756)
calls=1 +79 
* 98
+1 2

fl=(155) /build/glibc-OTsEL5/glibc-2.27/debug/strcpy_chk.c
fn=(1956) __strcpy_chk
27 25
+1 5
-1 5
+1 5
cfi=(125)
cfn=(876)
calls=5 +24 
* 79
* 5
+1 10
+3 15
+1 15
-1 5
cfi=(138)
cfn=(1374)
calls=5 217 
* 58
* 5

fl=(183)
fn=(3508)
29 44
+1 44
+1 44
+13 44
+1 44
+16 44
+1 44
+1 44
+1 44
+1 44
+1 44
+1 44
+5 44
+1 44
+1 44
+1 44
+1 44

fl=(154)
fn=(1910)
44 26
+3 13
-6 156
+6 13
+5 130
+2 91
-7 26

fl=(63)
fn=(210)
25 25
+1 10
+4 10
+18 30
-21 5
+20 5

fl=(178)
fn=(3444)
32 175
+3 175
+1 175
+1 175
+1 175
+1 175
+2 175
+1 175
+2 175
+1 175
+1 175
+1 175
+1 175
+2 175
+1 175
+1 175
+1 175
+69 175
+2 175
+3 175

fl=(151)
fn=(1888)
1244 920598
+31 197271
+8 197271
+4 328785
+11 263028
+11 65757
fi=(213) /build/glibc-OTsEL5/glibc-2.27/stdio-common/printf-parse.h
108 131514
fe=(151)
1309 197271
fi=(213)
108 65757
cfi=(152) /build/glibc-OTsEL5/glibc-2.27/string/../sysdeps/x86_64/multiarch/strchr-avx2.S
cfn=(1892) __strchrnul_avx2
calls=65757 -63 
* 1441108
* 65757
fe=(151)
1324 65757
fi=(213)
108 65757
fe=(151)
1324 131514
+4 65757
fi=(214) /build/glibc-OTsEL5/glibc-2.27/stdio-common/../libio/libioP.h
870 197271
+2 65757
-2 65757
+2 65757
-2 65757
+3 131514
fe=(151)
1328 394542
cfi=(131)
cfn=(1316)
calls=65757 392 
* 276466
* 131514
1696 131514
+1 197271
+3 789084
1283 131514
+45 131514
+4 197271
+4 526056
-57 65757
+34 65757
-8 65757
-59 131514
1378 1021755
-3 68117
-5 68117
-4 68117
-1 68117
-1 68117
-1 68117
-1 68117
-1 68117
-1 68117
+15 68117
-16 68117
-1 68117
-1 68117
+14 68117
-4 68117
+8 68117
-1 136234
1660 68117
+2 136234
+8 68117
fi=(213)
108 272468
cfi=(152)
cfn=(1892)
calls=68117 -63 
* 1495061
* 68117
fe=(151)
1674 68117
fi=(213)
108 68117
fe=(151)
1674 204351
fi=(214)
872 204351
+1 136234
fe=(151)
1674 476819
cfi=(131)
cfn=(1316)
calls=68117 392 
* 404038
* 476819
+2 68117
-2 68117
+2 201991
-33 43225
1530 25
-1 25
+1 50
+69 325
+43 796356
cfi=(153)
cfn=(1894)
calls=66363 168 
* 1991046
* 1694574
-27 729993
-1 66363
+1 398178
+27 1061082
cfi=(172)
cfn=(3428)
calls=25 1272 
* 41075
* 1135784
fi=(214)
872 199089
+1 132726
fe=(151)
1642 331815
cfi=(131)
cfn=(1316)
calls=66363 392 
* 3539425
* 1214908
+1 5187
fi=(214)
872 5187
+1 3458
fe=(151)
1643 12103
cfi=(131)
cfn=(1316)
calls=1729 392 
* 102381
* 20748
-1 342612
+1 152793
-1 809529
+1 8645
cfi=(125)
cfn=(876)
calls=1729 52 
* 30531
* 1729
* 1729
-1 1220
1535 25
-1 25
+1 75
+15 200
+3 50
-19 25
+37 125
+25 50
+46 1200

fl=(149)
fn=(1880)
63 657280
+7 65728
-3 65728
+3 65728
+3 788736
cfi=(131)
cfn=(1882)
calls=65728 590 
* 3089216
+1 65728
+1 262912
-1 65728
+1 65728
cfi=(150)
cfn=(1886)
calls=65728 -39 
* 3483584
+4 131456
+1 65728
+2 262912
cfi=(151)
cfn=(1888)
calls=65728 1244 
* 29587650
+2 65728
+2 131456
-2 65728
+2 591552

fl=(112)
fn=(562)
46 6429
+1 6429
cfi=(113)
cfn=(564)
calls=6429 -15 
* 210364
+2 19287
+3 12858

fl=(165)
fn=(2936)
78 8
+1 2

fl=(77) /build/glibc-OTsEL5/glibc-2.27/time/../sysdeps/unix/sysv/linux/x86/gettimeofday.c
fn=(274) gettimeofday
42 2
fi=(62)
+2 1
+1 1
fe=(77)
-3 3
fi=(62)
+1 1
+5 3
+14 4
-17 3
+3 9
+14 12
-17 9
+22 1
fe=(77)
-25 6
cfi=(63)
cfn=(210)
calls=1 -17 
* 17
* 5

fl=(58) /build/glibc-OTsEL5/glibc-2.27/string/../sysdeps/x86_64/multiarch/ifunc-strcasecmp.h
fn=(234) strncasecmp
32 5
fi=(71) /build/glibc-OTsEL5/glibc-2.27/string/../sysdeps/x86_64/multiarch/strncase.c
-1 1
fe=(58)

fn=(198) strcasecmp
32 5
fi=(59) /build/glibc-OTsEL5/glibc-2.27/string/../sysdeps/x86_64/multiarch/strcasecmp.c
-1 1
fe=(58)

fn=(254) strcasecmp_l
32 5
fi=(75) /build/glibc-OTsEL5/glibc-2.27/string/../sysdeps/x86_64/multiarch/strcasecmp_l.c
-1 1
fe=(58)

fn=(270) strncasecmp_l
32 5
fi=(76) /build/glibc-OTsEL5/glibc-2.27/string/../sysdeps/x86_64/multiarch/strncase_l.c
-1 1
fe=(58)

fl=(106)
fn=(496)
65 1260
-26 360
+26 180
-26 900
+1 360
cfn=(498) __new_exitfn
calls=180 +44 
* 8815
+2 360
+7 360
+3 180
-1 180
+2 180
+1 180
+1 720
+1 180
+11 1080

fn=(498)
84 360
-6 360
+1 360
-1 180
+11 900
+2 540
+1 895
-3 1
+10 2
-10 2
+3 358
+10 358
+25 174
+1 174
-1 174
+1 174
-1 174
+7 174
+1 174
+4 696
-5 6
+1 6
+4 24
-33 15
+3 15
cfi=(107)
cfn=(1436)
calls=4 3379 
* 1371
cob=(1)
cfi=(104)
cfn=(482) _dl_runtime_resolve_xsave
calls=1 -38 
* 1086
* 9
* 5
-22 5
+24 10
+2 5
+1 10
+6 5
+1 10
-1 1
+1 2

fl=(152)
fn=(1892)
45 133874
+2 133874
+1 133874
+1 133874
+2 133874
+1 133874
+1 133874
+4 2270
+1 2270
+1 2270
+1 2270
+1 2270
+1 2270
+1 2270
+11 131604
+1 131604
+1 131604
+1 131604
+1 131604
+1 131604
+1 131604
+2 131604
+1 131604
+1 131604
+2 131601
+1 131601
+2 131601
+7 131601
+1 131601
+4 3
+5 3
+1 3
+1 3
+1 3
+1 3
+1 3
+1 3
+72 2273
+2 2273
+7 2273
+1 2273

fl=(73) /build/glibc-OTsEL5/glibc-2.27/wcsmbs/../sysdeps/x86_64/multiarch/ifunc-wmemset.h
fn=(244) wmemset
32 4
-2 2
+2 4
-2 4
+5 2
-1 8
fi=(215) /build/glibc-OTsEL5/glibc-2.27/wcsmbs/../sysdeps/x86_64/multiarch/wmemset.c
-3 2
fe=(73)

fl=(137) /build/glibc-OTsEL5/glibc-2.27/libio/iofflush.c
fn=(1364) fflush
33 18928
-1 37856
+7 141960
+1 9464
fi=(134)
870 28392
+2 18928
+1 18928
fe=(137)
40 18928
cfi=(130)
cfn=(1366)
calls=9464 807 
* 160888
* 37856
fi=(134)
796 18928
+1 75712
fe=(137)
44 47320

fl=(175)
fn=(3436)
29 25
+1 25
+2 25
+1 25
+1 25
+12 25
+1 25
+1 25
+1 25
+1 25
+1 25
+1 25
+6 25
+1 25
+1 25

fl=(186)
fn=(3516)
32 8
+7 4
-7 12
+7 4
-7 12
+7 12
-2 4
+2 4
-7 12
+7 4
cfi=(131)
cfn=(1882)
calls=4 590 
* 188
+1 4
+1 16
-1 4
+1 4
cfi=(150)
cfn=(1886)
calls=4 -5 
* 212
+1 16
cfi=(151)
cfn=(1888)
calls=4 1244 
* 2399
* 4
+1 16
+2 40

fl=(147) /build/glibc-OTsEL5/glibc-2.27/string/../sysdeps/x86_64/multiarch/strcpy-ssse3.S
fn=(1840) __strcpy_ssse3
32 29551
+4 29551
+7 29551
+1 29551
+1 29550
+1 29550
+1 28619
+1 28619
+1 27187
+1 27187
+1 24958
+1 24958
+1 21220
+1 21220
+1 16568
+1 16568
+1 16518
+1 16518
+5 16483
+1 16483
+1 16451
+1 16451
+1 16444
+1 16444
+1 16430
+1 16430
+1 16296
+1 16296
+1 16007
+1 16007
+1 15827
+1 15827
+5 15827
+1 15827
+12 15827
+1 15827
+1 15827
+1 15827
+1 15827
+1 15827
+1 15827
+1 15827
+4 15827
+1 15827
+6 15827
+1 15827
+2 1
+1 1
+1 1
+1 1
+12 1
+1 1
+1 1
+1 1
+4 1
+2 1
+1 1
+16 1
+1 1
+1 1
+1 1
+1 1
+1 1
+1 1
+1 1
+1 1
+1 1
+1 1
+1 1
+1 1
1848 1
+1 1
+2 1
+1 1
+1 1
+5 1
+1 1
+99 1
+1 1
+1 1
+1 1
2089 15827
+1 15827
+2 15827
+1 15827
+1 10731
+1 10731
+1 10731
+1 10731
+1 10697
+1 10697
+1 10681
+1 10681
+1 6661
+1 6661
+1 2514
+1 2514
+1 852
+1 1612
+4 380
+1 380
+4 380
+11 380
-16 35
+1 35
+4 35
+11 35
+4 5096
+1 5096
+1 5096
+1 5096
+1 3024
+1 3024
+1 1044
+1 1044
+1 126
+1 126
+1 30
+1 30
2288 1
+1 1
+4 1
+11 1
+4 965
+1 965
+4 965
+11 965
+4 1448
+1 1448
+1 1448
+1 1448
+4 1448
+11 1448
+4 6249
+1 6249
+4 6249
+11 6249
+4 7885
+1 7885
+1 7885
+1 7885
+4 7885
+11 7885
+4 6314
+1 6314
+1 6314
+1 6314
+4 6314
+11 6314
+4 522
+1 522
+1 522
+1 522
+4 522
+11 522
+4 32
+1 32
+1 32
+1 32
+4 32
+11 32
+4 2079
+1 2079
+1 2079
+1 2079
+4 2079
+11 2079
+4 1994
+1 1994
+1 1994
+1 1994
+4 1994
+11 1994
+4 1052
+1 1052
+1 1052
+1 1052
+4 1052
+11 1052
+4 385
+1 385
+1 385
+1 385
+4 385
+11 385
+4 210
+1 210
+1 210
+1 210
+4 210
+11 210

fl=(160)
fn=(2796)
36 13
+3 13
-3 39
+3 13
-3 13
+3 37
+8 115
+2 65
-7 14
+1 7
-1 21
+5 28

fl=(64) /build/glibc-OTsEL5/glibc-2.27/wcsmbs/../sysdeps/x86_64/multiarch/ifunc-avx2.h
fn=(228) wcschr
32 2
-2 2
+2 4
-2 6
fi=(216) /build/glibc-OTsEL5/glibc-2.27/wcsmbs/../sysdeps/x86_64/multiarch/wcschr.c
+1 2
fe=(64)

fn=(214) wmemchr
32 2
-2 2
+2 4
-2 6
fi=(217) /build/glibc-OTsEL5/glibc-2.27/wcsmbs/../sysdeps/x86_64/multiarch/wmemchr.c
+1 2
fe=(64)

fn=(260) wcslen
32 1
-2 1
+2 2
-2 3
fi=(218) /build/glibc-OTsEL5/glibc-2.27/wcsmbs/../sysdeps/x86_64/multiarch/wcslen.c
-1 1
fe=(64)

fl=(67) /build/glibc-OTsEL5/glibc-2.27/string/../sysdeps/x86_64/multiarch/strncmp.c
fn=(222) strncmp
38 8
+1 6
+9 2

fl=(74) /build/glibc-OTsEL5/glibc-2.27/string/../sysdeps/x86_64/multiarch/strchr.c
fn=(248) index
40 2
-2 1
+2 2
-2 2
+11 1

fl=(158)
fn=(2168)
357 17956
+5 4489
-2 4489
+2 8978
+9 4489
+1 4489
+1 4489
+3 8978
+3 8978
-3 4489
+2 4489
+2 4489
-2 4489
+2 4489
+11 144
+1 144
+2 288
-6 8690
-28 288
+32 144
+2 144
-3 288
-31 4201
+32 4201
+2 4201
-3 8402

fl=(69) /build/glibc-OTsEL5/glibc-2.27/string/../sysdeps/x86_64/multiarch/ifunc-memset.h
fn=(226) memset
42 15
+4 6
-1 12
+12 6
+2 15

fl=(161)
fn=(2798)
53 56
+10 32
+26 72
-23 40

fl=(139)
fn=(1440)
158 53862
+1 17954
+1 17954
+1 2762
+1 2762
+2 2214
+1 2214
+1 2214
+1 2214
+3 548
+1 548
cfn=(2300) __memset_avx2_erms
calls=8 -34 
* 670600
+3 540
+1 540
+1 521
+1 521
+1 521
+1 521
+2 521
+1 521
-1 4
+1 4
+3 19
+1 19
+1 19
+1 19
+1 19
+1 19
+1 19
+1 19
+1 19
+1 19
+1 19
+1 19
+1 19
+1 19
+2 55
+1 55
+1 55
+1 55
+1 55
+1 55
+1 55
+1 15
+1 15
+11 15192
+1 15192
+2 14419
+1 14419
+1 14419
+1 10191
+1 10191
+1 9885
+1 9885
+1 9617
+1 9617
+2 9617
+1 9617
+12 773
+1 773
+1 773
+1 773
+4 4228
+1 4228
+1 4228
+1 4228
+3 306
+1 306
+1 306
+1 306
+3 268
+1 268
+1 268
+1 268

fn=(2300)
137 8
+1 8
+1 8
+1 8
+1 670552
+1 8
+1 8

fl=(118) /build/glibc-OTsEL5/glibc-2.27/locale/uselocale.c
fn=(842) uselocale
31 52
+2 104
-2 52
+2 52
+3 104
+1 52
+28 156
+1 156
+2 156
+4 156
+1 52

fl=(135) /build/glibc-OTsEL5/glibc-2.27/libio/putc.c
fn=(1344) putc
28 9458
-3 28374
+3 9458
+1 56748
cfi=(131)
cfn=(1346)
calls=9458 217 
* 1541654

fl=(93) /build/glibc-OTsEL5/glibc-2.27/csu/../csu/init-first.c
fn=(378) _init
52 8
+3 3
+14 1
fi=(94) /build/glibc-OTsEL5/glibc-2.27/csu/../sysdeps/generic/dl-hash.h
-25 1
fe=(93)
+23 1
+1 1
fi=(94)
-23 1
fe=(93)
+24 1
fi=(95) /build/glibc-OTsEL5/glibc-2.27/csu/../sysdeps/unix/sysv/linux/x86_64/init-first.c
-33 4
fi=(94)
+7 1
+5 3
+14 4
-17 3
+3 9
+14 12
-17 9
+22 1
fi=(95)
-31 2
+2 2
-2 1
+2 2
cfi=(63)
cfn=(210)
calls=1 -13 
* 17
+2 1
+4 1
-4 1
+4 1
-4 1
+1 2
+1 1
+2 1
cfi=(63)
cfn=(210)
calls=1 -19 
* 17
fe=(93)
+37 3
fi=(95)
-36 2
+1 1
fe=(93)
+35 1
cfi=(96)
cfn=(384)
calls=1 -50 
* 67
+3 1
cfi=(98)
cfn=(390)
calls=1 -53 
* 16
+5 6
-27 1
-7 1
+7 4

ob=(8)
fl=(115)
fn=(1254) _GLOBAL__sub_I__ZN14unipoly_domainC2EP12finite_field
0 3
cob=(7)
cfi=(103)
cfn=(718) std::ios_base::Init::Init()
calls=1 0 
0 24
0 1
0 5
cob=(3)
cfi=(106)
cfn=(496)
calls=1 65 
0 71
0 1

fn=(1264) _GLOBAL__sub_I__Z12test_unipolyv
0 3
cob=(7)
cfi=(103)
cfn=(718)
calls=1 0 
0 24
0 1
0 5
cob=(3)
cfi=(106)
cfn=(496)
calls=1 65 
0 71
0 1

fn=(1420) _GLOBAL__sub_I__ZN24linear_group_descriptionC2Ev
0 3
cob=(7)
cfi=(103)
cfn=(718)
calls=1 0 
0 24
0 1
0 5
cob=(3)
cfi=(106)
cfn=(496)
calls=1 65 
0 71
0 1

fn=(1456) _GLOBAL__sub_I__ZN6memoryC2Ev
0 3
cob=(7)
cfi=(103)
cfn=(718)
calls=1 0 
0 24
0 1
0 5
cob=(3)
cfi=(106)
cfn=(496)
calls=1 65 
0 71
0 1

fn=(1472) _GLOBAL__sub_I__ZN19surface_with_actionC2Ev
0 3
cob=(7)
cfi=(103)
cfn=(718)
calls=1 0 
0 24
0 1
0 5
cob=(3)
cfi=(106)
cfn=(496)
calls=1 65 
0 71
0 1

fn=(1486) _GLOBAL__sub_I__ZN23null_polarity_generatorC2Ev
0 3
cob=(7)
cfi=(103)
cfn=(718)
calls=1 0 
0 24
0 1
0 5
cob=(3)
cfi=(106)
cfn=(496)
calls=1 65 
0 71
0 1

fn=(1536) _GLOBAL__sub_I__ZN9vector_geC2Ev
0 3
cob=(7)
cfi=(103)
cfn=(718)
calls=1 0 
0 24
0 1
0 5
cob=(3)
cfi=(106)
cfn=(496)
calls=1 65 
0 71
0 1

fn=(1580) _GLOBAL__sub_I__ZN30action_by_right_multiplicationC2Ev
0 3
cob=(7)
cfi=(103)
cfn=(718)
calls=1 0 
0 24
0 1
0 5
cob=(3)
cfi=(106)
cfn=(496)
calls=1 65 
0 71
0 1

fn=(1610) _GLOBAL__sub_I__ZN19action_on_subgroupsC2Ev
0 3
cob=(7)
cfi=(103)
cfn=(718)
calls=1 0 
0 24
0 1
0 5
cob=(3)
cfi=(106)
cfn=(496)
calls=1 65 
0 71
0 1

fn=(1620) _GLOBAL__sub_I__ZN20poset_classification14compute_orbitsEllll
0 3
cob=(7)
cfi=(103)
cfn=(718)
calls=1 0 
0 24
0 1
0 5
cob=(3)
cfi=(106)
cfn=(496)
calls=1 65 
0 71
0 1

fn=(1646) _GLOBAL__sub_I__ZN11upstep_work22upstep_subspace_actionEl
0 3
cob=(7)
cfi=(103)
cfn=(718)
calls=1 0 
0 24
0 1
0 5
cob=(3)
cfi=(106)
cfn=(496)
calls=1 65 
0 71
0 1

fn=(1664) _GLOBAL__sub_I_domain_stack_len
0 3
cob=(7)
cfi=(103)
cfn=(718)
calls=1 0 
0 24
0 1
0 5
cob=(3)
cfi=(106)
cfn=(496)
calls=1 65 
0 71
0 1

fn=(1682) _GLOBAL__sub_I__ZN14recoordinatizeC2Ev
0 3
cob=(7)
cfi=(103)
cfn=(718)
calls=1 0 
0 24
0 1
0 5
cob=(3)
cfi=(106)
cfn=(496)
calls=1 65 
0 71
0 1

fn=(1800) linear_group_description::read_arguments(int, char const**, long)
0 14
cob=(7)
cfi=(103)
cfn=(1282) std::basic_ostream<char, std::char_traits<char> >& std::__ostream_insert<char, std::char_traits<char> >(std::basic_ostream<char, std::char_traits<char> >&, char const*, long)
calls=1 0 
0 428
0 1
0 12
cob=(7)
cfi=(103)
cfn=(1336) std::ostream::put(char)
calls=1 0 
0 252
0 1
0 2
cob=(7)
cfi=(103)
cfn=(1356) std::ostream::flush()
calls=1 0 
0 86
0 1
0 478
cob=(3)
cfi=(128)
cfn=(1162)
calls=2 144 
0 48
0 2
0 16
cob=(3)
cfi=(128)
cfn=(1162)
calls=2 144 
0 48
0 2
0 14
cob=(3)
cfi=(128)
cfn=(1162)
calls=2 144 
0 48
0 2
0 10
cob=(3)
cfi=(128)
cfn=(1162)
calls=2 144 
0 48
0 2
0 8
cob=(7)
cfi=(103)
cfn=(1282)
calls=1 0 
0 256
0 1
0 3
cob=(7)
cfi=(103)
cfn=(1378) std::ostream& std::ostream::_M_insert<long>(long)
calls=1 0 
0 385
0 1
0 5
cob=(7)
cfi=(103)
cfn=(1282)
calls=1 0 
0 237
0 1
0 3
cob=(7)
cfi=(103)
cfn=(1378)
calls=1 0 
0 404
0 1
0 11
cob=(7)
cfi=(103)
cfn=(1336)
calls=1 0 
0 252
0 1
0 2
cob=(7)
cfi=(103)
cfn=(1356)
calls=1 0 
0 86
0 1
0 25
cob=(3)
cfi=(145)
cfn=(1756)
calls=1 106 
0 98
0 1
0 6
cob=(3)
cfi=(145)
cfn=(1756)
calls=1 106 
0 117
0 1
0 12
cob=(7)
cfi=(103)
cfn=(1282)
calls=1 0 
0 261
0 1
0 11
cob=(7)
cfi=(103)
cfn=(1336)
calls=1 0 
0 252
0 1
0 2
cob=(7)
cfi=(103)
cfn=(1356)
calls=1 0 
0 86
0 1
0 13
cob=(3)
cfi=(128)
cfn=(1162)
calls=2 144 
0 48
0 2
0 10
cob=(3)
cfi=(128)
cfn=(1162)
calls=2 144 
0 48
0 2
0 14
cob=(3)
cfi=(128)
cfn=(1162)
calls=2 144 
0 48
0 2
0 11
cob=(7)
cfi=(103)
cfn=(1282)
calls=1 0 
0 533
0 1
0 4
cob=(7)
cfi=(103)
cfn=(1762) std::basic_ostream<char, std::char_traits<char> >& std::operator<< <std::char_traits<char> >(std::basic_ostream<char, std::char_traits<char> >&, char const*)
calls=1 0 
0 302
0 1
0 2
cob=(2)
cfi=(18)
cfn=(1802)
calls=1 0 
0 361
0 5
cob=(7)
cfi=(103)
cfn=(1282)
calls=1 0 
0 251
0 1
0 2
cob=(2)
cfi=(18)
cfn=(1802)
calls=1 0 
0 361
0 1

fn=(1806) finite_field::finite_field()
0 15

fn=(1870) matrix_group::matrix_group()
0 38

fn=(1990) matrix_group_element_move(action&, void*, void*, long)
0 1103767
cfn=(1992) matrix_group::GL_copy(long*, long*)
calls=58093 0 
0 6858492

fn=(2000) sims::sims()
0 14260
cfn=(1974) vector_ge::vector_ge()
calls=1426 0 
0 5704
0 2852
cfn=(1974)
calls=1426 0 
0 5704
0 25668

fn=(2008) perm_identity(long*, long)
0 22085650

fn=(2016) vector_ge::allocate(long)
0 101136
cfn=(1844) mem_object_registry::allocate_INT(long, char const*, int)
calls=6321 0 
0 959078
0 31605

fn=(2036) PG_element_unrank_modified(finite_field&, long*, long, long, long)
0 138459182

fn=(2046) INT_vec_print(std::ostream&, long*, long)
0 1824
cob=(7)
cfi=(103)
cfn=(1282)
calls=3 0 
0 729
0 3
0 15
cob=(7)
cfi=(103)
cfn=(1378)
calls=3 0 
0 1193
0 3
0 48
cob=(7)
cfi=(103)
cfn=(1378)
calls=12 0 
0 4848
0 12
0 60
cob=(7)
cfi=(103)
cfn=(1282)
calls=15 0 
0 3645
0 15
0 45
cob=(7)
cfi=(103)
cfn=(1378)
calls=15 0 
0 6041
0 15
0 60
cob=(7)
cfi=(103)
cfn=(1282)
calls=15 0 
0 3645
0 15
0 45
cob=(7)
cfi=(103)
cfn=(1378)
calls=15 0 
0 6077
0 15
0 60
cob=(7)
cfi=(103)
cfn=(1282)
calls=15 0 
0 3645
0 15
0 45
cob=(7)
cfi=(103)
cfn=(1378)
calls=15 0 
0 6077
0 15
0 60
cob=(7)
cfi=(103)
cfn=(1282)
calls=15 0 
0 3645
0 15
0 45
cob=(7)
cfi=(103)
cfn=(1378)
calls=15 0 
0 6077
0 15
0 60
cob=(7)
cfi=(103)
cfn=(1282)
calls=15 0 
0 3645
0 15
0 45
cob=(7)
cfi=(103)
cfn=(1378)
calls=15 0 
0 6077
0 15
0 60
cob=(7)
cfi=(103)
cfn=(1282)
calls=15 0 
0 3645
0 15
0 45
cob=(7)
cfi=(103)
cfn=(1378)
calls=15 0 
0 6077
0 15
0 60
cob=(7)
cfi=(103)
cfn=(1282)
calls=15 0 
0 3645
0 15
0 45
cob=(7)
cfi=(103)
cfn=(1378)
calls=15 0 
0 6096
0 15
0 60
cob=(7)
cfi=(103)
cfn=(1282)
calls=15 0 
0 3645
0 15
0 45
cob=(7)
cfi=(103)
cfn=(1378)
calls=15 0 
0 6096
0 15
0 60
cob=(7)
cfi=(103)
cfn=(1282)
calls=15 0 
0 3645
0 15
0 45
cob=(7)
cfi=(103)
cfn=(1378)
calls=15 0 
0 6096
0 15
0 60
cob=(7)
cfi=(103)
cfn=(1282)
calls=15 0 
0 3645
0 15
0 51
cob=(7)
cfi=(103)
cfn=(1282)
calls=3 0 
0 744
0 3
0 24
cob=(7)
cfi=(103)
cfn=(1378)
calls=6 0 
0 2600
0 6
0 24
cob=(7)
cfi=(103)
cfn=(1282)
calls=6 0 
0 1458
0 6
0 30
cob=(7)
cfi=(103)
cfn=(1378)
calls=3 0 
0 1300
0 3
0 39
cob=(7)
cfi=(103)
cfn=(1282)
calls=3 0 
0 729
0 3
0 885
cfn=(2048) INT_vec_print_fully(std::ostream&, long*, long)
calls=885 0 
0 4364281

fn=(2078) longinteger_object::freeself()
0 247662
cfn=(1818) mem_object_registry::free_BYTE(char*, char const*, int)
calls=16229 0 
0 1704130
0 82554

fn=(2116) matrix_group::GL_one(long*)
0 204435
cfn=(1914) finite_field::identity_matrix(long*, long)
calls=18585 0 
0 3840132
0 278775
cfn=(1914)
calls=18585 0 
0 3840132
0 37170

fn=(2122) sims::coset_rep(long, long, long)
0 233506
cfn=(2124) sims::compute_coset_rep_path(long, long, long*&, long*&, long&, long)
calls=8981 0 
0 2529009
0 53886
cfn=(2112) action::element_one(void*, long)
calls=8981 0 
0 4054682
0 37530
cfn=(2012) vector_ge::ith(long)
calls=3482 0 
0 31338
0 24374
cfn=(2128) action::element_mult(void*, void*, void*, long)
calls=3482 0 
0 34200204
0 17410
cfn=(1988) action::element_move(void*, void*, long)
calls=3482 0 
0 472800
0 24374
cfn=(2030) action::element_image_of(long, void*, long)
calls=3482 0 
0 5726551
0 36978
cfn=(1942) mem_object_registry::free_INT(long*, char const*, int)
calls=1128 0 
0 118440
0 5640
cfn=(1942)
calls=1128 0 
0 118440
0 41521
cfn=(1942)
calls=7853 0 
0 824599
0 39265
cfn=(1942)
calls=7853 0 
0 824837
0 71848
cfn=(2030)
calls=8981 0 
0 13799376
0 179620

fn=(2128)
0 79762
cfn=(3178) induced_action_element_mult(action&, void*, void*, void*, long)
calls=22639 0 
0 224003135
cfn=(2130) matrix_group_element_mult(action&, void*, void*, void*, long)
calls=17242 0 
0 169316440

fn=(2129) action::element_mult(void*, void*, void*, long)'2
0 96466
cfn=(2130)
calls=22639 0 
0 222314980
cfn=(3179) induced_action_element_mult(action&, void*, void*, void*, long)'2
calls=25594 0 
0 252332295

fn=(2172) sims::add_generator(long*, long)
0 13020
cfn=(1844)
calls=620 0 
0 59800
0 4340
cfn=(1844)
calls=620 0 
0 62921
0 21132
cfn=(1942)
calls=620 0 
0 65457
0 3100
cfn=(1942)
calls=620 0 
0 65457
0 3720
cfn=(2174) vector_ge::append(long*)
calls=620 0 
0 462700
0 1860
cfn=(2174)
calls=620 0 
0 438399
0 3100
cfn=(2012)
calls=620 0 
0 5580
0 3100
cfn=(2020) action::element_invert(void*, void*, long)
calls=620 0 
0 132904
0 1240
cfn=(2176) sims::images_append()
calls=620 0 
0 9476484
0 23452
cfn=(2052) sims::get_image(long, long)
calls=1851 0 
0 3070228
0 40155

fn=(2236) strong_generators::print_generators_tex()
0 2
cfn=(2238) strong_generators::print_generators_tex(std::ostream&)
calls=1 0 
0 214728

fn=(2240) action::element_print_latex(void*, std::ostream&)
0 68
cfn=(2242) matrix_group_element_print_latex(action&, void*, std::ostream&)
calls=68 0 
0 1489897

fn=(2258) action::print_info()
0 406
cob=(7)
cfi=(103)
cfn=(1282)
calls=29 0 
0 7714
0 29
0 58
cob=(3)
cfi=(125)
cfn=(876)
calls=29 52 
0 443
0 29
0 145
cob=(7)
cfi=(103)
cfn=(1282)
calls=29 0 
0 7929
0 29
0 116
cob=(7)
cfi=(103)
cfn=(1282)
calls=29 0 
0 7801
0 29
0 87
cob=(7)
cfi=(103)
cfn=(1378)
calls=29 0 
0 12774
0 29
0 116
cob=(7)
cfi=(103)
cfn=(1282)
calls=29 0 
0 7946
0 29
0 45
cob=(7)
cfi=(103)
cfn=(1282)
calls=4 0 
0 972
0 4
0 16
cfn=(2260) action_print_symmetry_group_type(std::ostream&, symmetry_group_type)
calls=4 0 
0 1366
0 87
cfn=(2260)
calls=29 0 
0 9279
0 385
cob=(7)
cfi=(103)
cfn=(1336)
calls=29 0 
0 7308
0 29
0 58
cob=(7)
cfi=(103)
cfn=(1356)
calls=29 0 
0 2494
0 29
0 116
cob=(7)
cfi=(103)
cfn=(1282)
calls=29 0 
0 9628
0 29
0 87
cob=(7)
cfi=(103)
cfn=(1378)
calls=29 0 
0 11165
0 29
0 116
cob=(7)
cfi=(103)
cfn=(1282)
calls=29 0 
0 8526
0 29
0 87
cob=(7)
cfi=(103)
cfn=(1378)
calls=29 0 
0 11174
0 29
0 116
cob=(7)
cfi=(103)
cfn=(1282)
calls=29 0 
0 10353
0 29
0 87
cob=(7)
cfi=(103)
cfn=(1378)
calls=29 0 
0 11174
0 29
0 290
cob=(7)
cfi=(103)
cfn=(1336)
calls=29 0 
0 7308
0 29
0 58
cob=(7)
cfi=(103)
cfn=(1356)
calls=29 0 
0 2494
0 29
0 248
cob=(7)
cfi=(103)
cfn=(1282)
calls=26 0 
0 6994
0 26
0 26
cfn=(2060) std::basic_ostream<char, std::char_traits<char> >& std::endl<char, std::char_traits<char> >(std::basic_ostream<char, std::char_traits<char> >&) [clone .constprop.13]
calls=26 0 
0 9230
0 52
cfn=(2064) longinteger_object::longinteger_object()
calls=26 0 
0 104
0 78
cfn=(2106) sims::group_order(longinteger_object&)
calls=26 0 
0 236323
0 104
cob=(7)
cfi=(103)
cfn=(1282)
calls=26 0 
0 6786
0 26
0 78
cfn=(2086) operator<<(std::ostream&, longinteger_object&)
calls=26 0 
0 110058
0 104
cob=(7)
cfi=(103)
cfn=(1282)
calls=26 0 
0 6448
0 26
0 130
cfn=(2046)
calls=26 0 
0 97214
0 26
cfn=(2060)
calls=26 0 
0 9230
0 52
cfn=(2084) longinteger_object::~longinteger_object()
calls=26 0 
0 2912
0 290
cob=(7)
cfi=(103)
cfn=(1336)
calls=29 0 
0 7308
0 29
0 58
cob=(7)
cfi=(103)
cfn=(1356)
calls=29 0 
0 2494
0 29
0 344
cob=(7)
cfi=(103)
cfn=(1282)
calls=28 0 
0 9156
0 28
0 84
cob=(7)
cfi=(103)
cfn=(1378)
calls=28 0 
0 10780
0 28
0 56
cob=(2)
cfi=(18)
cfn=(1802)
calls=28 0 
0 10108
0 160
cob=(7)
cfi=(103)
cfn=(1282)
calls=26 0 
0 6786
0 26
0 104
cfn=(2046)
calls=26 0 
0 90402
0 26
cfn=(2060)
calls=26 0 
0 9230
0 26

fn=(2260)
0 367
cob=(7)
cfi=(103)
cfn=(1282)
calls=29 0 
0 8671
0 29
0 2
cob=(7)
cfi=(103)
cfn=(1762)
calls=1 0 
0 378
0 1
0 6
cob=(7)
cfi=(103)
cfn=(1762)
calls=3 0 
0 1188
0 3

fn=(2282) mem_object_registry::allocate_OBJECTS(void*, long, long, char const*, char const*, int)
0 10640

fn=(2284) longinteger_domain::q_binomial_no_table(longinteger_object&, long, long, long, long)
0 220
cfn=(2064)
calls=11 0 
0 44
0 22
cfn=(2064)
calls=11 0 
0 44
0 33
cfn=(2064)
calls=11 0 
0 44
0 33
cfn=(2064)
calls=11 0 
0 44
0 33
cfn=(2064)
calls=11 0 
0 44
0 132
cfn=(2084)
calls=11 0 
0 1419
0 22
cfn=(2084)
calls=11 0 
0 1419
0 22
cfn=(2084)
calls=11 0 
0 1419
0 22
cfn=(2084)
calls=11 0 
0 1419
0 22
cfn=(2084)
calls=11 0 
0 1419
0 220
cfn=(2285) longinteger_domain::q_binomial_no_table(longinteger_object&, long, long, long, long)'2
calls=11 0 
0 190763
0 55
cfn=(2286) longinteger_domain::create_qnm1(longinteger_object&, long, long)
calls=11 0 
0 60708
0 44
cfn=(2072) longinteger_domain::mult(longinteger_object&, longinteger_object&, longinteger_object&) [clone .constprop.21]
calls=11 0 
0 7856
0 55
cfn=(2286)
calls=11 0 
0 41926
0 88
cfn=(2154) longinteger_domain::integral_division(longinteger_object&, longinteger_object&, longinteger_object&, longinteger_object&, long)
calls=11 0 
0 130104
0 22
cfn=(2074) longinteger_object::is_zero()
calls=11 0 
0 220
0 44

fn=(2285)
0 400
cfn=(2064)
calls=20 0 
0 80
0 40
cfn=(2064)
calls=20 0 
0 80
0 60
cfn=(2064)
calls=20 0 
0 80
0 60
cfn=(2064)
calls=20 0 
0 80
0 60
cfn=(2064)
calls=20 0 
0 80
0 233
cfn=(2070) longinteger_object::create(long)
calls=11 0 
0 1884
0 40
cfn=(2084)
calls=20 0 
0 1205
0 40
cfn=(2084)
calls=20 0 
0 1205
0 40
cfn=(2084)
calls=20 0 
0 1205
0 40
cfn=(2084)
calls=20 0 
0 1205
0 40
cfn=(2084)
calls=20 0 
0 1205
0 301
cfn=(2285)
calls=9 0 
0 41136
0 45
cfn=(2286)
calls=9 0 
0 47014
0 36
cfn=(2072)
calls=9 0 
0 4283
0 45
cfn=(2286)
calls=9 0 
0 31074
0 72
cfn=(2154)
calls=9 0 
0 98297
0 18
cfn=(2074)
calls=9 0 
0 180
0 36

fn=(3222) poset_classification::count_automorphism_group_orders(long, long&, longinteger_object*&, long*&, long)
0 210
cfn=(2064)
calls=10 0 
0 40
0 7816
cfn=(2066) longinteger_domain::multiply_up(longinteger_object&, long*, long)
calls=366 0 
0 594697
0 54366
cfn=(3164) longinteger_domain::compare_unsigned(longinteger_object&, longinteger_object&)
calls=4434 0 
0 124416
0 13128
cfn=(2084)
calls=10 0 
0 256
0 390
cob=(7)
cfi=(103)
cfn=(1406)
calls=20 0 
0 1140
0 20
0 268
cfn=(2064)
calls=4 0 
0 16
0 16
cfn=(2064)
calls=4 0 
0 16
0 8
cfn=(2064)
calls=4 0 
0 16
0 32
cfn=(2064)
calls=8 0 
0 32
0 20
cfn=(2064)
calls=10 0 
0 40
0 76
cfn=(2064)
calls=2 0 
0 8
0 10
cfn=(2064)
calls=2 0 
0 8
0 8
cfn=(2064)
calls=2 0 
0 8
0 8
cfn=(2064)
calls=2 0 
0 8
0 8
cfn=(2064)
calls=2 0 
0 8
0 8
cfn=(2064)
calls=2 0 
0 8
0 8
cfn=(2064)
calls=2 0 
0 8
0 8
cfn=(2064)
calls=2 0 
0 8
0 190
cfn=(2282)
calls=20 0 
0 560
0 220
cfn=(1844)
calls=20 0 
0 1740
0 150
cfn=(2356) longinteger_object::swap_with(longinteger_object&)
calls=10 0 
0 130
0 80
cfn=(2356)
calls=16 0 
0 208
0 314
cfn=(2356)
calls=20 0 
0 260
0 200
cfn=(2358) mem_object_registry::free_OBJECTS(void*, char const*, int)
calls=10 0 
0 270
0 204
cfn=(2084)
calls=2 0 
0 8
0 6
cfn=(2084)
calls=2 0 
0 8
0 6
cfn=(2084)
calls=2 0 
0 8
0 6
cfn=(2084)
calls=2 0 
0 8
0 18
cfn=(2084)
calls=6 0 
0 24
0 30
cfn=(2084)
calls=10 0 
0 40
0 100
cob=(7)
cfi=(103)
cfn=(2362) operator delete[](void*, unsigned long)
calls=10 0 
0 790
0 10
0 50
cfn=(1942)
calls=10 0 
0 1050
0 544
cfn=(2070)
calls=178 0 
0 44653
0 658
cob=(7)
cfi=(103)
cfn=(1406)
calls=32 0 
0 4016
0 32
0 672
cfn=(2064)
calls=6 0 
0 24
0 24
cfn=(2064)
calls=6 0 
0 24
0 12
cfn=(2064)
calls=6 0 
0 24
0 48
cfn=(2064)
calls=12 0 
0 48
0 12
cfn=(2064)
calls=6 0 
0 24
0 72
cfn=(2064)
calls=18 0 
0 72
0 12
cfn=(2064)
calls=6 0 
0 24
0 96
cfn=(2064)
calls=24 0 
0 96
0 4
cfn=(2064)
calls=2 0 
0 8
0 104
cfn=(2064)
calls=26 0 
0 104
0 4
cfn=(2064)
calls=2 0 
0 8
0 112
cfn=(2064)
calls=28 0 
0 112
0 4
cfn=(2064)
calls=2 0 
0 8
0 182
cfn=(2064)
calls=16 0 
0 64
0 112
cfn=(2064)
calls=16 0 
0 64
0 80
cfn=(2064)
calls=16 0 
0 64
0 80
cfn=(2064)
calls=16 0 
0 64
0 80
cfn=(2064)
calls=16 0 
0 64
0 80
cfn=(2064)
calls=16 0 
0 64
0 80
cfn=(2064)
calls=16 0 
0 64
0 80
cfn=(2064)
calls=16 0 
0 64
0 384
cfn=(2282)
calls=32 0 
0 896
0 352
cfn=(1844)
calls=32 0 
0 2816
0 360
cfn=(2356)
calls=12 0 
0 156
0 156
cfn=(2356)
calls=12 0 
0 156
0 10
cfn=(2356)
calls=2 0 
0 26
0 154
cfn=(2356)
calls=14 0 
0 182
0 40
cfn=(2356)
calls=8 0 
0 104
0 266
cfn=(2356)
calls=18 0 
0 234
0 216
cfn=(2356)
calls=18 0 
0 234
0 198
cfn=(2356)
calls=18 0 
0 234
0 216
cfn=(2356)
calls=18 0 
0 234
0 326
cfn=(2356)
calls=32 0 
0 416
0 608
cfn=(2356)
calls=32 0 
0 416
0 440
cfn=(2356)
calls=88 0 
0 1144
0 1672
cfn=(2358)
calls=32 0 
0 864
0 756
cfn=(2084)
calls=8 0 
0 32
0 42
cfn=(2084)
calls=14 0 
0 56
0 60
cfn=(2084)
calls=20 0 
0 80
0 78
cfn=(2084)
calls=26 0 
0 104
0 84
cfn=(2084)
calls=28 0 
0 112
0 90
cfn=(2084)
calls=30 0 
0 120
0 102
cfn=(2084)
calls=14 0 
0 56
0 28
cfn=(2084)
calls=14 0 
0 56
0 28
cfn=(2084)
calls=14 0 
0 56
0 28
cfn=(2084)
calls=14 0 
0 56
0 28
cfn=(2084)
calls=14 0 
0 56
0 28
cfn=(2084)
calls=14 0 
0 56
0 28
cfn=(2084)
calls=14 0 
0 56
0 42
cfn=(2084)
calls=14 0 
0 56
0 154
cob=(7)
cfi=(103)
cfn=(2362)
calls=14 0 
0 1106
0 14
0 144
cob=(7)
cfi=(103)
cfn=(2362)
calls=18 0 
0 1422
0 18
0 160
cfn=(1942)
calls=32 0 
0 3360
0 38
cfn=(2084)
calls=2 0 
0 8
0 12
cfn=(2084)
calls=2 0 
0 8
0 2

fn=(3226) poset_orbit_node::log_current_node(poset_classification*, long, std::ostream&, long, long)
0 5168
cfn=(2064)
calls=272 0 
0 1088
0 816
cfn=(2064)
calls=272 0 
0 1088
0 15330
cob=(7)
cfi=(103)
cfn=(1378)
calls=272 0 
0 104720
0 272
0 1088
cob=(7)
cfi=(103)
cfn=(1282)
calls=272 0 
0 64464
0 272
0 2134
cob=(7)
cfi=(103)
cfn=(1378)
calls=1 0 
0 388
0 1
0 4
cob=(7)
cfi=(103)
cfn=(1282)
calls=1 0 
0 237
0 1
0 5
cob=(7)
cfi=(103)
cfn=(1378)
calls=1 0 
0 385
0 1
0 4
cob=(7)
cfi=(103)
cfn=(1378)
calls=1 0 
0 388
0 1
0 8
cob=(7)
cfi=(103)
cfn=(1282)
calls=2 0 
0 474
0 2
0 10
cob=(7)
cfi=(103)
cfn=(1378)
calls=2 0 
0 807
0 2
0 980
cob=(7)
cfi=(103)
cfn=(1378)
calls=245 0 
0 95060
0 245
0 988
cob=(7)
cfi=(103)
cfn=(1282)
calls=247 0 
0 58539
0 247
0 1817
cob=(7)
cfi=(103)
cfn=(1378)
calls=269 0 
0 103640
0 269
0 1076
cob=(7)
cfi=(103)
cfn=(1282)
calls=269 0 
0 63753
0 269
0 1345
cob=(7)
cfi=(103)
cfn=(1378)
calls=269 0 
0 112593
0 269
0 1076
cob=(7)
cfi=(103)
cfn=(1282)
calls=269 0 
0 63753
0 269
0 1076
cob=(7)
cfi=(103)
cfn=(1378)
calls=269 0 
0 113518
0 269
0 1076
cob=(7)
cfi=(103)
cfn=(1282)
calls=269 0 
0 63753
0 269
0 1076
cob=(7)
cfi=(103)
cfn=(1378)
calls=269 0 
0 116446
0 269
0 1076
cob=(7)
cfi=(103)
cfn=(1282)
calls=269 0 
0 63753
0 269
0 2266
cfn=(3124) group::group()
calls=183 0 
0 1647
0 549
cfn=(3128) group::init(action*)
calls=183 0 
0 1647
0 1098
cfn=(3130) group::init_strong_generators_by_hdl(long, long*, long*, long)
calls=183 0 
0 1624981
0 915
cfn=(3132) group::schreier_sims(long)
calls=183 0 
0 62830204
0 915
cfn=(3134) group::group_order(longinteger_object&)
calls=183 0 
0 282264
0 732
cfn=(3158) longinteger_object::is_one()
calls=183 0 
0 3592
0 1281
cob=(7)
cfi=(103)
cfn=(1336)
calls=183 0 
0 46116
0 183
0 366
cob=(7)
cfi=(103)
cfn=(1356)
calls=183 0 
0 15738
0 183
0 732
cfn=(3210) group::~group()
calls=183 0 
0 1462714
0 366
cfn=(2084)
calls=183 0 
0 732
0 366
cfn=(2084)
calls=183 0 
0 20496
0 4629
cfn=(3228) group::code_ascii(long)
calls=183 0 
0 890404
0 549
cfn=(3238) longinteger_object::print_not_scientific(std::ostream&)
calls=183 0 
0 97291
0 732
cob=(7)
cfi=(103)
cfn=(1282)
calls=183 0 
0 43371
0 183
0 915
cob=(3)
cfi=(125)
cfn=(876)
calls=183 52 
0 7846
0 183
0 732
cob=(7)
cfi=(103)
cfn=(1282)
calls=183 0 
0 163482
0 183
0 1271
cob=(7)
cfi=(103)
cfn=(1282)
calls=89 0 
0 21627
0 89
0 890
cob=(7)
cfi=(103)
cfn=(1336)
calls=89 0 
0 22428
0 89
0 178
cob=(7)
cfi=(103)
cfn=(1356)
calls=89 0 
0 7654
0 89
0 356
cfn=(2084)
calls=89 0 
0 356
0 178
cfn=(2084)
calls=89 0 
0 356
0 89

fn=(2338) nb_pts_S(long, long)
0 5328650
cfn=(2339) nb_pts_S(long, long)'2
calls=105317 0 
0 1895706
0 421268
cfn=(2334) nb_pts_N1(long, long)
calls=105317 0 
0 2843559
0 947853

fn=(2339)
0 1895706

fn=(2368) grassmann::unrank_INT_here(long*, long, long)
0 789740
cfn=(2304) grassmann::unrank_INT(long, long) [clone .part.3]
calls=39487 0 
0 28315380
0 473844
cfn=(1970) INT_vec_copy(long*, long*, long)
calls=39487 0 
0 1711801

fn=(2384) orthogonal::rank_point(long*, long, long)
0 2255086
cfn=(2386) Q_epsilon_rank(finite_field&, long*, long, long, long, long, long, long)
calls=33658 0 
0 43963542
0 201948

fn=(2392) S_rank(finite_field&, long*, long, long, long&)
0 463761
cfn=(2338)
calls=6105 0 
0 109890
0 61050
cfn=(1854) finite_field::mult(long, long)
calls=6105 0 
0 152625
0 39858
cfn=(2334)
calls=3456 0 
0 93312
0 62208
cfn=(1994) finite_field::negate(long)
calls=3456 0 
0 82944
0 82944
cfn=(1854)
calls=3456 0 
0 86400
0 13824
cfn=(1996) finite_field::add(long, long)
calls=3456 0 
0 117504
0 44928
cfn=(1952) finite_field::inverse(long)
calls=3456 0 
0 34560
0 38016
cfn=(1854)
calls=3456 0 
0 86400
0 76032
cfn=(1854)
calls=3456 0 
0 86400
0 13824
cfn=(1996)
calls=3456 0 
0 117504
0 51840
cfn=(2394) N1_rank(finite_field&, long*, long, long, long&)
calls=3456 0 
0 172800
0 45324
cfn=(2393) S_rank(finite_field&, long*, long, long, long&)'2
calls=1272 0 
0 43128
0 9639
cfn=(2393)
calls=1377 0 
0 46693
0 10596

fn=(2393)
0 89821

fn=(2412) N_unrank(finite_field&, long*, long, long, long)
0 249264

fn=(2430) diophant::diophant()
0 190
cob=(7)
cfi=(103)
cfn=(1412) operator new(unsigned long)
calls=10 0 
0 3386
0 10
0 70
cob=(7)
cfi=(103)
cfn=(1412)
calls=10 0 
0 899
0 10
0 250

fn=(2450) std::vector<int, std::allocator<int> >::resize(unsigned long)
0 80
cfn=(2452) std::vector<int, std::allocator<int> >::_M_default_append(unsigned long)
calls=10 0 
0 1847

fn=(2454) std::deque<std::vector<int, std::allocator<int> >, std::allocator<std::vector<int, std::allocator<int> > > >::push_back(std::vector<int, std::allocator<int> > const&)
0 270
cob=(7)
cfi=(103)
cfn=(1412)
calls=10 0 
0 1026
0 10
0 140
cob=(3)
cfi=(138)
cfn=(1374)
calls=10 217 
0 114
0 10
0 120

fn=(2466) std::vector<int, std::allocator<int> >::operator=(std::vector<int, std::allocator<int> > const&)
0 3644
cob=(7)
cfi=(103)
cfn=(1412)
calls=10 0 
0 540
0 10
0 80
cob=(3)
cfi=(138)
cfn=(1374)
calls=10 217 
0 114
0 10
0 368
cob=(3)
cfi=(138)
cfn=(1374)
calls=77 217 
0 862
0 77
0 154

fn=(2484) surface::label_variables_3(homogeneous_polynomial_domain*, long)
0 108
cfn=(1818)
calls=6 0 
0 630
0 18
cfn=(1818)
calls=3 0 
0 315
0 33
cfn=(2472) mem_object_registry::free_PBYTE(char**, char const*, int)
calls=3 0 
0 315
0 42
cfn=(1818)
calls=3 0 
0 315
0 36
cfn=(1818)
calls=6 0 
0 630
0 39
cfn=(2472)
calls=3 0 
0 366
0 21
cfn=(2434) mem_object_registry::allocate_PBYTE(long, char const*, int)
calls=3 0 
0 264
0 21
cfn=(2434)
calls=3 0 
0 264
0 24
cob=(3)
cfi=(148)
cfn=(1878)
calls=3 26 
0 1941
0 3
0 42
cob=(3)
cfi=(148)
cfn=(1878)
calls=6 26 
0 3918
0 6
0 234
cfn=(1812) mem_object_registry::allocate_BYTE(long, char const*, int)
calls=9 0 
0 747
0 54
cob=(3)
cfi=(147)
cfn=(1840)
calls=9 32 
0 126
0 9
0 45
cob=(3)
cfi=(148)
cfn=(1878)
calls=3 26 
0 2094
0 3
0 42
cob=(3)
cfi=(148)
cfn=(1878)
calls=6 26 
0 4224
0 6
0 297
cfn=(1812)
calls=9 0 
0 987
0 54
cob=(3)
cfi=(147)
cfn=(1840)
calls=9 32 
0 180
0 9
0 57

fn=(2520) INT_vec_classify_with_arrays(long, long*, long*, long*, long*, long&, long*, long*)
0 1586
cfn=(2522) INT_vec_heapsort_with_log(long*, long*, long)
calls=3 0 
0 209330
0 12
cfn=(2524) perm_inverse(long*, long*, long)
calls=3 0 
0 3141
0 15690

fn=(2558) surface::init_double_sixes(long)
0 19
cfn=(1844)
calls=1 0 
0 450
0 95
cfn=(2538) k2ij(long, long&, long&, long)
calls=1 0 
0 11
0 70
cfn=(2538)
calls=14 0 
0 344
0 135
cfn=(2502) set_complement(long*, long, long*, long&, long)
calls=15 0 
0 1055
0 1035
cfn=(2500) ij2k(long, long, long)
calls=60 0 
0 1080
0 1395
cfn=(2500)
calls=60 0 
0 1080
0 433
cfn=(2496) unrank_k_subset(long, long*, long, long)
calls=1 0 
0 1295
0 114
cfn=(2496)
calls=19 0 
0 42500
0 120
cfn=(2502)
calls=20 0 
0 1390
0 580
cfn=(2498) surface::line_cij(long, long)
calls=20 0 
0 720
0 180
cfn=(2498)
calls=20 0 
0 720
0 180
cfn=(2498)
calls=20 0 
0 720
0 180
cfn=(2498)
calls=20 0 
0 720
0 180
cfn=(2498)
calls=20 0 
0 720
0 180
cfn=(2498)
calls=20 0 
0 720
0 488
cfn=(2434)
calls=1 0 
0 438
0 227
cfn=(2538)
calls=15 0 
0 355
0 135
cfn=(2502)
calls=15 0 
0 1055
0 150
cob=(3)
cfi=(148)
cfn=(1878)
calls=15 26 
0 14970
0 15
0 1289
cfn=(1812)
calls=36 0 
0 3321
0 216
cob=(3)
cfi=(147)
cfn=(1840)
calls=36 32 
0 780
0 36
0 533
cfn=(2496)
calls=20 0 
0 47023
0 120
cfn=(2502)
calls=20 0 
0 1390
0 320
cob=(3)
cfi=(148)
cfn=(1878)
calls=20 26 
0 26240
0 20
0 63

fn=(2568) create_linear_group(sims*&, action*&, finite_field*, long, long, long, long, long, long, long)
0 21
cob=(7)
cfi=(103)
cfn=(1412)
calls=1 0 
0 401
0 1
0 3
cfn=(1864) action::action()
calls=1 0 
0 62
0 7
cfn=(1798) mem_object_registry::allocate_OBJECT(void*, long, char const*, char const*, int)
calls=1 0 
0 28
0 12
cfn=(1868) action::init_projective_group(long, finite_field*, long, long, long)
calls=1 0 
0 41995928
0 22
cfn=(2088) strong_generators::create_sims(long)
calls=1 0 
0 46515789
0 3

fn=(2580) classify_trihedral_pairs::classify_trihedral_pairs()
0 16

fn=(2586) generators_for_stabilizer_of_three_collinear_points_in_PGL4(finite_field*, long, long*&, long&, long&, long)
0 31
cfn=(1844)
calls=1 0 
0 356
0 6
cfn=(1844)
calls=1 0 
0 350
0 14
cfn=(1914)
calls=1 0 
0 212
0 13
cfn=(1970)
calls=1 0 
0 95
0 51
cfn=(1914)
calls=4 0 
0 848
0 16
cfn=(1946) i_power_j(long, long)
calls=4 0 
0 16
0 40
cfn=(1970)
calls=4 0 
0 380
0 44
cfn=(1914)
calls=1 0 
0 212
0 14
cfn=(1942)
calls=1 0 
0 105
0 9
cfn=(1970)
calls=1 0 
0 95
0 8
cfn=(1914)
calls=1 0 
0 212
0 4
cfn=(1946)
calls=1 0 
0 4
0 9
cfn=(1970)
calls=1 0 
0 95
0 9
cfn=(1970)
calls=1 0 
0 95
0 4
cfn=(1914)
calls=1 0 
0 212
0 5
cfn=(1994)
calls=1 0 
0 24
0 4
cfn=(1994)
calls=1 0 
0 24
0 8
cfn=(1970)
calls=1 0 
0 95
0 4
cfn=(1914)
calls=1 0 
0 212
0 2
cfn=(1968) finite_field::primitive_root()
calls=1 0 
0 2
0 5
cfn=(1968)
calls=1 0 
0 2
0 8
cfn=(1970)
calls=1 0 
0 95
0 4
cfn=(1914)
calls=1 0 
0 212
0 2
cfn=(1968)
calls=1 0 
0 2
0 10

fn=(2608) grassmann::line_regulus_in_PG_3_q(long*&, long&, long)
0 33
cfn=(1844)
calls=1 0 
0 88
0 10
cfn=(2298) INT_vec_zero(long*, long)
calls=1 0 
0 17
0 185
cfn=(1970)
calls=14 0 
0 602
0 207
cfn=(2298)
calls=13 0 
0 221
0 235
cfn=(2610) finite_field::Gauss_INT(long*, long, long, long*, long, long*, long, long, long, long)
calls=14 0 
0 8028
0 126
cfn=(2306) INT_vec_complement(long*, long, long)
calls=14 0 
0 690
0 50
cfn=(1946)
calls=1 0 
0 17
0 7
cfn=(1946)
calls=1 0 
0 13
0 18
cfn=(2292) generalized_binomial(long, long, long)
calls=2 0 
0 272
0 164
cfn=(2292)
calls=14 0 
0 1798
0 1371
cfn=(2614) AG_element_rank(long, long*, long, long, long&)
calls=13 0 
0 351
0 95
cfn=(2612) grassmann::rank_INT(long)
calls=14 0 
0 6760
0 44

fn=(3628) classification::get_set_and_stabilizer(long, long)
0 462
cob=(7)
cfi=(103)
cfn=(1412)
calls=33 0 
0 1782
0 33
0 99
cfn=(3332) set_and_stabilizer::set_and_stabilizer()
calls=33 0 
0 495
0 231
cfn=(1798)
calls=33 0 
0 924
0 198
cfn=(1844)
calls=33 0 
0 2904
0 264
cfn=(1970)
calls=33 0 
0 2655
0 231
cfn=(3462) strong_generators::create_copy()
calls=33 0 
0 36551
0 297
cfn=(3630) set_and_stabilizer::init_everything(action*, action*, long*, long, strong_generators*, long)
calls=33 0 
0 31859429
0 363

fn=(2644) orthogonal::Siegel_Transformation(long*, long, long, long, long) [clone .constprop.56]
0 24
cfn=(1844)
calls=1 0 
0 88
0 6
cfn=(1844)
calls=1 0 
0 88
0 6
cfn=(1844)
calls=1 0 
0 88
0 6
cfn=(2646) orthogonal::unrank_point(long*, long, long, long) [clone .constprop.68]
calls=1 0 
0 399
0 5
cfn=(2646)
calls=1 0 
0 393
0 5
cfn=(2646)
calls=1 0 
0 197
0 87
cfn=(2648) evaluate_bilinear_form(finite_field&, long*, long*, long, long*)
calls=1 0 
0 3736
0 7
cfn=(2648)
calls=1 0 
0 3736
0 4
cfn=(1952)
calls=1 0 
0 10
0 4
cfn=(1952)
calls=1 0 
0 10
0 17
cfn=(1854)
calls=1 0 
0 25
0 30
cfn=(1854)
calls=5 0 
0 125
0 30
cfn=(1854)
calls=6 0 
0 150
0 230
cfn=(2650) finite_field::perp(long, long, long*, long*)
calls=1 0 
0 8026
0 5
cfn=(2652) finite_field::invert_matrix(long*, long*, long)
calls=1 0 
0 6378
0 10
cfn=(2136) finite_field::mult_matrix_matrix(long*, long*, long*, long, long, long)
calls=1 0 
0 2708
0 10
cfn=(2136)
calls=1 0 
0 2708
0 5
cfn=(1994)
calls=1 0 
0 24
0 10
cfn=(1854)
calls=1 0 
0 25
0 20
cfn=(1854)
calls=5 0 
0 125
0 36
cfn=(2654) orthogonal::make_Siegel_Transformation(long*, long*, long*, long, long*, long) [clone .constprop.59]
calls=1 0 
0 16979
0 5
cfn=(1942)
calls=1 0 
0 105
0 5
cfn=(1942)
calls=1 0 
0 105
0 12
cfn=(1942)
calls=1 0 
0 105

fn=(2662) orthogonal::point_rk_to_type_and_index(long, long&, long&, long)
0 7168

fn=(2682) orthogonal::rank_line_L3(long, long, long)
0 504
cfn=(2402) Sbar_unrank(finite_field&, long*, long, long, long)
calls=24 0 
0 3000
0 144
cfn=(2402)
calls=24 0 
0 7800
0 264
cfn=(2642) orthogonal::rank_Sbar(long*, long, long) [clone .constprop.61]
calls=24 0 
0 4288
0 2076
cfn=(1952)
calls=22 0 
0 220
0 264
cfn=(1854)
calls=22 0 
0 550
0 770
cfn=(1854)
calls=110 0 
0 2750
0 572

fn=(2716) surface::wedge_to_klein(long*, long*)
0 3188108
cfn=(1994)
calls=227722 0 
0 5465328
0 2049498

fn=(2934) spreadsheet::~spreadsheet()
0 36
cfn=(1818)
calls=2 0 
0 244
0 118554
cfn=(1818)
calls=19759 0 
0 2410598
0 59291
cfn=(2472)
calls=2 0 
0 270
0 32
cfn=(1942)
calls=2 0 
0 270

fn=(2952) poset_classification::init_poset_orbit_node(long, long)
0 22
cob=(7)
cfi=(103)
cfn=(1406)
calls=1 0 
0 345
0 1
0 19
cfn=(2954) poset_orbit_node::poset_orbit_node()
calls=1 0 
0 7
0 4
cfn=(2954)
calls=1 0 
0 7
0 4
cfn=(2954)
calls=1 0 
0 7
0 4
cfn=(2954)
calls=1 0 
0 7
0 28
cfn=(2954)
calls=12 0 
0 84
0 60
cfn=(2954)
calls=12 0 
0 84
0 36
cfn=(2954)
calls=12 0 
0 84
0 36
cfn=(2954)
calls=12 0 
0 84
0 36
cfn=(2954)
calls=12 0 
0 84
0 36
cfn=(2954)
calls=12 0 
0 84
0 36
cfn=(2954)
calls=12 0 
0 84
0 36
cfn=(2954)
calls=12 0 
0 84
0 57
cfn=(2282)
calls=1 0 
0 28
0 367
cfn=(1844)
calls=1 0 
0 88
0 10
cfn=(1844)
calls=1 0 
0 88
0 7
cfn=(1844)
calls=1 0 
0 88
0 7
cfn=(1844)
calls=1 0 
0 88
0 7
cfn=(1844)
calls=1 0 
0 88
0 7
cfn=(1844)
calls=1 0 
0 88
0 7
cfn=(1844)
calls=1 0 
0 198
0 7
cfn=(1844)
calls=1 0 
0 88
0 81

fn=(2958) poset_orbit_node::freeself()
0 5460

fn=(2966) poset_classification::main(long, long, long, long, long)
0 80
cfn=(2974) poset_classification::extend_level(long, long, long, long, long, long, long)
calls=5 0 
0 5729735145
0 85
cfn=(3218) poset_classification::housekeeping(long, long, long, long)
calls=5 0 
0 70257856
0 15
cfn=(2976) poset_classification::nb_orbits_at_level(long)
calls=5 0 
0 20
0 95
cob=(7)
cfi=(103)
cfn=(1282)
calls=5 0 
0 1835
0 5
0 10
cfn=(2972) poset_classification::print_problem_label()
calls=5 0 
0 15
0 20
cob=(7)
cfi=(103)
cfn=(1282)
calls=5 0 
0 1685
0 5
0 15
cob=(7)
cfi=(103)
cfn=(1378)
calls=5 0 
0 1928
0 5
0 25
cob=(7)
cfi=(103)
cfn=(1282)
calls=5 0 
0 1735
0 5
0 15
cob=(7)
cfi=(103)
cfn=(1378)
calls=5 0 
0 1940
0 5
0 55
cob=(7)
cfi=(103)
cfn=(1336)
calls=5 0 
0 1260
0 5
0 10
cob=(7)
cfi=(103)
cfn=(1356)
calls=5 0 
0 430
0 5
0 30
cob=(7)
cfi=(103)
cfn=(1282)
calls=5 0 
0 2265
0 5
0 5
cfn=(2968) std::basic_ostream<char, std::char_traits<char> >& std::endl<char, std::char_traits<char> >(std::basic_ostream<char, std::char_traits<char> >&) [clone .constprop.4]
calls=5 0 
0 1775
0 27
cob=(7)
cfi=(103)
cfn=(1282)
calls=1 0 
0 357
0 1
0 1
cfn=(2968)
calls=1 0 
0 355
0 2
cfn=(2970) std::basic_ostream<char, std::char_traits<char> >& std::operator<< <std::char_traits<char> >(std::basic_ostream<char, std::char_traits<char> >&, char const*) [clone .constprop.3]
calls=1 0 
0 399
0 2
cfn=(2972)
calls=1 0 
0 3
0 4
cob=(7)
cfi=(103)
cfn=(1282)
calls=1 0 
0 274
0 1
0 3
cob=(7)
cfi=(103)
cfn=(1378)
calls=1 0 
0 385
0 1
0 2
cob=(2)
cfi=(18)
cfn=(1802)
calls=1 0 
0 361
0 4
cob=(7)
cfi=(103)
cfn=(1282)
calls=1 0 
0 261
0 1
0 3
cob=(7)
cfi=(103)
cfn=(1378)
calls=1 0 
0 388
0 1
0 2
cob=(2)
cfi=(18)
cfn=(1802)
calls=1 0 
0 361
0 4
cob=(7)
cfi=(103)
cfn=(1282)
calls=1 0 
0 261
0 1
0 3
cob=(7)
cfi=(103)
cfn=(1378)
calls=1 0 
0 388
0 1
0 2
cob=(2)
cfi=(18)
cfn=(1802)
calls=1 0 
0 361
0 4
cob=(7)
cfi=(103)
cfn=(1282)
calls=1 0 
0 307
0 1
0 3
cob=(7)
cfi=(103)
cfn=(1378)
calls=1 0 
0 385
0 1
0 2
cob=(2)
cfi=(18)
cfn=(1802)
calls=1 0 
0 361
0 6
cob=(7)
cfi=(103)
cfn=(1282)
calls=1 0 
0 428
0 1
0 3
cob=(7)
cfi=(103)
cfn=(1378)
calls=1 0 
0 385
0 1
0 2
cob=(2)
cfi=(18)
cfn=(1802)
calls=1 0 
0 361
0 7
cob=(7)
cfi=(103)
cfn=(1282)
calls=1 0 
0 382
0 1
0 1
cfn=(2968)
calls=1 0 
0 355
0 4

fn=(3000) poset_orbit_node::print_set(poset_classification*)
0 435
cfn=(2064)
calls=29 0 
0 116
0 952
cfn=(1844)
calls=29 0 
0 2548
0 1458
cfn=(3002) INT_set_print(std::ostream&, long*, long)
calls=29 0 
0 78291
0 232
cfn=(2066)
calls=29 0 
0 78460
0 116
cob=(7)
cfi=(103)
cfn=(1282)
calls=29 0 
0 7047
0 29
0 841
cob=(7)
cfi=(103)
cfn=(1378)
calls=145 0 
0 56827
0 145
0 1189
cob=(7)
cfi=(103)
cfn=(1282)
calls=116 0 
0 28768
0 116
0 696
cob=(7)
cfi=(103)
cfn=(1282)
calls=29 0 
0 7192
0 29
0 87
cfn=(2086)
calls=29 0 
0 23119
0 116
cob=(7)
cfi=(103)
cfn=(1282)
calls=29 0 
0 6873
0 29
0 174
cfn=(1942)
calls=29 0 
0 3045
0 58
cfn=(2084)
calls=29 0 
0 3248
0 321

fn=(3038) induced_action_element_invert(action&, void*, void*, long)
0 526500
cfn=(2021) action::element_invert(void*, void*, long)'2
calls=21060 0 
0 5392523

fn=(3039) induced_action_element_invert(action&, void*, void*, long)'2
0 567325
cfn=(2021)
calls=22693 0 
0 5174359

fn=(3046) induced_action_element_image_of(action&, long, void*, long)
0 14696506
cfn=(3048) action_by_restriction::compute_image(action*, long*, long, long)
calls=316185 0 
0 4850762709
0 643030
cfn=(3360) action_on_grassmannian::compute_image_INT(action*, long*, long, long)
calls=1066 0 
0 5533472
0 21932
cfn=(3050) action_on_wedge_product::compute_image_INT(action&, long*, long, long)
calls=1980 0 
0 29151139
0 3960

fn=(3047) induced_action_element_image_of(action&, long, void*, long)'2
0 30376630
cfn=(3049) action_by_restriction::compute_image(action*, long*, long, long)'2
calls=302935 0 
0 4579340654
0 3767720
cfn=(3050)
calls=316185 0 
0 4693876305
0 632370

fn=(3054) action::element_linear_entry_ij(void*, long, long, long)
0 45815760
cfn=(3056) matrix_group_element_linear_entry_ij(action&, void*, long, long, long)
calls=45815760 0 
0 1328657040

fn=(3068) schreier::get_schreier_vector(long*&, long, long)
0 319
cfn=(3070) schreier::get_schreier_vector_compact(long*&, long)
calls=29 0 
0 8448205

fn=(3076) poset_orbit_node::find_extensions(poset_classification*, schreier&, action&, long, long, long)
0 899
cob=(7)
cfi=(103)
cfn=(1406)
calls=29 0 
0 10646
0 29
0 483
cfn=(3078) extension::extension()
calls=2 0 
0 22
0 8
cfn=(3078)
calls=2 0 
0 22
0 24
cfn=(3078)
calls=12 0 
0 132
0 56
cfn=(3078)
calls=14 0 
0 154
0 56
cfn=(3078)
calls=14 0 
0 154
0 18
cfn=(3078)
calls=9 0 
0 99
0 92
cfn=(3078)
calls=23 0 
0 253
0 8
cfn=(3078)
calls=4 0 
0 44
0 370
cfn=(3078)
calls=131 0 
0 1441
0 655
cfn=(3078)
calls=131 0 
0 1441
0 524
cfn=(3078)
calls=131 0 
0 1441
0 524
cfn=(3078)
calls=131 0 
0 1441
0 524
cfn=(3078)
calls=131 0 
0 1441
0 524
cfn=(3078)
calls=131 0 
0 1441
0 524
cfn=(3078)
calls=131 0 
0 1441
0 524
cfn=(3078)
calls=131 0 
0 1441
0 916
cfn=(2282)
calls=29 0 
0 812
0 203
cfn=(2998) poset_orbit_node::store_set(poset_classification*, long)
calls=29 0 
0 1499
0 54461

fn=(3082) action::~action()
0 573
cfn=(3084) action::freeself()
calls=573 0 
0 1596790

fn=(3092) mem_object_registry::free_UBYTE(unsigned char*, char const*, int)
0 16044
cob=(7)
cfi=(103)
cfn=(1822)
calls=573 0 
0 52983
0 573

fn=(3098) schreier::delete_images() [clone .part.6]
0 8278
cfn=(1942)
calls=484 0 
0 54965
0 8043
cfn=(1942)
calls=1149 0 
0 143105
0 6131
cfn=(2180) mem_object_registry::free_PINT(long**, char const*, int)
calls=573 0 
0 65996
0 3438

fn=(3112) poset_classification::extend_node(long, long, long&, long, long, _IO_FILE*, long)
0 12665
cfn=(3114) upstep_work::upstep_work()
calls=1128 0 
0 33840
0 15792
cfn=(3116) upstep_work::init(poset_classification*, long, long, long, long, long, long, long, _IO_FILE*, long)
calls=1128 0 
0 220693
0 9024
cfn=(3118) upstep_work::handle_extension(long&, long&, long)
calls=1128 0 
0 2547221858
0 7896
cfn=(3208) upstep_work::~upstep_work()
calls=1128 0 
0 5414924
0 1136
cfn=(2980) poset_classification::print_level_info(long, long)
calls=2 0 
0 8602
0 8
cob=(7)
cfi=(103)
cfn=(1282)
calls=2 0 
0 996
0 2
0 22
cob=(7)
cfi=(103)
cfn=(1336)
calls=2 0 
0 504
0 2
0 4
cob=(7)
cfi=(103)
cfn=(1356)
calls=2 0 
0 172
0 2
0 8
cob=(7)
cfi=(103)
cfn=(1282)
calls=2 0 
0 522
0 2
0 6
cob=(7)
cfi=(103)
cfn=(1378)
calls=2 0 
0 826
0 2
0 24
cob=(7)
cfi=(103)
cfn=(1336)
calls=2 0 
0 504
0 2
0 4
cob=(7)
cfi=(103)
cfn=(1356)
calls=2 0 
0 172
0 2
0 8
cob=(7)
cfi=(103)
cfn=(1282)
calls=2 0 
0 634
0 2
0 6
cob=(7)
cfi=(103)
cfn=(1378)
calls=2 0 
0 844
0 2
0 24
cob=(7)
cfi=(103)
cfn=(1336)
calls=2 0 
0 504
0 2
0 4
cob=(7)
cfi=(103)
cfn=(1356)
calls=2 0 
0 172
0 2
0 8
cob=(7)
cfi=(103)
cfn=(1282)
calls=2 0 
0 578
0 2
0 22
cob=(7)
cfi=(103)
cfn=(1336)
calls=2 0 
0 504
0 2
0 4
cob=(7)
cfi=(103)
cfn=(1356)
calls=2 0 
0 172
0 2
0 4
cfn=(3278) poset_classification::reallocate()
calls=2 0 
0 29145
0 8
cob=(7)
cfi=(103)
cfn=(1282)
calls=2 0 
0 634
0 2
0 6
cob=(7)
cfi=(103)
cfn=(1378)
calls=2 0 
0 844
0 2
0 22
cob=(7)
cfi=(103)
cfn=(1336)
calls=2 0 
0 504
0 2
0 4
cob=(7)
cfi=(103)
cfn=(1356)
calls=2 0 
0 172
0 2
0 410
cfn=(3212) poset_classification::print_progress(long, long, long, long, long)
calls=29 0 
0 833666
0 319

fn=(3126) poset_orbit_node::init_extension_node_prepare_G(poset_classification*, long, long, long, group&, longinteger_object&, long)
0 5984
cfn=(3128)
calls=272 0 
0 2448
0 1632
cfn=(3130)
calls=272 0 
0 5135914
0 816
cfn=(3132)
calls=272 0 
0 126815200
0 2720
cfn=(3134)
calls=272 0 
0 663522

fn=(3130)
0 11448
cob=(7)
cfi=(103)
cfn=(1412)
calls=636 0 
0 34344
0 636
0 1908
cfn=(1974)
calls=636 0 
0 2544
0 4452
cfn=(1798)
calls=636 0 
0 17808
0 2544
cfn=(2006) vector_ge::init(action*)
calls=636 0 
0 9540
0 1908
cfn=(2016)
calls=636 0 
0 177904
0 6030
cfn=(2012)
calls=498 0 
0 4482
0 2988
cfn=(3028) action::element_retrieve(long, void*, long)
calls=498 0 
0 1820053
0 4018
cfn=(2012)
calls=128 0 
0 1152
0 768
cfn=(3028)
calls=128 0 
0 465718
0 1285
cfn=(2012)
calls=257 0 
0 2313
0 1542
cfn=(3028)
calls=257 0 
0 1190166
0 1820
cfn=(2012)
calls=364 0 
0 3276
0 2184
cfn=(3028)
calls=364 0 
0 1750245
0 1118
cfn=(2012)
calls=78 0 
0 702
0 390
cfn=(3028)
calls=78 0 
0 304485
0 546
cfn=(2012)
calls=78 0 
0 702
0 468
cfn=(3028)
calls=78 0 
0 355437
0 546
cfn=(2012)
calls=78 0 
0 702
0 468
cfn=(3028)
calls=78 0 
0 394012
0 624
cfn=(2012)
calls=78 0 
0 702
0 468
cfn=(3028)
calls=78 0 
0 413517
0 4638
cfn=(1844)
calls=498 0 
0 43824
0 17760
cfn=(1844)
calls=138 0 
0 12144
0 9228

fn=(3136) poset_orbit_node::init_extension_node_prepare_H(poset_classification*, long, long, long, group&, longinteger_object&, group&, longinteger_object&, long, long, long)
0 9248
cfn=(3138) poset_orbit_node::compute_point_stabilizer_in_standard_setting(poset_classification*, long, long, long, group&, longinteger_object&, group&, long, long, long) [clone .constprop.10]
calls=272 0 
0 1916771571
0 1088
cfn=(3132)
calls=272 0 
0 69196990
0 1088
cfn=(2064)
calls=272 0 
0 1088
0 544
cfn=(2064)
calls=272 0 
0 1088
0 816
cfn=(3134)
calls=272 0 
0 248245
0 1904
cfn=(2154)
calls=272 0 
0 2489657
0 1088
cfn=(2318) longinteger_object::as_INT()
calls=272 0 
0 7360
0 2176
cfn=(2084)
calls=272 0 
0 34544
0 544
cfn=(2084)
calls=272 0 
0 33575
0 2992

fn=(3144) schreier_vector_determine_depth_recursion(long, long*, long*, long*, long*, long)
0 8632185
cfn=(2554) INT_vec_search(long*, long, long, long&)
calls=351253 0 
0 45997210
0 8582439
cfn=(3145) schreier_vector_determine_depth_recursion(long, long*, long*, long*, long*, long)'2
calls=78349 0 
0 17996129
0 313396

fn=(3145)
0 2432256
cfn=(2554)
calls=101344 0 
0 13049001
0 2422892
cfn=(3145)
calls=22995 0 
0 6042892
0 91980

fn=(3162) sims::compute_base_orbits(long)
0 38420

fn=(3178)
0 747087
cfn=(2129)
calls=22639 0 
0 223256048

fn=(3179)
0 844602
cfn=(2129)
calls=25594 0 
0 251487693

fn=(3194) union_find::add_generator(long*, long)
0 6876
cfn=(1844)
calls=382 0 
0 65092
0 39828
cfn=(2030)
calls=1751 0 
0 26675652
0 24437
cfn=(1942)
calls=382 0 
0 40110
0 4796

fn=(3196) sims::transitive_extension_tolerant(schreier&, vector_ge&, long*, long, long)
0 5440
cfn=(2064)
calls=272 0 
0 1088
0 816
cfn=(2064)
calls=272 0 
0 1088
0 816
cfn=(2064)
calls=272 0 
0 1088
0 816
cfn=(2064)
calls=272 0 
0 1088
0 816
cfn=(2064)
calls=272 0 
0 1088
0 816
cfn=(2064)
calls=272 0 
0 1088
0 2720
cfn=(2066)
calls=272 0 
0 248007
0 1088
cfn=(2070)
calls=272 0 
0 39903
0 1632
cfn=(3198) longinteger_domain::mult(longinteger_object&, longinteger_object&, longinteger_object&)
calls=272 0 
0 82924
0 2176
cfn=(2066)
calls=272 0 
0 293427
0 2992
cfn=(3164)
calls=272 0 
0 9911
0 534
cfn=(3164)
calls=89 0 
0 3550
0 90
cfn=(3164)
calls=18 0 
0 504
0 1186
cfn=(3164)
calls=107 0 
0 2927
0 535
cfn=(2160) random_integer(long)
calls=107 0 
0 7597
0 104
cfn=(2160)
calls=52 0 
0 3687
0 798
cfn=(3174) schreier::coset_rep(long)
calls=107 0 
0 1389078
0 428
cfn=(3266) sims::random_element(long*, long)
calls=107 0 
0 12354984
0 642
cfn=(2128)
calls=107 0 
0 1050954
0 963
cfn=(3168) sims::strip(long*, long*, long&, long&, long) [clone .constprop.20]
calls=107 0 
0 3306203
0 659
cfn=(2172)
calls=89 0 
0 1742045
0 768
cfn=(2182) sims::extend_base_orbit(long, long, long) [clone .constprop.23]
calls=29 0 
0 90178
0 116
cfn=(2182)
calls=29 0 
0 12299
0 180
cfn=(2182)
calls=60 0 
0 461961
0 801
cfn=(2066)
calls=89 0 
0 195286
0 2354
cfn=(2058) sims::extract_strong_generators_in_order(vector_ge&, long*, long)
calls=272 0 
0 168783
0 816
cfn=(2084)
calls=272 0 
0 1088
0 544
cfn=(2084)
calls=272 0 
0 1088
0 544
cfn=(2084)
calls=272 0 
0 30464
0 544
cfn=(2084)
calls=272 0 
0 30583
0 544
cfn=(2084)
calls=272 0 
0 30804
0 544
cfn=(2084)
calls=272 0 
0 30940
0 3264

fn=(3254) schreier_vector_coset_rep_inv_general(action*, long*, long*, long, long&, long*, long*, long*, long*, long, long, long, long)
0 185220
cfn=(2112)
calls=6615 0 
0 3347190
0 79380
cfn=(2554)
calls=6615 0 
0 885813
0 195087
cfn=(3028)
calls=4681 0 
0 19685147
0 23405
cfn=(2020)
calls=4681 0 
0 1320042
0 37448
cfn=(2128)
calls=4681 0 
0 46304452
0 23405
cfn=(1988)
calls=4681 0 
0 917476
0 70215
cfn=(3256) schreier_vector_coset_rep_inv_compact_general(action*, long*, long*, long, long&, long*, long*, long*, long*, long, long, long, long)
calls=4681 0 
0 214217498
0 52920

fn=(3342) surface_with_action::create_double_six_from_five_lines_with_a_common_transversal(long*, long, long*, long)
0 4480
cfn=(3344) surface::rank_line(long*)
calls=112 0 
0 158144
0 672
cfn=(1970)
calls=112 0 
0 4928
0 1232
cfn=(3348) projective_space::point_of_intersection_of_a_line_and_a_line_in_three_space(long, long, long)
calls=112 0 
0 874705
0 1904
cfn=(3348)
calls=224 0 
0 1782046
0 2240
cfn=(3348)
calls=224 0 
0 1809015
0 1792
cfn=(2422) INT_n_choose_k(long, long)
calls=112 0 
0 61145
0 2800
cfn=(2496)
calls=112 0 
0 191296
0 2373
cfn=(2496)
calls=339 0 
0 690600
0 2706
cfn=(2502)
calls=451 0 
0 25934
0 10824
cfn=(3356) recoordinatize::do_recoordinatize(long, long, long, long)
calls=451 0 
0 15805652
0 2706
cfn=(2020)
calls=451 0 
0 90200
0 2706
cfn=(2030)
calls=451 0 
0 2387571
0 3157
cfn=(2030)
calls=451 0 
0 757212
0 3608
cfn=(3368) surface::unrank_point(long*, long)
calls=451 0 
0 50512
0 1353
cfn=(3370) finite_field::evaluate_quadratic_form_x0x3mx1x2(long*)
calls=451 0 
0 55022
0 4510
cfn=(2368)
calls=451 0 
0 350427
0 5863
cfn=(3372) finite_field::adjust_basis(long*, long*, long, long, long, long)
calls=451 0 
0 655303
0 53878
cfn=(2136)
calls=2976 0 
0 2095104
0 14880
cfn=(3370)
calls=2976 0 
0 363072
0 13094
cfn=(3380) finite_field::add_vector(long*, long*, long*, long)
calls=408 0 
0 79152
0 1224
cfn=(3370)
calls=408 0 
0 49776
0 5376
cfn=(1970)
calls=408 0 
0 17544
0 1632
cfn=(1970)
calls=408 0 
0 15912
0 1632
cfn=(1970)
calls=408 0 
0 17544
0 1632
cfn=(1970)
calls=408 0 
0 15912
0 5304
cfn=(3350) finite_field::intersect_subspaces(long, long, long*, long, long*, long&, long*, long)
calls=408 0 
0 2641656
0 2448
cfn=(3344)
calls=408 0 
0 632760
0 2040
cfn=(2030)
calls=408 0 
0 2101514
0 3954
cfn=(3356)
calls=69 0 
0 2977890
0 414
cfn=(2020)
calls=69 0 
0 13800
0 483
cfn=(2030)
calls=69 0 
0 365010
0 552
cfn=(2030)
calls=69 0 
0 366942
0 966
cfn=(2368)
calls=69 0 
0 53613
0 552
cfn=(2368)
calls=69 0 
0 53613
0 18216
cfn=(2036)
calls=1932 0 
0 112884
0 17388
cfn=(2136)
calls=1932 0 
0 1360128
0 9660
cfn=(3370)
calls=1932 0 
0 235704
0 5796
cfn=(1970)
calls=276 0 
0 10764
0 3174
cfn=(3380)
calls=69 0 
0 13386
0 592
cfn=(3380)
calls=37 0 
0 7178
0 810
cfn=(3380)
calls=90 0 
0 17460
0 588
cfn=(3370)
calls=196 0 
0 23912
0 890
cfn=(1970)
calls=83 0 
0 3237
0 332
cfn=(1970)
calls=83 0 
0 3237
0 249
cfn=(3344)
calls=83 0 
0 161283
0 581
cfn=(3382) projective_space::test_if_lines_are_skew(long, long, long)
calls=83 0 
0 671555
0 3078
cfn=(2030)
calls=69 0 
0 376395
0 488

fn=(3344)
0 1809
cfn=(3346) grassmann::rank_INT_here(long*, long)
calls=603 0 
0 950378

fn=(3364) action::element_image_of_low_level(long*, long*, void*, long)
0 10660
cfn=(3366) matrix_group_element_image_of_low_level(action&, long*, long*, void*, long)
calls=2132 0 
0 2809976

fn=(3504) orbit_node::init(classification*, long, strong_generators*, long*, long)
0 450
cob=(7)
cfi=(103)
cfn=(1282)
calls=25 0 
0 9300
0 25
0 75
cob=(7)
cfi=(103)
cfn=(1378)
calls=25 0 
0 9840
0 25
0 100
cob=(7)
cfi=(103)
cfn=(1282)
calls=25 0 
0 6400
0 25
0 100
cfn=(2046)
calls=25 0 
0 255756
0 275
cob=(7)
cfi=(103)
cfn=(1336)
calls=25 0 
0 6300
0 25
0 50
cob=(7)
cfi=(103)
cfn=(1356)
calls=25 0 
0 2150
0 25
0 400
cfn=(1970)
calls=25 0 
0 1797

fn=(3542) poset_classification::write_file(std::basic_ofstream<char, std::char_traits<char> >&, long, long)
0 41
cfn=(3544) poset_orbit_node::calc_size_on_file(action*, long)
calls=1 0 
0 35
0 411
cfn=(3544)
calls=68 0 
0 2701
0 408
cfn=(3544)
calls=68 0 
0 2947
0 408
cfn=(3544)
calls=68 0 
0 3292
0 476
cfn=(3544)
calls=68 0 
0 2954
0 209
cob=(7)
cfi=(103)
cfn=(1412)
calls=1 0 
0 54
0 1
0 3
cfn=(3546) memory_object::memory_object()
calls=1 0 
0 2
0 8
cfn=(1798)
calls=1 0 
0 28
0 5
cfn=(3548) memory_object::alloc(long, long)
calls=1 0 
0 334
0 9
cfn=(3550) memory_object::write_int(long)
calls=1 0 
0 791
0 3
cfn=(3550)
calls=1 0 
0 128
0 3
cfn=(3550)
calls=1 0 
0 128
0 22
cfn=(3550)
calls=1 0 
0 128
0 5
cfn=(3550)
calls=1 0 
0 128
0 5
cfn=(3550)
calls=1 0 
0 128
0 5
cfn=(3550)
calls=1 0 
0 128
0 5
cfn=(3550)
calls=1 0 
0 128
0 5
cfn=(3550)
calls=1 0 
0 128
0 22
cfn=(3556) poset_orbit_node::write_memory_object(action*, memory_object*, long&, long)
calls=1 0 
0 60654
0 548
cfn=(3556)
calls=68 0 
0 2014706
0 476
cfn=(3556)
calls=68 0 
0 2668719
0 476
cfn=(3556)
calls=68 0 
0 2429265
0 544
cfn=(3556)
calls=68 0 
0 2387174
0 275
cfn=(3550)
calls=1 0 
0 128
0 7
cob=(7)
cfi=(103)
cfn=(3540) std::ostream::write(char const*, long)
calls=1 0 
0 164
0 1
0 4
cob=(7)
cfi=(103)
cfn=(3540)
calls=1 0 
0 164
0 1
0 4
cob=(7)
cfi=(103)
cfn=(3540)
calls=1 0 
0 2519
0 1
0 5
cfn=(2184) mem_object_registry::free_OBJECT(void*, char const*, int)
calls=1 0 
0 27
0 2
cfn=(3576) memory_object::~memory_object()
calls=1 0 
0 178
0 3
cob=(7)
cfi=(103)
cfn=(2190) operator delete(void*, unsigned long)
calls=1 0 
0 76
0 1
0 6
cob=(7)
cfi=(103)
cfn=(1282)
calls=1 0 
0 413
0 1
0 11
cob=(7)
cfi=(103)
cfn=(1336)
calls=1 0 
0 252
0 1
0 2
cob=(7)
cfi=(103)
cfn=(1356)
calls=1 0 
0 86
0 1
0 15
cob=(7)
cfi=(103)
cfn=(1282)
calls=1 0 
0 473
0 1
0 3
cob=(7)
cfi=(103)
cfn=(1378)
calls=1 0 
0 385
0 1
0 11
cob=(7)
cfi=(103)
cfn=(1336)
calls=1 0 
0 252
0 1
0 2
cob=(7)
cfi=(103)
cfn=(1356)
calls=1 0 
0 86
0 1
0 6
cob=(7)
cfi=(103)
cfn=(1282)
calls=1 0 
0 304
0 1
0 3
cob=(7)
cfi=(103)
cfn=(1378)
calls=1 0 
0 456
0 1
0 11
cob=(7)
cfi=(103)
cfn=(1336)
calls=1 0 
0 252
0 1
0 2
cob=(7)
cfi=(103)
cfn=(1356)
calls=1 0 
0 86
0 1
0 7
cfn=(3550)
calls=1 0 
0 128
0 1

fn=(3544)
0 11929

fn=(3582) strong_generators::write_to_file_binary(std::basic_ofstream<char, std::char_traits<char> >&, long)
0 2185
cob=(7)
cfi=(103)
cfn=(3540)
calls=115 0 
0 18860
0 115
0 4255
cob=(7)
cfi=(103)
cfn=(3540)
calls=575 0 
0 94347
0 575
0 4370
cfn=(3584) vector_ge::write_to_file_binary(std::basic_ofstream<char, std::char_traits<char> >&, long)
calls=115 0 
0 275175

fn=(3584)
0 1265
cob=(7)
cfi=(103)
cfn=(3540)
calls=115 0 
0 18860
0 115
0 956
cfn=(3586) action::element_write_to_file_binary(long*, std::basic_ofstream<char, std::char_traits<char> >&, long)
calls=66 0 
0 130382
0 558
cfn=(3586)
calls=62 0 
0 122323
0 716

fn=(3588) classification::write_file(std::basic_ofstream<char, std::char_traits<char> >&, long)
0 30
cob=(7)
cfi=(103)
cfn=(3540)
calls=2 0 
0 328
0 2
0 8
cob=(7)
cfi=(103)
cfn=(3540)
calls=2 0 
0 328
0 2
0 24
cob=(7)
cfi=(103)
cfn=(3540)
calls=2 0 
0 328
0 2
0 2148
cob=(7)
cfi=(103)
cfn=(3540)
calls=358 0 
0 58759
0 358
0 1822
cfn=(3590) orbit_node::write_file(std::basic_ofstream<char, std::char_traits<char> >&, long)
calls=2 0 
0 8484
0 161
cfn=(3590)
calls=23 0 
0 140440
0 62
cob=(7)
cfi=(103)
cfn=(1282)
calls=2 0 
0 806
0 2
0 22
cob=(7)
cfi=(103)
cfn=(1336)
calls=2 0 
0 504
0 2
0 14
cob=(7)
cfi=(103)
cfn=(1356)
calls=2 0 
0 172
0 2
0 8
cob=(7)
cfi=(103)
cfn=(1282)
calls=2 0 
0 714
0 2
0 22
cob=(7)
cfi=(103)
cfn=(1336)
calls=2 0 
0 504
0 2
0 4
cob=(7)
cfi=(103)
cfn=(1356)
calls=2 0 
0 172
0 2
0 2

fn=(3612) longinteger_domain::add_in_place(longinteger_object&, longinteger_object&)
0 966
cfn=(2064)
calls=69 0 
0 276
0 345
cfn=(2290) longinteger_domain::add(longinteger_object&, longinteger_object&, longinteger_object&)
calls=69 0 
0 49206
0 207
cfn=(2082) longinteger_object::assign_to(longinteger_object&)
calls=69 0 
0 22860
0 138
cfn=(2084)
calls=69 0 
0 7728
0 621

fn=(3642) surface::build_cubic_surface_from_lines(long, long*, long*, long)
0 128
cfn=(3316) surface::compute_system_in_RREF(long, long*, long)
calls=8 0 
0 41244698
0 136
cfn=(2316) finite_field::matrix_get_kernel(long*, long, long, long*, long, long&, long&, long*)
calls=8 0 
0 8728
0 80

fn=(3656) set_of_sets::add_element(long, long)
0 13608

fn=(3682) incidence_structure::compute_TDO_safe(partitionstack&, long, long)
0 96
cfn=(3684) incidence_structure::refine_column_partition_safe(partitionstack&, long)
calls=4 0 
0 140717
0 68

fn=(3692) partitionstack::radix_sort_bits(long, long, long*, long, long, long, long)
0 22538
cfn=(3680) partitionstack::check()
calls=7 0 
0 11060
0 8459
cfn=(3693) partitionstack::radix_sort_bits(long, long, long*, long, long, long, long)'2
calls=7 0 
0 18796
0 126
cfn=(3691) partitionstack::radix_sort(long, long, long*, long, long, long)'2
calls=4 0 
0 208
0 113

fn=(3693)
0 5780
cfn=(3680)
calls=4 0 
0 6320
0 5857
cfn=(3693)
calls=4 0 
0 416
0 255
cfn=(3691)
calls=11 0 
0 572
0 12

fn=(3716) os_memory_usage()
0 12
cob=(3)
cfi=(159)
cfn=(2788)
calls=1 88 
0 382
0 1
0 162
cob=(3)
cfi=(188)
cfn=(3722)
calls=17 37 
0 3026
0 17
0 45
cob=(3)
cfi=(125)
cfn=(876)
calls=1 52 
0 15
0 1
0 3
cob=(3)
cfi=(163)
cfn=(2892)
calls=1 34 
0 459
0 1
0 4
cob=(3)
cfi=(145)
cfn=(1756)
calls=1 106 
0 216
0 1
0 2

fn=(2474) Heapsort_general(void*, long, long (*)(void*, long, long, void*), void (*)(void*, long, long, void*), void*)
0 820
cfn=(2478) homogeneous_polynomial_domain_swap_monomial(void*, long, long, void*)
calls=54 0 
0 3776
0 735
cfn=(2476) homogeneous_polynomial_domain_compare_monomial(void*, long, long, void*)
calls=54 0 
0 9151
0 432
cfn=(2476)
calls=54 0 
0 8318
0 55
cfn=(2476)
calls=11 0 
0 1415
0 430
cfn=(2478)
calls=10 0 
0 691
0 402
cfn=(2478)
calls=67 0 
0 4671
0 1471
cfn=(2476)
calls=105 0 
0 19692
0 840
cfn=(2476)
calls=105 0 
0 14228
0 110
cfn=(2476)
calls=22 0 
0 3639
0 1080
cfn=(2478)
calls=118 0 
0 8245
0 492

fn=(2634) orthogonal::find_root(long, long) [clone .constprop.60]
0 6
cfn=(2636) orthogonal::find_root_hyperbolic(long, long, long)
calls=1 0 
0 1948

fn=(1266) _GLOBAL__sub_I__ZN13colored_graphC2Ev
0 3
cob=(7)
cfi=(103)
cfn=(718)
calls=1 0 
0 24
0 1
0 5
cob=(3)
cfi=(106)
cfn=(496)
calls=1 65 
0 71
0 1

fn=(1414) _GLOBAL__sub_I__Z11INT_vec_addPlS_S_l
0 3
cob=(7)
cfi=(103)
cfn=(718)
calls=1 0 
0 24
0 1
0 5
cob=(3)
cfi=(106)
cfn=(496)
calls=1 65 
0 71
0 1

fn=(1442) _GLOBAL__sub_I__ZN10orbit_nodeC2Ev
0 3
cob=(7)
cfi=(103)
cfn=(718)
calls=1 0 
0 24
0 1
0 5
cob=(3)
cfi=(106)
cfn=(496)
calls=1 65 
0 71
0 1

fn=(1474) _GLOBAL__sub_I__ZN11finite_ringC2Ev
0 3
cob=(7)
cfi=(103)
cfn=(718)
calls=1 0 
0 24
0 1
0 5
cob=(3)
cfi=(106)
cfn=(496)
calls=1 65 
0 71
0 1

fn=(1488) _GLOBAL__sub_I__ZN18subfield_structureC2Ev
0 3
cob=(7)
cfi=(103)
cfn=(718)
calls=1 0 
0 24
0 1
0 5
cob=(3)
cfi=(106)
cfn=(496)
calls=1 65 
0 71
0 1

fn=(1530) _GLOBAL__sub_I__ZN5mckay6tMCKAYC2Ev
0 3
cob=(7)
cfi=(103)
cfn=(718)
calls=1 0 
0 24
0 1
0 5
cob=(3)
cfi=(106)
cfn=(496)
calls=1 65 
0 71
0 1

fn=(1538) _GLOBAL__sub_I__ZN6actionC2Ev
0 3
cob=(7)
cfi=(103)
cfn=(718)
calls=1 0 
0 24
0 1
0 5
cob=(3)
cfi=(106)
cfn=(496)
calls=1 65 
0 71
0 1

fn=(1572) _GLOBAL__sub_I__ZN14wreath_productC2Ev
0 3
cob=(7)
cfi=(103)
cfn=(718)
calls=1 0 
0 24
0 1
0 5
cob=(3)
cfi=(106)
cfn=(496)
calls=1 65 
0 71
0 1

fn=(1584) _GLOBAL__sub_I__ZN15action_on_andreC2Ev
0 3
cob=(7)
cfi=(103)
cfn=(718)
calls=1 0 
0 24
0 1
0 5
cob=(3)
cfi=(106)
cfn=(496)
calls=1 65 
0 71
0 1

fn=(1612) _GLOBAL__sub_I__ZN14product_actionC2Ev
0 3
cob=(7)
cfi=(103)
cfn=(718)
calls=1 0 
0 24
0 1
0 5
cob=(3)
cfi=(106)
cfn=(496)
calls=1 65 
0 71
0 1

fn=(1640) _GLOBAL__sub_I__ZN16poset_orbit_node20apply_fusion_elementEP20poset_classificationllllll
0 3
cob=(7)
cfi=(103)
cfn=(718)
calls=1 0 
0 24
0 1
0 5
cob=(3)
cfi=(106)
cfn=(496)
calls=1 65 
0 71
0 1

fn=(1658) _GLOBAL__sub_I__ZN8databaseC2Ev
0 3
cob=(7)
cfi=(103)
cfn=(718)
calls=1 0 
0 24
0 1
0 5
cob=(3)
cfi=(106)
cfn=(496)
calls=1 65 
0 71
0 1

fn=(1674) _GLOBAL__sub_I__ZN5solidC2Ev
0 3
cob=(7)
cfi=(103)
cfn=(718)
calls=1 0 
0 24
0 1
0 5
cob=(3)
cfi=(106)
cfn=(496)
calls=1 65 
0 71
0 1

fn=(1684) _GLOBAL__sub_I__ZN10gl_classesC2Ev
0 3
cob=(7)
cfi=(103)
cfn=(718)
calls=1 0 
0 24
0 1
0 5
cob=(3)
cfi=(106)
cfn=(496)
calls=1 65 
0 71
0 1

fn=(1694) _GLOBAL__sub_I__ZN32andre_construction_point_elementC2Ev
0 3
cob=(7)
cfi=(103)
cfn=(718)
calls=1 0 
0 24
0 1
0 5
cob=(3)
cfi=(106)
cfn=(496)
calls=1 65 
0 71
0 1

fn=(1726) _GLOBAL__sub_I__ZN9extensionC2Ev
0 3
cob=(7)
cfi=(103)
cfn=(718)
calls=1 0 
0 24
0 1
0 5
cob=(3)
cfi=(106)
cfn=(496)
calls=1 65 
0 71
0 1

fn=(1816) finite_field::init_symbol_for_print(char const*)
0 12
cfn=(1818)
calls=1 0 
0 2194
0 3
cob=(3)
cfi=(125)
cfn=(876)
calls=1 52 
0 19
0 1
0 5
cfn=(1812)
calls=1 0 
0 83
0 7
cob=(3)
cfi=(147)
cfn=(1840)
calls=1 32 
0 22
0 1

fn=(1844)
0 3029075
cob=(7)
cfi=(103)
cfn=(1406)
calls=159425 0 
0 21773087
0 159425
0 1753675

fn=(1848) finite_field::create_alpha_table_prime_field(long)
0 13
cfn=(1850) primitive_root(long, long)
calls=1 0 
0 105
0 225

fn=(1856) linear_group::linear_group()
0 8

fn=(1900) matrix_group::allocate_data(long)
0 28
cfn=(1844)
calls=2 0 
0 731
0 12
cfn=(1844)
calls=2 0 
0 508
0 12
cfn=(1844)
calls=2 0 
0 508
0 12
cfn=(1844)
calls=2 0 
0 508
0 12
cfn=(1844)
calls=2 0 
0 508
0 14
cfn=(1844)
calls=2 0 
0 508
0 14
cfn=(1844)
calls=2 0 
0 516
0 14
cfn=(1844)
calls=2 0 
0 516
0 14
cfn=(1844)
calls=2 0 
0 516
0 12
cfn=(1902) mem_object_registry::allocate_UBYTE(long, char const*, int)
calls=2 0 
0 506
0 12
cfn=(1902)
calls=2 0 
0 506
0 12
cfn=(1902)
calls=2 0 
0 506
0 12
cfn=(1844)
calls=2 0 
0 516
0 10
cob=(7)
cfi=(103)
cfn=(1282)
calls=1 0 
0 388
0 1
0 11
cob=(7)
cfi=(103)
cfn=(1336)
calls=1 0 
0 252
0 1
0 5
cob=(7)
cfi=(103)
cfn=(1356)
calls=1 0 
0 86
0 1
0 8
cob=(7)
cfi=(103)
cfn=(1282)
calls=1 0 
0 362
0 1
0 11
cob=(7)
cfi=(103)
cfn=(1336)
calls=1 0 
0 252
0 1
0 2
cob=(7)
cfi=(103)
cfn=(1356)
calls=1 0 
0 86
0 1
0 1

fn=(1946)
0 5337758

fn=(1976) vector_ge::init_from_data(action*, long*, long, long, long)
0 40
cfn=(1844)
calls=2 0 
0 508
0 26
cfn=(1844)
calls=2 0 
0 652
0 30
cfn=(1978) action::make_element(long*, long*, long)
calls=2 0 
0 4482
0 20
cfn=(1988)
calls=2 0 
0 288
0 20
cfn=(1942)
calls=2 0 
0 210
0 100
cfn=(1988)
calls=8 0 
0 1152
0 64
cfn=(1978)
calls=8 0 
0 19450
0 128
cfn=(1988)
calls=8 0 
0 1152
0 80
cfn=(1978)
calls=8 0 
0 20152
0 32

fn=(1978)
0 36670
cfn=(1980) matrix_group::make_element(long*, long*, long)
calls=965 0 
0 3071157

fn=(1984) finite_field::matrix_invert(long*, long*, long*, long*, long, long)
0 689850
cfn=(1970)
calls=25550 0 
0 2346372
0 5084998
cfn=(1986) finite_field::Gauss_INT(long*, long, long, long*, long, long*, long, long, long, long) [clone .constprop.12]
calls=25550 0 
0 59627404
0 408800

fn=(1992)
0 290465
cfn=(1970)
calls=58093 0 
0 6568027

fn=(2028) sims::init_generator_depth_and_perm(long)
0 77004
cfn=(1844)
calls=1426 0 
0 144087
0 8556
cfn=(1844)
calls=1426 0 
0 131525
0 175450
cfn=(2012)
calls=5939 0 
0 53451
0 29695
cfn=(2030)
calls=5939 0 
0 9575395
0 115204

fn=(2038) matrix_group::action_from_the_right_all_types(long*, long*, long*, long)
0 11613560
cfn=(2040) finite_field::projective_action_from_the_right(long, long*, long*, long*, long, long)
calls=305620 0 
0 383247480
0 916860

fn=(2056) strong_generators::init_from_sims(sims*, long)
0 8228
cfn=(1844)
calls=484 0 
0 58249
0 1452
cob=(7)
cfi=(103)
cfn=(1412)
calls=484 0 
0 28441
0 484
0 1452
cfn=(1974)
calls=484 0 
0 1936
0 3388
cfn=(1798)
calls=484 0 
0 13552
0 2904
cfn=(2058)
calls=484 0 
0 256939
0 972
cob=(7)
cfi=(103)
cfn=(1282)
calls=1 0 
0 418
0 1
0 11
cob=(7)
cfi=(103)
cfn=(1336)
calls=1 0 
0 252
0 1
0 7
cob=(7)
cfi=(103)
cfn=(1356)
calls=1 0 
0 86
0 1
0 2902
cob=(7)
cfi=(103)
cfn=(1282)
calls=1 0 
0 393
0 1
0 11
cob=(7)
cfi=(103)
cfn=(1336)
calls=1 0 
0 252
0 1
0 2
cob=(7)
cfi=(103)
cfn=(1356)
calls=1 0 
0 86
0 1
0 1

fn=(2076) longinteger_domain::mult(longinteger_object&, longinteger_object&, longinteger_object&) [clone .part.3]
0 452634
cfn=(2078)
calls=32331 0 
0 431147
0 290979
cfn=(1812)
calls=32331 0 
0 4540690
0 3627295
cfn=(2080) longinteger_object::normalize()
calls=32331 0 
0 975254

fn=(2090) create_sims_from_generators_with_target_group_order_factorized(action*, vector_ge*, long*, long, long)
0 3888
cfn=(2064)
calls=216 0 
0 864
0 1080
cfn=(2066)
calls=216 0 
0 146377
0 1296
cfn=(2092) create_sims_from_generators_randomized(action*, vector_ge*, long, longinteger_object&, long)
calls=216 0 
0 159228241
0 648
cfn=(2084)
calls=216 0 
0 25756
0 2592

fn=(2112)
0 18585
cfn=(3176) induced_action_element_one(action&, void*, long)
calls=7740 0 
0 3912448
cfn=(2114) matrix_group_element_one(action&, void*, long)
calls=10845 0 
0 4861901

fn=(2113) action::element_one(void*, long)'2
0 16605
cfn=(2114)
calls=7740 0 
0 3580348
cfn=(3177) induced_action_element_one(action&, void*, long)'2
calls=8865 0 
0 4284521

fn=(2118) sims::strip(long*, long*, long&, long&, long)
0 17100
cfn=(1988)
calls=900 0 
0 119472
0 25190
cfn=(2030)
calls=3778 0 
0 5837937
0 40408
cfn=(2120) sims::coset_rep_inv(long, long, long)
calls=3548 0 
0 27129557
0 24836
cfn=(2128)
calls=3548 0 
0 34848456
0 17740
cfn=(1988)
calls=3548 0 
0 482288
0 24658
cfn=(1988)
calls=670 0 
0 92256
0 9440
cfn=(1988)
calls=230 0 
0 31504
0 2070

fn=(2136)
0 21739612
cfn=(1854)
calls=20832 0 
0 520800
0 83328
cfn=(1996)
calls=20832 0 
0 708288
0 145824
cfn=(1854)
calls=20832 0 
0 520800
0 83328
cfn=(1996)
calls=20832 0 
0 708288
0 7926528
cfn=(1854)
calls=1310672 0 
0 32766800
0 5242688
cfn=(1996)
calls=1310672 0 
0 44562848
0 7864032
cfn=(1854)
calls=1310672 0 
0 32766800
0 5242688
cfn=(1996)
calls=1310672 0 
0 44562848
0 7864032
cfn=(1854)
calls=1310672 0 
0 32766800
0 5242688
cfn=(1996)
calls=1310672 0 
0 44562848
0 7864032
cfn=(1854)
calls=1310672 0 
0 32766800
0 5242688
cfn=(1996)
calls=1310672 0 
0 44562848
0 13933216

fn=(2146) is_diagonal_matrix(long*, long)
0 167918

fn=(2150) longinteger_domain::compare_unsigned(longinteger_object&, longinteger_object&) [clone .constprop.22]
0 2728934

fn=(2170) sims::add_generator_at_level(long*, long, long)
0 7965
cfn=(2172)
calls=531 0 
0 12216104
0 7105
cfn=(2182)
calls=246 0 
0 61895722
0 1060
cfn=(2182)
calls=265 0 
0 79332625
0 1228
cfn=(2182)
calls=307 0 
0 36922416
0 1536
cfn=(2182)
calls=384 0 
0 10695768
0 2124
cfn=(2182)
calls=531 0 
0 29231999
0 5310

fn=(2174)
0 21030
cfn=(1844)
calls=1402 0 
0 340581
0 31340
cfn=(1988)
calls=1724 0 
0 254524
0 14986
cfn=(1942)
calls=1402 0 
0 161225
0 26638
cfn=(1988)
calls=1402 0 
0 202908

fn=(2184)
0 136296

fn=(2234) PG_element_normalize_from_front(finite_field&, long*, long, long)
0 18299
cfn=(1952)
calls=632 0 
0 6320
0 12862
cfn=(1854)
calls=46 0 
0 1150
0 322
cfn=(1854)
calls=46 0 
0 1150
0 20
cfn=(1854)
calls=4 0 
0 100
0 350
cfn=(1854)
calls=50 0 
0 1250
0 45
cfn=(1854)
calls=9 0 
0 225
0 413
cfn=(1854)
calls=59 0 
0 1475
0 413
cfn=(1854)
calls=59 0 
0 1475
0 2230
cfn=(1854)
calls=446 0 
0 11150
0 3535
cfn=(1854)
calls=505 0 
0 12625
0 500
cfn=(1854)
calls=100 0 
0 2500
0 4235
cfn=(1854)
calls=605 0 
0 15125
0 120
cfn=(1854)
calls=24 0 
0 600
0 2811
cfn=(1854)
calls=59 0 
0 1475
0 413
cfn=(1854)
calls=59 0 
0 1475
0 354
cfn=(1854)
calls=59 0 
0 1475
0 354
cfn=(1854)
calls=59 0 
0 1475
0 354
cfn=(1854)
calls=59 0 
0 1475
0 354
cfn=(1854)
calls=59 0 
0 1475
0 354
cfn=(1854)
calls=59 0 
0 1475
0 354
cfn=(1854)
calls=59 0 
0 1475
0 8208

fn=(2256) action::init_function_pointers_induced_action()
0 25920

fn=(2286)
0 720
cfn=(2064)
calls=40 0 
0 160
0 80
cfn=(2064)
calls=40 0 
0 160
0 120
cfn=(2070)
calls=40 0 
0 6842
0 160
cfn=(2288) longinteger_domain::power_int(longinteger_object&, long)
calls=40 0 
0 144916
0 120
cfn=(2070)
calls=40 0 
0 5680
0 200
cfn=(2290)
calls=40 0 
0 12004
0 80
cfn=(2084)
calls=40 0 
0 4480
0 80
cfn=(2084)
calls=40 0 
0 4480
0 440

fn=(3228)
0 5307
cfn=(1812)
calls=183 0 
0 15928
0 1098
cfn=(3230) code_INT4(char*&, int)
calls=183 0 
0 11529
0 732
cfn=(3230)
calls=183 0 
0 11529
0 1830
cfn=(3230)
calls=183 0 
0 11529
0 3660
cfn=(3230)
calls=732 0 
0 46116
0 5307
cfn=(3230)
calls=183 0 
0 11529
0 3660
cfn=(3230)
calls=732 0 
0 46116
0 4209
cfn=(2012)
calls=183 0 
0 1647
0 621
cfn=(2012)
calls=207 0 
0 1863
0 1950
cfn=(3232) action::element_pack(void*, void*, long)
calls=390 0 
0 621828
0 3900
cfn=(3236) code_UBYTE(char*&, unsigned char)
calls=390 0 
0 6240
0 13650
cfn=(3236)
calls=2730 0 
0 43680
0 14946

fn=(3232)
0 780
cfn=(3234) matrix_group_element_pack(action&, void*, void*, long)
calls=390 0 
0 621048

fn=(2340) count_S(long, long)
0 104
cfn=(1946)
calls=8 0 
0 102
0 32
cfn=(1946)
calls=8 0 
0 63
0 104

fn=(2394)
0 573696
cfn=(1952)
calls=3744 0 
0 37440
0 815904
cfn=(1854)
calls=30240 0 
0 756000
0 120960
cfn=(2334)
calls=30240 0 
0 816480
0 330480
cfn=(2396) evaluate_hyperbolic_quadratic_form(finite_field&, long*, long, long)
calls=26640 0 
0 2770560
0 106560
cfn=(2336) nb_pts_N1(long, long) [clone .constprop.36]
calls=26640 0 
0 53280
0 79920
cfn=(2338)
calls=26640 0 
0 479520
0 247248
cfn=(2334)
calls=19008 0 
0 513216
0 190080
cfn=(1854)
calls=19008 0 
0 475200
0 171072
cfn=(1952)
calls=19008 0 
0 190080
0 76032
cfn=(1854)
calls=19008 0 
0 475200
0 190080
cfn=(1952)
calls=19008 0 
0 190080
0 209088
cfn=(2396)
calls=19008 0 
0 1976832
0 133056
cfn=(1952)
calls=19008 0 
0 190080
0 361152
cfn=(1854)
calls=19008 0 
0 475200
0 209088
cfn=(2395) N1_rank(finite_field&, long*, long, long, long&)'2
calls=19008 0 
0 950400
0 185472
cfn=(2395)
calls=1728 0 
0 86400
0 13104
cfn=(2395)
calls=1872 0 
0 93600
0 101952
cfn=(1952)
calls=7632 0 
0 76320
0 83952
cfn=(2392)
calls=7632 0 
0 258768
0 53424

fn=(2395)
0 542592
cfn=(1952)
calls=22608 0 
0 226080
0 361728

fn=(2428) longinteger_domain::integral_division_by_INT(longinteger_object&, long, longinteger_object&, long&)
0 12217
cfn=(2064)
calls=643 0 
0 2572
0 1286
cfn=(2064)
calls=643 0 
0 2572
0 1929
cfn=(2070)
calls=643 0 
0 102707
0 4501
cfn=(2154)
calls=643 0 
0 6349717
0 1286
cfn=(2318)
calls=643 0 
0 14825
0 1929
cfn=(2084)
calls=643 0 
0 82539
0 1286
cfn=(2084)
calls=643 0 
0 82845
0 7073

fn=(2442) diophant::solve_first_betten(long)
0 590
cfn=(2446) diophant::Gij(long, long)
calls=10 0 
0 190
0 1022
cfn=(2448) diophant::j_fst(long, long)
calls=33 0 
0 3614
0 291
cfn=(2444) diophant::Aij(long, long)
calls=10 0 
0 190
0 50
cfn=(2446)
calls=10 0 
0 190
0 108
cfn=(2444)
calls=3 0 
0 57
0 9
cfn=(2294) gcd_INT(long, long)
calls=3 0 
0 60
0 18
cfn=(2446)
calls=3 0 
0 57
0 15
cfn=(2444)
calls=3 0 
0 57
0 28
cfn=(2444)
calls=7 0 
0 133
0 30
cfn=(2294)
calls=10 0 
0 200
0 60
cfn=(2446)
calls=10 0 
0 190
0 60

fn=(2448)
0 4222
cfn=(2444)
calls=87 0 
0 1653
0 11935

fn=(3472) INT_vec_complement(long*, long*, long, long)
0 18688

fn=(3476) poset_classification::trace_set(long*, long, long, long*, long*, long)
0 9900
cfn=(1844)
calls=396 0 
0 34848
0 2376
cfn=(1844)
calls=396 0 
0 34848
0 2772
cfn=(1844)
calls=396 0 
0 35736
0 7920
cfn=(2112)
calls=396 0 
0 171864
0 5148
cfn=(3478) poset_classification::trace_set_recursion(long, long, long, long, long*, long*, long*, long*, long*, long, long)
calls=396 0 
0 185280843
0 3960
cfn=(1942)
calls=396 0 
0 41580
0 1980
cfn=(1942)
calls=396 0 
0 41580
0 1980
cfn=(1942)
calls=396 0 
0 41580
0 16632

fn=(3478)
0 22968
cfn=(3480) poset_orbit_node::trace_next_point_in_place(poset_classification*, long, long, long, long*, long*, long*, long*, long, long&, long)
calls=396 0 
0 38119805
0 4356
cfn=(3258) poset_orbit_node::find_extension_from_point(poset_classification*, long, long)
calls=396 0 
0 3168
0 15840
cfn=(3479) poset_classification::trace_set_recursion(long, long, long, long, long*, long*, long*, long*, long*, long, long)'2
calls=396 0 
0 147111934
0 2772

fn=(3479)
0 91872
cfn=(3480)
calls=1584 0 
0 123062610
0 17424
cfn=(3258)
calls=1584 0 
0 68289
0 20209
cfn=(3482) poset_classification::poset_classification_apply_fusion_element(long, long, long, long, long*, long*, long*, long*, long*, long, long)
calls=257 0 
0 23749798
0 24489
cfn=(1988)
calls=257 0 
0 34672
0 24190
cfn=(3479)
calls=1188 0 
0 227182882
0 18381

fn=(3482)
0 6939
cfn=(3028)
calls=257 0 
0 1554179
0 1799
cfn=(3272) action::map_a_set(long*, long*, long, long*, long)
calls=257 0 
0 19423301
0 1542
cfn=(2128)
calls=257 0 
0 2542244
0 1028
cfn=(3484) action::move(void*, void*)
calls=257 0 
0 50886
0 4112
cfn=(2506) INT_vec_heapsort(long*, long)
calls=257 0 
0 47338
0 1028
cfn=(1970)
calls=257 0 
0 11308
0 1542
cfn=(3486) poset_classification::find_poset_orbit_node_for_set(long, long*, long, long)
calls=257 0 
0 102038
0 514

fn=(2490) surface::init_system(long)
0 16
cfn=(1844)
calls=1 0 
0 458
0 6
cfn=(1844)
calls=1 0 
0 351
0 7
cfn=(1844)
calls=1 0 
0 349
0 6
cfn=(1844)
calls=1 0 
0 372
0 7

fn=(2496)
0 11322
cfn=(2064)
calls=666 0 
0 2664
0 1998
cfn=(2064)
calls=666 0 
0 2664
0 10294
cfn=(2424) longinteger_domain::binomial(longinteger_object&, long, long, long)
calls=115 0 
0 45244
0 230
cfn=(2318)
calls=115 0 
0 3335
0 1680
cfn=(2424)
calls=115 0 
0 43947
0 3688
cfn=(2424)
calls=461 0 
0 127012
0 1152
cfn=(2318)
calls=576 0 
0 13248
0 10974
cfn=(2424)
calls=666 0 
0 250842
0 1332
cfn=(2318)
calls=666 0 
0 15318
0 10337
cfn=(2424)
calls=660 0 
0 250166
0 1320
cfn=(2318)
calls=660 0 
0 15180
0 9955
cfn=(2424)
calls=627 0 
0 206357
0 1254
cfn=(2318)
calls=627 0 
0 14421
0 8518
cfn=(2424)
calls=448 0 
0 146944
0 896
cfn=(2318)
calls=448 0 
0 10304
0 4916
cfn=(2084)
calls=666 0 
0 2664
0 1332
cfn=(2084)
calls=666 0 
0 74592
0 8782

fn=(2514) classify::classify()
0 51

fn=(2518) INT_vec_classify(long, long*, long*&, long*&, long*&, long&, long*&, long*&)
0 60
cfn=(1844)
calls=3 0 
0 3044
0 18
cfn=(1844)
calls=3 0 
0 1025
0 18
cfn=(1844)
calls=3 0 
0 1173
0 18
cfn=(1844)
calls=3 0 
0 874
0 18
cfn=(1844)
calls=3 0 
0 1036
0 54
cfn=(2520)
calls=3 0 
0 229759

fn=(2528) eckardt_point::eckardt_point()
0 765

fn=(2530) eckardt_point::init_by_rank(long)
0 570
cfn=(2534) unordered_triple_pair_unrank(long, long&, long&, long&, long&, long&, long&)
calls=15 0 
0 1428
0 90
cfn=(2500)
calls=15 0 
0 270
0 75
cfn=(2500)
calls=15 0 
0 270
0 75
cfn=(2500)
calls=15 0 
0 270
0 435
cfn=(2532) ordered_pair_unrank(long, long&, long&, long)
calls=30 0 
0 1070
0 30

fn=(2542) eckardt_point::init2(long, long)
0 1920

fn=(2564) surface_with_action::init(surface*, long, long)
0 23
cfn=(2566) surface_with_action::init_group(long, long)
calls=1 0 
0 88522129
0 6
cfn=(1844)
calls=1 0 
0 244
0 3
cob=(7)
cfi=(103)
cfn=(1412)
calls=1 0 
0 210
0 1
0 3
cfn=(2576) action_on_homogeneous_polynomials::action_on_homogeneous_polynomials()
calls=1 0 
0 14
0 7
cfn=(1798)
calls=1 0 
0 28
0 8
cfn=(2578) action_on_homogeneous_polynomials::init(action*, homogeneous_polynomial_domain*, long)
calls=1 0 
0 1291
0 2
cob=(7)
cfi=(103)
cfn=(1412)
calls=1 0 
0 54
0 1
0 3
cfn=(2580)
calls=1 0 
0 16
0 7
cfn=(1798)
calls=1 0 
0 28
0 7
cfn=(2582) classify_trihedral_pairs::init(surface_with_action*, long)
calls=1 0 
0 77231044
0 2
cob=(7)
cfi=(103)
cfn=(1412)
calls=1 0 
0 54
0 1
0 3
cfn=(2604) recoordinatize::recoordinatize()
calls=1 0 
0 5
0 7
cfn=(1798)
calls=1 0 
0 28
0 16
cfn=(2606) recoordinatize::init(long, long, finite_field*, grassmann*, action*, action*, long, long, long (*)(long, long*, void*, long), void*, long)
calls=1 0 
0 2139
0 12
cfn=(2608)
calls=1 0 
0 21402

fn=(2574) action_on_grassmannian::init(action&, grassmann*, long)
0 17
cfn=(2064)
calls=1 0 
0 4
0 18
cfn=(1844)
calls=1 0 
0 248
0 7
cfn=(1844)
calls=1 0 
0 248
0 11
cfn=(2280) longinteger_domain::q_binomial(longinteger_object&, long, long, long, long)
calls=1 0 
0 292
0 6
cfn=(2084)
calls=1 0 
0 4
0 11

fn=(2576)
0 14

fn=(2614)
0 172368

fn=(3632) surface::create_the_fifteen_other_lines(long*, long*, long)
0 441
cfn=(1844)
calls=21 0 
0 1848
0 8316
cfn=(2368)
calls=630 0 
0 515655
0 3150
cfn=(2368)
calls=630 0 
0 492450
0 3150
cfn=(3354) finite_field::Gauss_easy(long*, long, long)
calls=630 0 
0 983744
0 3780
cfn=(3346)
calls=630 0 
0 1681821
0 1995
cfn=(1844)
calls=21 0 
0 1848
0 4347
cfn=(2368)
calls=315 0 
0 416766
0 1890
cfn=(2368)
calls=315 0 
0 427908
0 3465
cfn=(3350)
calls=315 0 
0 1944137
0 2205
cfn=(3346)
calls=315 0 
0 581973
0 1890
cfn=(2234)
calls=315 0 
0 46430
0 1575
cfn=(2234)
calls=315 0 
0 44481
0 714
cfn=(1970)
calls=21 0 
0 1890
0 105
cfn=(1942)
calls=21 0 
0 2205
0 105
cfn=(1942)
calls=21 0 
0 2205
0 273

fn=(2640) orthogonal::evaluate_hyperbolic_bilinear_form(long*, long*, long, long) [clone .constprop.65]
0 1200
cfn=(1854)
calls=50 0 
0 1250
0 300
cfn=(1854)
calls=50 0 
0 1250
0 250
cfn=(1996)
calls=50 0 
0 1700
0 250
cfn=(1996)
calls=50 0 
0 1700
0 500
cfn=(1854)
calls=50 0 
0 1250
0 250
cfn=(1854)
calls=50 0 
0 1250
0 250
cfn=(1996)
calls=50 0 
0 1700
0 200
cfn=(1996)
calls=50 0 
0 1700
0 250
cfn=(1854)
calls=50 0 
0 1250
0 250
cfn=(1854)
calls=50 0 
0 1250
0 250
cfn=(1996)
calls=50 0 
0 1700
0 200
cfn=(1996)
calls=50 0 
0 1700
0 600

fn=(2684) orthogonal::canonical_points_L1(long, long, long&, long&)
0 2736
cfn=(2402)
calls=144 0 
0 18000
0 864
cfn=(2402)
calls=144 0 
0 90864
0 2592

fn=(2980)
0 1710
cfn=(1744) os_ticks()
calls=190 0 
0 4750
0 1140
cob=(7)
cfi=(103)
cfn=(1282)
calls=190 0 
0 48640
0 190
0 570
cfn=(2982) time_check_delta(std::ostream&, long)
calls=190 0 
0 208671
0 1330
cob=(7)
cfi=(103)
cfn=(1282)
calls=190 0 
0 52060
0 190
0 570
cob=(7)
cfi=(103)
cfn=(1378)
calls=190 0 
0 73171
0 190
0 950
cob=(7)
cfi=(103)
cfn=(1282)
calls=190 0 
0 49590
0 190
0 570
cob=(7)
cfi=(103)
cfn=(1378)
calls=190 0 
0 75432
0 190
0 950
cob=(7)
cfi=(103)
cfn=(1282)
calls=190 0 
0 47120
0 190
0 950
cob=(7)
cfi=(103)
cfn=(1378)
calls=190 0 
0 74984
0 190
0 950
cob=(7)
cfi=(103)
cfn=(1282)
calls=190 0 
0 47120
0 190
0 950
cob=(7)
cfi=(103)
cfn=(1378)
calls=190 0 
0 76228
0 190
0 1710
cob=(7)
cfi=(103)
cfn=(1282)
calls=190 0 
0 47120
0 190

fn=(2982)
0 9067
cfn=(3080) print_elapsed_time(std::ostream&, long, long, long, long)
calls=188 0 
0 199035
0 12
cob=(7)
cfi=(103)
cfn=(1282)
calls=2 0 
0 502
0 2
0 3
cob=(3)
cfi=(166)
cfn=(2986)
calls=1 32 
0 44
0 1
0 5

fn=(3006) poset_orbit_node::downstep_get_invariant_subset(poset_classification*, long, long&, long*&, long&, long)
0 706
cfn=(1844)
calls=1 0 
0 353
0 11052

fn=(3042) schreier::compute_all_point_orbits(long)
0 638
cfn=(3022) schreier::initialize_tables()
calls=29 0 
0 258334
0 7029
cfn=(3044) schreier::compute_point_orbit(long, long)
calls=1128 0 
0 3019711557
0 371099

fn=(3084)
0 18336
cfn=(3088) action::free_base_data()
calls=573 0 
0 372498
0 1146
cfn=(3090) action::free_element_data()
calls=573 0 
0 904199
0 10887
cfn=(2184)
calls=573 0 
0 15471
0 2865
cfn=(3086) action_by_restriction::~action_by_restriction()
calls=573 0 
0 221439
0 1719
cob=(7)
cfi=(103)
cfn=(2190)
calls=573 0 
0 47084
0 573
0 573

fn=(3102) poset_orbit_node::print_extensions(std::ostream&)
0 364
cob=(7)
cfi=(103)
cfn=(1282)
calls=28 0 
0 7168
0 28
0 84
cob=(7)
cfi=(103)
cfn=(1378)
calls=28 0 
0 11144
0 28
0 140
cob=(7)
cfi=(103)
cfn=(1282)
calls=28 0 
0 9156
0 28
0 280
cob=(7)
cfi=(103)
cfn=(1336)
calls=28 0 
0 7056
0 28
0 56
cob=(7)
cfi=(103)
cfn=(1356)
calls=28 0 
0 2408
0 28
0 68
cob=(7)
cfi=(103)
cfn=(1282)
calls=3 0 
0 1224
0 3
0 30
cob=(7)
cfi=(103)
cfn=(1336)
calls=3 0 
0 756
0 3
0 6
cob=(7)
cfi=(103)
cfn=(1356)
calls=3 0 
0 258
0 3
0 24
cob=(7)
cfi=(103)
cfn=(1336)
calls=3 0 
0 756
0 3
0 6
cob=(7)
cfi=(103)
cfn=(1356)
calls=3 0 
0 258
0 3
0 42
cob=(7)
cfi=(103)
cfn=(1378)
calls=3 0 
0 1554
0 3
0 15
cob=(7)
cfi=(103)
cfn=(1282)
calls=3 0 
0 744
0 3
0 21
cob=(7)
cfi=(103)
cfn=(1378)
calls=3 0 
0 1605
0 3
0 15
cob=(7)
cfi=(103)
cfn=(1282)
calls=3 0 
0 744
0 3
0 21
cob=(7)
cfi=(103)
cfn=(1378)
calls=3 0 
0 1665
0 3
0 12
cob=(7)
cfi=(103)
cfn=(1282)
calls=3 0 
0 744
0 3
0 12
cfn=(3104) print_extension_type(std::ostream&, long)
calls=3 0 
0 915
0 39
cob=(7)
cfi=(103)
cfn=(1378)
calls=3 0 
0 1554
0 3
0 36
cob=(7)
cfi=(103)
cfn=(1282)
calls=3 0 
0 912
0 3
0 9
cob=(7)
cfi=(103)
cfn=(1378)
calls=3 0 
0 1158
0 3
0 283
cob=(7)
cfi=(103)
cfn=(1336)
calls=28 0 
0 7056
0 28
0 252
cob=(7)
cfi=(103)
cfn=(1356)
calls=28 0 
0 2408
0 28
0 100
cob=(7)
cfi=(103)
cfn=(1282)
calls=25 0 
0 7800
0 25
0 25

fn=(3104)
0 15
cob=(7)
cfi=(103)
cfn=(1282)
calls=3 0 
0 897
0 3

fn=(3134)
0 7898
cfn=(2066)
calls=272 0 
0 243349
0 9357
cfn=(2066)
calls=727 0 
0 1180945
0 727

fn=(3186) upstep_work::upstep_for_sets(long)
0 4624
cfn=(2996) schreier::schreier()
calls=272 0 
0 11424
0 816
cfn=(1864)
calls=272 0 
0 16864
0 816
cfn=(3188) union_find::union_find()
calls=272 0 
0 816
0 1360
cfn=(2998)
calls=272 0 
0 15892
0 3264
cfn=(2938) action::induced_action_by_restriction(action&, long, sims*, long, long*, long)
calls=272 0 
0 1769952
0 3536
cfn=(3020) schreier::init(action*)
calls=272 0 
0 1048898
0 1632
cfn=(3152) schreier::init_generators(vector_ge&)
calls=272 0 
0 402896
0 1904
cfn=(3044)
calls=272 0 
0 4648067
0 1632
cfn=(3190) union_find::init(action*, long)
calls=272 0 
0 76702
0 1904
cfn=(3192) union_find::add_generators(vector_ge*, long)
calls=272 0 
0 21425735
0 3536
cob=(7)
cfi=(103)
cfn=(1406)
calls=272 0 
0 20607
0 272
0 2448
cfn=(2282)
calls=272 0 
0 7616
0 19450
cfn=(3244) union_find::ancestor(long)
calls=1054 0 
0 7850
0 63901
cfn=(2012)
calls=937 0 
0 8433
0 3748
cfn=(2112)
calls=937 0 
0 406658
0 16866
cfn=(3246) upstep_work::find_automorphism_by_tracing(long&, long&, long, long)
calls=937 0 
0 357180923
0 41066
cfn=(2012)
calls=81 0 
0 729
0 729
cfn=(2030)
calls=81 0 
0 1222907
0 486
cfn=(3194)
calls=81 0 
0 5444721
0 405
cfn=(3262) schreier::extend_orbit(long*, long)
calls=81 0 
0 7181445
0 1522
cfn=(1974)
calls=272 0 
0 1088
0 1904
cfn=(1844)
calls=272 0 
0 41990
0 2992
cfn=(3196)
calls=272 0 
0 21632789
0 544
cfn=(3200) group::delete_strong_generators()
calls=272 0 
0 97295
0 1088
cfn=(3184) group::init_strong_generators(vector_ge&, long*)
calls=272 0 
0 177800
0 1360
cfn=(1942)
calls=272 0 
0 28611
0 1360
cfn=(2196) vector_ge::~vector_ge()
calls=272 0 
0 31311
0 544
cfn=(3202) union_find::~union_find()
calls=272 0 
0 30498
0 544
cfn=(3082)
calls=272 0 
0 703256
0 544
cfn=(3094) schreier::~schreier()
calls=272 0 
0 684878
0 4976

fn=(3206) poset_orbit_node::store_strong_generators(poset_classification*, strong_generators*)
0 4372
cfn=(1844)
calls=183 0 
0 15960
0 1281
cfn=(1844)
calls=183 0 
0 16104
0 1647
cfn=(2012)
calls=183 0 
0 1647
0 828
cfn=(2012)
calls=207 0 
0 1863
0 2730
cfn=(2960) action::element_store(void*, long)
calls=390 0 
0 665118
0 3549
cfn=(1970)
calls=183 0 
0 8052

fn=(3260) upstep_work::handle_last_level(long, long, long, long, long&, long&, long)
0 43345
cfn=(3270) poset_orbit_node::install_fusion_node(poset_classification*, long, long, long, long, long, long, long, long, long, long)
calls=856 0 
0 66587393
0 13696

fn=(3322) finite_field::Gauss_simple(long*, long, long, long*, long)
0 7128
cfn=(1986)
calls=648 0 
0 191410803
0 1296

fn=(3330) poset_classification::get_set_and_stabilizer(long, long, long)
0 2715
cob=(7)
cfi=(103)
cfn=(1412)
calls=181 0 
0 9774
0 181
0 543
cfn=(3332)
calls=181 0 
0 2715
0 1267
cfn=(1798)
calls=181 0 
0 5068
0 1086
cfn=(3334) set_and_stabilizer::init(action*, action*, long)
calls=181 0 
0 905
0 724
cfn=(3336) set_and_stabilizer::allocate_data(long, long)
calls=181 0 
0 19729
0 1991
cfn=(3288) poset_orbit_node::depth_of_node(poset_classification*)
calls=181 0 
0 6697
0 1267
cfn=(3010) poset_orbit_node::store_set_to(poset_classification*, long, long*)
calls=181 0 
0 9593
0 905
cfn=(3338) poset_classification::get_stabilizer_generators(strong_generators*&, long, long, long) [clone .constprop.11]
calls=181 0 
0 18155380
0 543
cfn=(2602) strong_generators::group_order(longinteger_object&)
calls=181 0 
0 77402
0 543
cfn=(2088)
calls=181 0 
0 34315140
0 2172

fn=(3366)
0 49036
cfn=(2038)
calls=2132 0 
0 2760940

fn=(3368)
0 902
cfn=(3318) projective_space::unrank_point(long*, long)
calls=451 0 
0 49610

fn=(3374) finite_field::Gauss_step(long*, long*, long, long, long) [clone .constprop.17]
0 26609
cfn=(1952)
calls=451 0 
0 4510
0 1804
cfn=(1854)
calls=451 0 
0 11275
0 1353
cfn=(1994)
calls=451 0 
0 10824
0 8118
cfn=(1854)
calls=451 0 
0 11275
0 1804
cfn=(1996)
calls=451 0 
0 15334
0 2706
cfn=(1854)
calls=451 0 
0 11275
0 1804
cfn=(1996)
calls=451 0 
0 15334
0 2706
cfn=(1854)
calls=451 0 
0 11275
0 1804
cfn=(1996)
calls=451 0 
0 15334
0 2706
cfn=(1854)
calls=451 0 
0 11275
0 1804
cfn=(1996)
calls=451 0 
0 15334
0 1804

fn=(3498) vector_ge::print_quick(std::ostream&)
0 275
cob=(7)
cfi=(103)
cfn=(1282)
calls=25 0 
0 5925
0 25
0 250
cob=(7)
cfi=(103)
cfn=(1336)
calls=25 0 
0 6300
0 25
0 50
cob=(7)
cfi=(103)
cfn=(1356)
calls=25 0 
0 2150
0 25
0 1838
cfn=(3490) action::element_print_quick(void*, std::ostream&)
calls=182 0 
0 2434795
0 1356
cob=(7)
cfi=(103)
cfn=(1282)
calls=157 0 
0 38151
0 157
0 1727
cob=(7)
cfi=(103)
cfn=(1336)
calls=157 0 
0 39564
0 157
0 314
cob=(7)
cfi=(103)
cfn=(1356)
calls=157 0 
0 13502
0 157
0 571
cob=(7)
cfi=(103)
cfn=(1282)
calls=25 0 
0 5925
0 25
0 250
cob=(7)
cfi=(103)
cfn=(1336)
calls=25 0 
0 6300
0 25
0 50
cob=(7)
cfi=(103)
cfn=(1356)
calls=25 0 
0 2150
0 25
0 175

fn=(3558) action::element_write_to_memory_object(long*, memory_object*, long)
0 21369
cfn=(3234)
calls=1257 0 
0 1997570
0 12570
cfn=(3560) memory_object::append(long, char*, long)
calls=1257 0 
0 79191

fn=(3576)
0 7
cfn=(1818)
calls=1 0 
0 171

fn=(3608) latex_head(std::ostream&, long, long, char const*, char const*, long, long, long, long, long, char const*)
0 23
cob=(7)
cfi=(103)
cfn=(1762)
calls=1 0 
0 221
0 1
0 3
cob=(7)
cfi=(103)
cfn=(1762)
calls=1 0 
0 213
0 1
0 2
cob=(2)
cfi=(18)
cfn=(1802)
calls=1 0 
0 274
0 3
cob=(7)
cfi=(103)
cfn=(1762)
calls=1 0 
0 219
0 1
0 3
cob=(7)
cfi=(103)
cfn=(1762)
calls=1 0 
0 211
0 1
0 3
cob=(7)
cfi=(103)
cfn=(1762)
calls=1 0 
0 211
0 1
0 3
cob=(7)
cfi=(103)
cfn=(1762)
calls=1 0 
0 219
0 1
0 3
cob=(7)
cfi=(103)
cfn=(1762)
calls=1 0 
0 211
0 1
0 3
cob=(7)
cfi=(103)
cfn=(1762)
calls=1 0 
0 215
0 1
0 3
cob=(7)
cfi=(103)
cfn=(1762)
calls=1 0 
0 219
0 1
0 3
cob=(7)
cfi=(103)
cfn=(1762)
calls=1 0 
0 211
0 1
0 3
cob=(7)
cfi=(103)
cfn=(1762)
calls=1 0 
0 215
0 1
0 3
cob=(7)
cfi=(103)
cfn=(1762)
calls=1 0 
0 211
0 1
0 3
cob=(7)
cfi=(103)
cfn=(1762)
calls=1 0 
0 211
0 1
0 3
cob=(7)
cfi=(103)
cfn=(1762)
calls=1 0 
0 219
0 1
0 3
cob=(7)
cfi=(103)
cfn=(1762)
calls=1 0 
0 211
0 1
0 3
cob=(7)
cfi=(103)
cfn=(1762)
calls=1 0 
0 215
0 1
0 3
cob=(7)
cfi=(103)
cfn=(1762)
calls=1 0 
0 219
0 1
0 3
cob=(7)
cfi=(103)
cfn=(1762)
calls=1 0 
0 211
0 1
0 3
cob=(7)
cfi=(103)
cfn=(1762)
calls=1 0 
0 225
0 1
0 3
cob=(7)
cfi=(103)
cfn=(1762)
calls=1 0 
0 215
0 1
0 3
cob=(7)
cfi=(103)
cfn=(1762)
calls=1 0 
0 215
0 1
0 3
cob=(7)
cfi=(103)
cfn=(1762)
calls=1 0 
0 219
0 1
0 3
cob=(7)
cfi=(103)
cfn=(1762)
calls=1 0 
0 211
0 1
0 3
cob=(7)
cfi=(103)
cfn=(1762)
calls=1 0 
0 215
0 1
0 3
cob=(7)
cfi=(103)
cfn=(1762)
calls=1 0 
0 220
0 1
0 2
cob=(2)
cfi=(18)
cfn=(1802)
calls=1 0 
0 274
0 2
cob=(2)
cfi=(18)
cfn=(1802)
calls=1 0 
0 274
0 3
cob=(7)
cfi=(103)
cfn=(1762)
calls=1 0 
0 220
0 1
0 3
cob=(7)
cfi=(103)
cfn=(1762)
calls=1 0 
0 211
0 1
0 2
cob=(2)
cfi=(18)
cfn=(1802)
calls=1 0 
0 274
0 3
cob=(7)
cfi=(103)
cfn=(1762)
calls=1 0 
0 211
0 1
0 3
cob=(7)
cfi=(103)
cfn=(1762)
calls=1 0 
0 219
0 1
0 3
cob=(7)
cfi=(103)
cfn=(1762)
calls=1 0 
0 211
0 1
0 3
cob=(7)
cfi=(103)
cfn=(1762)
calls=1 0 
0 211
0 1
0 3
cob=(7)
cfi=(103)
cfn=(1762)
calls=1 0 
0 219
0 1
0 3
cob=(7)
cfi=(103)
cfn=(1762)
calls=1 0 
0 211
0 1
0 3
cob=(7)
cfi=(103)
cfn=(1762)
calls=1 0 
0 211
0 1
0 3
cob=(7)
cfi=(103)
cfn=(1762)
calls=1 0 
0 219
0 1
0 3
cob=(7)
cfi=(103)
cfn=(1762)
calls=1 0 
0 211
0 1
0 3
cob=(7)
cfi=(103)
cfn=(1762)
calls=1 0 
0 211
0 1
0 3
cob=(7)
cfi=(103)
cfn=(1762)
calls=1 0 
0 219
0 1
0 3
cob=(7)
cfi=(103)
cfn=(1762)
calls=1 0 
0 211
0 1
0 3
cob=(7)
cfi=(103)
cfn=(1762)
calls=1 0 
0 215
0 1
0 6
cob=(2)
cfi=(18)
cfn=(1802)
calls=1 0 
0 274
0 2
cob=(2)
cfi=(18)
cfn=(1802)
calls=1 0 
0 274
0 2
cob=(2)
cfi=(18)
cfn=(1802)
calls=1 0 
0 274
0 3
cob=(7)
cfi=(103)
cfn=(1762)
calls=1 0 
0 211
0 1
0 2
cob=(2)
cfi=(18)
cfn=(1802)
calls=1 0 
0 274
0 2
cob=(2)
cfi=(18)
cfn=(1802)
calls=1 0 
0 274
0 3
cob=(7)
cfi=(103)
cfn=(1762)
calls=1 0 
0 211
0 1
0 3
cob=(7)
cfi=(103)
cfn=(1762)
calls=1 0 
0 221
0 1
0 3
cob=(7)
cfi=(103)
cfn=(1762)
calls=1 0 
0 211
0 1
0 3
cob=(7)
cfi=(103)
cfn=(1762)
calls=1 0 
0 211
0 1
0 3
cob=(7)
cfi=(103)
cfn=(1762)
calls=1 0 
0 215
0 1
0 3
cob=(7)
cfi=(103)
cfn=(1762)
calls=1 0 
0 219
0 1
0 2
cob=(2)
cfi=(18)
cfn=(1802)
calls=1 0 
0 274
0 3
cob=(7)
cfi=(103)
cfn=(1762)
calls=1 0 
0 220
0 1
0 2
cob=(2)
cfi=(18)
cfn=(1802)
calls=1 0 
0 274
0 4
cob=(7)
cfi=(103)
cfn=(1282)
calls=1 0 
0 175
0 1
0 2
cob=(2)
cfi=(18)
cfn=(1802)
calls=1 0 
0 274
0 4
cob=(7)
cfi=(103)
cfn=(1282)
calls=1 0 
0 176
0 1
0 2
cob=(2)
cfi=(18)
cfn=(1802)
calls=1 0 
0 274
0 4
cob=(7)
cfi=(103)
cfn=(1282)
calls=1 0 
0 176
0 1
0 2
cob=(2)
cfi=(18)
cfn=(1802)
calls=1 0 
0 274
0 4
cob=(7)
cfi=(103)
cfn=(1282)
calls=1 0 
0 176
0 1
0 2
cob=(2)
cfi=(18)
cfn=(1802)
calls=1 0 
0 274
0 4
cob=(7)
cfi=(103)
cfn=(1282)
calls=1 0 
0 179
0 1
0 2
cob=(2)
cfi=(18)
cfn=(1802)
calls=1 0 
0 274
0 4
cob=(7)
cfi=(103)
cfn=(1282)
calls=1 0 
0 176
0 1
0 2
cob=(2)
cfi=(18)
cfn=(1802)
calls=1 0 
0 274
0 4
cob=(7)
cfi=(103)
cfn=(1282)
calls=1 0 
0 176
0 1
0 2
cob=(2)
cfi=(18)
cfn=(1802)
calls=1 0 
0 274
0 4
cob=(7)
cfi=(103)
cfn=(1282)
calls=1 0 
0 176
0 1
0 2
cob=(2)
cfi=(18)
cfn=(1802)
calls=1 0 
0 274
0 3
cob=(7)
cfi=(103)
cfn=(1762)
calls=1 0 
0 219
0 1
0 3
cob=(7)
cfi=(103)
cfn=(1762)
calls=1 0 
0 211
0 1
0 3
cob=(7)
cfi=(103)
cfn=(1762)
calls=1 0 
0 211
0 1
0 3
cob=(7)
cfi=(103)
cfn=(1762)
calls=1 0 
0 220
0 1
0 3
cob=(7)
cfi=(103)
cfn=(1762)
calls=1 0 
0 211
0 1
0 3
cob=(7)
cfi=(103)
cfn=(1762)
calls=1 0 
0 219
0 1
0 3
cob=(7)
cfi=(103)
cfn=(1762)
calls=1 0 
0 211
0 1
0 3
cob=(7)
cfi=(103)
cfn=(1762)
calls=1 0 
0 220
0 1
0 3
cob=(7)
cfi=(103)
cfn=(1762)
calls=1 0 
0 219
0 1
0 3
cob=(7)
cfi=(103)
cfn=(1762)
calls=1 0 
0 211
0 1
0 3
cob=(7)
cfi=(103)
cfn=(1762)
calls=1 0 
0 211
0 1
0 3
cob=(7)
cfi=(103)
cfn=(1762)
calls=1 0 
0 219
0 1
0 3
cob=(7)
cfi=(103)
cfn=(1762)
calls=1 0 
0 211
0 1
0 3
cob=(7)
cfi=(103)
cfn=(1762)
calls=1 0 
0 219
0 1
0 3
cob=(7)
cfi=(103)
cfn=(1762)
calls=1 0 
0 220
0 1
0 3
cob=(7)
cfi=(103)
cfn=(1762)
calls=1 0 
0 220
0 1
0 3
cob=(7)
cfi=(103)
cfn=(1762)
calls=1 0 
0 211
0 1
0 3
cob=(7)
cfi=(103)
cfn=(1762)
calls=1 0 
0 219
0 1
0 3
cob=(7)
cfi=(103)
cfn=(1762)
calls=1 0 
0 220
0 1
0 3
cob=(7)
cfi=(103)
cfn=(1762)
calls=1 0 
0 220
0 1
0 3
cob=(7)
cfi=(103)
cfn=(1762)
calls=1 0 
0 211
0 1
0 3
cob=(7)
cfi=(103)
cfn=(1762)
calls=1 0 
0 219
0 1
0 3
cob=(7)
cfi=(103)
cfn=(1762)
calls=1 0 
0 220
0 1
0 3
cob=(7)
cfi=(103)
cfn=(1762)
calls=1 0 
0 220
0 1
0 3
cob=(7)
cfi=(103)
cfn=(1762)
calls=1 0 
0 211
0 1
0 3
cob=(7)
cfi=(103)
cfn=(1762)
calls=1 0 
0 219
0 1
0 3
cob=(7)
cfi=(103)
cfn=(1762)
calls=1 0 
0 211
0 1
0 3
cob=(7)
cfi=(103)
cfn=(1762)
calls=1 0 
0 215
0 1
0 3
cob=(7)
cfi=(103)
cfn=(1762)
calls=1 0 
0 219
0 1
0 3
cob=(7)
cfi=(103)
cfn=(1762)
calls=1 0 
0 211
0 1
0 3
cob=(7)
cfi=(103)
cfn=(1762)
calls=1 0 
0 219
0 1
0 3
cob=(7)
cfi=(103)
cfn=(1762)
calls=1 0 
0 211
0 1
0 3
cob=(7)
cfi=(103)
cfn=(1762)
calls=1 0 
0 219
0 1
0 3
cob=(7)
cfi=(103)
cfn=(1762)
calls=1 0 
0 211
0 1
0 3
cob=(7)
cfi=(103)
cfn=(1762)
calls=1 0 
0 219
0 1
0 3
cob=(7)
cfi=(103)
cfn=(1762)
calls=1 0 
0 211
0 1
0 3
cob=(7)
cfi=(103)
cfn=(1762)
calls=1 0 
0 211
0 1
0 3
cob=(7)
cfi=(103)
cfn=(1762)
calls=1 0 
0 219
0 1
0 3
cob=(7)
cfi=(103)
cfn=(1762)
calls=1 0 
0 211
0 1
0 3
cob=(7)
cfi=(103)
cfn=(1762)
calls=1 0 
0 219
0 1
0 3
cob=(7)
cfi=(103)
cfn=(1762)
calls=1 0 
0 211
0 1
0 3
cob=(7)
cfi=(103)
cfn=(1762)
calls=1 0 
0 219
0 1
0 3
cob=(7)
cfi=(103)
cfn=(1762)
calls=1 0 
0 211
0 1
0 3
cob=(7)
cfi=(103)
cfn=(1762)
calls=1 0 
0 215
0 1
0 3
cob=(7)
cfi=(103)
cfn=(1762)
calls=1 0 
0 219
0 1
0 3
cob=(7)
cfi=(103)
cfn=(1762)
calls=1 0 
0 211
0 1
0 3
cob=(7)
cfi=(103)
cfn=(1762)
calls=1 0 
0 219
0 1
0 3
cob=(7)
cfi=(103)
cfn=(1762)
calls=1 0 
0 211
0 1
0 3
cob=(7)
cfi=(103)
cfn=(1762)
calls=1 0 
0 219
0 1
0 3
cob=(7)
cfi=(103)
cfn=(1762)
calls=1 0 
0 211
0 1
0 3
cob=(7)
cfi=(103)
cfn=(1762)
calls=1 0 
0 219
0 1
0 3
cob=(7)
cfi=(103)
cfn=(1762)
calls=1 0 
0 211
0 1
0 3
cob=(7)
cfi=(103)
cfn=(1762)
calls=1 0 
0 211
0 1
0 3
cob=(7)
cfi=(103)
cfn=(1762)
calls=1 0 
0 219
0 1
0 3
cob=(7)
cfi=(103)
cfn=(1762)
calls=1 0 
0 211
0 1
0 3
cob=(7)
cfi=(103)
cfn=(1762)
calls=1 0 
0 219
0 1
0 3
cob=(7)
cfi=(103)
cfn=(1762)
calls=1 0 
0 211
0 1
0 3
cob=(7)
cfi=(103)
cfn=(1762)
calls=1 0 
0 219
0 1
0 3
cob=(7)
cfi=(103)
cfn=(1762)
calls=1 0 
0 211
0 1
0 3
cob=(7)
cfi=(103)
cfn=(1762)
calls=1 0 
0 215
0 1
0 3
cob=(7)
cfi=(103)
cfn=(1762)
calls=1 0 
0 219
0 1
0 3
cob=(7)
cfi=(103)
cfn=(1762)
calls=1 0 
0 211
0 1
0 3
cob=(7)
cfi=(103)
cfn=(1762)
calls=1 0 
0 219
0 1
0 3
cob=(7)
cfi=(103)
cfn=(1762)
calls=1 0 
0 211
0 1
0 3
cob=(7)
cfi=(103)
cfn=(1762)
calls=1 0 
0 219
0 1
0 3
cob=(7)
cfi=(103)
cfn=(1762)
calls=1 0 
0 211
0 1
0 3
cob=(7)
cfi=(103)
cfn=(1762)
calls=1 0 
0 219
0 1
0 3
cob=(7)
cfi=(103)
cfn=(1762)
calls=1 0 
0 211
0 1
0 3
cob=(7)
cfi=(103)
cfn=(1762)
calls=1 0 
0 211
0 1
0 3
cob=(7)
cfi=(103)
cfn=(1762)
calls=1 0 
0 219
0 1
0 3
cob=(7)
cfi=(103)
cfn=(1762)
calls=1 0 
0 211
0 1
0 3
cob=(7)
cfi=(103)
cfn=(1762)
calls=1 0 
0 219
0 1
0 3
cob=(7)
cfi=(103)
cfn=(1762)
calls=1 0 
0 211
0 1
0 3
cob=(7)
cfi=(103)
cfn=(1762)
calls=1 0 
0 219
0 1
0 3
cob=(7)
cfi=(103)
cfn=(1762)
calls=1 0 
0 211
0 1
0 3
cob=(7)
cfi=(103)
cfn=(1762)
calls=1 0 
0 215
0 1
0 3
cob=(7)
cfi=(103)
cfn=(1762)
calls=1 0 
0 219
0 1
0 3
cob=(7)
cfi=(103)
cfn=(1762)
calls=1 0 
0 211
0 1
0 3
cob=(7)
cfi=(103)
cfn=(1762)
calls=1 0 
0 219
0 1
0 3
cob=(7)
cfi=(103)
cfn=(1762)
calls=1 0 
0 211
0 1
0 3
cob=(7)
cfi=(103)
cfn=(1762)
calls=1 0 
0 219
0 1
0 3
cob=(7)
cfi=(103)
cfn=(1762)
calls=1 0 
0 211
0 1
0 3
cob=(7)
cfi=(103)
cfn=(1762)
calls=1 0 
0 219
0 1
0 3
cob=(7)
cfi=(103)
cfn=(1762)
calls=1 0 
0 211
0 1
0 3
cob=(7)
cfi=(103)
cfn=(1762)
calls=1 0 
0 211
0 1
0 3
cob=(7)
cfi=(103)
cfn=(1762)
calls=1 0 
0 219
0 1
0 3
cob=(7)
cfi=(103)
cfn=(1762)
calls=1 0 
0 211
0 1
0 3
cob=(7)
cfi=(103)
cfn=(1762)
calls=1 0 
0 219
0 1
0 3
cob=(7)
cfi=(103)
cfn=(1762)
calls=1 0 
0 211
0 1
0 3
cob=(7)
cfi=(103)
cfn=(1762)
calls=1 0 
0 215
0 1
0 3
cob=(7)
cfi=(103)
cfn=(1762)
calls=1 0 
0 219
0 1
0 3
cob=(7)
cfi=(103)
cfn=(1762)
calls=1 0 
0 211
0 1
0 3
cob=(7)
cfi=(103)
cfn=(1762)
calls=1 0 
0 219
0 1
0 3
cob=(7)
cfi=(103)
cfn=(1762)
calls=1 0 
0 211
0 1
0 3
cob=(7)
cfi=(103)
cfn=(1762)
calls=1 0 
0 219
0 1
0 3
cob=(7)
cfi=(103)
cfn=(1762)
calls=1 0 
0 211
0 1
0 3
cob=(7)
cfi=(103)
cfn=(1762)
calls=1 0 
0 211
0 1
0 3
cob=(7)
cfi=(103)
cfn=(1762)
calls=1 0 
0 219
0 1
0 3
cob=(7)
cfi=(103)
cfn=(1762)
calls=1 0 
0 211
0 1
0 3
cob=(7)
cfi=(103)
cfn=(1762)
calls=1 0 
0 219
0 1
0 3
cob=(7)
cfi=(103)
cfn=(1762)
calls=1 0 
0 211
0 1
0 3
cob=(7)
cfi=(103)
cfn=(1762)
calls=1 0 
0 219
0 1
0 3
cob=(7)
cfi=(103)
cfn=(1762)
calls=1 0 
0 211
0 1
0 3
cob=(7)
cfi=(103)
cfn=(1762)
calls=1 0 
0 211
0 1
0 3
cob=(7)
cfi=(103)
cfn=(1762)
calls=1 0 
0 219
0 1
0 3
cob=(7)
cfi=(103)
cfn=(1762)
calls=1 0 
0 211
0 1
0 3
cob=(7)
cfi=(103)
cfn=(1762)
calls=1 0 
0 219
0 1
0 3
cob=(7)
cfi=(103)
cfn=(1762)
calls=1 0 
0 211
0 1
0 3
cob=(7)
cfi=(103)
cfn=(1762)
calls=1 0 
0 215
0 1
0 3
cob=(7)
cfi=(103)
cfn=(1762)
calls=1 0 
0 219
0 1
0 3
cob=(7)
cfi=(103)
cfn=(1762)
calls=1 0 
0 211
0 1
0 3
cob=(7)
cfi=(103)
cfn=(1762)
calls=1 0 
0 219
0 1
0 3
cob=(7)
cfi=(103)
cfn=(1762)
calls=1 0 
0 211
0 1
0 3
cob=(7)
cfi=(103)
cfn=(1762)
calls=1 0 
0 219
0 1
0 3
cob=(7)
cfi=(103)
cfn=(1762)
calls=1 0 
0 211
0 1
0 3
cob=(7)
cfi=(103)
cfn=(1762)
calls=1 0 
0 219
0 1
0 3
cob=(7)
cfi=(103)
cfn=(1762)
calls=1 0 
0 211
0 1
0 3
cob=(7)
cfi=(103)
cfn=(1762)
calls=1 0 
0 211
0 1
0 3
cob=(7)
cfi=(103)
cfn=(1762)
calls=1 0 
0 219
0 1
0 3
cob=(7)
cfi=(103)
cfn=(1762)
calls=1 0 
0 211
0 1
0 3
cob=(7)
cfi=(103)
cfn=(1762)
calls=1 0 
0 219
0 1
0 3
cob=(7)
cfi=(103)
cfn=(1762)
calls=1 0 
0 211
0 1
0 3
cob=(7)
cfi=(103)
cfn=(1762)
calls=1 0 
0 219
0 1
0 3
cob=(7)
cfi=(103)
cfn=(1762)
calls=1 0 
0 211
0 1
0 3
cob=(7)
cfi=(103)
cfn=(1762)
calls=1 0 
0 215
0 1
0 3
cob=(7)
cfi=(103)
cfn=(1762)
calls=1 0 
0 219
0 1
0 3
cob=(7)
cfi=(103)
cfn=(1762)
calls=1 0 
0 211
0 1
0 3
cob=(7)
cfi=(103)
cfn=(1762)
calls=1 0 
0 219
0 1
0 3
cob=(7)
cfi=(103)
cfn=(1762)
calls=1 0 
0 211
0 1
0 3
cob=(7)
cfi=(103)
cfn=(1762)
calls=1 0 
0 219
0 1
0 3
cob=(7)
cfi=(103)
cfn=(1762)
calls=1 0 
0 211
0 1
0 3
cob=(7)
cfi=(103)
cfn=(1762)
calls=1 0 
0 219
0 1
0 3
cob=(7)
cfi=(103)
cfn=(1762)
calls=1 0 
0 211
0 1
0 3
cob=(7)
cfi=(103)
cfn=(1762)
calls=1 0 
0 211
0 1
0 3
cob=(7)
cfi=(103)
cfn=(1762)
calls=1 0 
0 219
0 1
0 3
cob=(7)
cfi=(103)
cfn=(1762)
calls=1 0 
0 220
0 1
0 3
cob=(7)
cfi=(103)
cfn=(1762)
calls=1 0 
0 220
0 1
0 3
cob=(7)
cfi=(103)
cfn=(1762)
calls=1 0 
0 220
0 1
0 3
cob=(7)
cfi=(103)
cfn=(1762)
calls=1 0 
0 220
0 1
0 3
cob=(7)
cfi=(103)
cfn=(1762)
calls=1 0 
0 220
0 1
0 3
cob=(7)
cfi=(103)
cfn=(1762)
calls=1 0 
0 220
0 1
0 3
cob=(7)
cfi=(103)
cfn=(1762)
calls=1 0 
0 220
0 1
0 3
cob=(7)
cfi=(103)
cfn=(1762)
calls=1 0 
0 220
0 1
0 3
cob=(7)
cfi=(103)
cfn=(1762)
calls=1 0 
0 220
0 1
0 3
cob=(7)
cfi=(103)
cfn=(1762)
calls=1 0 
0 220
0 1
0 3
cob=(7)
cfi=(103)
cfn=(1762)
calls=1 0 
0 220
0 1
0 3
cob=(7)
cfi=(103)
cfn=(1762)
calls=1 0 
0 220
0 1
0 3
cob=(7)
cfi=(103)
cfn=(1762)
calls=1 0 
0 220
0 1
0 3
cob=(7)
cfi=(103)
cfn=(1762)
calls=1 0 
0 220
0 1
0 3
cob=(7)
cfi=(103)
cfn=(1762)
calls=1 0 
0 220
0 1
0 3
cob=(7)
cfi=(103)
cfn=(1762)
calls=1 0 
0 220
0 1
0 3
cob=(7)
cfi=(103)
cfn=(1762)
calls=1 0 
0 220
0 1
0 3
cob=(7)
cfi=(103)
cfn=(1762)
calls=1 0 
0 220
0 1
0 3
cob=(7)
cfi=(103)
cfn=(1762)
calls=1 0 
0 220
0 1
0 3
cob=(7)
cfi=(103)
cfn=(1762)
calls=1 0 
0 220
0 1
0 3
cob=(7)
cfi=(103)
cfn=(1762)
calls=1 0 
0 220
0 1
0 3
cob=(7)
cfi=(103)
cfn=(1762)
calls=1 0 
0 220
0 1
0 3
cob=(7)
cfi=(103)
cfn=(1762)
calls=1 0 
0 220
0 1
0 3
cob=(7)
cfi=(103)
cfn=(1762)
calls=1 0 
0 220
0 1
0 3
cob=(7)
cfi=(103)
cfn=(1762)
calls=1 0 
0 220
0 1
0 3
cob=(7)
cfi=(103)
cfn=(1762)
calls=1 0 
0 220
0 1
0 3
cob=(7)
cfi=(103)
cfn=(1762)
calls=1 0 
0 220
0 1
0 3
cob=(7)
cfi=(103)
cfn=(1762)
calls=1 0 
0 220
0 1
0 3
cob=(7)
cfi=(103)
cfn=(1762)
calls=1 0 
0 220
0 1
0 3
cob=(7)
cfi=(103)
cfn=(1762)
calls=1 0 
0 220
0 1
0 3
cob=(7)
cfi=(103)
cfn=(1762)
calls=1 0 
0 220
0 1
0 3
cob=(7)
cfi=(103)
cfn=(1762)
calls=1 0 
0 220
0 1
0 3
cob=(7)
cfi=(103)
cfn=(1762)
calls=1 0 
0 220
0 1
0 3
cob=(7)
cfi=(103)
cfn=(1762)
calls=1 0 
0 220
0 1
0 3
cob=(7)
cfi=(103)
cfn=(1762)
calls=1 0 
0 220
0 1
0 3
cob=(7)
cfi=(103)
cfn=(1762)
calls=1 0 
0 220
0 1
0 3
cob=(7)
cfi=(103)
cfn=(1762)
calls=1 0 
0 220
0 1
0 3
cob=(7)
cfi=(103)
cfn=(1762)
calls=1 0 
0 220
0 1
0 3
cob=(7)
cfi=(103)
cfn=(1762)
calls=1 0 
0 220
0 1
0 3
cob=(7)
cfi=(103)
cfn=(1762)
calls=1 0 
0 220
0 1
0 3
cob=(7)
cfi=(103)
cfn=(1762)
calls=1 0 
0 220
0 1
0 3
cob=(7)
cfi=(103)
cfn=(1762)
calls=1 0 
0 220
0 1
0 3
cob=(7)
cfi=(103)
cfn=(1762)
calls=1 0 
0 220
0 1
0 3
cob=(7)
cfi=(103)
cfn=(1762)
calls=1 0 
0 220
0 1
0 3
cob=(7)
cfi=(103)
cfn=(1762)
calls=1 0 
0 220
0 1
0 3
cob=(7)
cfi=(103)
cfn=(1762)
calls=1 0 
0 220
0 1
0 3
cob=(7)
cfi=(103)
cfn=(1762)
calls=1 0 
0 220
0 1
0 3
cob=(7)
cfi=(103)
cfn=(1762)
calls=1 0 
0 220
0 1
0 3
cob=(7)
cfi=(103)
cfn=(1762)
calls=1 0 
0 220
0 1
0 3
cob=(7)
cfi=(103)
cfn=(1762)
calls=1 0 
0 220
0 1
0 3
cob=(7)
cfi=(103)
cfn=(1762)
calls=1 0 
0 220
0 1
0 3
cob=(7)
cfi=(103)
cfn=(1762)
calls=1 0 
0 220
0 1
0 3
cob=(7)
cfi=(103)
cfn=(1762)
calls=1 0 
0 220
0 1
0 3
cob=(7)
cfi=(103)
cfn=(1762)
calls=1 0 
0 220
0 1
0 3
cob=(7)
cfi=(103)
cfn=(1762)
calls=1 0 
0 220
0 1
0 3
cob=(7)
cfi=(103)
cfn=(1762)
calls=1 0 
0 220
0 1
0 3
cob=(7)
cfi=(103)
cfn=(1762)
calls=1 0 
0 220
0 1
0 3
cob=(7)
cfi=(103)
cfn=(1762)
calls=1 0 
0 219
0 1
0 3
cob=(7)
cfi=(103)
cfn=(1762)
calls=1 0 
0 211
0 1
0 3
cob=(7)
cfi=(103)
cfn=(1762)
calls=1 0 
0 219
0 1
0 3
cob=(7)
cfi=(103)
cfn=(1762)
calls=1 0 
0 211
0 1
0 2
cob=(2)
cfi=(18)
cfn=(1802)
calls=1 0 
0 274
0 2
cob=(2)
cfi=(18)
cfn=(1802)
calls=1 0 
0 274
0 2
cob=(2)
cfi=(18)
cfn=(1802)
calls=1 0 
0 274
0 3
cob=(7)
cfi=(103)
cfn=(1762)
calls=1 0 
0 213
0 1
0 2
cob=(2)
cfi=(18)
cfn=(1802)
calls=1 0 
0 274
0 3
cob=(7)
cfi=(103)
cfn=(1762)
calls=1 0 
0 215
0 1
0 4
cob=(7)
cfi=(103)
cfn=(1282)
calls=1 0 
0 177
0 1
0 2
cob=(2)
cfi=(18)
cfn=(1802)
calls=1 0 
0 274
0 2
cob=(2)
cfi=(18)
cfn=(1802)
calls=1 0 
0 274
0 3
cob=(7)
cfi=(103)
cfn=(1762)
calls=1 0 
0 211
0 1
0 5
cob=(7)
cfi=(103)
cfn=(1762)
calls=1 0 
0 217
0 1
0 2
cob=(2)
cfi=(18)
cfn=(1802)
calls=1 0 
0 274
0 3
cob=(7)
cfi=(103)
cfn=(1762)
calls=1 0 
0 219
0 1
0 2
cob=(2)
cfi=(18)
cfn=(1802)
calls=1 0 
0 274
0 2
cob=(2)
cfi=(18)
cfn=(1802)
calls=1 0 
0 274
0 2
cob=(2)
cfi=(18)
cfn=(1802)
calls=1 0 
0 274
0 2
cob=(2)
cfi=(18)
cfn=(1802)
calls=1 0 
0 274
0 3
cob=(7)
cfi=(103)
cfn=(1762)
calls=1 0 
0 213
0 1
0 2
cob=(2)
cfi=(18)
cfn=(1802)
calls=1 0 
0 274
0 3
cob=(7)
cfi=(103)
cfn=(1762)
calls=1 0 
0 220
0 1
0 2
cob=(2)
cfi=(18)
cfn=(1802)
calls=1 0 
0 274
0 5
cob=(7)
cfi=(103)
cfn=(1762)
calls=1 0 
0 219
0 1
0 3
cob=(7)
cfi=(103)
cfn=(1762)
calls=1 0 
0 211
0 1
0 5
cob=(7)
cfi=(103)
cfn=(1762)
calls=1 0 
0 211
0 1
0 3
cob=(7)
cfi=(103)
cfn=(1762)
calls=1 0 
0 220
0 1
0 3
cob=(7)
cfi=(103)
cfn=(1762)
calls=1 0 
0 225
0 1
0 3
cob=(7)
cfi=(103)
cfn=(1762)
calls=1 0 
0 219
0 1
0 3
cob=(7)
cfi=(103)
cfn=(1762)
calls=1 0 
0 211
0 1
0 3
cob=(7)
cfi=(103)
cfn=(1762)
calls=1 0 
0 211
0 1
0 3
cob=(7)
cfi=(103)
cfn=(1762)
calls=1 0 
0 219
0 1
0 2
cob=(2)
cfi=(18)
cfn=(1802)
calls=1 0 
0 274
0 2
cob=(2)
cfi=(18)
cfn=(1802)
calls=1 0 
0 274
0 9
cob=(2)
cfi=(18)
cfn=(1802)
calls=1 0 
0 274
0 3
cob=(7)
cfi=(103)
cfn=(1762)
calls=1 0 
0 215
0 1
0 3
cob=(7)
cfi=(103)
cfn=(1762)
calls=1 0 
0 288
0 1
0 6
cob=(7)
cfi=(103)
cfn=(1282)
calls=1 0 
0 179
0 1
0 3
cob=(7)
cfi=(103)
cfn=(1762)
calls=1 0 
0 220
0 1
0 3
cob=(7)
cfi=(103)
cfn=(1762)
calls=1 0 
0 221
0 1
0 4
cob=(7)
cfi=(103)
cfn=(1282)
calls=1 0 
0 177
0 1
0 3
cob=(7)
cfi=(103)
cfn=(1762)
calls=1 0 
0 182
0 1
0 3
cob=(7)
cfi=(103)
cfn=(1762)
calls=1 0 
0 217
0 1
0 3
cob=(7)
cfi=(103)
cfn=(1762)
calls=1 0 
0 217
0 1
0 3
cob=(7)
cfi=(103)
cfn=(1762)
calls=1 0 
0 221
0 1
0 5
cob=(7)
cfi=(103)
cfn=(1282)
calls=1 0 
0 175
0 1
0 2
cob=(2)
cfi=(18)
cfn=(1802)
calls=1 0 
0 274
0 4
cob=(7)
cfi=(103)
cfn=(1282)
calls=1 0 
0 176
0 1
0 2
cob=(2)
cfi=(18)
cfn=(1802)
calls=1 0 
0 274
0 1

fn=(3616) INT_set_print_tex(std::ostream&, long*, long)
0 897
cob=(7)
cfi=(103)
cfn=(1282)
calls=69 0 
0 12489
0 69
0 828
cob=(7)
cfi=(103)
cfn=(1378)
calls=69 0 
0 25067
0 69
0 1035
cob=(7)
cfi=(103)
cfn=(1282)
calls=69 0 
0 12489
0 69
0 483
cob=(7)
cfi=(103)
cfn=(1378)
calls=69 0 
0 22839
0 69
0 276
cob=(7)
cfi=(103)
cfn=(1282)
calls=69 0 
0 12489
0 69
0 207
cob=(7)
cfi=(103)
cfn=(1378)
calls=69 0 
0 22632
0 69
0 276
cob=(7)
cfi=(103)
cfn=(1282)
calls=69 0 
0 12489
0 69
0 207
cob=(7)
cfi=(103)
cfn=(1378)
calls=69 0 
0 24495
0 69
0 276
cob=(7)
cfi=(103)
cfn=(1282)
calls=69 0 
0 12489
0 69
0 276
cob=(7)
cfi=(103)
cfn=(1378)
calls=69 0 
0 24495
0 69
0 276
cob=(7)
cfi=(103)
cfn=(1282)
calls=69 0 
0 12489
0 69
0 276

fn=(3652) set_of_sets::set_of_sets()
0 20

fn=(3662) incidence_structure::incidence_structure()
0 36

fn=(3666) incidence_structure::init_by_matrix(long, long, long*, long)
0 96
cfn=(1844)
calls=4 0 
0 1176
0 24
cfn=(1844)
calls=4 0 
0 352
0 24
cfn=(1844)
calls=4 0 
0 1245
0 119896
cfn=(3668) incidence_structure::init_by_matrix2(long)
calls=4 0 
0 550415
0 40

fn=(3672) partitionstack::allocate(long, long)
0 92
cfn=(1844)
calls=4 0 
0 1838
0 24
cfn=(1844)
calls=4 0 
0 1752
0 24
cfn=(1844)
calls=4 0 
0 1712
0 24
cfn=(1844)
calls=4 0 
0 1631
0 24
cfn=(1844)
calls=4 0 
0 1702
0 24
cfn=(1844)
calls=4 0 
0 1377
0 24
cfn=(1844)
calls=4 0 
0 1709
0 28
cfn=(1844)
calls=4 0 
0 1210
0 24
cfn=(1844)
calls=4 0 
0 1205
0 24
cfn=(1844)
calls=4 0 
0 1200
0 1784

fn=(3676) partitionstack::split_cell(long)
0 84
cfn=(3678) partitionstack::split_cell_front_or_back(long*, long, long, long) [clone .constprop.16]
calls=4 0 
0 18096

fn=(3680)
0 23700

fn=(3696) incidence_structure::get_col_decomposition_scheme(partitionstack&, long*, long*, long, long*, long*, long, long*, long)
0 104
cob=(7)
cfi=(103)
cfn=(1282)
calls=4 0 
0 1892
0 4
0 4
cfn=(3698) std::basic_ostream<char, std::char_traits<char> >& std::endl<char, std::char_traits<char> >(std::basic_ostream<char, std::char_traits<char> >&) [clone .constprop.23]
calls=4 0 
0 1420
0 20
cfn=(1844)
calls=4 0 
0 352
0 28
cfn=(1844)
calls=4 0 
0 344
0 28
cfn=(1844)
calls=4 0 
0 344
0 36
cob=(3)
cfi=(139)
cfn=(1440)
calls=4 158 
0 44
0 4
0 416
cob=(3)
cfi=(139)
cfn=(1440)
calls=15 158 
0 210
0 15
0 12678
cob=(3)
cfi=(139)
cfn=(1440)
calls=1044 158 
0 14616
0 1044
0 76356
cfn=(1942)
calls=4 0 
0 420
0 20
cfn=(1942)
calls=4 0 
0 420
0 56
cfn=(1942)
calls=4 0 
0 420
0 165

fn=(3704) incidence_structure::~incidence_structure()
0 36
cfn=(1942)
calls=4 0 
0 585
0 28
cfn=(1942)
calls=4 0 
0 420
0 28
cfn=(1942)
calls=4 0 
0 616
0 28
cfn=(1942)
calls=4 0 
0 638
0 32
cfn=(1942)
calls=4 0 
0 733

fn=(3746) std::basic_ofstream<char, std::char_traits<char> >::basic_ofstream(char const*, std::_Ios_Openmode) [clone .constprop.33]
0 14
cob=(7)
cfi=(103)
cfn=(1110) std::ios_base::ios_base()
calls=1 0 
0 91
0 1
0 15
cob=(7)
cfi=(103)
cfn=(1116) std::basic_ios<char, std::char_traits<char> >::init(std::basic_streambuf<char, std::char_traits<char> >*)
calls=1 0 
0 1028
0 1
0 7
cob=(7)
cfi=(103)
cfn=(2742) std::basic_filebuf<char, std::char_traits<char> >::basic_filebuf()
calls=1 0 
0 333
0 1
0 3
cob=(7)
cfi=(103)
cfn=(1116)
calls=1 0 
0 1028
0 1
0 4
cob=(7)
cfi=(103)
cfn=(2764) std::basic_filebuf<char, std::char_traits<char> >::open(char const*, std::_Ios_Openmode)
calls=1 0 
0 2163
0 1
0 7
cob=(7)
cfi=(103)
cfn=(2810) std::basic_ios<char, std::char_traits<char> >::clear(std::_Ios_Iostate)
calls=1 0 
0 7
0 1
0 8

fn=(3768) 0x00000000000503a0
0 8
cob=(2)
cfi=(18)
cfn=(3774)
calls=1 0 
0 109
0 1
cfn=(3782) 0x0000000000050310
calls=1 0 
0 8
0 3

fn=(2476)
0 4563
cfn=(2298)
calls=351 0 
0 5967
0 1404
cfn=(2298)
calls=351 0 
0 5967
0 38542

fn=(2478)
0 17383

fn=(2628) classify_double_sixes::compute_neighbors(long)
0 21
cfn=(1844)
calls=1 0 
0 799
0 6
cfn=(1844)
calls=1 0 
0 433
0 6
cfn=(1844)
calls=1 0 
0 420
0 8
cfn=(2630) orthogonal::perp(long, long*, long&, long)
calls=1 0 
0 7541612
0 7
cob=(7)
cfi=(103)
cfn=(1282)
calls=1 0 
0 508
0 1
0 3
cob=(7)
cfi=(103)
cfn=(1378)
calls=1 0 
0 438
0 1
0 11
cob=(7)
cfi=(103)
cfn=(1336)
calls=1 0 
0 252
0 1
0 2
cob=(7)
cfi=(103)
cfn=(1356)
calls=1 0 
0 86
0 1
0 6
cfn=(1844)
calls=1 0 
0 344
0 124451
cfn=(2712) surface::klein_to_wedge_vec(long*, long*, long)
calls=1 0 
0 2632340
0 3
cfn=(2506)
calls=1 0 
0 542970
0 10
cfn=(2714) action_on_wedge_product::unrank_point(long*, long)
calls=1 0 
0 66
0 12735
cfn=(2714)
calls=2547 0 
0 398754
0 10192
cfn=(2716)
calls=2548 0 
0 119756
0 15288
cfn=(2384)
calls=2548 0 
0 2840773
0 30579
cfn=(2718) INT_vec_apply(long*, long*, long*, long)
calls=1 0 
0 10845
0 11

fn=(2632) orthogonal::lines_on_point_by_line_rank(long, long*, long) [clone .constprop.27]
0 3544
cfn=(2400) Q_epsilon_unrank(finite_field&, long*, long, long, long, long, long, long, long)
calls=196 0 
0 69456
0 11374
cfn=(2386)
calls=196 0 
0 208450
0 2166
cfn=(2688) INT_vec_quicksort_increasingly(long*, long)
calls=1 0 
0 35228
0 1190
cfn=(2136)
calls=1 0 
0 524138
0 6
cfn=(2634)
calls=1 0 
0 1954
0 6
cfn=(2644)
calls=1 0 
0 46912
0 981
cfn=(2660) orthogonal::hyperbolic_rank_line(long, long, long)
calls=196 0 
0 554557
0 202

fn=(1250) _GLOBAL__sub_I_finitefield_primes
0 3
cob=(7)
cfi=(103)
cfn=(718)
calls=1 0 
0 24
0 1
0 5
cob=(3)
cfi=(106)
cfn=(496)
calls=1 65 
0 71
0 1

fn=(1268) _GLOBAL__sub_I__ZN15rainbow_cliquesC2Ev
0 3
cob=(7)
cfi=(103)
cfn=(718)
calls=1 0 
0 24
0 1
0 5
cob=(3)
cfi=(106)
cfn=(496)
calls=1 65 
0 71
0 1

fn=(1416) _GLOBAL__sub_I__ZN8classifyC2Ev
0 3
cob=(7)
cfi=(103)
cfn=(718)
calls=1 0 
0 24
0 1
0 5
cob=(3)
cfi=(106)
cfn=(496)
calls=1 65 
0 71
0 1

fn=(1444) _GLOBAL__sub_I__Z16free_global_datav
0 3
cob=(7)
cfi=(103)
cfn=(718)
calls=1 0 
0 24
0 1
0 5
cob=(3)
cfi=(106)
cfn=(496)
calls=1 65 
0 71
0 1

fn=(1452) _GLOBAL__sub_I__ZN11longintegerC2Ev
0 3
cob=(7)
cfi=(103)
cfn=(718)
calls=1 0 
0 24
0 1
0 5
cob=(3)
cfi=(106)
cfn=(496)
calls=1 65 
0 71
0 1

fn=(1466) _GLOBAL__sub_I__ZN21classify_double_sixesC2Ev
0 3
cob=(7)
cfi=(103)
cfn=(718)
calls=1 0 
0 24
0 1
0 5
cob=(3)
cfi=(106)
cfn=(496)
calls=1 65 
0 71
0 1

fn=(1476) _GLOBAL__sub_I__ZN27generators_symplectic_groupC2Ev
0 3
cob=(7)
cfi=(103)
cfn=(718)
calls=1 0 
0 24
0 1
0 5
cob=(3)
cfi=(106)
cfn=(496)
calls=1 65 
0 71
0 1

fn=(1490) _GLOBAL__sub_I__ZN9fancy_setC2Ev
0 3
cob=(7)
cfi=(103)
cfn=(718)
calls=1 0 
0 24
0 1
0 5
cob=(3)
cfi=(106)
cfn=(496)
calls=1 65 
0 71
0 1

fn=(1498) _GLOBAL__sub_I__ZN13decompositionC2Ev
0 3
cob=(7)
cfi=(103)
cfn=(718)
calls=1 0 
0 24
0 1
0 5
cob=(3)
cfi=(106)
cfn=(496)
calls=1 65 
0 71
0 1

fn=(1522) _GLOBAL__sub_I__Z12draw_densityPcPlllPKclS2_lllllllllllllllll
0 3
cob=(7)
cfi=(103)
cfn=(718)
calls=1 0 
0 24
0 1
0 5
cob=(3)
cfi=(106)
cfn=(496)
calls=1 65 
0 71
0 1

fn=(1532) _GLOBAL__sub_I__ZN5groupC2Ev
0 3
cob=(7)
cfi=(103)
cfn=(718)
calls=1 0 
0 24
0 1
0 5
cob=(3)
cfi=(106)
cfn=(496)
calls=1 65 
0 71
0 1

fn=(1570) _GLOBAL__sub_I__Z62create_sims_from_generators_with_target_group_order_factorizedP6actionP9vector_gePlll
0 3
cob=(7)
cfi=(103)
cfn=(718)
calls=1 0 
0 24
0 1
0 5
cob=(3)
cfi=(106)
cfn=(496)
calls=1 65 
0 71
0 1

fn=(1574) _GLOBAL__sub_I__ZN21action_by_conjugationC2Ev
0 3
cob=(7)
cfi=(103)
cfn=(718)
calls=1 0 
0 24
0 1
0 5
cob=(3)
cfi=(106)
cfn=(496)
calls=1 65 
0 71
0 1

fn=(1586) _GLOBAL__sub_I__ZN16action_on_bricksC2Ev
0 3
cob=(7)
cfi=(103)
cfn=(718)
calls=1 0 
0 24
0 1
0 5
cob=(3)
cfi=(106)
cfn=(496)
calls=1 65 
0 71
0 1

fn=(1614) _GLOBAL__sub_I__ZN15flag_orbit_nodeC2Ev
0 3
cob=(7)
cfi=(103)
cfn=(718)
calls=1 0 
0 24
0 1
0 5
cob=(3)
cfi=(106)
cfn=(496)
calls=1 65 
0 71
0 1

fn=(1630) _GLOBAL__sub_I__ZN20poset_classification16find_isomorphismEPlS0_lS0_Rll
0 3
cob=(7)
cfi=(103)
cfn=(718)
calls=1 0 
0 24
0 1
0 5
cob=(3)
cfi=(106)
cfn=(496)
calls=1 65 
0 71
0 1

fn=(1632) _GLOBAL__sub_I__ZN16poset_orbit_nodeC2Ev
0 3
cob=(7)
cfi=(103)
cfn=(718)
calls=1 0 
0 24
0 1
0 5
cob=(3)
cfi=(106)
cfn=(496)
calls=1 65 
0 390
0 1

fn=(1686) _GLOBAL__sub_I__ZN12brick_domainC2Ev
0 3
cob=(7)
cfi=(103)
cfn=(718)
calls=1 0 
0 24
0 1
0 5
cob=(3)
cfi=(106)
cfn=(496)
calls=1 65 
0 71
0 1

fn=(1706) _GLOBAL__sub_I__ZN13layered_graphC2Ev
0 3
cob=(7)
cfi=(103)
cfn=(718)
calls=1 0 
0 24
0 1
0 5
cob=(3)
cfi=(106)
cfn=(496)
calls=1 65 
0 71
0 1

fn=(1720) _GLOBAL__sub_I__ZN10union_findC2Ev
0 3
cob=(7)
cfi=(103)
cfn=(718)
calls=1 0 
0 24
0 1
0 5
cob=(3)
cfi=(106)
cfn=(496)
calls=1 65 
0 71
0 1

fn=(1728) _GLOBAL__sub_I__ZN20poset_classification20recognize_start_overEllllRll
0 3
cob=(7)
cfi=(103)
cfn=(718)
calls=1 0 
0 24
0 1
0 5
cob=(3)
cfi=(106)
cfn=(496)
calls=1 65 
0 71
0 1

fn=(1730) _GLOBAL__sub_I__Z28design_parameters_admissiblelllR13discreta_base
0 3
cob=(7)
cfi=(103)
cfn=(718)
calls=1 0 
0 24
0 1
0 5
cob=(3)
cfi=(106)
cfn=(496)
calls=1 65 
0 71
0 1

fn=(1732) _GLOBAL__sub_I__ZN11graph_layerC2Ev
0 3
cob=(7)
cfi=(103)
cfn=(718)
calls=1 0 
0 24
0 1
0 5
cob=(3)
cfi=(106)
cfn=(496)
calls=1 65 
0 71
0 1

fn=(1744)
0 1164
cob=(3)
cfi=(143)
cfn=(1748)
calls=194 27 
0 1940
0 194
0 1552

fn=(1916) matrix_group::GL_pack(long*, unsigned char*)
0 4866001

fn=(1920) UBYTE_move(unsigned char*, unsigned char*, long)
0 47842

fn=(1938) PG_element_unrank_modified(finite_field&, long*, long, long, long) [clone .constprop.17]
0 796648
cob=(3)
cfi=(139)
cfn=(1440)
calls=1440 158 
0 19872
0 1440
0 1019464
cob=(3)
cfi=(139)
cfn=(1440)
calls=1440 158 
0 19872
0 1440
0 550992

fn=(1998) INT_swap(long&, long&)
0 667190

fn=(2040)
0 7640500
cfn=(2042) finite_field::mult_vector_from_the_left(long*, long*, long*, long, long)
calls=305620 0 
0 372550780
0 3056200

fn=(2050) sims::compute_base_orbit_known_length(long, long, long)
0 91025
cob=(7)
cfi=(103)
cfn=(1282)
calls=5 0 
0 2590
0 5
0 15
cob=(7)
cfi=(103)
cfn=(1378)
calls=5 0 
0 1928
0 5
0 25
cob=(7)
cfi=(103)
cfn=(1282)
calls=5 0 
0 1520
0 5
0 15
cob=(7)
cfi=(103)
cfn=(1378)
calls=5 0 
0 1928
0 5
0 25
cob=(7)
cfi=(103)
cfn=(1282)
calls=5 0 
0 1560
0 5
0 15
cob=(7)
cfi=(103)
cfn=(1378)
calls=5 0 
0 2190
0 5
0 25
cob=(7)
cfi=(103)
cfn=(1282)
calls=5 0 
0 1370
0 5
0 20
cob=(7)
cfi=(103)
cfn=(1378)
calls=5 0 
0 1925
0 5
0 10
cob=(2)
cfi=(18)
cfn=(1802)
calls=5 0 
0 1805
0 901914
cfn=(2052)
calls=51501 0 
0 44221605
0 1348074
cfn=(2052)
calls=224679 0 
0 190109561
0 3821915
cob=(7)
cfi=(103)
cfn=(1282)
calls=5 0 
0 2340
0 5
0 20
cob=(7)
cfi=(103)
cfn=(1378)
calls=5 0 
0 1928
0 5
0 25
cob=(7)
cfi=(103)
cfn=(1282)
calls=5 0 
0 1760
0 5
0 20
cob=(7)
cfi=(103)
cfn=(1378)
calls=5 0 
0 2190
0 5
0 45
cob=(2)
cfi=(18)
cfn=(1802)
calls=5 0 
0 1805
0 951858

fn=(2066)
0 90644
cfn=(2064)
calls=5332 0 
0 21328
0 10664
cfn=(2064)
calls=5332 0 
0 21328
0 10664
cfn=(2068) longinteger_object::one()
calls=5332 0 
0 985443
0 62443
cfn=(2070)
calls=1898 0 
0 282353
0 7592
cfn=(2072)
calls=1898 0 
0 545649
0 5694
cfn=(2082)
calls=1898 0 
0 431100
0 33691
cfn=(2070)
calls=851 0 
0 182538
0 3404
cfn=(2072)
calls=851 0 
0 313829
0 2553
cfn=(2082)
calls=851 0 
0 196814
0 22824
cfn=(2070)
calls=748 0 
0 187237
0 2992
cfn=(2072)
calls=748 0 
0 336892
0 2244
cfn=(2082)
calls=748 0 
0 180937
0 16574
cfn=(2070)
calls=289 0 
0 85170
0 1156
cfn=(2072)
calls=289 0 
0 206368
0 867
cfn=(2082)
calls=289 0 
0 77424
0 20960
cfn=(2070)
calls=2482 0 
0 555396
0 9928
cfn=(2072)
calls=2482 0 
0 1102355
0 7446
cfn=(2082)
calls=2482 0 
0 597459
0 26660
cfn=(2084)
calls=5332 0 
0 419956
0 10664
cfn=(2084)
calls=5332 0 
0 420109
0 58652

fn=(2084)
0 605754
cfn=(1818)
calls=49899 0 
0 5541570
0 85487

fn=(2096) schreier_sims::init(action*, long)
0 3172
cfn=(1844)
calls=244 0 
0 22459
0 1708
cfn=(1844)
calls=244 0 
0 22116
0 1708
cfn=(1844)
calls=244 0 
0 23035
0 732
cob=(7)
cfi=(103)
cfn=(1412)
calls=244 0 
0 13818
0 244
0 732
cfn=(2000)
calls=244 0 
0 9272
0 1708
cfn=(1798)
calls=244 0 
0 6832
0 976
cfn=(2002) sims::init(action*)
calls=244 0 
0 20566847
0 1464
cfn=(2098) sims::init_trivial_group(long)
calls=244 0 
0 200070

fn=(2102) schreier_sims::init_generators(vector_ge*, long)
0 3172

fn=(2104) schreier_sims::create_group(long)
0 4880
cfn=(2106)
calls=244 0 
0 73061
0 1464
cfn=(2082)
calls=244 0 
0 52679
0 21537
cfn=(2118)
calls=900 0 
0 68702912
0 5820
cfn=(2138) action::element_is_one(void*, long)
calls=670 0 
0 194300
0 4020
cfn=(2106)
calls=670 0 
0 1258503
0 690
cfn=(2106)
calls=230 0 
0 464117
0 4500
cfn=(2082)
calls=900 0 
0 216222
0 9900
cfn=(2148) longinteger_domain::compare(longinteger_object&, longinteger_object&)
calls=900 0 
0 37425
0 4424
cfn=(2152) schreier_sims::closure_group(long)
calls=656 0 
0 7374325
0 8794
cfn=(2170)
calls=230 0 
0 181155305
0 2544
cfn=(2108) schreier_sims::get_generator_internal(long*, long)
calls=521 0 
0 30012290
0 2037
cfn=(2158) schreier_sims::get_generator_external(long*, long)
calls=379 0 
0 94347
0 867

fn=(2110) sims::random_schreier_generator(long)
0 8812
cfn=(2112)
calls=253 0 
0 113738
0 9271
cfn=(2160)
calls=708 0 
0 50227
0 6372
cfn=(2160)
calls=708 0 
0 50225
0 6372
cfn=(2122)
calls=708 0 
0 11110502
0 3540
cfn=(2030)
calls=708 0 
0 1098469
0 5932
cfn=(2160)
calls=268 0 
0 19009
0 1340
cfn=(2012)
calls=268 0 
0 2412
0 2680
cfn=(2128)
calls=268 0 
0 2632296
0 1340
cfn=(2030)
calls=268 0 
0 435444
0 3216
cfn=(2120)
calls=268 0 
0 10890111
0 1876
cfn=(2030)
calls=268 0 
0 424613
0 2412
cfn=(2128)
calls=268 0 
0 2632296
0 1876
cfn=(2030)
calls=268 0 
0 411553
0 536

fn=(2130)
0 797620
cfn=(2132) matrix_group::GL_mult(long*, long*, long*, long)
calls=39881 0 
0 390833800

fn=(2176)
0 10540
cfn=(1930) mem_object_registry::allocate_PINT(long, char const*, int)
calls=620 0 
0 61829
0 5580
cfn=(1844)
calls=620 0 
0 452743
0 8867450
cfn=(2180)
calls=620 0 
0 65457
0 12885

fn=(2266) surface_classify_wedge::read_arguments(int, char const**, long)
0 116

fn=(2270) surface::init(finite_field*, long)
0 26
cfn=(1844)
calls=1 0 
0 88
0 6
cfn=(1844)
calls=1 0 
0 88
0 6
cfn=(1844)
calls=1 0 
0 88
0 3
cob=(7)
cfi=(103)
cfn=(1412)
calls=1 0 
0 54
0 1
0 3
cfn=(2272) projective_space::projective_space()
calls=1 0 
0 13
0 7
cfn=(1798)
calls=1 0 
0 28
0 9
cfn=(2274) projective_space::init(long, finite_field*, long, long)
calls=1 0 
0 539501367
0 2
cob=(7)
cfi=(103)
cfn=(1412)
calls=1 0 
0 375
0 1
0 3
cfn=(2272)
calls=1 0 
0 13
0 7
cfn=(1798)
calls=1 0 
0 28
0 9
cfn=(2274)
calls=1 0 
0 4968690
0 2
cob=(7)
cfi=(103)
cfn=(1412)
calls=1 0 
0 214
0 1
0 3
cfn=(2276) grassmann::grassmann()
calls=1 0 
0 22
0 7
cfn=(1798)
calls=1 0 
0 28
0 7
cfn=(2278) grassmann::init(long, long, finite_field*, long)
calls=1 0 
0 3937
0 3
cfn=(2318)
calls=1 0 
0 47
0 5
cob=(7)
cfi=(103)
cfn=(1412)
calls=1 0 
0 216
0 1
0 3
cfn=(2276)
calls=1 0 
0 22
0 7
cfn=(1798)
calls=1 0 
0 28
0 7
cfn=(2278)
calls=1 0 
0 6371
0 4
cob=(7)
cfi=(103)
cfn=(1412)
calls=1 0 
0 361
0 1
0 3
cfn=(2320) orthogonal::orthogonal()
calls=1 0 
0 22
0 7
cfn=(1798)
calls=1 0 
0 28
0 7
cfn=(2322) orthogonal::init(long, long, finite_field*, long)
calls=1 0 
0 39786
0 4
cob=(7)
cfi=(103)
cfn=(1412)
calls=1 0 
0 454
0 1
0 3
cfn=(2352) klein_correspondence::klein_correspondence()
calls=1 0 
0 12
0 7
cfn=(1798)
calls=1 0 
0 28
0 11
cfn=(2354) klein_correspondence::init(finite_field*, orthogonal*, long)
calls=1 0 
0 164229805
0 3
cfn=(2414) surface::init_polynomial_domains(long)
calls=1 0 
0 811430
0 3
cfn=(2490)
calls=1 0 
0 1572
0 3
cfn=(2492) surface::init_line_data(long)
calls=1 0 
0 65697
0 6
cfn=(2494) surface::make_trihedral_pairs(long*&, char**&, long&, long)
calls=1 0 
0 513914
0 3
cfn=(2510) surface::process_trihedral_pairs(long)
calls=1 0 
0 6322399
0 3
cfn=(2526) surface::make_Eckardt_points(long)
calls=1 0 
0 104830
0 3
cfn=(2540) surface::init_Trihedral_to_Eckardt(long)
calls=1 0 
0 162508
0 3
cfn=(2556) surface::init_collinear_Eckardt_triples(long)
calls=1 0 
0 4094008
0 3
cfn=(2558)
calls=1 0 
0 157605
0 10
cfn=(2560) surface::create_half_double_sixes(long)
calls=1 0 
0 225519

fn=(2342) count_Sbar(long, long)
0 80
cfn=(1946)
calls=8 0 
0 102
0 40
cfn=(1946)
calls=8 0 
0 63
0 72

fn=(2372) finite_field::Pluecker_34(long*, long*)
0 435540
cfn=(1854)
calls=31110 0 
0 777750
0 435540
cfn=(1854)
calls=31110 0 
0 777750
0 124440
cfn=(1996)
calls=31110 0 
0 1057740
0 279990

fn=(2378) finite_field::Pluecker_14(long*, long*)
0 435540
cfn=(1854)
calls=31110 0 
0 777750
0 435540
cfn=(1854)
calls=31110 0 
0 777750
0 124440
cfn=(1996)
calls=31110 0 
0 1057740
0 279990

fn=(2426) binomial_with_table(longinteger_object&, long, long)
0 363141
cob=(7)
cfi=(103)
cfn=(1406)
calls=7 0 
0 3086
0 7
0 81
cfn=(2064)
calls=1 0 
0 4
0 4
cfn=(2064)
calls=1 0 
0 4
0 4
cfn=(2064)
calls=1 0 
0 4
0 4
cfn=(2064)
calls=1 0 
0 4
0 8
cfn=(2064)
calls=4 0 
0 16
0 1222
cfn=(2064)
calls=601 0 
0 2404
0 3005
cfn=(2064)
calls=601 0 
0 2404
0 1803
cfn=(2064)
calls=601 0 
0 2404
0 1803
cfn=(2064)
calls=601 0 
0 2404
0 1803
cfn=(2064)
calls=601 0 
0 2404
0 1803
cfn=(2064)
calls=601 0 
0 2404
0 1803
cfn=(2064)
calls=601 0 
0 2404
0 1803
cfn=(2064)
calls=601 0 
0 2404
0 2467
cfn=(2282)
calls=7 0 
0 196
0 1298
cfn=(2356)
calls=68 0 
0 884
0 528
cfn=(2356)
calls=21 0 
0 273
0 189
cfn=(2356)
calls=21 0 
0 273
0 184
cfn=(2356)
calls=23 0 
0 299
0 1912
cfn=(2356)
calls=304 0 
0 3952
0 2128
cfn=(2356)
calls=304 0 
0 3952
0 2736
cfn=(2356)
calls=304 0 
0 3952
0 2128
cfn=(2356)
calls=304 0 
0 3952
0 558
cfn=(2356)
calls=93 0 
0 1209
0 2177
cfn=(2070)
calls=7 0 
0 1685
0 304
cfn=(2070)
calls=38 0 
0 10102
0 563
cfn=(2070)
calls=10 0 
0 2767
0 75
cfn=(2070)
calls=15 0 
0 4404
0 105
cfn=(2070)
calls=21 0 
0 5613
0 135
cfn=(2070)
calls=27 0 
0 7201
0 165
cfn=(2070)
calls=33 0 
0 8774
0 195
cfn=(2070)
calls=39 0 
0 10467
0 498
cfn=(2070)
calls=105 0 
0 28993
0 315
cfn=(2070)
calls=105 0 
0 28993
0 315
cfn=(2070)
calls=105 0 
0 29326
0 315
cfn=(2070)
calls=105 0 
0 29307
0 315
cfn=(2070)
calls=105 0 
0 29155
0 315
cfn=(2070)
calls=105 0 
0 29155
0 315
cfn=(2070)
calls=105 0 
0 29155
0 420
cfn=(2070)
calls=105 0 
0 29155
0 435
cfn=(2358)
calls=6 0 
0 162
0 11188
cfn=(2084)
calls=2785 0 
0 11140
0 18
cfn=(2084)
calls=6 0 
0 24
0 8403
cob=(7)
cfi=(103)
cfn=(2362)
calls=6 0 
0 572
0 6
0 63
cfn=(2074)
calls=7 0 
0 140
0 72575
cfn=(2074)
calls=14515 0 
0 212466
0 115714
cfn=(2082)
calls=14445 0 
0 3250595
0 174212
cfn=(2070)
calls=5 0 
0 1463
0 58373
cfn=(2064)
calls=77 0 
0 308
0 154
cfn=(2064)
calls=77 0 
0 308
0 231
cfn=(2064)
calls=77 0 
0 308
0 308
cfn=(2427) binomial_with_table(longinteger_object&, long, long)'2
calls=77 0 
0 152870
0 385
cfn=(2070)
calls=77 0 
0 13025
0 308
cfn=(2072)
calls=77 0 
0 25865
0 462
cfn=(2428)
calls=77 0 
0 759820
0 616
cfn=(2082)
calls=77 0 
0 19503
0 154
cfn=(2084)
calls=77 0 
0 8624
0 154
cfn=(2084)
calls=77 0 
0 9933
0 154
cfn=(2084)
calls=77 0 
0 9933
0 79

fn=(2427)
0 2283
cfn=(2074)
calls=46 0 
0 732
0 296
cfn=(2082)
calls=34 0 
0 4670
0 120
cfn=(2070)
calls=43 0 
0 7892
0 1211
cfn=(2064)
calls=12 0 
0 48
0 24
cfn=(2064)
calls=12 0 
0 48
0 36
cfn=(2064)
calls=12 0 
0 48
0 48
cfn=(2427)
calls=12 0 
0 3356
0 60
cfn=(2070)
calls=12 0 
0 2844
0 48
cfn=(2072)
calls=12 0 
0 4532
0 72
cfn=(2428)
calls=12 0 
0 120258
0 96
cfn=(2082)
calls=12 0 
0 2980
0 24
cfn=(2084)
calls=12 0 
0 1344
0 24
cfn=(2084)
calls=12 0 
0 1548
0 24
cfn=(2084)
calls=12 0 
0 1548
0 12

fn=(2432) diophant::open(long, long)
0 150
cfn=(1844)
calls=10 0 
0 1400
0 60
cfn=(1844)
calls=10 0 
0 1943
0 60
cfn=(1844)
calls=10 0 
0 2224
0 60
cfn=(1844)
calls=10 0 
0 2088
0 60
cfn=(1844)
calls=10 0 
0 1346
0 60
cfn=(1844)
calls=10 0 
0 1346
0 60
cob=(7)
cfi=(103)
cfn=(1406)
calls=10 0 
0 1036
0 10
0 90
cfn=(2282)
calls=10 0 
0 280
0 80
cfn=(2434)
calls=10 0 
0 2062
0 60
cfn=(1844)
calls=10 0 
0 1852
0 60
cfn=(1844)
calls=10 0 
0 1346
0 515

fn=(2446)
0 627

fn=(2470) diophant::freeself()
0 140
cfn=(1942)
calls=10 0 
0 1118
0 70
cfn=(1942)
calls=10 0 
0 1135
0 70
cfn=(1942)
calls=10 0 
0 1135
0 70
cfn=(1942)
calls=10 0 
0 1169
0 70
cfn=(1942)
calls=10 0 
0 1203
0 70
cfn=(1942)
calls=10 0 
0 1203
0 70
cfn=(2184)
calls=10 0 
0 270
0 30
cob=(7)
cfi=(103)
cfn=(2190)
calls=10 0 
0 930
0 10
0 170
cfn=(2472)
calls=10 0 
0 1220
0 70
cfn=(1942)
calls=10 0 
0 1169
0 70
cfn=(1942)
calls=10 0 
0 1220
0 190

fn=(2472)
0 1148
cob=(7)
cfi=(103)
cfn=(1822)
calls=41 0 
0 4016
0 41

fn=(2486) surface::label_variables_x123(homogeneous_polynomial_domain*, long)
0 144
cfn=(1818)
calls=8 0 
0 840
0 24
cfn=(1818)
calls=4 0 
0 420
0 44
cfn=(2472)
calls=4 0 
0 420
0 56
cfn=(1818)
calls=4 0 
0 420
0 48
cfn=(1818)
calls=8 0 
0 840
0 52
cfn=(2472)
calls=4 0 
0 488
0 28
cfn=(2434)
calls=4 0 
0 352
0 32
cfn=(2434)
calls=4 0 
0 352
0 36
cob=(3)
cfi=(148)
cfn=(1878)
calls=4 26 
0 2580
0 4
0 64
cob=(3)
cfi=(148)
cfn=(1878)
calls=8 26 
0 5160
0 8
0 324
cfn=(1812)
calls=12 0 
0 996
0 84
cob=(3)
cfi=(147)
cfn=(1840)
calls=12 32 
0 168
0 12
0 68
cob=(3)
cfi=(148)
cfn=(1878)
calls=4 26 
0 2784
0 4
0 64
cob=(3)
cfi=(148)
cfn=(1878)
calls=8 26 
0 5568
0 8
0 408
cfn=(1812)
calls=12 0 
0 1316
0 84
cob=(3)
cfi=(147)
cfn=(1840)
calls=12 32 
0 240
0 12
0 76

fn=(2494)
0 24
cfn=(1844)
calls=1 0 
0 419
0 8
cfn=(2434)
calls=1 0 
0 493
0 14
cfn=(2496)
calls=1 0 
0 1457
0 95
cfn=(2496)
calls=19 0 
0 55950
0 280
cob=(3)
cfi=(148)
cfn=(1878)
calls=20 26 
0 23960
0 20
0 260
cfn=(2498)
calls=20 0 
0 720
0 280
cfn=(2498)
calls=20 0 
0 720
0 240
cfn=(2498)
calls=20 0 
0 720
0 620
cfn=(1812)
calls=20 0 
0 1660
0 120
cob=(3)
cfi=(147)
cfn=(1840)
calls=20 32 
0 280
0 20
0 94
cfn=(2496)
calls=1 0 
0 1719
0 70
cfn=(2496)
calls=14 0 
0 35586
0 120
cfn=(2496)
calls=15 0 
0 12825
0 300
cfn=(2496)
calls=75 0 
0 122505
0 540
cfn=(2502)
calls=90 0 
0 4470
0 1170
cfn=(2504) surface::make_Tlmnp(long*, long, long, long, long)
calls=90 0 
0 43143
0 1800
cob=(3)
cfi=(148)
cfn=(1878)
calls=90 26 
0 140940
0 90
0 3600
cfn=(1812)
calls=90 0 
0 7470
0 630
cob=(3)
cfi=(147)
cfn=(1840)
calls=90 32 
0 1800
0 90
0 448
cfn=(2496)
calls=1 0 
0 1021
0 45
cfn=(2496)
calls=9 0 
0 17035
0 90
cfn=(2502)
calls=10 0 
0 690
0 110
cfn=(2508) surface::make_Tdefght(long*, long, long, long, long, long, long)
calls=10 0 
0 3800
0 220
cob=(3)
cfi=(148)
cfn=(1878)
calls=10 26 
0 21580
0 10
0 370
cfn=(1812)
calls=10 0 
0 830
0 70
cob=(3)
cfi=(147)
cfn=(1840)
calls=10 32 
0 220
0 10
0 43

fn=(2512) rank_k_subset(long*, long, long)
0 15360
cfn=(2064)
calls=960 0 
0 3840
0 2880
cfn=(2064)
calls=960 0 
0 3840
0 169432
cfn=(2084)
calls=960 0 
0 3840
0 1920
cfn=(2084)
calls=960 0 
0 107520
0 42460
cfn=(2424)
calls=4420 0 
0 1771270
0 8840
cfn=(2318)
calls=4420 0 
0 120530
0 49696
cfn=(2424)
calls=5107 0 
0 2289384
0 10214
cfn=(2318)
calls=5107 0 
0 143591
0 49646
cfn=(2424)
calls=4929 0 
0 1963221
0 9858
cfn=(2318)
calls=4929 0 
0 136089
0 42695
cfn=(2424)
calls=4691 0 
0 1872896
0 9382
cfn=(2318)
calls=4691 0 
0 127813
0 20342
cfn=(2424)
calls=640 0 
0 264829
0 1280
cfn=(2318)
calls=640 0 
0 21920
0 8192
cfn=(2424)
calls=864 0 
0 431068
0 1728
cfn=(2318)
calls=864 0 
0 29280
0 5568
cfn=(2424)
calls=640 0 
0 309515
0 1280
cfn=(2318)
calls=640 0 
0 22400
0 1280

fn=(2532)
0 1070

fn=(2544) eckardt_point::rank()
0 8160
cfn=(2538)
calls=240 0 
0 2640
0 1200
cfn=(2538)
calls=240 0 
0 5280
0 1200
cfn=(2538)
calls=240 0 
0 9120
0 1680
cfn=(2552) unordered_triple_pair_rank(long, long, long, long, long, long)
calls=240 0 
0 35808
0 6480
cfn=(2546) ordered_pair_rank(long, long, long)
calls=480 0 
0 6240
0 480

fn=(2548) eckardt_point::~eckardt_point()
0 720

fn=(2556)
0 21
cfn=(1844)
calls=1 0 
0 252
0 16
cfn=(1970)
calls=1 0 
0 34
0 1071
cfn=(1970)
calls=119 0 
0 4046
0 720
cfn=(1970)
calls=120 0 
0 4080
0 720
cfn=(2506)
calls=240 0 
0 18425
0 960
cfn=(2512)
calls=240 0 
0 4003744
0 1564
cob=(7)
cfi=(103)
cfn=(1412)
calls=1 0 
0 216
0 1
0 3
cfn=(2514)
calls=1 0 
0 17
0 7
cfn=(1798)
calls=1 0 
0 28
0 7
cfn=(2516) classify::init(long*, long, long, long)
calls=1 0 
0 58063
0 13

fn=(2560)
0 21
cfn=(1844)
calls=1 0 
0 427
0 6
cfn=(1844)
calls=1 0 
0 88
0 6
cfn=(1844)
calls=1 0 
0 418
0 5
cfn=(1970)
calls=1 0 
0 355
0 10
cfn=(2506)
calls=1 0 
0 272
0 99
cfn=(2506)
calls=11 0 
0 2908
0 96
cfn=(2506)
calls=12 0 
0 2934
0 96
cfn=(2506)
calls=12 0 
0 3166
0 96
cfn=(2506)
calls=12 0 
0 2879
0 144
cfn=(2506)
calls=12 0 
0 3166
0 108
cfn=(2506)
calls=12 0 
0 2879
0 79
cfn=(2434)
calls=1 0 
0 631
0 3223
cfn=(1812)
calls=72 0 
0 11300
0 432
cob=(3)
cfi=(147)
cfn=(1840)
calls=72 32 
0 2364
0 72
0 844
cfn=(2496)
calls=40 0 
0 94070
0 240
cfn=(2502)
calls=40 0 
0 2780
0 640
cob=(3)
cfi=(148)
cfn=(1878)
calls=40 26 
0 52480
0 40
0 2598
cfn=(2538)
calls=30 0 
0 710
0 270
cfn=(2502)
calls=30 0 
0 2110
0 300
cob=(3)
cfi=(148)
cfn=(1878)
calls=30 26 
0 29940
0 30
0 187

fn=(2566)
0 21
cfn=(2568)
calls=1 0 
0 88512277
0 5
cfn=(2570) action::induced_action_on_grassmannian(long, long)
calls=1 0 
0 9819
0 7

fn=(2598) strong_generators::generators_for_stabilizer_of_triangle_in_PGL4(action*, matrix_group*, long)
0 28
cfn=(2600) generators_for_stabilizer_of_triangle_in_PGL4(finite_field*, long, long*&, long&, long&, long)
calls=1 0 
0 4266
0 2
cob=(7)
cfi=(103)
cfn=(1412)
calls=1 0 
0 54
0 1
0 3
cfn=(1974)
calls=1 0 
0 4
0 7
cfn=(1798)
calls=1 0 
0 28
0 4
cfn=(2006)
calls=1 0 
0 15
0 3
cfn=(2016)
calls=1 0 
0 457
0 12
cfn=(2012)
calls=1 0 
0 9
0 64
cfn=(2012)
calls=8 0 
0 72
0 45
cfn=(1978)
calls=9 0 
0 21800
0 23
cfn=(2064)
calls=1 0 
0 4
0 3
cfn=(2064)
calls=1 0 
0 4
0 3
cfn=(2064)
calls=1 0 
0 4
0 3
cfn=(2064)
calls=1 0 
0 4
0 3
cfn=(2064)
calls=1 0 
0 4
0 3
cfn=(2070)
calls=1 0 
0 142
0 3
cfn=(1946)
calls=1 0 
0 21
0 3
cfn=(2070)
calls=1 0 
0 205
0 4
cfn=(1946)
calls=1 0 
0 21
0 3
cfn=(2070)
calls=1 0 
0 205
0 3
cfn=(2070)
calls=1 0 
0 142
0 5
cfn=(2588) longinteger_domain::mult_in_place(longinteger_object&, longinteger_object&)
calls=1 0 
0 793
0 4
cfn=(2588)
calls=1 0 
0 1106
0 4
cfn=(2588)
calls=1 0 
0 867
0 11
cfn=(2590) generators_to_strong_generators(action*, long, longinteger_object&, vector_ge*, strong_generators*&, long)
calls=1 0 
0 34540164
0 6
cfn=(2594) strong_generators::init_copy(strong_generators*, long)
calls=1 0 
0 2543
0 5
cfn=(2184)
calls=1 0 
0 27
0 5
cfn=(2596) strong_generators::~strong_generators()
calls=1 0 
0 439
0 3
cob=(7)
cfi=(103)
cfn=(2190)
calls=1 0 
0 76
0 1
0 5
cfn=(2184)
calls=1 0 
0 27
0 4
cfn=(2196)
calls=1 0 
0 176
0 3
cob=(7)
cfi=(103)
cfn=(2190)
calls=1 0 
0 76
0 1
0 5
cfn=(1942)
calls=1 0 
0 166
0 4
cfn=(2084)
calls=1 0 
0 4
0 2
cfn=(2084)
calls=1 0 
0 129
0 2
cfn=(2084)
calls=1 0 
0 129
0 2
cfn=(2084)
calls=1 0 
0 129
0 2
cfn=(2084)
calls=1 0 
0 129
0 11

fn=(2616) classify_double_sixes::classify_double_sixes()
0 10
cfn=(2064)
calls=1 0 
0 4
0 2
cfn=(2064)
calls=1 0 
0 4
0 29

fn=(2622) generators_for_parabolic_subgroup(long, finite_field*, long, long, long*&, long&, long&, long)
0 57
cfn=(1844)
calls=1 0 
0 696
0 6
cfn=(1844)
calls=1 0 
0 302
0 33
cfn=(1914)
calls=1 0 
0 212
0 4
cfn=(1946)
calls=1 0 
0 4
0 11
cfn=(1970)
calls=1 0 
0 95
0 43
cfn=(1914)
calls=2 0 
0 424
0 8
cfn=(1946)
calls=2 0 
0 8
0 22
cfn=(1970)
calls=2 0 
0 190
0 83
cfn=(1914)
calls=4 0 
0 848
0 16
cfn=(1946)
calls=4 0 
0 16
0 44
cfn=(1970)
calls=4 0 
0 380
0 108
cfn=(1942)
calls=1 0 
0 105
0 28
cfn=(1914)
calls=1 0 
0 212
0 2
cfn=(1968)
calls=1 0 
0 2
0 11
cfn=(1970)
calls=1 0 
0 95
0 10
cfn=(1914)
calls=1 0 
0 212
0 2
cfn=(1968)
calls=1 0 
0 2
0 8
cfn=(1970)
calls=1 0 
0 95
0 8
cfn=(1914)
calls=1 0 
0 212
0 2
cfn=(1968)
calls=1 0 
0 2
0 8
cfn=(1970)
calls=1 0 
0 95
0 19
cfn=(1914)
calls=1 0 
0 212
0 12
cfn=(1970)
calls=1 0 
0 95
0 8
cfn=(1914)
calls=1 0 
0 212
0 12
cfn=(1970)
calls=1 0 
0 95
0 4

fn=(3630)
0 759
cfn=(2602)
calls=33 0 
0 53318
0 99
cfn=(2088)
calls=33 0 
0 31804956
0 297

fn=(2660)
0 4116
cfn=(2662)
calls=196 0 
0 2156
0 1176
cfn=(2662)
calls=196 0 
0 4956
0 3166
cfn=(2672) orthogonal::rank_line_L7(long, long, long)
calls=1 0 
0 18
0 2081
cfn=(2680) orthogonal::rank_line_L4(long, long, long)
calls=24 0 
0 23154
0 1812
cfn=(2668) orthogonal::hyperbolic_canonical_points_of_line(long, long, long, long&, long&, long)
calls=196 0 
0 146200
0 1372
cfn=(2664) orthogonal::hyperbolic_line_type_given_point_types(long, long, long, long)
calls=196 0 
0 113178
0 1112
cfn=(2686) orthogonal::rank_line_L1(long, long, long)
calls=144 0 
0 225504
0 264
cfn=(2682)
calls=24 0 
0 23202
0 58
cfn=(2678) orthogonal::rank_line_L5(long, long, long)
calls=2 0 
0 1003
0 9
cfn=(2676) orthogonal::rank_line_L6(long, long, long)
calls=1 0 
0 18
0 2

fn=(2661) orthogonal::hyperbolic_rank_line(long, long, long)'2
0 42
cfn=(2662)
calls=2 0 
0 22
0 12
cfn=(2662)
calls=2 0 
0 34
0 66
cfn=(2672)
calls=1 0 
0 18
0 39
cfn=(2668)
calls=2 0 
0 596
0 14
cfn=(2664)
calls=2 0 
0 59
0 9
cfn=(2676)
calls=1 0 
0 18
0 2

fn=(2680)
0 504
cfn=(2402)
calls=24 0 
0 3000
0 144
cfn=(2402)
calls=24 0 
0 7752
0 264
cfn=(2642)
calls=24 0 
0 4288
0 2076
cfn=(1952)
calls=22 0 
0 220
0 264
cfn=(1854)
calls=22 0 
0 550
0 770
cfn=(1854)
calls=110 0 
0 2750
0 572

fn=(2686)
0 3600
cfn=(2402)
calls=144 0 
0 90864
0 1872
cfn=(2402)
calls=144 0 
0 18000
0 1584
cfn=(1994)
calls=144 0 
0 3456
0 864
cfn=(1952)
calls=144 0 
0 1440
0 1728
cfn=(1854)
calls=144 0 
0 3600
0 2736
cfn=(2394)
calls=144 0 
0 7200
0 9936
cfn=(1952)
calls=144 0 
0 1440
0 432
cfn=(1994)
calls=144 0 
0 3456
0 576
cfn=(1854)
calls=144 0 
0 3600
0 2448
cfn=(1854)
calls=144 0 
0 3600
0 8640
cfn=(1854)
calls=720 0 
0 18000
0 4320
cfn=(1996)
calls=864 0 
0 29376
0 2736

fn=(2692) compare_increasingly_INT(long, long)
0 5610

fn=(2722) INT_vec_print_to_str(char*, long*, long)
0 229577
cob=(3)
cfi=(125)
cfn=(876)
calls=7916 52 
0 118740
0 7916
0 55412
cob=(3)
cfi=(148)
cfn=(1878)
calls=7916 26 
0 4767628
0 7916
0 39582
cob=(3)
cfi=(125)
cfn=(876)
calls=7917 52 
0 118755
0 7917
0 110585
cob=(3)
cfi=(125)
cfn=(876)
calls=7670 52 
0 115050
0 7670
0 61360
cob=(3)
cfi=(148)
cfn=(1878)
calls=7670 26 
0 4634740
0 7670
0 15340
cob=(3)
cfi=(125)
cfn=(876)
calls=7670 52 
0 115050
0 7670
0 76696
cob=(3)
cfi=(125)
cfn=(876)
calls=7669 52 
0 115035
0 7669
0 32043
cob=(3)
cfi=(125)
cfn=(876)
calls=10681 52 
0 160215
0 10681
0 146800
cob=(3)
cfi=(148)
cfn=(1878)
calls=18350 26 
0 11049944
0 18350
0 36700
cob=(3)
cfi=(125)
cfn=(876)
calls=18350 52 
0 275250
0 18350
0 110100
cob=(3)
cfi=(125)
cfn=(876)
calls=18350 52 
0 275250
0 18350
0 128450
cob=(3)
cfi=(148)
cfn=(1878)
calls=18350 26 
0 11070081
0 18350
0 36700
cob=(3)
cfi=(125)
cfn=(876)
calls=18350 52 
0 275250
0 18350
0 125930

fn=(2938)
0 7852
cob=(3)
cfi=(148)
cfn=(1878)
calls=302 26 
0 269766
0 302
0 2416
cob=(3)
cfi=(148)
cfn=(1878)
calls=302 26 
0 269766
0 302
0 2416
cob=(3)
cfi=(148)
cfn=(1878)
calls=302 26 
0 273383
0 302
0 1208
cob=(7)
cfi=(103)
cfn=(1412)
calls=302 0 
0 23838
0 302
0 906
cfn=(2940) action_by_restriction::action_by_restriction()
calls=302 0 
0 1208
0 2114
cfn=(1798)
calls=302 0 
0 8456
0 1812
cfn=(2942) action_by_restriction::init(long, long*, long)
calls=302 0 
0 13342408
0 3624
cfn=(2256)
calls=302 0 
0 13590
0 906
cfn=(1928) action::allocate_base_data(long)
calls=302 0 
0 146551
0 1812
cfn=(1960) action::allocate_element_data()
calls=302 0 
0 618410
0 3624

fn=(2944) poset_classification::poset_classification()
0 10
cfn=(2064)
calls=1 0 
0 4
0 54
cfn=(1744)
calls=1 0 
0 25
0 7

fn=(3058) matrix_group::GL_element_entry_ij(long*, long, long)
0 183263040

fn=(3060) poset_orbit_node::downstep_orbit_test_and_schreier_vector(poset_classification*, schreier&, action&, long, long, long, long, long, long&, long&, long)
0 1218
cfn=(3062) poset_orbit_node::check_orbits_wrapper(poset_classification*, schreier&, action&, long, long, long&, long&, long, long)
calls=29 0 
0 3321842
0 290
cfn=(3068)
calls=29 0 
0 8448524
0 435
cfn=(3072) poset_orbit_node::relabel_schreier_vector(action&, long)
calls=29 0 
0 361043

fn=(3066) schreier::sum_up_orbit_lengths()
0 2488

fn=(3072)
0 361043

fn=(3096) schreier::freeself()
0 5157
cfn=(1942)
calls=573 0 
0 62729
0 2865
cfn=(1942)
calls=573 0 
0 64973
0 2865
cfn=(1942)
calls=573 0 
0 66331
0 2865
cfn=(1942)
calls=573 0 
0 67595
0 2865
cfn=(1942)
calls=573 0 
0 64446
0 2865
cfn=(1942)
calls=573 0 
0 67246
0 2865
cfn=(1942)
calls=573 0 
0 76422
0 2865
cfn=(1942)
calls=573 0 
0 79533
0 2865
cfn=(1942)
calls=573 0 
0 78028
0 2865
cfn=(1942)
calls=573 0 
0 79885
0 2865
cfn=(1942)
calls=573 0 
0 78745
0 2865
cfn=(1942)
calls=573 0 
0 84289
0 2865
cfn=(1942)
calls=573 0 
0 84755
0 3438
cfn=(3098)
calls=573 0 
0 289956

fn=(3118)
0 27304
cfn=(3120) upstep_work::handle_extension_unprocessed_type(long)
calls=272 0 
0 2547177010
0 3384
cfn=(3276) upstep_work::handle_extension_fusion_type(long)
calls=856 0 
0 2568
0 11592

fn=(3124)
0 8172

fn=(3140) action::induced_action_by_restriction_on_orbit_with_schreier_vector(action&, long, sims*, long*, long, long)
0 7072
cob=(3)
cfi=(148)
cfn=(1878)
calls=272 26 
0 256813
0 272
0 2176
cob=(3)
cfi=(148)
cfn=(1878)
calls=272 26 
0 256813
0 272
0 2176
cob=(3)
cfi=(148)
cfn=(1878)
calls=272 26 
0 261165
0 272
0 1088
cob=(7)
cfi=(103)
cfn=(1412)
calls=272 0 
0 15961
0 272
0 816
cfn=(2940)
calls=272 0 
0 1088
0 1904
cfn=(1798)
calls=272 0 
0 7616
0 1632
cfn=(3142) action_by_restriction::init_from_sv(long*, long, long)
calls=272 0 
0 90114666
0 3536
cfn=(2256)
calls=272 0 
0 12240
0 816
cfn=(1928)
calls=272 0 
0 133542
0 1632
cfn=(1960)
calls=272 0 
0 410808
0 3264

fn=(3142)
0 7888
cfn=(2554)
calls=272 0 
0 34395
0 1904
cfn=(1844)
calls=272 0 
0 236075
0 1904
cfn=(1844)
calls=272 0 
0 71088
0 1632
cfn=(1844)
calls=272 0 
0 71642
0 248815
cfn=(3144)
calls=272 0 
0 8976
0 3058
cfn=(3144)
calls=1 0 
0 715
0 8
cfn=(3144)
calls=1 0 
0 367
0 8
cfn=(3144)
calls=1 0 
0 539
0 216
cfn=(3144)
calls=27 0 
0 1512
0 2176
cfn=(3144)
calls=272 0 
0 27670
0 2176
cfn=(3144)
calls=272 0 
0 119060
0 2176
cfn=(3144)
calls=272 0 
0 75495
0 2992
cfn=(3144)
calls=272 0 
0 68547
0 314867
cfn=(3144)
calls=44981 0 
0 10104403
0 316771
cfn=(3144)
calls=45253 0 
0 10245608
0 316771
cfn=(3144)
calls=45253 0 
0 10194701
0 316771
cfn=(3144)
calls=45253 0 
0 10253670
0 316771
cfn=(3144)
calls=45253 0 
0 10113894
0 316771
cfn=(3144)
calls=45253 0 
0 10179688
0 316771
cfn=(3144)
calls=45253 0 
0 10079034
0 362024
cfn=(3144)
calls=45253 0 
0 10047480
0 1310540
cfn=(1844)
calls=272 0 
0 26331
0 133930
cfn=(2942)
calls=272 0 
0 3691792
0 1360
cfn=(1942)
calls=272 0 
0 42524
0 1360
cfn=(1942)
calls=272 0 
0 42604
0 1360
cfn=(1942)
calls=272 0 
0 42410
0 1360
cfn=(1942)
calls=272 0 
0 28799
0 3267

fn=(3164)
0 214657

fn=(3168)
0 13125
cfn=(1988)
calls=875 0 
0 120704
0 22540
cfn=(2120)
calls=3458 0 
0 27999491
0 20748
cfn=(2128)
calls=3458 0 
0 33964476
0 17290
cfn=(1988)
calls=3458 0 
0 471456
0 29614
cfn=(2030)
calls=3848 0 
0 6109059
0 25818
cfn=(1988)
calls=390 0 
0 52800
0 5450
cfn=(1988)
calls=485 0 
0 65136
0 4365

fn=(3170) schreier::non_trivial_random_schreier_generator(action*, long)
0 9966
cfn=(3172) schreier::random_schreier_generator(long)
calls=509 0 
0 60364640
0 2036
cfn=(2138)
calls=509 0 
0 209217
0 5108

fn=(3172)
0 8144
cfn=(2160)
calls=509 0 
0 36094
0 3054
cfn=(3174)
calls=509 0 
0 9463582
0 2545
cfn=(2030)
calls=509 0 
0 7800300
0 2545
cfn=(2160)
calls=509 0 
0 36102
0 2036
cfn=(2012)
calls=509 0 
0 4581
0 4072
cfn=(2030)
calls=509 0 
0 7819720
0 3563
cfn=(2128)
calls=509 0 
0 5052843
0 2545
cfn=(2030)
calls=509 0 
0 7821815
0 3563
cfn=(3180) schreier::coset_rep_inv(long)
calls=509 0 
0 9443382
0 4072
cfn=(2128)
calls=509 0 
0 5052843
0 2545
cfn=(2030)
calls=509 0 
0 7789604
0 5090

fn=(3174)
0 2908
cfn=(2112)
calls=111 0 
0 56402
0 4040
cfn=(3175) schreier::coset_rep(long)'2
calls=505 0 
0 5655006
0 2020
cfn=(2012)
calls=505 0 
0 4545
0 3030
cfn=(2128)
calls=505 0 
0 5013135
0 4040
cfn=(1988)
calls=505 0 
0 107534

fn=(3175)
0 6160
cfn=(2112)
calls=505 0 
0 257374
0 4240
cfn=(3175)
calls=530 0 
0 7865844
0 2120
cfn=(2012)
calls=530 0 
0 4770
0 3180
cfn=(2128)
calls=530 0 
0 5261310
0 4240
cfn=(1988)
calls=530 0 
0 111612

fn=(3218)
0 225
cob=(7)
cfi=(103)
cfn=(1282)
calls=5 0 
0 2415
0 5
0 55
cob=(7)
cfi=(103)
cfn=(1336)
calls=5 0 
0 1260
0 5
0 10
cob=(7)
cfi=(103)
cfn=(1356)
calls=5 0 
0 430
0 5
0 65
cfn=(3224) poset_classification::write_lvl(std::ostream&, long, long, long, long, long)
calls=5 0 
0 69419363
0 40
cob=(7)
cfi=(103)
cfn=(1282)
calls=5 0 
0 2165
0 5
0 15
cob=(7)
cfi=(103)
cfn=(1378)
calls=5 0 
0 1925
0 5
0 55
cob=(7)
cfi=(103)
cfn=(1336)
calls=5 0 
0 1260
0 5
0 10
cob=(7)
cfi=(103)
cfn=(1356)
calls=5 0 
0 430
0 5
0 20
cob=(7)
cfi=(103)
cfn=(1282)
calls=5 0 
0 2365
0 5
0 15
cob=(7)
cfi=(103)
cfn=(1378)
calls=5 0 
0 1925
0 5
0 65
cob=(7)
cfi=(103)
cfn=(1336)
calls=5 0 
0 1260
0 5
0 10
cob=(7)
cfi=(103)
cfn=(1356)
calls=5 0 
0 430
0 5
0 20
cob=(7)
cfi=(103)
cfn=(1282)
calls=5 0 
0 2290
0 5
0 10
cob=(3)
cfi=(125)
cfn=(876)
calls=5 52 
0 115
0 5
0 20
cob=(7)
cfi=(103)
cfn=(1282)
calls=5 0 
0 1520
0 5
0 50
cob=(7)
cfi=(103)
cfn=(1336)
calls=5 0 
0 1260
0 5
0 10
cob=(7)
cfi=(103)
cfn=(1356)
calls=5 0 
0 430
0 5
0 15
cfn=(2976)
calls=5 0 
0 20
0 25
cob=(7)
cfi=(103)
cfn=(1282)
calls=5 0 
0 3640
0 5
0 50
cob=(7)
cfi=(103)
cfn=(1336)
calls=5 0 
0 1260
0 5
0 10
cob=(7)
cfi=(103)
cfn=(1356)
calls=5 0 
0 430
0 5
0 10
cfn=(2972)
calls=5 0 
0 15
0 20
cob=(7)
cfi=(103)
cfn=(1282)
calls=5 0 
0 1305
0 5
0 15
cob=(7)
cfi=(103)
cfn=(1378)
calls=5 0 
0 1981
0 5
0 25
cob=(7)
cfi=(103)
cfn=(1282)
calls=5 0 
0 1560
0 5
0 15
cob=(7)
cfi=(103)
cfn=(1378)
calls=5 0 
0 1925
0 5
0 55
cob=(7)
cfi=(103)
cfn=(1336)
calls=5 0 
0 1260
0 5
0 10
cob=(7)
cfi=(103)
cfn=(1356)
calls=5 0 
0 430
0 5
0 45
cob=(7)
cfi=(103)
cfn=(1378)
calls=5 0 
0 1940
0 5
0 25
cob=(7)
cfi=(103)
cfn=(1282)
calls=5 0 
0 1240
0 5
0 15
cfn=(2976)
calls=5 0 
0 20
0 15
cob=(7)
cfi=(103)
cfn=(1378)
calls=5 0 
0 1925
0 5
0 25
cob=(7)
cfi=(103)
cfn=(1282)
calls=5 0 
0 1330
0 5
0 55
cob=(7)
cfi=(103)
cfn=(1336)
calls=5 0 
0 1260
0 5
0 10
cob=(7)
cfi=(103)
cfn=(1356)
calls=5 0 
0 430
0 5
0 52
cob=(7)
cfi=(103)
cfn=(1336)
calls=6 0 
0 1512
0 6
0 12
cob=(7)
cfi=(103)
cfn=(1356)
calls=6 0 
0 516
0 6
0 18
cob=(7)
cfi=(103)
cfn=(1378)
calls=6 0 
0 2310
0 6
0 30
cob=(7)
cfi=(103)
cfn=(1282)
calls=6 0 
0 1488
0 6
0 18
cfn=(2976)
calls=6 0 
0 24
0 18
cob=(7)
cfi=(103)
cfn=(1378)
calls=6 0 
0 2366
0 6
0 30
cob=(7)
cfi=(103)
cfn=(1282)
calls=6 0 
0 1596
0 6
0 66
cob=(7)
cfi=(103)
cfn=(1336)
calls=6 0 
0 1512
0 6
0 12
cob=(7)
cfi=(103)
cfn=(1356)
calls=6 0 
0 516
0 6
0 30
cob=(7)
cfi=(103)
cfn=(1378)
calls=6 0 
0 2310
0 6
0 30
cob=(7)
cfi=(103)
cfn=(1282)
calls=6 0 
0 1488
0 6
0 18
cfn=(2976)
calls=6 0 
0 24
0 18
cob=(7)
cfi=(103)
cfn=(1378)
calls=6 0 
0 2329
0 6
0 30
cob=(7)
cfi=(103)
cfn=(1282)
calls=6 0 
0 1596
0 6
0 62
cob=(7)
cfi=(103)
cfn=(1282)
calls=4 0 
0 1064
0 4
0 4
cob=(7)
cfi=(103)
cfn=(1282)
calls=1 0 
0 266
0 1
0 25
cob=(7)
cfi=(103)
cfn=(1378)
calls=5 0 
0 1981
0 5
0 55
cob=(7)
cfi=(103)
cfn=(1336)
calls=5 0 
0 1260
0 5
0 10
cob=(7)
cfi=(103)
cfn=(1356)
calls=5 0 
0 430
0 5
0 20
cfn=(3220) poset_classification::compute_and_print_automorphism_group_orders(long, std::ostream&)
calls=5 0 
0 755400
0 60
cob=(7)
cfi=(103)
cfn=(1336)
calls=5 0 
0 1260
0 5
0 10
cob=(7)
cfi=(103)
cfn=(1356)
calls=5 0 
0 430
0 5
0 20
cob=(7)
cfi=(103)
cfn=(1282)
calls=5 0 
0 2115
0 5
0 50
cob=(7)
cfi=(103)
cfn=(1336)
calls=5 0 
0 1260
0 5
0 10
cob=(7)
cfi=(103)
cfn=(1356)
calls=5 0 
0 430
0 5
0 29
cob=(7)
cfi=(103)
cfn=(1378)
calls=3 0 
0 1155
0 3
0 15
cob=(7)
cfi=(103)
cfn=(1282)
calls=3 0 
0 744
0 3
0 9
cfn=(2976)
calls=3 0 
0 12
0 9
cob=(7)
cfi=(103)
cfn=(1378)
calls=3 0 
0 1155
0 3
0 15
cob=(7)
cfi=(103)
cfn=(1282)
calls=3 0 
0 798
0 3
0 33
cob=(7)
cfi=(103)
cfn=(1336)
calls=3 0 
0 756
0 3
0 6
cob=(7)
cfi=(103)
cfn=(1356)
calls=3 0 
0 258
0 3
0 27
cob=(7)
cfi=(103)
cfn=(1282)
calls=5 0 
0 2390
0 5
0 10

fn=(3246)
0 27173
cfn=(1970)
calls=937 0 
0 40978
0 4685
cfn=(2506)
calls=937 0 
0 121984
0 10307
cfn=(3248) upstep_work::find_automorphism_by_tracing_recursion(long, long, long&, long&, long, long)
calls=937 0 
0 356964552
0 11244

fn=(3258)
0 280690

fn=(3270)
0 29104
cfn=(2012)
calls=856 0 
0 7704
0 4280
cfn=(2020)
calls=856 0 
0 171200
0 3424
cfn=(2960)
calls=856 0 
0 1455681
0 7704
cfn=(3204) poset_classification::change_extension_type(long, long, long, long, long)
calls=856 0 
0 24824
0 9416
cfn=(3010)
calls=856 0 
0 41944
0 8560
cfn=(3272)
calls=856 0 
0 64651209
0 4280
cfn=(2506)
calls=856 0 
0 118415
0 3424
cfn=(3274) INT_vec_compare(long*, long*, long)
calls=856 0 
0 37664
0 8560

fn=(3274)
0 37664

fn=(3282) poset_orbit_node::~poset_orbit_node()
0 6000

fn=(3286) poset_classification::get_set_by_level(long, long, long*)
0 8272
cfn=(3288)
calls=517 0 
0 18893
0 6204
cfn=(3010)
calls=517 0 
0 27177

fn=(3290) poset_classification::get_orbit_length_and_stabilizer_order(long, long, longinteger_object&, longinteger_object&)
0 5187
cfn=(2064)
calls=273 0 
0 1092
0 546
cfn=(2064)
calls=273 0 
0 1092
0 3015
cfn=(2066)
calls=184 0 
0 336734
0 1911
cfn=(2154)
calls=273 0 
0 4497698
0 546
cfn=(2074)
calls=273 0 
0 5460
0 1092
cfn=(2084)
calls=273 0 
0 35217
0 546
cfn=(2084)
calls=273 0 
0 1092
0 3270
cfn=(2070)
calls=89 0 
0 22428
0 89

fn=(3292) longinteger_object::print_to_string(char*)
0 34330

fn=(3360)
0 3198
cfn=(3362) action_on_grassmannian::compute_image_INT_ordinary(action*, long*, long, long)
calls=1066 0 
0 5530274

fn=(3372)
0 9922
cfn=(1844)
calls=451 0 
0 39688
0 3608
cfn=(1844)
calls=451 0 
0 39688
0 3157
cfn=(1970)
calls=451 0 
0 17589
0 25256
cfn=(1952)
calls=451 0 
0 4510
0 12628
cfn=(1854)
calls=451 0 
0 11275
0 2706
cfn=(1854)
calls=451 0 
0 11275
0 2706
cfn=(1854)
calls=451 0 
0 11275
0 2706
cfn=(1854)
calls=451 0 
0 11275
0 37433
cfn=(1970)
calls=451 0 
0 17589
0 3608
cfn=(1970)
calls=451 0 
0 17589
0 19844
cfn=(3374)
calls=902 0 
0 188067
0 4510
cfn=(3376) INT_vec_is_zero(long*, long)
calls=902 0 
0 18942
0 13079
cfn=(1970)
calls=451 0 
0 19393
0 2255
cfn=(1942)
calls=451 0 
0 47355
0 2255
cfn=(1942)
calls=451 0 
0 47355
0 6765

fn=(3378) set_and_stabilizer::~set_and_stabilizer()
0 2354
cfn=(1942)
calls=214 0 
0 22470
0 1138
cfn=(2184)
calls=124 0 
0 3348
0 620
cfn=(2596)
calls=124 0 
0 46140
0 372
cob=(7)
cfi=(103)
cfn=(2190)
calls=124 0 
0 11532
0 124
0 1498
cfn=(2184)
calls=214 0 
0 5778
0 1070
cfn=(2192) sims::~sims()
calls=214 0 
0 1678506
0 642
cob=(7)
cfi=(103)
cfn=(2190)
calls=214 0 
0 16264
0 214
0 2140
cfn=(2084)
calls=214 0 
0 27572

fn=(3380)
0 13288
cfn=(1996)
calls=604 0 
0 20536
0 4228
cfn=(1996)
calls=604 0 
0 20536
0 4832
cfn=(1996)
calls=604 0 
0 20536
0 5436
cfn=(1996)
calls=604 0 
0 20536
0 7248

fn=(3394) classification::init(action*, action*, long, long, longinteger_object&, long)
0 46
cfn=(2082)
calls=2 0 
0 492
0 22
cob=(7)
cfi=(103)
cfn=(1406)
calls=2 0 
0 835
0 2
0 42
cfn=(3396) orbit_node::orbit_node()
calls=2 0 
0 2
0 8
cfn=(3396)
calls=2 0 
0 2
0 8
cfn=(3396)
calls=2 0 
0 2
0 8
cfn=(3396)
calls=2 0 
0 2
0 8
cfn=(3396)
calls=2 0 
0 2
0 28
cfn=(3396)
calls=10 0 
0 10
0 50
cfn=(3396)
calls=10 0 
0 10
0 30
cfn=(3396)
calls=10 0 
0 10
0 30
cfn=(3396)
calls=10 0 
0 10
0 30
cfn=(3396)
calls=10 0 
0 10
0 30
cfn=(3396)
calls=10 0 
0 10
0 30
cfn=(3396)
calls=10 0 
0 10
0 30
cfn=(3396)
calls=10 0 
0 10
0 58
cfn=(2282)
calls=2 0 
0 56
0 18
cfn=(1844)
calls=2 0 
0 2046
0 14
cob=(7)
cfi=(103)
cfn=(1282)
calls=2 0 
0 704
0 2
0 22
cob=(7)
cfi=(103)
cfn=(1336)
calls=2 0 
0 504
0 2
0 18
cob=(7)
cfi=(103)
cfn=(1356)
calls=2 0 
0 172
0 2
0 8
cob=(7)
cfi=(103)
cfn=(1282)
calls=2 0 
0 806
0 2
0 6
cfn=(2086)
calls=2 0 
0 8466
0 10
cob=(7)
cfi=(103)
cfn=(1282)
calls=2 0 
0 664
0 2
0 6
cob=(7)
cfi=(103)
cfn=(1378)
calls=2 0 
0 808
0 2
0 10
cob=(7)
cfi=(103)
cfn=(1282)
calls=2 0 
0 598
0 2
0 6
cob=(7)
cfi=(103)
cfn=(1378)
calls=2 0 
0 808
0 2
0 22
cob=(7)
cfi=(103)
cfn=(1336)
calls=2 0 
0 504
0 2
0 4
cob=(7)
cfi=(103)
cfn=(1356)
calls=2 0 
0 172
0 2
0 2

fn=(3560)
0 79191

fn=(3580) flag_orbit_node::write_file(std::basic_ofstream<char, std::char_traits<char> >&, long)
0 1260
cob=(7)
cfi=(103)
cfn=(3540)
calls=90 0 
0 14760
0 90
0 360
cob=(7)
cfi=(103)
cfn=(3540)
calls=90 0 
0 14760
0 90
0 360
cob=(7)
cfi=(103)
cfn=(3540)
calls=90 0 
0 14760
0 90
0 360
cob=(7)
cfi=(103)
cfn=(3540)
calls=90 0 
0 14760
0 90
0 360
cob=(7)
cfi=(103)
cfn=(3540)
calls=90 0 
0 14760
0 90
0 360
cob=(7)
cfi=(103)
cfn=(3540)
calls=90 0 
0 14760
0 90
0 540
cfn=(3582)
calls=90 0 
0 251083
0 980
cob=(7)
cfi=(103)
cfn=(3540)
calls=65 0 
0 10660
0 65
0 390
cfn=(3586)
calls=65 0 
0 128256
0 65

fn=(3664) incidence_structure::init_by_set_of_sets(set_of_sets*, long)
0 92
cfn=(1844)
calls=4 0 
0 1474
0 16
cfn=(2298)
calls=4 0 
0 225592
0 10200
cfn=(3666)
calls=4 0 
0 673268
0 40

fn=(3684)
0 80
cfn=(1844)
calls=4 0 
0 352
0 28
cfn=(1844)
calls=4 0 
0 352
0 24
cfn=(1844)
calls=4 0 
0 352
0 24
cfn=(1844)
calls=4 0 
0 352
0 32
cfn=(3686) partitionstack::get_row_and_col_classes(long*, long&, long*, long&, long)
calls=4 0 
0 288
0 184
cfn=(1844)
calls=4 0 
0 1186
0 6960
cfn=(1844)
calls=4 0 
0 352
0 61045
cfn=(3688) partitionstack::is_row_class(long)
calls=4 0 
0 40
0 24
cfn=(3688)
calls=4 0 
0 40
0 68
cfn=(3690) partitionstack::radix_sort(long, long, long*, long, long, long)
calls=4 0 
0 66032
0 40
cfn=(1942)
calls=4 0 
0 594
0 20
cfn=(1942)
calls=4 0 
0 420
0 20
cfn=(1942)
calls=4 0 
0 420
0 20
cfn=(1942)
calls=4 0 
0 420
0 20
cfn=(1942)
calls=4 0 
0 420
0 20
cfn=(1942)
calls=4 0 
0 420
0 68

fn=(3688)
0 80

fn=(3708) action::element_print_for_make_element(void*, std::ostream&)
0 12
cfn=(3710) matrix_group_element_print_for_make_element(action&, void*, std::ostream&)
calls=12 0 
0 121969

fn=(3782)
0 8

fn=(2312) finite_field::perp_standard(long, long, long*, long)
0 3843
cfn=(1844)
calls=183 0 
0 16264
0 1098
cfn=(1844)
calls=183 0 
0 16264
0 1098
cfn=(1844)
calls=183 0 
0 16264
0 2013
cfn=(2314) finite_field::perp_standard_with_temporary_data(long, long, long*, long*, long*, long*, long)
calls=183 0 
0 195368
0 1464
cfn=(1942)
calls=183 0 
0 19215
0 915
cfn=(1942)
calls=183 0 
0 19215
0 915
cfn=(1942)
calls=183 0 
0 19215
0 1647

fn=(1252) _GLOBAL__sub_I__Z9power_modlll
0 3
cob=(7)
cfi=(103)
cfn=(718)
calls=1 0 
0 24
0 1
0 5
cob=(3)
cfi=(106)
cfn=(496)
calls=1 65 
0 71
0 1

fn=(1270) _GLOBAL__sub_I__Z12orbits_pointPlS_lllll
0 3
cob=(7)
cfi=(103)
cfn=(718)
calls=1 0 
0 24
0 1
0 5
cob=(3)
cfi=(106)
cfn=(496)
calls=1 65 
0 71
0 1

fn=(1276) _GLOBAL__sub_I_f_memory_debug
0 7
cob=(7)
cfi=(103)
cfn=(718)
calls=1 0 
0 24
0 1
0 4
cob=(3)
cfi=(106)
cfn=(496)
calls=1 65 
0 71
0 1
0 11
cfn=(1278) mem_object_registry::init(long)
calls=1 0 
0 24930
0 7
cob=(3)
cfi=(106)
cfn=(496)
calls=1 65 
0 71
0 1

fn=(1446) _GLOBAL__sub_I_printing_mode_stack_size
0 3
cob=(7)
cfi=(103)
cfn=(718)
calls=1 0 
0 24
0 1
0 5
cob=(3)
cfi=(106)
cfn=(496)
calls=1 65 
0 71
0 1

fn=(1454) _GLOBAL__sub_I__ZN6matrixC2Ev
0 3
cob=(7)
cfi=(103)
cfn=(718)
calls=1 0 
0 24
0 1
0 5
cob=(3)
cfi=(106)
cfn=(496)
calls=1 65 
0 71
0 1

fn=(1468) _GLOBAL__sub_I__ZN22surface_classify_wedgeC2Ev
0 3
cob=(7)
cfi=(103)
cfn=(718)
calls=1 0 
0 24
0 1
0 5
cob=(3)
cfi=(106)
cfn=(496)
calls=1 65 
0 71
0 1

fn=(1480) _GLOBAL__sub_I__ZN29homogeneous_polynomial_domainC2Ev
0 3
cob=(7)
cfi=(103)
cfn=(718)
calls=1 0 
0 24
0 1
0 5
cob=(3)
cfi=(106)
cfn=(496)
calls=1 65 
0 71
0 1

fn=(1492) _GLOBAL__sub_I__ZN11set_of_setsC2Ev
0 3
cob=(7)
cfi=(103)
cfn=(718)
calls=1 0 
0 24
0 1
0 5
cob=(3)
cfi=(106)
cfn=(496)
calls=1 65 
0 71
0 1

fn=(1500) _GLOBAL__sub_I__ZN9grassmannC2Ev
0 3
cob=(7)
cfi=(103)
cfn=(718)
calls=1 0 
0 24
0 1
0 5
cob=(3)
cfi=(106)
cfn=(496)
calls=1 65 
0 71
0 1

fn=(1506) _GLOBAL__sub_I__ZN10orthogonal12unrank_pointEPllll
0 3
cob=(7)
cfi=(103)
cfn=(718)
calls=1 0 
0 24
0 1
0 5
cob=(3)
cfi=(106)
cfn=(496)
calls=1 65 
0 71
0 1

fn=(1514) _GLOBAL__sub_I__ZN14surface_objectC2Ev
0 3
cob=(7)
cfi=(103)
cfn=(718)
calls=1 0 
0 24
0 1
0 5
cob=(3)
cfi=(106)
cfn=(496)
calls=1 65 
0 71
0 1

fn=(1544) _GLOBAL__sub_I__ZN6action20init_action_on_linesEPS_P12finite_fieldll
0 3
cob=(7)
cfi=(103)
cfn=(718)
calls=1 0 
0 24
0 1
0 5
cob=(3)
cfi=(106)
cfn=(496)
calls=1 65 
0 71
0 1

fn=(1546) _GLOBAL__sub_I__ZN6action38init_direct_product_group_and_restrictEP12matrix_groupS1_l
0 3
cob=(7)
cfi=(103)
cfn=(718)
calls=1 0 
0 24
0 1
0 5
cob=(3)
cfi=(106)
cfn=(496)
calls=1 65 
0 71
0 1

fn=(1550) _GLOBAL__sub_I__Z37direct_product_group_element_image_ofR6actionlPvl
0 3
cob=(7)
cfi=(103)
cfn=(718)
calls=1 0 
0 24
0 1
0 5
cob=(3)
cfi=(106)
cfn=(496)
calls=1 65 
0 71
0 1

fn=(1552) _GLOBAL__sub_I__Z29matrix_group_element_image_ofR6actionlPvl
0 3
cob=(7)
cfi=(103)
cfn=(718)
calls=1 0 
0 24
0 1
0 5
cob=(3)
cfi=(106)
cfn=(496)
calls=1 65 
0 71
0 1

fn=(1576) _GLOBAL__sub_I__ZN24action_by_representationC2Ev
0 3
cob=(7)
cfi=(103)
cfn=(718)
calls=1 0 
0 24
0 1
0 5
cob=(3)
cfi=(106)
cfn=(496)
calls=1 65 
0 71
0 1

fn=(1588) _GLOBAL__sub_I__ZN16action_on_cosetsC2Ev
0 3
cob=(7)
cfi=(103)
cfn=(718)
calls=1 0 
0 24
0 1
0 5
cob=(3)
cfi=(106)
cfn=(496)
calls=1 65 
0 71
0 1

fn=(1598) _GLOBAL__sub_I__ZN19action_on_k_subsetsC2Ev
0 3
cob=(7)
cfi=(103)
cfn=(718)
calls=1 0 
0 24
0 1
0 5
cob=(3)
cfi=(106)
cfn=(496)
calls=1 65 
0 71
0 1

fn=(1616) _GLOBAL__sub_I__ZN11flag_orbitsC2Ev
0 3
cob=(7)
cfi=(103)
cfn=(718)
calls=1 0 
0 24
0 1
0 5
cob=(3)
cfi=(106)
cfn=(496)
calls=1 65 
0 71
0 1

fn=(1634) _GLOBAL__sub_I__ZN16poset_orbit_node8downstepEP20poset_classificationllllll
0 3
cob=(7)
cfi=(103)
cfn=(718)
calls=1 0 
0 24
0 1
0 5
cob=(3)
cfi=(106)
cfn=(496)
calls=1 65 
0 71
0 1

fn=(1636) _GLOBAL__sub_I__ZN16poset_orbit_node31setup_factor_space_action_lightEP20poset_classificationR22action_on_factor_spacell
0 3
cob=(7)
cfi=(103)
cfn=(718)
calls=1 0 
0 24
0 1
0 5
cob=(3)
cfi=(106)
cfn=(496)
calls=1 65 
0 71
0 1

fn=(1668) _GLOBAL__sub_I__ZN15group_selectionC2Ev
0 3
cob=(7)
cfi=(103)
cfn=(718)
calls=1 0 
0 24
0 1
0 5
cob=(3)
cfi=(106)
cfn=(496)
calls=1 65 
0 71
0 1

fn=(1678) _GLOBAL__sub_I__ZN11arc_liftingC2Ev
0 3
cob=(7)
cfi=(103)
cfn=(718)
calls=1 0 
0 24
0 1
0 5
cob=(3)
cfi=(106)
cfn=(496)
calls=1 65 
0 71
0 1

fn=(1688) _GLOBAL__sub_I__ZlsRSoR14partitionstack
0 3
cob=(7)
cfi=(103)
cfn=(718)
calls=1 0 
0 24
0 1
0 5
cob=(3)
cfi=(106)
cfn=(496)
calls=1 65 
0 71
0 1

fn=(1708) _GLOBAL__sub_I__ZN26layered_graph_draw_optionsC2Ev
0 3
cob=(7)
cfi=(103)
cfn=(718)
calls=1 0 
0 24
0 1
0 5
cob=(3)
cfi=(106)
cfn=(496)
calls=1 65 
0 71
0 1

fn=(1722) _GLOBAL__sub_I__ZN6action12coset_unrankEP4simsS1_lPll
0 3
cob=(7)
cfi=(103)
cfn=(718)
calls=1 0 
0 24
0 1
0 5
cob=(3)
cfi=(106)
cfn=(496)
calls=1 65 
0 71
0 1

fn=(1734) _GLOBAL__sub_I__ZN10graph_nodeC2Ev
0 3
cob=(7)
cfi=(103)
cfn=(718)
calls=1 0 
0 24
0 1
0 5
cob=(3)
cfi=(106)
cfn=(496)
calls=1 65 
0 71
0 1

fn=(1814) finite_field::init_override_polynomial(long, char const*, long)
0 25
cfn=(1810) factor_prime_power(long, long&, long&)
calls=1 0 
0 31
0 3
cfn=(1816)
calls=1 0 
0 2347
0 8
cob=(3)
cfi=(125)
cfn=(876)
calls=1 52 
0 19
0 1
0 5
cfn=(1812)
calls=1 0 
0 261
0 4
cob=(3)
cfi=(147)
cfn=(1840)
calls=1 32 
0 8
0 1
0 4
cfn=(1842) INT_log10(long)
calls=1 0 
0 22
0 6
cfn=(1844)
calls=1 0 
0 264
0 6
cfn=(1844)
calls=1 0 
0 264
0 6
cfn=(1844)
calls=1 0 
0 264
0 6
cfn=(1846) finite_field::create_alpha_table(long)
calls=1 0 
0 913
0 12
cfn=(1844)
calls=1 0 
0 252
0 6
cfn=(1844)
calls=1 0 
0 252
0 6
cfn=(1844)
calls=1 0 
0 266
0 6
cfn=(1844)
calls=1 0 
0 266
0 14
cfn=(1844)
calls=1 0 
0 266
0 6
cfn=(1844)
calls=1 0 
0 266
0 1545
cfn=(1854)
calls=39 0 
0 975
0 79
cfn=(1852) finite_field::create_tables_prime_field(long)
calls=1 0 
0 5335
0 1

fn=(1818)
0 4492124
cob=(7)
cfi=(103)
cfn=(1822)
calls=160433 0 
0 13033280
0 160433

fn=(1852)
0 5335

fn=(1922) matrix_group::init_base(action*, long)
0 29
cfn=(1924) matrix_group::init_base_projective(action*, long)
calls=1 0 
0 2243103
0 4
cob=(7)
cfi=(103)
cfn=(1282)
calls=1 0 
0 342
0 1
0 11
cob=(7)
cfi=(103)
cfn=(1336)
calls=1 0 
0 252
0 1
0 2
cob=(7)
cfi=(103)
cfn=(1356)
calls=1 0 
0 86
0 1
0 6
cob=(7)
cfi=(103)
cfn=(1282)
calls=1 0 
0 483
0 1
0 10
cob=(7)
cfi=(103)
cfn=(1336)
calls=1 0 
0 252
0 1
0 2
cob=(7)
cfi=(103)
cfn=(1356)
calls=1 0 
0 86
0 1
0 4
cfn=(1924)
calls=1 0 
0 2242604
0 4
cob=(7)
cfi=(103)
cfn=(1282)
calls=1 0 
0 478
0 1
0 10
cob=(7)
cfi=(103)
cfn=(1336)
calls=1 0 
0 252
0 1
0 2
cob=(7)
cfi=(103)
cfn=(1356)
calls=1 0 
0 86
0 1
0 4
cob=(7)
cfi=(103)
cfn=(1282)
calls=1 0 
0 367
0 1
0 10
cob=(7)
cfi=(103)
cfn=(1336)
calls=1 0 
0 252
0 1
0 7
cob=(7)
cfi=(103)
cfn=(1356)
calls=1 0 
0 86
0 1

fn=(1924)
0 44
cfn=(1926) matrix_group_base_len_projective_group(long, long, long, long)
calls=2 0 
0 40
0 8
cfn=(1928)
calls=2 0 
0 246487
0 22
cfn=(1932) projective_matrix_group_base_and_orbits(long, finite_field*, long, long, long, long*, long*, long**, long**, long)
calls=2 0 
0 4239090
0 16

fn=(1936) PG_element_modified_not_in_subspace_perm(long, long, finite_field&, long*, long*, long)
0 160
cfn=(1844)
calls=8 0 
0 1455
0 728
cfn=(1938)
calls=8 0 
0 528
0 95160
cfn=(1938)
calls=19032 0 
0 2409200
0 336232
cfn=(1942)
calls=8 0 
0 840
0 39116

fn=(1968)
0 32

fn=(1970)
0 21823294

fn=(2070)
0 554072
cfn=(1818)
calls=38340 0 
0 4034030
0 272341
cfn=(1812)
calls=6745 0 
0 823296
0 47375
cfn=(1842)
calls=40 0 
0 640
0 86608
cfn=(1842)
calls=43304 0 
0 723512
0 260064
cfn=(1812)
calls=43344 0 
0 3631178
0 1073532

fn=(2124)
0 188601
cfn=(2126) sims::compute_coset_rep_depth(long, long, long)
calls=8981 0 
0 289096
0 53886
cfn=(1844)
calls=8981 0 
0 814810
0 53886
cfn=(1844)
calls=8981 0 
0 850945
0 277785

fn=(2144) finite_field::is_scalar_multiple_of_identity_matrix(long*, long, long&)
0 10611
cfn=(2146)
calls=1179 0 
0 167918
0 41769

fn=(2148)
0 8204
cfn=(2150)
calls=1172 0 
0 36701
0 7032

fn=(2156) longinteger_domain::subtract_signless(longinteger_object&, longinteger_object&, longinteger_object&)
0 91536
cfn=(2078)
calls=11442 0 
0 1334194
0 80094
cfn=(1812)
calls=11442 0 
0 950748
0 996869
cfn=(2080)
calls=11442 0 
0 264191

fn=(2180)
0 267092
cob=(7)
cfi=(103)
cfn=(1822)
calls=9539 0 
0 814367
0 9539

fn=(2194) sims::freeself()
0 22768
cfn=(1942)
calls=1423 0 
0 163491
0 9961
cfn=(1942)
calls=1423 0 
0 165327
0 9961
cfn=(1942)
calls=1423 0 
0 158340
0 9961
cfn=(1942)
calls=1423 0 
0 159292
0 19922
cfn=(1942)
calls=1423 0 
0 343238
0 28460
cfn=(1942)
calls=5692 0 
0 1078462
0 42690
cfn=(1942)
calls=7115 0 
0 1284575
0 42690
cfn=(1942)
calls=7115 0 
0 1290278
0 49805
cfn=(1942)
calls=7115 0 
0 1753924
0 27037
cfn=(2180)
calls=1423 0 
0 159377
0 7115
cfn=(2180)
calls=1423 0 
0 160091
0 7115
cfn=(2180)
calls=1423 0 
0 161332
0 7115
cfn=(2180)
calls=1423 0 
0 164171
0 9961
cfn=(1942)
calls=1423 0 
0 166296
0 9961
cfn=(1942)
calls=1423 0 
0 190379
0 9961
cfn=(1942)
calls=1423 0 
0 196507
0 9961
cfn=(1942)
calls=1423 0 
0 198501
0 9961
cfn=(1942)
calls=1423 0 
0 204324
0 9961
cfn=(1942)
calls=1423 0 
0 217595
0 9961
cfn=(1942)
calls=1423 0 
0 221794
0 9961
cfn=(1942)
calls=1423 0 
0 233832
0 9961
cfn=(1942)
calls=1423 0 
0 228389
0 9961
cfn=(1942)
calls=1423 0 
0 228820
0 9961
cfn=(1942)
calls=1423 0 
0 228653
0 9961
cfn=(1942)
calls=1423 0 
0 230028
0 9961
cfn=(1942)
calls=1423 0 
0 232049
0 17142
cfn=(1942)
calls=956 0 
0 423179
0 9090
cfn=(1942)
calls=1515 0 
0 329339
0 14528
cfn=(2180)
calls=1423 0 
0 166483
0 28460

fn=(2196)
0 43861
cfn=(1942)
calls=6193 0 
0 758073
0 170

fn=(2202) matrix_group_element_print(action&, void*, std::ostream&)
0 99
cfn=(2204) matrix_group::GL_print_easy(long*, std::ostream&)
calls=9 0 
0 127076
0 90
cob=(7)
cfi=(103)
cfn=(1336)
calls=9 0 
0 2268
0 9
0 18
cob=(7)
cfi=(103)
cfn=(1356)
calls=9 0 
0 774
0 9
0 117
cob=(7)
cfi=(103)
cfn=(1282)
calls=9 0 
0 2133
0 9
0 90
cob=(7)
cfi=(103)
cfn=(1336)
calls=9 0 
0 2268
0 9
0 18
cob=(7)
cfi=(103)
cfn=(1356)
calls=9 0 
0 774
0 9
0 36
cfn=(2232) matrix_group::GL_print_easy_normalized(long*, std::ostream&)
calls=9 0 
0 126338
0 90
cob=(7)
cfi=(103)
cfn=(1336)
calls=9 0 
0 2268
0 9
0 18
cob=(7)
cfi=(103)
cfn=(1356)
calls=9 0 
0 774
0 9
0 27

fn=(2238)
0 390
cfn=(2064)
calls=26 0 
0 104
0 156
cfn=(2066)
calls=26 0 
0 45740
0 104
cob=(7)
cfi=(103)
cfn=(1282)
calls=26 0 
0 10998
0 26
0 78
cfn=(2086)
calls=26 0 
0 14342
0 130
cob=(7)
cfi=(103)
cfn=(1282)
calls=26 0 
0 6162
0 26
0 260
cob=(7)
cfi=(103)
cfn=(1336)
calls=26 0 
0 6552
0 26
0 52
cob=(7)
cfi=(103)
cfn=(1356)
calls=26 0 
0 2236
0 26
0 104
cob=(7)
cfi=(103)
cfn=(1282)
calls=26 0 
0 6318
0 26
0 260
cob=(7)
cfi=(103)
cfn=(1336)
calls=26 0 
0 6552
0 26
0 52
cob=(7)
cfi=(103)
cfn=(1356)
calls=26 0 
0 2236
0 26
0 334
cfn=(2012)
calls=68 0 
0 612
0 272
cfn=(2240)
calls=68 0 
0 1489965
0 718
cob=(7)
cfi=(103)
cfn=(1282)
calls=26 0 
0 6318
0 26
0 260
cob=(7)
cfi=(103)
cfn=(1336)
calls=26 0 
0 6552
0 26
0 52
cob=(7)
cfi=(103)
cfn=(1356)
calls=26 0 
0 2236
0 26
0 52
cfn=(2084)
calls=26 0 
0 2912
0 302
cob=(7)
cfi=(103)
cfn=(1282)
calls=4 0 
0 972
0 4
0 40
cob=(7)
cfi=(103)
cfn=(1336)
calls=4 0 
0 1008
0 4
0 8
cob=(7)
cfi=(103)
cfn=(1356)
calls=4 0 
0 344
0 4
0 16
cob=(7)
cfi=(103)
cfn=(1282)
calls=4 0 
0 972
0 4
0 40
cob=(7)
cfi=(103)
cfn=(1336)
calls=4 0 
0 1008
0 4
0 8
cob=(7)
cfi=(103)
cfn=(1356)
calls=4 0 
0 344
0 4
0 12

fn=(2242)
0 136
cfn=(2244) matrix_group::GL_print_latex(long*, std::ostream&)
calls=68 0 
0 1489761

fn=(2268) surface::surface()
0 36

fn=(2308) finite_field::mult_matrix(long*, long*, long*, long, long, long)
0 54263160
cfn=(1854)
calls=1749846 0 
0 43746150
0 6999384
cfn=(1996)
calls=1749846 0 
0 59494764
0 12248922
cfn=(1854)
calls=1749846 0 
0 43746150
0 6999384
cfn=(1996)
calls=1749846 0 
0 59494764
0 21008400

fn=(2310) bitvector_m_ii(unsigned char*, long, long)
0 5695326

fn=(3234)
0 34960
cfn=(1916)
calls=1840 0 
0 2889156

fn=(3236)
0 49920

fn=(2320)
0 66

fn=(2352)
0 12

fn=(2386)
0 988146
cfn=(2346) Witt_index(long, long) [clone .part.4] [clone .constprop.40]
calls=36598 0 
0 365980
0 219588
cfn=(2388) Sbar_rank(finite_field&, long*, long, long, long&)
calls=36598 0 
0 44857916
0 73196

fn=(2406) S_unrank(finite_field&, long*, long, long, long)
0 532060
cfn=(2338)
calls=11075 0 
0 199350
0 92734
cfn=(2410) S_unrank(finite_field&, long*, long, long, long) [clone .constprop.31]
calls=4151 0 
0 32826
0 349676
cfn=(2334)
calls=6924 0 
0 186948
0 138480
cfn=(2412)
calls=6924 0 
0 249264
0 48468
cfn=(2408) N1_unrank(finite_field&, long*, long, long, long)
calls=6924 0 
0 297732
0 34620
cfn=(1854)
calls=6924 0 
0 173100
0 20772
cfn=(1994)
calls=6924 0 
0 166176
0 110784
cfn=(1854)
calls=6924 0 
0 173100
0 27696

fn=(2434)
0 1292
cob=(7)
cfi=(103)
cfn=(1406)
calls=68 0 
0 12488
0 68
0 748

fn=(2438) diophant::RHSi(long)
0 50

fn=(3474) INT_vec_search_vec(long*, long, long*, long, long*)
0 287570

fn=(3488) poset_classification::find_poset_orbit_node_for_set_basic(long, long, long, long*, long, long)
0 15677
cfn=(3258)
calls=1285 0 
0 40358
0 35980

fn=(2498)
0 8640
cfn=(2500)
calls=720 0 
0 12960
0 3690

fn=(2522)
0 16783492

fn=(2538)
0 19525

fn=(2596)
0 3816
cfn=(1942)
calls=424 0 
0 44894
0 2968
cfn=(2184)
calls=424 0 
0 11448
0 2120
cfn=(2196)
calls=424 0 
0 50373
0 1696
cob=(7)
cfi=(103)
cfn=(2190)
calls=424 0 
0 34706
0 424

fn=(2606)
0 46
cfn=(2292)
calls=1 0 
0 264
0 6
cfn=(1844)
calls=1 0 
0 88
0 6
cfn=(1844)
calls=1 0 
0 88
0 6
cfn=(1844)
calls=1 0 
0 88
0 6
cfn=(1844)
calls=1 0 
0 88
0 6
cfn=(1844)
calls=1 0 
0 88
0 6
cfn=(1844)
calls=1 0 
0 88
0 6
cfn=(1844)
calls=1 0 
0 496
0 6
cfn=(1844)
calls=1 0 
0 401
0 6
cfn=(1844)
calls=1 0 
0 244
0 6
cfn=(1844)
calls=1 0 
0 88
0 12

fn=(2612)
0 209400
cfn=(2610)
calls=4188 0 
0 2877351
0 29316
cfn=(2306)
calls=4188 0 
0 210496
0 21224
cfn=(1946)
calls=866 0 
0 14638
0 5096
cfn=(1946)
calls=728 0 
0 9464
0 14346
cfn=(2292)
calls=1594 0 
0 219664
0 15764
cfn=(2292)
calls=866 0 
0 18674
0 406725
cfn=(2614)
calls=3438 0 
0 86292
0 42061
cfn=(2613) grassmann::rank_INT(long)'2
calls=4174 0 
0 2406590
0 48963
cfn=(2292)
calls=3322 0 
0 532102
0 6644

fn=(2613)
0 240200
cfn=(2610)
calls=4804 0 
0 1423575
0 33628
cfn=(2306)
calls=4804 0 
0 175940
0 22452
cfn=(1946)
calls=804 0 
0 12588
0 7236
cfn=(2292)
calls=804 0 
0 15576
0 11256
cfn=(2292)
calls=804 0 
0 4284
0 90376
cfn=(2614)
calls=3680 0 
0 85725
0 91191
cfn=(2613)
calls=630 0 
0 253269
0 95071
cfn=(2292)
calls=4000 0 
0 89492
0 8000

fn=(2624) longinteger_domain::group_order_PGL(longinteger_object&, long, long, long)
0 19
cfn=(1810)
calls=1 0 
0 31
0 9
cfn=(1946)
calls=1 0 
0 25
0 9
cfn=(1946)
calls=3 0 
0 75
0 16
cfn=(1946)
calls=4 0 
0 55
0 32
cfn=(2066)
calls=1 0 
0 7592
0 5
cfn=(1942)
calls=1 0 
0 105
0 16
cfn=(1844)
calls=1 0 
0 88
0 12

fn=(2642)
0 8194
cfn=(2388)
calls=241 0 
0 177347
0 10849

fn=(2656) evaluate_quadratic_form(finite_field&, long*, long, long, long, long, long, long)
0 17
cfn=(2324) Witt_index(long, long)
calls=1 0 
0 22
0 17
cfn=(2396)
calls=1 0 
0 245

fn=(2670) orthogonal::canonical_points_L4(long, long, long&, long&)
0 468
cfn=(2402)
calls=26 0 
0 3182
0 156
cfn=(2402)
calls=26 0 
0 8224
0 598

fn=(2672)
0 36

fn=(2694) orthogonal::points_on_line_by_line_rank(long, long*, long) [clone .constprop.28]
0 4900
cfn=(2646)
calls=196 0 
0 38612
0 980
cfn=(2646)
calls=196 0 
0 121612
0 2352
cfn=(2036)
calls=196 0 
0 6468
0 15288
cfn=(2036)
calls=2548 0 
0 153860
0 24696
cfn=(1854)
calls=2744 0 
0 68600
0 54880
cfn=(1854)
calls=13720 0 
0 343000
0 82320
cfn=(1854)
calls=16464 0 
0 411600
0 65856
cfn=(1996)
calls=16464 0 
0 559776
0 225008
cfn=(2386)
calls=2744 0 
0 2332834
0 35084
cfn=(2390) PG_element_normalize(finite_field&, long*, long, long)
calls=2744 0 
0 97136
0 9016
cfn=(2696) orthogonal::hyperbolic_unrank_line(long&, long&, long, long)
calls=196 0 
0 256462
0 196

fn=(2696)
0 1733
cfn=(2710) orthogonal::unrank_line_L7(long&, long&, long, long)
calls=1 0 
0 35
0 288
cfn=(2698) orthogonal::unrank_line_L1(long&, long&, long, long)
calls=144 0 
0 184608
0 4
cfn=(2704) orthogonal::unrank_line_L5(long&, long&, long, long)
calls=2 0 
0 219
0 48
cfn=(2700) orthogonal::unrank_line_L3(long&, long&, long, long)
calls=24 0 
0 34786
0 48
cfn=(2702) orthogonal::unrank_line_L4(long&, long&, long, long)
calls=24 0 
0 34638
0 2
cfn=(2706) orthogonal::unrank_line_L6(long&, long&, long, long)
calls=1 0 
0 53

fn=(2697) orthogonal::hyperbolic_unrank_line(long&, long&, long, long)'2
0 57
cfn=(2710)
calls=1 0 
0 35
0 2
cfn=(2706)
calls=1 0 
0 53

fn=(2706)
0 42
cfn=(2708) orthogonal::type_and_index_to_point_rk(long, long, long) [clone .constprop.45]
calls=2 0 
0 46
0 18

fn=(2710)
0 70

fn=(2732) spreadsheet::fill_column_with_text(long, char const**, char const*)
0 130245
cob=(3)
cfi=(125)
cfn=(876)
calls=9 52 
0 151
0 9
0 45
cfn=(1812)
calls=9 0 
0 2267
0 45
cob=(3)
cfi=(147)
cfn=(1840)
calls=9 32 
0 329
0 9
0 18600
cob=(3)
cfi=(125)
cfn=(876)
calls=9282 52 
0 150218
0 9282
0 46410
cfn=(1812)
calls=9282 0 
0 2413754
0 55692
cob=(3)
cfi=(147)
cfn=(1840)
calls=9282 32 
0 529534
0 9282
0 18636

fn=(2812) spreadsheet::print_table_row(long, long, std::ostream&)
0 326853
cob=(7)
cfi=(103)
cfn=(1282)
calls=11844 0 
0 2132952
0 11844
0 94752
cob=(7)
cfi=(103)
cfn=(1282)
calls=11844 0 
0 2131920
0 11844
0 115743
cob=(7)
cfi=(103)
cfn=(1336)
calls=2823 0 
0 189141
0 2823
0 25407
cob=(7)
cfi=(103)
cfn=(1356)
calls=2823 0 
0 524968
0 2823
0 47376
cob=(3)
cfi=(125)
cfn=(876)
calls=11844 52 
0 179204
0 11844
0 23751
cob=(3)
cfi=(125)
cfn=(876)
calls=7917 52 
0 123851
0 7917
0 79044
cob=(7)
cfi=(103)
cfn=(1282)
calls=19761 0 
0 3511227
0 19761
0 136056
cob=(7)
cfi=(103)
cfn=(1282)
calls=16938 0 
0 3048840
0 16938
0 50814

fn=(2956) poset_orbit_node::init_root_node(poset_classification*, long)
0 24
cob=(7)
cfi=(103)
cfn=(1282)
calls=1 0 
0 413
0 1
0 11
cob=(7)
cfi=(103)
cfn=(1336)
calls=1 0 
0 252
0 1
0 9
cob=(7)
cfi=(103)
cfn=(1356)
calls=1 0 
0 86
0 1
0 4
cob=(7)
cfi=(103)
cfn=(1282)
calls=1 0 
0 503
0 1
0 11
cob=(7)
cfi=(103)
cfn=(1336)
calls=1 0 
0 252
0 1
0 2
cob=(7)
cfi=(103)
cfn=(1356)
calls=1 0 
0 86
0 1
0 2
cfn=(2958)
calls=1 0 
0 20
0 7
cob=(7)
cfi=(103)
cfn=(1282)
calls=1 0 
0 518
0 1
0 10
cob=(7)
cfi=(103)
cfn=(1336)
calls=1 0 
0 252
0 1
0 2
cob=(7)
cfi=(103)
cfn=(1356)
calls=1 0 
0 86
0 1
0 5
cfn=(1844)
calls=1 0 
0 88
0 7
cfn=(1844)
calls=1 0 
0 88
0 9
cfn=(2012)
calls=1 0 
0 9
0 40
cfn=(2012)
calls=10 0 
0 90
0 77
cfn=(2960)
calls=11 0 
0 18812
0 39
cfn=(1970)
calls=1 0 
0 44
0 1

fn=(2970)
0 5
cob=(3)
cfi=(125)
cfn=(876)
calls=1 52 
0 23
0 1
0 4
cob=(7)
cfi=(103)
cfn=(1282)
calls=1 0 
0 362
0 1
0 3

fn=(2976)
0 224

fn=(2996)
0 5730
cfn=(1974)
calls=573 0 
0 2292
0 1146
cfn=(1974)
calls=573 0 
0 2292
0 12606

fn=(2998)
0 36281

fn=(3010)
0 80027

fn=(3018) classify_double_sixes::partial_ovoid_test(long*, long, long)
0 992360
cfn=(2714)
calls=49618 0 
0 7965181
0 198472
cfn=(2716)
calls=49618 0 
0 2332046
0 675565
cfn=(2714)
calls=42623 0 
0 2813118
0 296254
cfn=(2714)
calls=42322 0 
0 6633627
0 339780
cfn=(2716)
calls=84945 0 
0 3992415
0 509670
cfn=(3242) orthogonal::evaluate_bilinear_form(long*, long*, long)
calls=84945 0 
0 39159645
0 849450
cfn=(2714)
calls=84945 0 
0 9626960
0 339780
cfn=(2716)
calls=84945 0 
0 3992415
0 509670
cfn=(3242)
calls=84945 0 
0 39159645
0 1090461
cfn=(2714)
calls=4446 0 
0 293436
0 17784
cfn=(2716)
calls=4446 0 
0 208962
0 26676
cfn=(3242)
calls=4446 0 
0 2049606
0 59021

fn=(3024) schreier::init2()
0 4584
cfn=(1844)
calls=573 0 
0 129571
0 4011
cfn=(1844)
calls=573 0 
0 121879
0 4011
cfn=(1844)
calls=573 0 
0 174597
0 4011
cfn=(1844)
calls=573 0 
0 130975
0 4011
cfn=(1844)
calls=573 0 
0 143480
0 4011
cfn=(1844)
calls=573 0 
0 138875
0 4011
cfn=(1844)
calls=573 0 
0 152856
0 1719

fn=(3026) schreier::init_generators_by_hdl(long, long*, long)
0 493
cfn=(2016)
calls=29 0 
0 5311
0 116
cfn=(2016)
calls=29 0 
0 5517
0 213
cfn=(2012)
calls=17 0 
0 153
0 85
cfn=(3028)
calls=17 0 
0 58686
0 68
cfn=(2012)
calls=17 0 
0 153
0 68
cfn=(2012)
calls=17 0 
0 153
0 102
cfn=(2020)
calls=17 0 
0 4917
0 119
cfn=(2012)
calls=17 0 
0 153
0 156
cfn=(2012)
calls=39 0 
0 351
0 280
cfn=(3028)
calls=56 0 
0 241340
0 224
cfn=(2012)
calls=56 0 
0 504
0 224
cfn=(2012)
calls=56 0 
0 504
0 392
cfn=(2020)
calls=56 0 
0 16352
0 280
cfn=(2012)
calls=56 0 
0 504
0 280
cfn=(3028)
calls=56 0 
0 254438
0 280
cfn=(2012)
calls=56 0 
0 504
0 224
cfn=(2012)
calls=56 0 
0 504
0 280
cfn=(2020)
calls=56 0 
0 16352
0 518
cfn=(3040) schreier::init_images(long, long)
calls=29 0 
0 2392987

fn=(3028)
0 45258
cfn=(3032) matrix_group_element_retrieve(action&, long, void*, long)
calls=2816 0 
0 12834158
cfn=(3030) induced_action_element_retrieve(action&, long, void*, long)
calls=19813 0 
0 78723709

fn=(3029) action::element_retrieve(long, void*, long)'2
0 79510
cfn=(3032)
calls=19813 0 
0 77650324
cfn=(3031) induced_action_element_retrieve(action&, long, void*, long)'2
calls=19942 0 
0 78735998

fn=(3034) page_storage::s_i(long)
0 701499

fn=(3064) poset_orbit_node::check_orbits(poset_classification*, schreier&, action&, long, long, long, long)
0 667
cfn=(2998)
calls=29 0 
0 1499
0 63690
cfn=(3012) poset_orbit_node::test_point_using_check_functions(poset_classification*, long, long, long*, long)
calls=1128 0 
0 3246698
0 5640

fn=(3074) poset_orbit_node::downstep_implicit_fusion(poset_classification*, schreier&, action&, long, long, long, long, long, long)
0 957

fn=(3088)
0 9168
cfn=(1942)
calls=573 0 
0 60539
0 4584
cfn=(1942)
calls=573 0 
0 68240
0 5730
cfn=(2180)
calls=573 0 
0 69566
0 3438
cfn=(2180)
calls=573 0 
0 69600
0 4584
cfn=(1942)
calls=573 0 
0 69600
0 7449

fn=(3116)
0 63052
cfn=(1844)
calls=1128 0 
0 99262
0 58379

fn=(3122) upstep_work::init_extension_node(long)
0 6256
cfn=(2958)
calls=272 0 
0 5440
0 2992
cfn=(2998)
calls=272 0 
0 15892
0 2176
cob=(7)
cfi=(103)
cfn=(1412)
calls=272 0 
0 14688
0 272
0 816
cfn=(3124)
calls=272 0 
0 2448
0 1904
cfn=(1798)
calls=272 0 
0 7616
0 816
cob=(7)
cfi=(103)
cfn=(1412)
calls=272 0 
0 14688
0 272
0 816
cfn=(3124)
calls=272 0 
0 2448
0 1904
cfn=(1798)
calls=272 0 
0 7616
0 4080
cfn=(3126)
calls=272 0 
0 132628236
0 5984
cfn=(3136)
calls=272 0 
0 1988805606
0 2176
cfn=(3186)
calls=272 0 
0 424520424
0 5712
cfn=(3204)
calls=272 0 
0 8160
0 544
cob=(7)
cfi=(103)
cfn=(1412)
calls=272 0 
0 14688
0 272
0 816
cfn=(1860) strong_generators::strong_generators()
calls=272 0 
0 1088
0 1904
cfn=(1798)
calls=272 0 
0 7616
0 1632
cfn=(2056)
calls=272 0 
0 214590
0 1088
cfn=(3206)
calls=272 0 
0 723151
0 1360
cfn=(2184)
calls=272 0 
0 7344
0 1088
cfn=(2596)
calls=272 0 
0 94759
0 816
cob=(7)
cfi=(103)
cfn=(2190)
calls=272 0 
0 20672
0 272
0 1088

fn=(3132)
0 13620
cob=(7)
cfi=(103)
cfn=(1412)
calls=908 0 
0 49032
0 908
0 2724
cfn=(2000)
calls=908 0 
0 34504
0 7264
cfn=(1798)
calls=908 0 
0 25424
0 3632
cfn=(2002)
calls=908 0 
0 77055542
0 3632
cfn=(2010) sims::init_generators(vector_ge&, long)
calls=908 0 
0 33893721
0 5448
cfn=(2044) sims::compute_base_orbits_known_length(long*, long)
calls=908 0 
0 163986171
0 6356

fn=(3150) sims::point_stabilizer_stabchain_with_action(action*, sims&, long, long)
0 4896
cfn=(2996)
calls=272 0 
0 11424
0 816
cfn=(2064)
calls=272 0 
0 1088
0 816
cfn=(2064)
calls=272 0 
0 1088
0 816
cfn=(2064)
calls=272 0 
0 1088
0 816
cfn=(2064)
calls=272 0 
0 1088
0 816
cfn=(2064)
calls=272 0 
0 1088
0 2176
cfn=(2066)
calls=272 0 
0 720805
0 1360
cfn=(3020)
calls=272 0 
0 885369
0 816
cfn=(3152)
calls=272 0 
0 2240346
0 1632
cfn=(3044)
calls=272 0 
0 1580610146
0 3264
cfn=(2428)
calls=272 0 
0 2990670
0 1904
cfn=(3158)
calls=272 0 
0 5728
0 1054
cfn=(2002)
calls=102 0 
0 8815828
0 306
cfn=(2098)
calls=102 0 
0 73848
0 544
cfn=(2084)
calls=272 0 
0 22338
0 544
cfn=(2084)
calls=272 0 
0 22338
0 544
cfn=(2084)
calls=272 0 
0 22338
0 544
cfn=(2084)
calls=272 0 
0 32980
0 544
cfn=(2084)
calls=272 0 
0 33354
0 544
cfn=(3094)
calls=272 0 
0 658717
0 4114
cfn=(3160) vector_ge::vector_ge(action*)
calls=170 0 
0 680
0 510
cfn=(2002)
calls=170 0 
0 14726877
0 680
cfn=(2010)
calls=170 0 
0 108120
0 680
cfn=(3162)
calls=170 0 
0 38420
0 1020
cfn=(2066)
calls=170 0 
0 33917
0 6264
cfn=(2112)
calls=170 0 
0 76436
0 6528
cfn=(2030)
calls=768 0 
0 11744094
0 9216
cfn=(3166) sims::strip_and_add(long*, long*, long)
calls=768 0 
0 114806673
0 8614
cfn=(2066)
calls=768 0 
0 986792
0 4608
cfn=(3164)
calls=768 0 
0 23030
0 9216
cfn=(2154)
calls=768 0 
0 7159552
0 4608
cfn=(3164)
calls=768 0 
0 23030
0 5288
cfn=(3164)
calls=938 0 
0 27289
0 4948
cfn=(3170)
calls=384 0 
0 60590967
0 1196
cfn=(2160)
calls=214 0 
0 15191
0 2000
cfn=(2160)
calls=250 0 
0 17756
0 2500
cfn=(2122)
calls=250 0 
0 2487165
0 1250
cfn=(2030)
calls=250 0 
0 384956
0 1858
cfn=(2160)
calls=36 0 
0 2548
0 250
cfn=(2160)
calls=214 0 
0 15169
0 856
cfn=(2012)
calls=214 0 
0 1926
0 1284
cfn=(2128)
calls=214 0 
0 2101908
0 1070
cfn=(2030)
calls=214 0 
0 342862
0 2568
cfn=(2120)
calls=214 0 
0 2985063
0 1070
cfn=(2030)
calls=214 0 
0 330749
0 1926
cfn=(2128)
calls=214 0 
0 2101908
0 1284
cfn=(2030)
calls=214 0 
0 337001
0 1108
cfn=(2196)
calls=170 0 
0 680
0 170

fn=(3158)
0 9320

fn=(3208)
0 8984
cfn=(2184)
calls=272 0 
0 7344
0 1360
cfn=(3210)
calls=272 0 
0 2611113
0 816
cob=(7)
cfi=(103)
cfn=(2190)
calls=272 0 
0 20893
0 272
0 4744
cfn=(2184)
calls=272 0 
0 7344
0 1360
cfn=(3210)
calls=272 0 
0 2475581
0 816
cob=(7)
cfi=(103)
cfn=(2190)
calls=272 0 
0 20927
0 272
0 4744
cfn=(2358)
calls=272 0 
0 7344
0 1088
cob=(7)
cfi=(103)
cfn=(1822)
calls=272 0 
0 22370
0 272
0 8168
cfn=(1942)
calls=1128 0 
0 123064
0 3384
cfn=(2084)
calls=1128 0 
0 38512
0 5640
cfn=(2084)
calls=1128 0 
0 38512

fn=(3244)
0 7850

fn=(3250) poset_orbit_node::trace_next_point_wrapper(poset_classification*, long, long, long, long, long&, long)
0 92700
cfn=(2012)
calls=4635 0 
0 41715
0 18540
cfn=(2012)
calls=4635 0 
0 41715
0 69525
cfn=(3252) poset_orbit_node::trace_next_point(poset_classification*, long, long, long, long*, long*, long*, long*, long, long&, long)
calls=4635 0 
0 289312408
0 60255

fn=(3296) poset_orbit_node::get_nb_of_live_points()
0 1365

fn=(3312) classify_double_sixes::downstep(long)
0 18
cfn=(2976)
calls=1 0 
0 4
0 4
cob=(7)
cfi=(103)
cfn=(1412)
calls=1 0 
0 54
0 1
0 3
cfn=(3324) flag_orbits::flag_orbits()
calls=1 0 
0 9
0 7
cfn=(1798)
calls=1 0 
0 28
0 10
cfn=(3326) flag_orbits::init(action*, action*, long, long, long, long)
calls=1 0 
0 4997
0 427
cob=(7)
cfi=(103)
cfn=(1282)
calls=69 0 
0 39192
0 69
0 759
cob=(7)
cfi=(103)
cfn=(1336)
calls=69 0 
0 17388
0 69
0 138
cob=(7)
cfi=(103)
cfn=(1356)
calls=69 0 
0 5934
0 69
0 276
cfn=(3384) INT_matrix_print(long*, long, long)
calls=69 0 
0 720539
0 345
cfn=(1970)
calls=69 0 
0 4485
0 828
cfn=(2318)
calls=69 0 
0 4986
0 759
cfn=(3386) flag_orbit_node::init(flag_orbits*, long, long, long, long, long, long*, strong_generators*, long)
calls=69 0 
0 106881
0 828
cfn=(2184)
calls=69 0 
0 1863
0 258
cfn=(2184)
calls=43 0 
0 1161
0 336
cfn=(3378)
calls=112 0 
0 923215
0 336
cob=(7)
cfi=(103)
cfn=(2190)
calls=112 0 
0 8512
0 112
0 224
cfn=(2084)
calls=112 0 
0 14448
0 224
cfn=(2084)
calls=112 0 
0 14448
0 1120
cfn=(2064)
calls=112 0 
0 448
0 336
cfn=(2064)
calls=112 0 
0 448
0 560
cfn=(3330)
calls=112 0 
0 32180679
0 784
cfn=(3340) poset_classification::orbit_length(long, long, longinteger_object&)
calls=112 0 
0 1916412
0 336
cfn=(2602)
calls=112 0 
0 44575
0 560
cfn=(1970)
calls=112 0 
0 4928
0 672
cfn=(2718)
calls=112 0 
0 4368
0 1120
cfn=(3342)
calls=112 0 
0 40834478
0 482
cob=(7)
cfi=(103)
cfn=(1282)
calls=43 0 
0 11223
0 43
0 129
cob=(7)
cfi=(103)
cfn=(1378)
calls=43 0 
0 17221
0 43
0 215
cob=(7)
cfi=(103)
cfn=(1282)
calls=43 0 
0 10664
0 43
0 129
cob=(7)
cfi=(103)
cfn=(1378)
calls=43 0 
0 18146
0 43
0 215
cob=(7)
cfi=(103)
cfn=(1282)
calls=43 0 
0 21199
0 43
0 430
cob=(7)
cfi=(103)
cfn=(1336)
calls=43 0 
0 10836
0 43
0 86
cob=(7)
cfi=(103)
cfn=(1356)
calls=43 0 
0 3698
0 43
0 491
cob=(7)
cfi=(103)
cfn=(1282)
calls=112 0 
0 29232
0 112
0 336
cob=(7)
cfi=(103)
cfn=(1378)
calls=112 0 
0 45277
0 112
0 560
cob=(7)
cfi=(103)
cfn=(1282)
calls=112 0 
0 27776
0 112
0 336
cob=(7)
cfi=(103)
cfn=(1378)
calls=112 0 
0 47264
0 112
0 560
cob=(7)
cfi=(103)
cfn=(1282)
calls=112 0 
0 39424
0 112
0 336
cob=(7)
cfi=(103)
cfn=(1378)
calls=112 0 
0 46508
0 112
0 560
cob=(7)
cfi=(103)
cfn=(1282)
calls=112 0 
0 27776
0 112
0 336
cob=(7)
cfi=(103)
cfn=(1378)
calls=112 0 
0 47264
0 112
0 1344
cob=(7)
cfi=(103)
cfn=(1336)
calls=112 0 
0 28224
0 112
0 224
cob=(7)
cfi=(103)
cfn=(1356)
calls=112 0 
0 9632
0 112
0 560
cob=(7)
cfi=(103)
cfn=(1282)
calls=112 0 
0 32368
0 112
0 448
cfn=(2046)
calls=112 0 
0 491168
0 1232
cob=(7)
cfi=(103)
cfn=(1336)
calls=112 0 
0 28224
0 112
0 224
cob=(7)
cfi=(103)
cfn=(1356)
calls=112 0 
0 9632
0 112
0 448
cob=(7)
cfi=(103)
cfn=(1282)
calls=112 0 
0 81536
0 112
0 1120
cob=(7)
cfi=(103)
cfn=(1336)
calls=112 0 
0 28224
0 112
0 224
cob=(7)
cfi=(103)
cfn=(1356)
calls=112 0 
0 9632
0 112
0 500
cob=(7)
cfi=(103)
cfn=(1282)
calls=69 0 
0 18009
0 69
0 207
cob=(7)
cfi=(103)
cfn=(1378)
calls=69 0 
0 28056
0 69
0 345
cob=(7)
cfi=(103)
cfn=(1282)
calls=69 0 
0 17112
0 69
0 207
cob=(7)
cfi=(103)
cfn=(1378)
calls=69 0 
0 29118
0 69
0 345
cob=(7)
cfi=(103)
cfn=(1282)
calls=69 0 
0 24288
0 69
0 207
cob=(7)
cfi=(103)
cfn=(1378)
calls=69 0 
0 28740
0 69
0 345
cob=(7)
cfi=(103)
cfn=(1282)
calls=69 0 
0 17112
0 69
0 207
cob=(7)
cfi=(103)
cfn=(1378)
calls=69 0 
0 29118
0 69
0 345
cob=(7)
cfi=(103)
cfn=(1282)
calls=69 0 
0 20286
0 69
0 207
cfn=(2086)
calls=69 0 
0 19665
0 759
cob=(7)
cfi=(103)
cfn=(1336)
calls=69 0 
0 17388
0 69
0 138
cob=(7)
cfi=(103)
cfn=(1356)
calls=69 0 
0 5934
0 69
0 77
cfn=(1844)
calls=1 0 
0 88
0 226
cob=(7)
cfi=(103)
cfn=(1282)
calls=1 0 
0 382
0 1
0 11
cob=(7)
cfi=(103)
cfn=(1336)
calls=1 0 
0 252
0 1
0 2
cob=(7)
cfi=(103)
cfn=(1356)
calls=1 0 
0 86
0 1
0 4
cob=(7)
cfi=(103)
cfn=(1282)
calls=1 0 
0 478
0 1
0 11
cob=(7)
cfi=(103)
cfn=(1336)
calls=1 0 
0 252
0 1
0 2
cob=(7)
cfi=(103)
cfn=(1356)
calls=1 0 
0 86
0 1
0 3
cfn=(3314) classify_double_sixes::test_orbits(long)
calls=1 0 
0 218950123
0 4
cob=(7)
cfi=(103)
cfn=(1282)
calls=1 0 
0 473
0 1
0 11
cob=(7)
cfi=(103)
cfn=(1336)
calls=1 0 
0 252
0 1
0 2
cob=(7)
cfi=(103)
cfn=(1356)
calls=1 0 
0 86
0 1
0 4
cob=(7)
cfi=(103)
cfn=(1282)
calls=1 0 
0 251
0 1
0 4
cfn=(2046)
calls=1 0 
0 35518
0 12
cob=(7)
cfi=(103)
cfn=(1336)
calls=1 0 
0 252
0 1
0 2
cob=(7)
cfi=(103)
cfn=(1356)
calls=1 0 
0 86
0 1
0 5
cob=(7)
cfi=(103)
cfn=(1282)
calls=1 0 
0 508
0 1
0 12
cob=(7)
cfi=(103)
cfn=(1336)
calls=1 0 
0 252
0 1
0 2
cob=(7)
cfi=(103)
cfn=(1356)
calls=1 0 
0 86
0 1
0 6
cob=(7)
cfi=(103)
cfn=(1282)
calls=1 0 
0 433
0 1
0 3
cob=(7)
cfi=(103)
cfn=(1378)
calls=1 0 
0 404
0 1
0 5
cob=(7)
cfi=(103)
cfn=(1282)
calls=1 0 
0 327
0 1
0 3
cob=(7)
cfi=(103)
cfn=(1378)
calls=1 0 
0 422
0 1
0 5
cob=(7)
cfi=(103)
cfn=(1282)
calls=1 0 
0 266
0 1
0 11
cob=(7)
cfi=(103)
cfn=(1336)
calls=1 0 
0 252
0 1
0 2
cob=(7)
cfi=(103)
cfn=(1356)
calls=1 0 
0 86
0 1
0 4
cob=(7)
cfi=(103)
cfn=(1282)
calls=1 0 
0 533
0 1
0 11
cob=(7)
cfi=(103)
cfn=(1336)
calls=1 0 
0 252
0 1
0 2
cob=(7)
cfi=(103)
cfn=(1356)
calls=1 0 
0 86
0 1
0 1

fn=(3314)
0 3191
cfn=(3286)
calls=244 0 
0 28792
0 1464
cfn=(2714)
calls=244 0 
0 39284
0 976
cfn=(2716)
calls=244 0 
0 11468
0 1708
cfn=(2714)
calls=244 0 
0 16104
0 4392
cfn=(2714)
calls=732 0 
0 94672
0 3904
cfn=(2716)
calls=976 0 
0 45872
0 5856
cfn=(3242)
calls=976 0 
0 449936
0 6100
cfn=(2718)
calls=244 0 
0 9516
0 1708
cfn=(3316)
calls=244 0 
0 218076957
0 890
cob=(7)
cfi=(103)
cfn=(1282)
calls=1 0 
0 448
0 1
0 3
cob=(7)
cfi=(103)
cfn=(1378)
calls=1 0 
0 422
0 1
0 5
cob=(7)
cfi=(103)
cfn=(1282)
calls=1 0 
0 248
0 1
0 3
cob=(7)
cfi=(103)
cfn=(1378)
calls=1 0 
0 422
0 1
0 5
cob=(7)
cfi=(103)
cfn=(1282)
calls=1 0 
0 367
0 1
0 10
cob=(7)
cfi=(103)
cfn=(1336)
calls=1 0 
0 252
0 1
0 2
cob=(7)
cfi=(103)
cfn=(1356)
calls=1 0 
0 86
0 1
0 4
cob=(7)
cfi=(103)
cfn=(1282)
calls=1 0 
0 251
0 1
0 5
cfn=(2046)
calls=1 0 
0 35518
0 10
cob=(7)
cfi=(103)
cfn=(1336)
calls=1 0 
0 252
0 1
0 2
cob=(7)
cfi=(103)
cfn=(1356)
calls=1 0 
0 86
0 1
0 4
cob=(7)
cfi=(103)
cfn=(1282)
calls=1 0 
0 423
0 1
0 10
cob=(7)
cfi=(103)
cfn=(1336)
calls=1 0 
0 252
0 1
0 2
cob=(7)
cfi=(103)
cfn=(1356)
calls=1 0 
0 86
0 1
0 912
cob=(7)
cfi=(103)
cfn=(1282)
calls=1 0 
0 433
0 1
0 3
cob=(7)
cfi=(103)
cfn=(1378)
calls=1 0 
0 388
0 1
0 5
cob=(7)
cfi=(103)
cfn=(1282)
calls=1 0 
0 248
0 1
0 3
cob=(7)
cfi=(103)
cfn=(1378)
calls=1 0 
0 422
0 1
0 5
cob=(7)
cfi=(103)
cfn=(1282)
calls=1 0 
0 237
0 1
0 10
cob=(7)
cfi=(103)
cfn=(1336)
calls=1 0 
0 252
0 1
0 2
cob=(7)
cfi=(103)
cfn=(1356)
calls=1 0 
0 86
0 1
0 5
cob=(7)
cfi=(103)
cfn=(1282)
calls=1 0 
0 398
0 1
0 11
cob=(7)
cfi=(103)
cfn=(1336)
calls=1 0 
0 252
0 1
0 2
cob=(7)
cfi=(103)
cfn=(1356)
calls=1 0 
0 86
0 1
0 3
cfn=(2976)
calls=1 0 
0 4
0 5
cob=(7)
cfi=(103)
cfn=(1282)
calls=1 0 
0 443
0 1
0 3
cob=(7)
cfi=(103)
cfn=(1378)
calls=1 0 
0 422
0 1
0 5
cob=(7)
cfi=(103)
cfn=(1282)
calls=1 0 
0 362
0 1
0 10
cob=(7)
cfi=(103)
cfn=(1336)
calls=1 0 
0 252
0 1
0 2
cob=(7)
cfi=(103)
cfn=(1356)
calls=1 0 
0 86
0 1
0 6
cfn=(1844)
calls=1 0 
0 102761
0 3

fn=(3332)
0 856
cfn=(2064)
calls=214 0 
0 856
0 1498

fn=(3338)
0 1991
cob=(7)
cfi=(103)
cfn=(1412)
calls=181 0 
0 9774
0 181
0 543
cfn=(3124)
calls=181 0 
0 1629
0 1267
cfn=(1798)
calls=181 0 
0 5068
0 1810
cfn=(3128)
calls=181 0 
0 1629
0 1086
cfn=(3130)
calls=181 0 
0 324662
0 543
cfn=(3132)
calls=181 0 
0 16245584
0 362
cob=(7)
cfi=(103)
cfn=(1412)
calls=181 0 
0 35151
0 181
0 543
cfn=(1860)
calls=181 0 
0 724
0 1267
cfn=(1798)
calls=181 0 
0 5068
0 905
cfn=(2056)
calls=181 0 
0 123358
0 905
cfn=(2184)
calls=181 0 
0 4887
0 362
cfn=(3210)
calls=181 0 
0 1370515
0 1448
cob=(7)
cfi=(103)
cfn=(2190)
calls=181 0 
0 13756
0 181

fn=(3384)
0 8970
cfn=(1842)
calls=138 0 
0 4098
0 4071
cob=(7)
cfi=(103)
cfn=(1378)
calls=138 0 
0 70584
0 138
0 552
cob=(7)
cfi=(103)
cfn=(1282)
calls=138 0 
0 32706
0 138
0 966
cob=(7)
cfi=(103)
cfn=(1378)
calls=138 0 
0 69418
0 138
0 552
cob=(7)
cfi=(103)
cfn=(1282)
calls=138 0 
0 32706
0 138
0 1242
cob=(7)
cfi=(103)
cfn=(1378)
calls=138 0 
0 75501
0 138
0 552
cob=(7)
cfi=(103)
cfn=(1282)
calls=138 0 
0 32706
0 138
0 828
cob=(7)
cfi=(103)
cfn=(1378)
calls=138 0 
0 76117
0 138
0 552
cob=(7)
cfi=(103)
cfn=(1282)
calls=138 0 
0 32706
0 138
0 828
cob=(7)
cfi=(103)
cfn=(1378)
calls=138 0 
0 62928
0 138
0 552
cob=(7)
cfi=(103)
cfn=(1282)
calls=138 0 
0 32706
0 138
0 828
cob=(7)
cfi=(103)
cfn=(1378)
calls=138 0 
0 69384
0 138
0 552
cob=(7)
cfi=(103)
cfn=(1282)
calls=138 0 
0 32706
0 138
0 1932
cob=(7)
cfi=(103)
cfn=(1336)
calls=138 0 
0 34776
0 138
0 276
cob=(7)
cfi=(103)
cfn=(1356)
calls=138 0 
0 11868
0 138
0 1173
cfn=(1842)
calls=69 0 
0 2628
0 207
cfn=(1842)
calls=138 0 
0 5520
0 276
cfn=(1842)
calls=138 0 
0 4434
0 276
cfn=(1842)
calls=138 0 
0 4920
0 276
cfn=(1842)
calls=138 0 
0 4596
0 138

fn=(3388) classify_double_sixes::upstep(long)
0 21
cfn=(1844)
calls=1 0 
0 1316
0 5
cfn=(2298)
calls=1 0 
0 61
0 2
cob=(7)
cfi=(103)
cfn=(1412)
calls=1 0 
0 54
0 1
0 3
cfn=(3390) classification::classification()
calls=1 0 
0 17
0 7
cfn=(1798)
calls=1 0 
0 28
0 5
cfn=(2064)
calls=1 0 
0 4
0 3
cfn=(3392) action::group_order(longinteger_object&)
calls=1 0 
0 9031
0 10
cfn=(3394)
calls=1 0 
0 9083
0 476
cfn=(1970)
calls=21 0 
0 2132
0 42
cob=(7)
cfi=(103)
cfn=(1412)
calls=21 0 
0 1134
0 21
0 63
cfn=(1974)
calls=21 0 
0 84
0 147
cfn=(1798)
calls=21 0 
0 588
0 126
cfn=(2006)
calls=21 0 
0 315
0 63
cfn=(2016)
calls=21 0 
0 35081
0 63
cfn=(2064)
calls=21 0 
0 84
0 105
cfn=(1970)
calls=21 0 
0 1365
0 126
cob=(7)
cfi=(103)
cfn=(1282)
calls=21 0 
0 5964
0 21
0 84
cfn=(2046)
calls=21 0 
0 179709
0 231
cob=(7)
cfi=(103)
cfn=(1336)
calls=21 0 
0 5292
0 21
0 42
cob=(7)
cfi=(103)
cfn=(1356)
calls=21 0 
0 1806
0 21
0 105
cfn=(3462)
calls=21 0 
0 12298
0 84
cfn=(2602)
calls=21 0 
0 13973
0 5901
cob=(7)
cfi=(103)
cfn=(1282)
calls=252 0 
0 81144
0 252
0 756
cob=(7)
cfi=(103)
cfn=(1378)
calls=252 0 
0 109884
0 252
0 1008
cob=(7)
cfi=(103)
cfn=(1282)
calls=252 0 
0 72828
0 252
0 1008
cfn=(2046)
calls=252 0 
0 939768
0 2772
cob=(7)
cfi=(103)
cfn=(1336)
calls=252 0 
0 63504
0 252
0 504
cob=(7)
cfi=(103)
cfn=(1356)
calls=252 0 
0 21672
0 252
0 2268
cfn=(3464) classify_double_sixes::identify_five_plus_one(long*, long, long*, long&, long*, long)
calls=252 0 
0 142625057
0 2016
cob=(7)
cfi=(103)
cfn=(1282)
calls=252 0 
0 86184
0 252
0 2772
cob=(7)
cfi=(103)
cfn=(1336)
calls=252 0 
0 63504
0 252
0 504
cob=(7)
cfi=(103)
cfn=(1356)
calls=252 0 
0 21672
0 252
0 1008
cfn=(3490)
calls=252 0 
0 3362198
0 1764
cfn=(2554)
calls=252 0 
0 21856
0 5026
cfn=(1844)
calls=48 0 
0 4224
0 576
cfn=(2020)
calls=48 0 
0 9600
0 2664
cob=(7)
cfi=(103)
cfn=(1282)
calls=252 0 
0 61236
0 252
0 756
cob=(7)
cfi=(103)
cfn=(1378)
calls=252 0 
0 97398
0 252
0 1260
cob=(7)
cfi=(103)
cfn=(1282)
calls=252 0 
0 62496
0 252
0 756
cob=(7)
cfi=(103)
cfn=(1378)
calls=252 0 
0 97146
0 252
0 2772
cob=(7)
cfi=(103)
cfn=(1336)
calls=252 0 
0 63504
0 252
0 504
cob=(7)
cfi=(103)
cfn=(1356)
calls=252 0 
0 21672
0 252
0 2106
cob=(7)
cfi=(103)
cfn=(1282)
calls=106 0 
0 46958
0 106
0 1166
cob=(7)
cfi=(103)
cfn=(1336)
calls=106 0 
0 26712
0 106
0 212
cob=(7)
cfi=(103)
cfn=(1356)
calls=106 0 
0 9116
0 106
0 424
cfn=(3490)
calls=106 0 
0 1417850
0 1060
cob=(7)
cfi=(103)
cfn=(1336)
calls=106 0 
0 26712
0 106
0 212
cob=(7)
cfi=(103)
cfn=(1356)
calls=106 0 
0 9116
0 106
0 424
cfn=(2012)
calls=106 0 
0 954
0 530
cfn=(1988)
calls=106 0 
0 13568
0 604
cob=(7)
cfi=(103)
cfn=(1282)
calls=98 0 
0 27832
0 98
0 294
cob=(7)
cfi=(103)
cfn=(1378)
calls=98 0 
0 39478
0 98
0 490
cob=(7)
cfi=(103)
cfn=(1282)
calls=98 0 
0 44394
0 98
0 294
cob=(7)
cfi=(103)
cfn=(1378)
calls=98 0 
0 38809
0 98
0 1078
cob=(7)
cfi=(103)
cfn=(1336)
calls=98 0 
0 24696
0 98
0 196
cob=(7)
cfi=(103)
cfn=(1356)
calls=98 0 
0 8428
0 98
0 1466
cob=(7)
cfi=(103)
cfn=(1282)
calls=146 0 
0 55042
0 146
0 438
cob=(7)
cfi=(103)
cfn=(1378)
calls=146 0 
0 58832
0 146
0 730
cob=(7)
cfi=(103)
cfn=(1282)
calls=146 0 
0 45552
0 146
0 438
cob=(7)
cfi=(103)
cfn=(1378)
calls=146 0 
0 57722
0 146
0 1606
cob=(7)
cfi=(103)
cfn=(1336)
calls=146 0 
0 36792
0 146
0 292
cob=(7)
cfi=(103)
cfn=(1356)
calls=146 0 
0 12556
0 146
0 943
cfn=(3494) vector_ge::reallocate(long)
calls=21 0 
0 25044
0 42
cfn=(2064)
calls=21 0 
0 84
0 126
cob=(7)
cfi=(103)
cfn=(1282)
calls=21 0 
0 11823
0 21
0 63
cob=(7)
cfi=(103)
cfn=(1378)
calls=21 0 
0 8142
0 21
0 252
cob=(7)
cfi=(103)
cfn=(1336)
calls=21 0 
0 5292
0 21
0 42
cob=(7)
cfi=(103)
cfn=(1356)
calls=21 0 
0 1806
0 21
0 42
cob=(7)
cfi=(103)
cfn=(1412)
calls=21 0 
0 1267
0 21
0 63
cfn=(1860)
calls=21 0 
0 84
0 147
cfn=(1798)
calls=21 0 
0 588
0 147
cfn=(3496) strong_generators::init_group_extension(strong_generators*, vector_ge*, long, long)
calls=21 0 
0 21546248
0 126
cob=(7)
cfi=(103)
cfn=(1282)
calls=21 0 
0 9408
0 21
0 105
cfn=(2046)
calls=21 0 
0 73011
0 231
cob=(7)
cfi=(103)
cfn=(1336)
calls=21 0 
0 5292
0 21
0 42
cob=(7)
cfi=(103)
cfn=(1356)
calls=21 0 
0 1806
0 21
0 63
cfn=(2602)
calls=21 0 
0 28949
0 126
cob=(7)
cfi=(103)
cfn=(1282)
calls=21 0 
0 9093
0 21
0 63
cfn=(2086)
calls=21 0 
0 7479
0 231
cob=(7)
cfi=(103)
cfn=(1336)
calls=21 0 
0 5292
0 21
0 42
cob=(7)
cfi=(103)
cfn=(1356)
calls=21 0 
0 1806
0 21
0 84
cob=(7)
cfi=(103)
cfn=(1282)
calls=21 0 
0 7812
0 21
0 231
cob=(7)
cfi=(103)
cfn=(1336)
calls=21 0 
0 5292
0 21
0 42
cob=(7)
cfi=(103)
cfn=(1356)
calls=21 0 
0 1806
0 21
0 63
cfn=(2238)
calls=21 0 
0 1119075
0 42
cfn=(2084)
calls=21 0 
0 2352
0 231
cfn=(3504)
calls=21 0 
0 210980
0 126
cfn=(2184)
calls=21 0 
0 567
0 84
cfn=(2196)
calls=21 0 
0 3062
0 63
cob=(7)
cfi=(103)
cfn=(2190)
calls=21 0 
0 1953
0 21
0 126
cfn=(2184)
calls=21 0 
0 567
0 84
cfn=(2596)
calls=21 0 
0 8517
0 63
cob=(7)
cfi=(103)
cfn=(2190)
calls=21 0 
0 1953
0 21
0 168
cfn=(2084)
calls=21 0 
0 2709
0 447
cob=(7)
cfi=(103)
cfn=(1282)
calls=1 0 
0 274
0 1
0 4
cob=(7)
cfi=(103)
cfn=(1378)
calls=1 0 
0 404
0 1
0 6
cob=(7)
cfi=(103)
cfn=(1282)
calls=1 0 
0 342
0 1
0 10
cob=(7)
cfi=(103)
cfn=(1336)
calls=1 0 
0 252
0 1
0 2
cob=(7)
cfi=(103)
cfn=(1356)
calls=1 0 
0 86
0 1
0 5
cfn=(1942)
calls=1 0 
0 105
0 6
cob=(7)
cfi=(103)
cfn=(1282)
calls=1 0 
0 398
0 1
0 11
cob=(7)
cfi=(103)
cfn=(1336)
calls=1 0 
0 252
0 1
0 2
cob=(7)
cfi=(103)
cfn=(1356)
calls=1 0 
0 86
0 1
0 2
cfn=(2084)
calls=1 0 
0 129
0 137
cob=(7)
cfi=(103)
cfn=(1282)
calls=21 0 
0 5208
0 21
0 63
cob=(7)
cfi=(103)
cfn=(1378)
calls=21 0 
0 8646
0 21
0 105
cob=(7)
cfi=(103)
cfn=(1282)
calls=21 0 
0 5271
0 21
0 63
cob=(7)
cfi=(103)
cfn=(1378)
calls=21 0 
0 8148
0 21
0 105
cob=(7)
cfi=(103)
cfn=(1282)
calls=21 0 
0 5271
0 21
0 63
cfn=(2086)
calls=21 0 
0 5985
0 252
cob=(7)
cfi=(103)
cfn=(1336)
calls=21 0 
0 5292
0 21
0 42
cob=(7)
cfi=(103)
cfn=(1356)
calls=21 0 
0 1806
0 21
0 105
cob=(7)
cfi=(103)
cfn=(1282)
calls=21 0 
0 6972
0 21
0 84
cob=(7)
cfi=(103)
cfn=(1378)
calls=21 0 
0 8297
0 21
0 105
cob=(7)
cfi=(103)
cfn=(1282)
calls=21 0 
0 6552
0 21
0 63
cob=(7)
cfi=(103)
cfn=(1378)
calls=21 0 
0 8335
0 21
0 105
cob=(7)
cfi=(103)
cfn=(1282)
calls=21 0 
0 5208
0 21
0 84
cob=(7)
cfi=(103)
cfn=(1378)
calls=21 0 
0 8484
0 21
0 105
cob=(7)
cfi=(103)
cfn=(1282)
calls=21 0 
0 5859
0 21
0 168
cob=(7)
cfi=(103)
cfn=(3400) std::ostream& std::ostream::_M_insert<double>(double)
calls=21 0 
0 66813
0 21
0 105
cob=(7)
cfi=(103)
cfn=(1282)
calls=21 0 
0 4977
0 21
0 210
cob=(7)
cfi=(103)
cfn=(1336)
calls=21 0 
0 5292
0 21
0 42
cob=(7)
cfi=(103)
cfn=(1356)
calls=21 0 
0 1806
0 21
0 378
cob=(7)
cfi=(103)
cfn=(1282)
calls=21 0 
0 5208
0 21
0 63
cob=(7)
cfi=(103)
cfn=(1378)
calls=21 0 
0 8646
0 21
0 105
cob=(7)
cfi=(103)
cfn=(1282)
calls=21 0 
0 5271
0 21
0 63
cob=(7)
cfi=(103)
cfn=(1378)
calls=21 0 
0 8148
0 21
0 231
cob=(7)
cfi=(103)
cfn=(1336)
calls=21 0 
0 5292
0 21
0 42
cob=(7)
cfi=(103)
cfn=(1356)
calls=21 0 
0 1806
0 21
0 46
cob=(7)
cfi=(103)
cfn=(1282)
calls=1 0 
0 372
0 1
0 13
cob=(7)
cfi=(103)
cfn=(1336)
calls=1 0 
0 252
0 1
0 2
cob=(7)
cfi=(103)
cfn=(1356)
calls=1 0 
0 86
0 1
0 5
cob=(7)
cfi=(103)
cfn=(1282)
calls=1 0 
0 403
0 1
0 13
cob=(7)
cfi=(103)
cfn=(1336)
calls=1 0 
0 252
0 1
0 2
cob=(7)
cfi=(103)
cfn=(1356)
calls=1 0 
0 86
0 1
0 4
cob=(7)
cfi=(103)
cfn=(1282)
calls=1 0 
0 261
0 1
0 10
cob=(7)
cfi=(103)
cfn=(1336)
calls=1 0 
0 252
0 1
0 2
cob=(7)
cfi=(103)
cfn=(1356)
calls=1 0 
0 86
0 1
0 213
cob=(7)
cfi=(103)
cfn=(1336)
calls=69 0 
0 17388
0 69
0 138
cob=(7)
cfi=(103)
cfn=(1356)
calls=69 0 
0 5934
0 69
0 828
cob=(7)
cfi=(103)
cfn=(1378)
calls=69 0 
0 27689
0 69
0 345
cob=(7)
cfi=(103)
cfn=(1282)
calls=69 0 
0 17112
0 69
0 207
cob=(7)
cfi=(103)
cfn=(1378)
calls=69 0 
0 28740
0 69
0 705

fn=(3390)
0 8
cfn=(2064)
calls=2 0 
0 8
0 18

fn=(3518) std::operator|(std::_Ios_Openmode, std::_Ios_Openmode)
0 24

fn=(3536) classify_double_sixes::write_file(std::basic_ofstream<char, std::char_traits<char> >&, long)
0 15
cob=(7)
cfi=(103)
cfn=(3540)
calls=1 0 
0 233
0 1
0 4
cob=(7)
cfi=(103)
cfn=(3540)
calls=1 0 
0 164
0 1
0 4
cob=(7)
cfi=(103)
cfn=(3540)
calls=1 0 
0 164
0 1
0 4
cob=(7)
cfi=(103)
cfn=(3540)
calls=1 0 
0 164
0 1
0 5
cob=(7)
cfi=(103)
cfn=(3540)
calls=1 0 
0 164
0 1
0 9
cob=(7)
cfi=(103)
cfn=(3540)
calls=1 0 
0 164
0 1
0 666
cob=(7)
cfi=(103)
cfn=(3540)
calls=111 0 
0 18204
0 111
0 235
cob=(7)
cfi=(103)
cfn=(3540)
calls=1 0 
0 164
0 1
0 408
cob=(7)
cfi=(103)
cfn=(3540)
calls=68 0 
0 11152
0 68
0 212
cfn=(3542)
calls=1 0 
0 9585602
0 4
cfn=(3578) flag_orbits::write_file(std::basic_ofstream<char, std::char_traits<char> >&, long)
calls=1 0 
0 588106
0 4
cfn=(3588)
calls=1 0 
0 166364
0 6
cob=(7)
cfi=(103)
cfn=(1282)
calls=1 0 
0 438
0 1
0 11
cob=(7)
cfi=(103)
cfn=(1336)
calls=1 0 
0 252
0 1
0 7
cob=(7)
cfi=(103)
cfn=(1356)
calls=1 0 
0 86
0 1
0 4
cob=(7)
cfi=(103)
cfn=(1282)
calls=1 0 
0 393
0 1
0 11
cob=(7)
cfi=(103)
cfn=(1336)
calls=1 0 
0 252
0 1
0 2
cob=(7)
cfi=(103)
cfn=(1356)
calls=1 0 
0 86
0 1
0 1

fn=(3546)
0 2

fn=(3552) block_swap_bytes(char*, long, long)
0 682101
cob=(7)
cfi=(103)
cfn=(1282)
calls=1 0 
0 299
0 1
0 1
cfn=(3554) std::basic_ostream<char, std::char_traits<char> >& std::endl<char, std::char_traits<char> >(std::basic_ostream<char, std::char_traits<char> >&) [clone .constprop.37]
calls=1 0 
0 355
0 2

fn=(3562) memory_object::realloc(long, long) [clone .constprop.11]
0 20
cfn=(1812)
calls=1 0 
0 252
0 14
cfn=(1818)
calls=1 0 
0 154
0 194738

fn=(3660) set_of_sets::get_eckardt_points(long*&, long&, long)
0 96
cob=(7)
cfi=(103)
cfn=(1412)
calls=4 0 
0 1379
0 4
0 12
cfn=(3662)
calls=4 0 
0 36
0 28
cfn=(1798)
calls=4 0 
0 112
0 24
cfn=(3664)
calls=4 0 
0 910682
0 8
cob=(7)
cfi=(103)
cfn=(1412)
calls=4 0 
0 1225
0 4
0 12
cfn=(3670) partitionstack::partitionstack()
calls=4 0 
0 48
0 28
cfn=(1798)
calls=4 0 
0 112
0 24
cfn=(3672)
calls=4 0 
0 17432
0 16
cfn=(3674) partitionstack::subset_continguous(long, long)
calls=4 0 
0 7336
0 12
cfn=(3676)
calls=4 0 
0 18180
0 20
cfn=(3682)
calls=4 0 
0 140881
0 44
cfn=(3694) partitionstack::allocate_and_get_decomposition(long*&, long*&, long&, long*&, long*&, long&, long)
calls=4 0 
0 35100
0 32
cfn=(1844)
calls=4 0 
0 832
0 48
cfn=(3696)
calls=4 0 
0 111460
0 410
cfn=(1844)
calls=4 0 
0 617
0 464
cfn=(1942)
calls=4 0 
0 420
0 20
cfn=(1942)
calls=4 0 
0 420
0 20
cfn=(1942)
calls=4 0 
0 420
0 20
cfn=(1942)
calls=4 0 
0 420
0 20
cfn=(1942)
calls=4 0 
0 420
0 20
cfn=(2184)
calls=4 0 
0 108
0 8
cfn=(3702) partitionstack::~partitionstack()
calls=4 0 
0 7246
0 12
cob=(7)
cfi=(103)
cfn=(2190)
calls=4 0 
0 304
0 4
0 24
cfn=(2184)
calls=4 0 
0 108
0 16
cfn=(3704)
calls=4 0 
0 3144
0 12
cob=(7)
cfi=(103)
cfn=(2190)
calls=4 0 
0 560
0 4
0 24
cob=(7)
cfi=(103)
cfn=(1282)
calls=4 0 
0 1632
0 4
0 44
cob=(7)
cfi=(103)
cfn=(1336)
calls=4 0 
0 1008
0 4
0 8
cob=(7)
cfi=(103)
cfn=(1356)
calls=4 0 
0 344
0 4
0 387
cob=(7)
cfi=(103)
cfn=(1282)
calls=4 0 
0 1136
0 4
0 44
cob=(7)
cfi=(103)
cfn=(1336)
calls=4 0 
0 1008
0 4
0 8
cob=(7)
cfi=(103)
cfn=(1356)
calls=4 0 
0 344
0 4
0 48
cfn=(3700) partitionstack::print_decomposition_scheme(std::ostream&, long*, long, long*, long, long*, long, long)
calls=4 0 
0 53228
0 36
cob=(7)
cfi=(103)
cfn=(1282)
calls=4 0 
0 1652
0 4
0 12
cob=(7)
cfi=(103)
cfn=(1378)
calls=4 0 
0 1559
0 4
0 44
cob=(7)
cfi=(103)
cfn=(1336)
calls=4 0 
0 1008
0 4
0 8
cob=(7)
cfi=(103)
cfn=(1356)
calls=4 0 
0 344
0 4
0 20
cob=(7)
cfi=(103)
cfn=(1282)
calls=4 0 
0 1528
0 4
0 44
cob=(7)
cfi=(103)
cfn=(1336)
calls=4 0 
0 1008
0 4
0 8
cob=(7)
cfi=(103)
cfn=(1356)
calls=4 0 
0 344
0 4
0 76

fn=(3698)
0 48
cob=(7)
cfi=(103)
cfn=(1336)
calls=4 0 
0 1008
0 4
0 12
cob=(7)
cfi=(103)
cfn=(1356)
calls=4 0 
0 344
0 4

fn=(2480) search_general(void*, long, long*, long&, long (*)(void*, long, long*, void*), void*, long)
0 9916
cfn=(2482) homogeneous_polynomial_domain_compare_monomial_with(void*, long, long*, void*)
calls=914 0 
0 192206
0 15257

fn=(696) _start
0 11
cob=(3)
cfi=(116)
cfn=(698)
calls=1 137 
0 7662197224

fn=(706) 0x00000000000503e0
0 17

fn=(1246) _GLOBAL__sub_I__ZN12finite_fieldC2Ev
0 3
cob=(7)
cfi=(103)
cfn=(718)
calls=1 0 
0 24
0 1
0 5
cob=(3)
cfi=(106)
cfn=(496)
calls=1 65 
0 71
0 1

fn=(1272) _GLOBAL__sub_I__ZN11mp_graphicsC2Ev
0 3
cob=(7)
cfi=(103)
cfn=(718)
calls=1 0 
0 24
0 1
0 5
cob=(3)
cfi=(106)
cfn=(496)
calls=1 65 
0 71
0 1

fn=(1448) _GLOBAL__sub_I__ZN9hollerithC2Ev
0 3
cob=(7)
cfi=(103)
cfn=(718)
calls=1 0 
0 24
0 1
0 5
cob=(3)
cfi=(106)
cfn=(496)
calls=1 65 
0 71
0 1

fn=(1470) _GLOBAL__sub_I__ZN26surface_object_with_actionC2Ev
0 3
cob=(7)
cfi=(103)
cfn=(718)
calls=1 0 
0 24
0 1
0 5
cob=(3)
cfi=(106)
cfn=(496)
calls=1 65 
0 71
0 1

fn=(1494) _GLOBAL__sub_I__ZN11spreadsheetC2Ev
0 3
cob=(7)
cfi=(103)
cfn=(718)
calls=1 0 
0 24
0 1
0 5
cob=(3)
cfi=(106)
cfn=(496)
calls=1 65 
0 71
0 1

fn=(1502) _GLOBAL__sub_I__ZN18grassmann_embeddedC2Ev
0 3
cob=(7)
cfi=(103)
cfn=(718)
calls=1 0 
0 24
0 1
0 5
cob=(3)
cfi=(106)
cfn=(496)
calls=1 65 
0 71
0 1

fn=(1516) _GLOBAL__sub_I__ZN13unusual_modelC2Ev
0 3
cob=(7)
cfi=(103)
cfn=(718)
calls=1 0 
0 24
0 1
0 5
cob=(3)
cfi=(106)
cfn=(496)
calls=1 65 
0 71
0 1

fn=(1528) _GLOBAL__sub_I_DLX_f_write_tree
0 3
cob=(7)
cfi=(103)
cfn=(718)
calls=1 0 
0 24
0 1
0 5
cob=(3)
cfi=(106)
cfn=(496)
calls=1 65 
0 71
0 1

fn=(1556) _GLOBAL__sub_I__Z37wreath_product_group_element_image_ofR6actionlPvl
0 3
cob=(7)
cfi=(103)
cfn=(718)
calls=1 0 
0 24
0 1
0 5
cob=(3)
cfi=(106)
cfn=(496)
calls=1 65 
0 71
0 1

fn=(1558) _GLOBAL__sub_I__ZN14direct_productC2Ev
0 3
cob=(7)
cfi=(103)
cfn=(718)
calls=1 0 
0 24
0 1
0 5
cob=(3)
cfi=(106)
cfn=(496)
calls=1 65 
0 71
0 1

fn=(1566) _GLOBAL__sub_I__ZN13schreier_simsC2Ev
0 3
cob=(7)
cfi=(103)
cfn=(718)
calls=1 0 
0 24
0 1
0 5
cob=(3)
cfi=(106)
cfn=(496)
calls=1 65 
0 71
0 1

fn=(1590) _GLOBAL__sub_I__ZN21action_on_determinantC2Ev
0 3
cob=(7)
cfi=(103)
cfn=(718)
calls=1 0 
0 24
0 1
0 5
cob=(3)
cfi=(106)
cfn=(496)
calls=1 65 
0 71
0 1

fn=(1600) _GLOBAL__sub_I__ZN16action_on_orbitsC2Ev
0 3
cob=(7)
cfi=(103)
cfn=(718)
calls=1 0 
0 24
0 1
0 5
cob=(3)
cfi=(106)
cfn=(496)
calls=1 65 
0 71
0 1

fn=(1618) _GLOBAL__sub_I__ZN20poset_classification18nb_orbits_at_levelEl
0 3
cob=(7)
cfi=(103)
cfn=(718)
calls=1 0 
0 24
0 1
0 5
cob=(3)
cfi=(106)
cfn=(496)
calls=1 65 
0 71
0 1

fn=(1656) _GLOBAL__sub_I_f_RootBF_free
0 3
cob=(7)
cfi=(103)
cfn=(718)
calls=1 0 
0 24
0 1
0 5
cob=(3)
cfi=(106)
cfn=(496)
calls=1 65 
0 71
0 1

fn=(1670) _GLOBAL__sub_I__Z15page_table_initl
0 3
cob=(7)
cfi=(103)
cfn=(718)
calls=1 0 
0 24
0 1
0 5
cob=(3)
cfi=(106)
cfn=(496)
calls=1 65 
0 71
0 1

fn=(1680) _GLOBAL__sub_I__ZN24classify_trihedral_pairsC2Ev
0 3
cob=(7)
cfi=(103)
cfn=(718)
calls=1 0 
0 24
0 1
0 5
cob=(3)
cfi=(106)
cfn=(496)
calls=1 65 
0 71
0 1

fn=(1690) _GLOBAL__sub_I__ZN14vector_hashingC2Ev
0 3
cob=(7)
cfi=(103)
cfn=(718)
calls=1 0 
0 24
0 1
0 5
cob=(3)
cfi=(106)
cfn=(496)
calls=1 65 
0 71
0 1

fn=(1700) _GLOBAL__sub_I__ZN9hjelmslevC2Ev
0 3
cob=(7)
cfi=(103)
cfn=(718)
calls=1 0 
0 24
0 1
0 5
cob=(3)
cfi=(106)
cfn=(496)
calls=1 65 
0 71
0 1

fn=(1798)
0 152012

fn=(1810)
0 93

fn=(1864)
0 17918
cfn=(1866) action::null_function_pointers()
calls=578 0 
0 9248
0 8670

fn=(1906) page_storage::page_storage()
0 8

fn=(1914)
0 7691511

fn=(1928)
0 10368
cfn=(1844)
calls=576 0 
0 49888
0 3456
cfn=(1844)
calls=576 0 
0 49983
0 3456
cfn=(1930)
calls=576 0 
0 49878
0 3456
cfn=(1930)
calls=576 0 
0 49878
0 3456
cfn=(1844)
calls=576 0 
0 52729
0 1748
cfn=(1844)
calls=2 0 
0 598
0 48
cfn=(1844)
calls=8 0 
0 2173
0 80
cfn=(1844)
calls=10 0 
0 2677
0 242708

fn=(1966) strong_generators_for_projective_linear_group(long, finite_field*, long, long*&, long&, long&, long)
0 88
cfn=(1844)
calls=2 0 
0 667
0 12
cfn=(1844)
calls=2 0 
0 687
0 58
cfn=(1914)
calls=6 0 
0 1176
0 12
cfn=(1968)
calls=6 0 
0 12
0 66
cfn=(1970)
calls=6 0 
0 486
0 128
cfn=(1914)
calls=6 0 
0 1176
0 24
cfn=(1946)
calls=6 0 
0 24
0 66
cfn=(1970)
calls=6 0 
0 486
0 110
cfn=(1970)
calls=6 0 
0 486
0 54
cfn=(1914)
calls=6 0 
0 1176
0 78
cfn=(1942)
calls=2 0 
0 210
0 20

fn=(2010)
0 14080
cfn=(2014) sims::init_generators(long, long*, long)
calls=410 0 
0 253626
0 2010
cfn=(2012)
calls=670 0 
0 6030
0 5360
cfn=(2014)
calls=670 0 
0 34055890

fn=(2018) vector_ge::copy_in(long, long*)
0 51896
cfn=(1988)
calls=3992 0 
0 654866

fn=(2062) action::print_group_order(std::ostream&)
0 10
cfn=(2064)
calls=1 0 
0 4
0 5
cfn=(2066)
calls=1 0 
0 9552
0 3
cfn=(2086)
calls=1 0 
0 4233
0 2
cfn=(2084)
calls=1 0 
0 112
0 7

fn=(2132)
0 677977
cfn=(2134) matrix_group::GL_mult_internal(long*, long*, long*, long)
calls=39881 0 
0 194778804
0 598215
cfn=(2134)
calls=39881 0 
0 194778804

fn=(2140) matrix_group_element_is_one(action&, void*, long)
0 33012
cfn=(2142) matrix_group::GL_is_one(long*)
calls=1179 0 
0 251363
0 3537

fn=(2154)
0 65205
cfn=(2064)
calls=2835 0 
0 11340
0 51030
cfn=(2064)
calls=25515 0 
0 102060
0 121905
cfn=(2064)
calls=2835 0 
0 11340
0 31185
cfn=(2150)
calls=2835 0 
0 80954
0 53865
cfn=(2070)
calls=2835 0 
0 310719
0 76545
cfn=(2070)
calls=25515 0 
0 6438524
0 113400
cfn=(2072)
calls=28350 0 
0 9887388
0 119070
cfn=(2078)
calls=2835 0 
0 127137
0 5670
cfn=(2078)
calls=2835 0 
0 78914
0 25515
cfn=(1812)
calls=2835 0 
0 469740
0 120762
cfn=(1812)
calls=2835 0 
0 535291
0 196545
cfn=(2156)
calls=11402 0 
0 3709028
0 346053
cfn=(2082)
calls=2835 0 
0 672826
0 5670
cfn=(2080)
calls=2835 0 
0 42517
0 5670
cfn=(2080)
calls=2835 0 
0 42534
0 5670
cfn=(2084)
calls=2835 0 
0 317520
0 17010
cfn=(2084)
calls=2835 0 
0 317826
0 76545
cfn=(2084)
calls=25515 0 
0 3047978
0 116545
cfn=(2150)
calls=11402 0 
0 381630
0 143788
cfn=(2150)
calls=10768 0 
0 378462
0 132564
cfn=(2150)
calls=9708 0 
0 337808
0 121598
cfn=(2150)
calls=9050 0 
0 323635
0 109775
cfn=(2150)
calls=7925 0 
0 272937
0 89420
cfn=(2150)
calls=7342 0 
0 281412
0 73538
cfn=(2150)
calls=6310 0 
0 237434
0 75980
cfn=(2150)
calls=5277 0 
0 223325
0 43410
cfn=(2150)
calls=2930 0 
0 129402
0 19856
cfn=(2150)
calls=1017 0 
0 44234
0 26474

fn=(2158)
0 6443
cfn=(2160)
calls=379 0 
0 26882
0 2653
cfn=(2012)
calls=379 0 
0 3411
0 3790
cfn=(1988)
calls=379 0 
0 51168

fn=(2246) is_prime(long)
0 26136

fn=(2280)
0 1239
cfn=(2064)
calls=59 0 
0 236
0 177
cfn=(2064)
calls=59 0 
0 236
0 177
cfn=(2064)
calls=59 0 
0 236
0 177
cfn=(2064)
calls=59 0 
0 236
0 177
cfn=(2064)
calls=59 0 
0 236
0 944
cfn=(2084)
calls=59 0 
0 236
0 118
cfn=(2084)
calls=59 0 
0 236
0 118
cfn=(2084)
calls=59 0 
0 236
0 118
cfn=(2084)
calls=59 0 
0 236
0 118
cfn=(2084)
calls=59 0 
0 236
0 1348
cfn=(2074)
calls=57 0 
0 846
0 12
cfn=(2074)
calls=2 0 
0 40
0 198
cfn=(2284)
calls=10 0 
0 396215
0 70
cfn=(2082)
calls=10 0 
0 2778
0 42
cob=(7)
cfi=(103)
cfn=(1406)
calls=2 0 
0 636
0 2
0 30
cfn=(2064)
calls=2 0 
0 8
0 39
cfn=(2064)
calls=9 0 
0 36
0 54
cfn=(2064)
calls=9 0 
0 36
0 36
cfn=(2064)
calls=9 0 
0 36
0 36
cfn=(2064)
calls=9 0 
0 36
0 36
cfn=(2064)
calls=9 0 
0 36
0 36
cfn=(2064)
calls=9 0 
0 36
0 36
cfn=(2064)
calls=9 0 
0 36
0 36
cfn=(2064)
calls=9 0 
0 36
0 72
cfn=(2282)
calls=2 0 
0 56
0 28
cfn=(2356)
calls=1 0 
0 13
0 32
cfn=(2356)
calls=4 0 
0 52
0 63
cfn=(2356)
calls=1 0 
0 13
0 9
cfn=(2356)
calls=1 0 
0 13
0 6
cfn=(2356)
calls=1 0 
0 13
0 18
cfn=(2356)
calls=2 0 
0 26
0 6
cfn=(2356)
calls=1 0 
0 13
0 21
cfn=(2356)
calls=1 0 
0 13
0 9
cfn=(2356)
calls=1 0 
0 13
0 7
cfn=(2356)
calls=1 0 
0 13
0 7
cfn=(2356)
calls=1 0 
0 13
0 106
cfn=(2070)
calls=7 0 
0 1233
0 98
cfn=(2070)
calls=1 0 
0 269
0 5
cfn=(2070)
calls=1 0 
0 269
0 3
cfn=(2070)
calls=1 0 
0 269
0 10
cfn=(2070)
calls=2 0 
0 538
0 3
cfn=(2070)
calls=1 0 
0 267
0 15
cfn=(2070)
calls=3 0 
0 805
0 3
cfn=(2070)
calls=1 0 
0 267
0 20
cfn=(2070)
calls=4 0 
0 1072
0 3
cfn=(2070)
calls=1 0 
0 240
0 25
cfn=(2070)
calls=5 0 
0 1179
0 3
cfn=(2070)
calls=1 0 
0 107
0 76
cfn=(2358)
calls=1 0 
0 27
0 104
cfn=(2084)
calls=24 0 
0 96
0 3
cfn=(2084)
calls=1 0 
0 4
0 80
cob=(7)
cfi=(103)
cfn=(2362)
calls=1 0 
0 79
0 1
0 353
cfn=(2082)
calls=49 0 
0 11020
0 51

fn=(2288)
0 600
cfn=(2064)
calls=40 0 
0 160
0 80
cfn=(2064)
calls=40 0 
0 160
0 120
cfn=(2064)
calls=40 0 
0 160
0 120
cfn=(2082)
calls=40 0 
0 5746
0 80
cfn=(2068)
calls=40 0 
0 5384
0 494
cfn=(2072)
calls=53 0 
0 25043
0 159
cfn=(2082)
calls=53 0 
0 13312
0 324
cfn=(2072)
calls=81 0 
0 47561
0 243
cfn=(2082)
calls=81 0 
0 20666
0 282
cfn=(2082)
calls=40 0 
0 9904
0 80
cfn=(2084)
calls=40 0 
0 4480
0 80
cfn=(2084)
calls=40 0 
0 4582
0 80
cfn=(2084)
calls=40 0 
0 4616
0 400

fn=(2290)
0 7183
cfn=(2078)
calls=653 0 
0 62954
0 11514
cfn=(1812)
calls=613 0 
0 51021
0 142354
cfn=(2150)
calls=40 0 
0 1000
0 320
cfn=(2156)
calls=40 0 
0 8604
0 360
cfn=(2080)
calls=40 0 
0 520
0 4291
cfn=(2080)
calls=613 0 
0 12245

fn=(2296) projective_space::init_incidence_structure(long)
0 50
cfn=(1902)
calls=2 0 
0 1671
0 23148574
cfn=(1844)
calls=2 0 
0 725
0 22
cfn=(1844)
calls=2 0 
0 725
0 16
cfn=(1844)
calls=1 0 
0 349
0 15
cfn=(1844)
calls=1 0 
0 411
0 5
cfn=(2298)
calls=1 0 
0 267934
0 200960
cfn=(1844)
calls=2 0 
0 746
0 8
cfn=(2298)
calls=2 0 
0 19165
0 14
cfn=(2302) grassmann::unrank_INT(long, long)
calls=2 0 
0 1368
0 125164
cfn=(2302)
calls=31291 0 
0 22713168
0 312930
cfn=(2036)
calls=31293 0 
0 1032669
0 2440854
cfn=(2036)
calls=406809 0 
0 24565005
0 5257224
cfn=(2308)
calls=438102 0 
0 308001078
0 3942918
cfn=(1950) PG_element_rank_modified(finite_field&, long*, long, long, long&)
calls=438102 0 
0 131235267
0 3504816
cfn=(2310)
calls=438102 0 
0 5695326
0 9738584
cfn=(1942)
calls=2 0 
0 323
0 1530324
cfn=(1844)
calls=1 0 
0 444
0 6
cfn=(1844)
calls=1 0 
0 430
0 16
cfn=(1844)
calls=1 0 
0 380
0 1274
cfn=(1844)
calls=182 0 
0 16016
0 915
cfn=(2302)
calls=183 0 
0 117692
0 11163
cfn=(2312)
calls=183 0 
0 314798
0 1647
cfn=(1950)
calls=183 0 
0 45985
0 915
cfn=(1942)
calls=183 0 
0 19215
0 1648

fn=(3220)
0 170
cfn=(2064)
calls=10 0 
0 40
0 20
cfn=(2064)
calls=10 0 
0 40
0 30
cfn=(2064)
calls=10 0 
0 40
0 70
cfn=(3222)
calls=10 0 
0 879100
0 30
cfn=(2070)
calls=10 0 
0 1070
0 870
cfn=(2290)
calls=52 0 
0 22372
0 2952
cfn=(2290)
calls=492 0 
0 218784
0 1632
cfn=(2082)
calls=544 0 
0 136084
0 2444
cfn=(2428)
calls=10 0 
0 135800
0 40
cob=(7)
cfi=(103)
cfn=(1282)
calls=10 0 
0 2370
0 10
0 110
cob=(7)
cfi=(103)
cfn=(1282)
calls=12 0 
0 2916
0 12
0 48
cob=(7)
cfi=(103)
cfn=(1378)
calls=12 0 
0 4848
0 12
0 48
cob=(7)
cfi=(103)
cfn=(1282)
calls=12 0 
0 2844
0 12
0 482
cfn=(2086)
calls=52 0 
0 37100
0 312
cob=(7)
cfi=(103)
cfn=(1282)
calls=4 0 
0 948
0 4
0 16
cob=(7)
cfi=(103)
cfn=(1378)
calls=4 0 
0 1540
0 4
0 184
cob=(7)
cfi=(103)
cfn=(1282)
calls=42 0 
0 10206
0 42
0 218
cob=(7)
cfi=(103)
cfn=(1282)
calls=10 0 
0 2940
0 10
0 30
cfn=(2086)
calls=10 0 
0 11752
0 50
cob=(7)
cfi=(103)
cfn=(1282)
calls=10 0 
0 2480
0 10
0 30
cob=(7)
cfi=(103)
cfn=(1378)
calls=10 0 
0 3980
0 10
0 50
cob=(7)
cfi=(103)
cfn=(1282)
calls=10 0 
0 2480
0 10
0 30
cob=(7)
cfi=(103)
cfn=(1378)
calls=10 0 
0 3962
0 10
0 110
cob=(7)
cfi=(103)
cfn=(1336)
calls=10 0 
0 2520
0 10
0 20
cob=(7)
cfi=(103)
cfn=(1356)
calls=10 0 
0 860
0 10
0 70
cfn=(2358)
calls=10 0 
0 270
0 248
cfn=(2084)
calls=42 0 
0 5418
0 30
cfn=(2084)
calls=10 0 
0 1290
0 206
cob=(7)
cfi=(103)
cfn=(2362)
calls=10 0 
0 892
0 10
0 50
cfn=(1942)
calls=10 0 
0 1152
0 20
cfn=(2084)
calls=10 0 
0 1290
0 20
cfn=(2084)
calls=10 0 
0 1290
0 20
cfn=(2084)
calls=10 0 
0 1290
0 110

fn=(2332) count_N1(long, long)
0 22
cfn=(2334)
calls=6 0 
0 495
0 4

fn=(2334)
0 6995953
cfn=(2335) nb_pts_N1(long, long)'2
calls=1 0 
0 84
0 4
cfn=(2336)
calls=1 0 
0 2
0 6
cfn=(2338)
calls=1 0 
0 18
0 4
cfn=(2335)
calls=1 0 
0 27
0 8
cfn=(2336)
calls=1 0 
0 2
0 264424
cfn=(2335)
calls=88140 0 
0 2379780
0 352560
cfn=(2336)
calls=88140 0 
0 176280
0 440700
cfn=(2336)
calls=88140 0 
0 176280
0 6571340

fn=(2335)
0 1145874
cfn=(2335)
calls=1 0 
0 27
0 4
cfn=(2336)
calls=1 0 
0 2
0 5
cfn=(2336)
calls=1 0 
0 2
0 1234004

fn=(2344) nb_pts_Qepsilon(long, long, long)
0 42
cfn=(2346)
calls=3 0 
0 30
0 24
cfn=(2348) nb_pts_Sbar(long, long)
calls=3 0 
0 365

fn=(2354)
0 25
cob=(7)
cfi=(103)
cfn=(1412)
calls=1 0 
0 212
0 1
0 3
cfn=(2272)
calls=1 0 
0 13
0 7
cfn=(1798)
calls=1 0 
0 28
0 9
cfn=(2274)
calls=1 0 
0 13643
0 2
cob=(7)
cfi=(103)
cfn=(1412)
calls=1 0 
0 212
0 1
0 3
cfn=(2272)
calls=1 0 
0 13
0 7
cfn=(1798)
calls=1 0 
0 28
0 9
cfn=(2274)
calls=1 0 
0 234315
0 2
cob=(7)
cfi=(103)
cfn=(1412)
calls=1 0 
0 216
0 1
0 3
cfn=(2276)
calls=1 0 
0 22
0 7
cfn=(1798)
calls=1 0 
0 28
0 3
cob=(7)
cfi=(103)
cfn=(1412)
calls=1 0 
0 216
0 1
0 3
cfn=(2276)
calls=1 0 
0 22
0 7
cfn=(1798)
calls=1 0 
0 28
0 7
cfn=(2278)
calls=1 0 
0 6358
0 6
cfn=(2278)
calls=1 0 
0 4045
0 5
cfn=(1844)
calls=1 0 
0 246
0 4
cfn=(2298)
calls=1 0 
0 40
0 15
cfn=(1844)
calls=1 0 
0 1344
0 7
cfn=(1844)
calls=1 0 
0 346
0 7
cfn=(1844)
calls=1 0 
0 346
0 155570
cfn=(2366) projective_space::unrank_line(long*, long)
calls=1 0 
0 780
0 124436
cfn=(2366)
calls=31109 0 
0 24369334
0 124440
cfn=(2370) finite_field::Pluecker_12(long*, long*)
calls=31110 0 
0 3888750
0 155550
cfn=(2372)
calls=31110 0 
0 3888750
0 155550
cfn=(2374) finite_field::Pluecker_13(long*, long*)
calls=31110 0 
0 3888750
0 155550
cfn=(2376) finite_field::Pluecker_42(long*, long*)
calls=31110 0 
0 3888750
0 155550
cfn=(2378)
calls=31110 0 
0 3888750
0 155550
cfn=(2380) finite_field::Pluecker_23(long*, long*)
calls=31110 0 
0 3888750
0 155550
cfn=(1854)
calls=31110 0 
0 777750
0 155550
cfn=(1854)
calls=31110 0 
0 777750
0 155550
cfn=(1854)
calls=31110 0 
0 777750
0 155550
cfn=(2382) finite_field::add3(long, long, long)
calls=31110 0 
0 2519910
0 248880
cfn=(2384)
calls=31110 0 
0 43579803
0 357794
cfn=(2398) orthogonal::unrank_point(long*, long, long, long)
calls=1 0 
0 201
0 217763
cfn=(2398)
calls=31109 0 
0 24753031
0 186660
cfn=(2404) projective_space::rank_point(long*)
calls=31110 0 
0 6759292
0 155558
cfn=(1844)
calls=1 0 
0 346
0 7
cfn=(1844)
calls=1 0 
0 346
0 17
cfn=(2398)
calls=1 0 
0 201
0 217763
cfn=(2398)
calls=31109 0 
0 24753031
0 186660
cfn=(1970)
calls=31110 0 
0 1524390
0 186660
cfn=(1950)
calls=31110 0 
0 6261532
0 217775
cfn=(1874) nb_PG_elements(long, long)
calls=1 0 
0 45
0 14

fn=(2390)
0 1241422
cfn=(1952)
calls=30476 0 
0 304760
0 865996
cfn=(1854)
calls=28062 0 
0 701550
0 196434
cfn=(1854)
calls=28062 0 
0 701550
0 10950
cfn=(1854)
calls=2190 0 
0 54750
0 211764
cfn=(1854)
calls=30252 0 
0 756300
0 845
cfn=(1854)
calls=169 0 
0 4225
0 212947
cfn=(1854)
calls=30421 0 
0 760525
0 55
cfn=(1854)
calls=11 0 
0 275
0 213024
cfn=(1854)
calls=30432 0 
0 760800
0 110
cfn=(1854)
calls=22 0 
0 550
0 493304

fn=(2398)
0 1732400
cfn=(2400)
calls=69296 0 
0 51479864
0 554368

fn=(2414)
0 9
cob=(7)
cfi=(103)
cfn=(1412)
calls=1 0 
0 54
0 1
0 3
cfn=(2416) homogeneous_polynomial_domain::homogeneous_polynomial_domain()
calls=1 0 
0 12
0 7
cfn=(1798)
calls=1 0 
0 28
0 3
cob=(7)
cfi=(103)
cfn=(1412)
calls=1 0 
0 374
0 1
0 3
cfn=(2416)
calls=1 0 
0 12
0 7
cfn=(1798)
calls=1 0 
0 28
0 3
cob=(7)
cfi=(103)
cfn=(1412)
calls=1 0 
0 212
0 1
0 3
cfn=(2416)
calls=1 0 
0 12
0 7
cfn=(1798)
calls=1 0 
0 28
0 8
cfn=(2418) homogeneous_polynomial_domain::init(finite_field*, long, long, long, long)
calls=1 0 
0 45013
0 7
cfn=(2418)
calls=1 0 
0 55978
0 7
cfn=(2418)
calls=1 0 
0 82968
0 2
cob=(7)
cfi=(103)
cfn=(1412)
calls=1 0 
0 212
0 1
0 3
cfn=(2416)
calls=1 0 
0 12
0 7
cfn=(1798)
calls=1 0 
0 28
0 3
cob=(7)
cfi=(103)
cfn=(1412)
calls=1 0 
0 212
0 1
0 3
cfn=(2416)
calls=1 0 
0 12
0 7
cfn=(1798)
calls=1 0 
0 28
0 3
cob=(7)
cfi=(103)
cfn=(1412)
calls=1 0 
0 212
0 1
0 3
cfn=(2416)
calls=1 0 
0 12
0 7
cfn=(1798)
calls=1 0 
0 28
0 3
cob=(7)
cfi=(103)
cfn=(1412)
calls=1 0 
0 212
0 1
0 3
cfn=(2416)
calls=1 0 
0 12
0 7
cfn=(1798)
calls=1 0 
0 28
0 8
cfn=(2418)
calls=1 0 
0 21957
0 7
cfn=(2418)
calls=1 0 
0 32109
0 7
cfn=(2418)
calls=1 0 
0 58118
0 7
cfn=(2418)
calls=1 0 
0 161572
0 4
cfn=(2484)
calls=1 0 
0 6173
0 4
cfn=(2484)
calls=1 0 
0 6173
0 4
cfn=(2484)
calls=1 0 
0 6173
0 4
cfn=(2486)
calls=1 0 
0 6157
0 4
cfn=(2486)
calls=1 0 
0 6157
0 4
cfn=(2486)
calls=1 0 
0 6157
0 4
cfn=(2486)
calls=1 0 
0 6157
0 2
cob=(7)
cfi=(103)
cfn=(1412)
calls=1 0 
0 212
0 1
0 3
cfn=(2416)
calls=1 0 
0 12
0 7
cfn=(1798)
calls=1 0 
0 28
0 3
cob=(7)
cfi=(103)
cfn=(1412)
calls=1 0 
0 212
0 1
0 3
cfn=(2416)
calls=1 0 
0 12
0 7
cfn=(1798)
calls=1 0 
0 28
0 3
cob=(7)
cfi=(103)
cfn=(1412)
calls=1 0 
0 212
0 1
0 3
cfn=(2416)
calls=1 0 
0 12
0 7
cfn=(1798)
calls=1 0 
0 28
0 8
cfn=(2418)
calls=1 0 
0 46122
0 7
cfn=(2418)
calls=1 0 
0 71046
0 7
cfn=(2418)
calls=1 0 
0 166649
0 4
cfn=(2488) surface::label_variables_4(homogeneous_polynomial_domain*, long)
calls=1 0 
0 7987
0 4
cfn=(2488)
calls=1 0 
0 7987
0 4
cfn=(2488)
calls=1 0 
0 7987
0 9

fn=(2418)
0 260
cfn=(1844)
calls=10 0 
0 2255
0 60
cfn=(1844)
calls=10 0 
0 2591
0 60
cfn=(1844)
calls=10 0 
0 2527
0 40
cfn=(2420) homogeneous_polynomial_domain::make_monomials(long)
calls=10 0 
0 645052
0 50
cfn=(1844)
calls=10 0 
0 2218
0 60
cfn=(1844)
calls=10 0 
0 2235
0 60
cfn=(1844)
calls=10 0 
0 2766
0 60
cfn=(1844)
calls=10 0 
0 1528
0 60
cfn=(1844)
calls=10 0 
0 1500
0 30
cob=(7)
cfi=(103)
cfn=(1412)
calls=10 0 
0 2194
0 10
0 30
cfn=(2272)
calls=10 0 
0 130
0 70
cfn=(1798)
calls=10 0 
0 280
0 90
cfn=(2274)
calls=10 0 
0 72523
0 50
cfn=(1844)
calls=10 0 
0 2653
0 90

fn=(2468) diophant::~diophant()
0 90
cfn=(2470)
calls=10 0 
0 12872
0 290
cob=(7)
cfi=(103)
cfn=(1828) operator delete(void*)
calls=10 0 
0 730
0 10
0 140
cob=(7)
cfi=(103)
cfn=(1828)
calls=10 0 
0 730
0 10
0 30

fn=(2492)
0 19
cfn=(1844)
calls=1 0 
0 530
0 6
cfn=(1844)
calls=1 0 
0 246
0 4
cfn=(2298)
calls=1 0 
0 40
0 300
cfn=(1844)
calls=1 0 
0 246
0 70
cfn=(2434)
calls=1 0 
0 246
0 7
cfn=(2434)
calls=1 0 
0 246
0 392
cob=(3)
cfi=(148)
cfn=(1878)
calls=15 26 
0 14970
0 15
0 837
cfn=(1812)
calls=27 0 
0 6615
0 162
cob=(3)
cfi=(147)
cfn=(1840)
calls=27 32 
0 498
0 27
0 446
cob=(3)
cfi=(148)
cfn=(1878)
calls=15 26 
0 14970
0 15
0 921
cfn=(1812)
calls=27 0 
0 6615
0 162
cob=(3)
cfi=(147)
cfn=(1840)
calls=27 32 
0 570
0 27
0 109
cob=(3)
cfi=(148)
cfn=(1878)
calls=6 26 
0 3870
0 6
0 30
cob=(3)
cfi=(148)
cfn=(1878)
calls=6 26 
0 3894
0 6
0 66
cob=(3)
cfi=(148)
cfn=(1878)
calls=6 26 
0 4224
0 6
0 30
cob=(3)
cfi=(148)
cfn=(1878)
calls=6 26 
0 4224
0 6
0 24

fn=(2552)
0 7920
cfn=(2554)
calls=240 0 
0 7520
0 2320
cob=(3)
cfi=(138)
cfn=(1374)
calls=160 217 
0 1760
0 160
0 3360
cfn=(2554)
calls=240 0 
0 9648
0 3120

fn=(2590)
0 560
cfn=(2092)
calls=28 0 
0 151672087
0 84
cob=(7)
cfi=(103)
cfn=(1412)
calls=28 0 
0 1512
0 28
0 84
cfn=(1860)
calls=28 0 
0 112
0 196
cfn=(1798)
calls=28 0 
0 784
0 140
cfn=(2056)
calls=28 0 
0 35185
0 140
cfn=(2184)
calls=28 0 
0 756
0 112
cfn=(2192)
calls=28 0 
0 227509
0 84
cob=(7)
cfi=(103)
cfn=(2190)
calls=28 0 
0 2128
0 28
0 280

fn=(2602)
0 3834
cfn=(2066)
calls=426 0 
0 321849
0 2130

fn=(2620) strong_generators::generators_for_parabolic_subgroup(action*, matrix_group*, long, long)
0 32
cfn=(2622)
calls=1 0 
0 5390
0 4
cob=(7)
cfi=(103)
cfn=(1412)
calls=1 0 
0 54
0 1
0 3
cfn=(1974)
calls=1 0 
0 4
0 7
cfn=(1798)
calls=1 0 
0 28
0 4
cfn=(2006)
calls=1 0 
0 15
0 3
cfn=(2016)
calls=1 0 
0 469
0 12
cfn=(2012)
calls=1 0 
0 9
0 88
cfn=(2012)
calls=11 0 
0 99
0 60
cfn=(1978)
calls=12 0 
0 30365
0 29
cfn=(2064)
calls=1 0 
0 4
0 3
cfn=(2064)
calls=1 0 
0 4
0 3
cfn=(2064)
calls=1 0 
0 4
0 7
cfn=(2624)
calls=1 0 
0 8089
0 4
cob=(7)
cfi=(103)
cfn=(1282)
calls=1 0 
0 513
0 1
0 3
cfn=(2086)
calls=1 0 
0 4233
0 11
cob=(7)
cfi=(103)
cfn=(1336)
calls=1 0 
0 252
0 1
0 2
cob=(7)
cfi=(103)
cfn=(1356)
calls=1 0 
0 86
0 1
0 8
cfn=(2284)
calls=1 0 
0 43766
0 4
cob=(7)
cfi=(103)
cfn=(1282)
calls=1 0 
0 513
0 1
0 3
cfn=(2086)
calls=1 0 
0 1272
0 11
cob=(7)
cfi=(103)
cfn=(1336)
calls=1 0 
0 252
0 1
0 2
cob=(7)
cfi=(103)
cfn=(1356)
calls=1 0 
0 86
0 1
0 5
cfn=(2626) longinteger_domain::integral_division_exact(longinteger_object&, longinteger_object&, longinteger_object&)
calls=1 0 
0 18166
0 9
cfn=(2590)
calls=1 0 
0 50031105
0 6
cfn=(2594)
calls=1 0 
0 3094
0 5
cfn=(2184)
calls=1 0 
0 27
0 5
cfn=(2596)
calls=1 0 
0 443
0 3
cob=(7)
cfi=(103)
cfn=(2190)
calls=1 0 
0 76
0 1
0 5
cfn=(2184)
calls=1 0 
0 27
0 4
cfn=(2196)
calls=1 0 
0 161
0 3
cob=(7)
cfi=(103)
cfn=(2190)
calls=1 0 
0 76
0 1
0 5
cfn=(1942)
calls=1 0 
0 166
0 4
cfn=(2084)
calls=1 0 
0 129
0 2
cfn=(2084)
calls=1 0 
0 129
0 2
cfn=(2084)
calls=1 0 
0 129
0 11

fn=(3624) surface_classify_wedge::classify_surfaces_from_double_sixes(long)
0 13
cob=(7)
cfi=(103)
cfn=(1282)
calls=1 0 
0 523
0 1
0 11
cob=(7)
cfi=(103)
cfn=(1336)
calls=1 0 
0 252
0 1
0 2
cob=(7)
cfi=(103)
cfn=(1356)
calls=1 0 
0 86
0 1
0 4
cob=(7)
cfi=(103)
cfn=(1282)
calls=1 0 
0 613
0 1
0 10
cob=(7)
cfi=(103)
cfn=(1336)
calls=1 0 
0 252
0 1
0 2
cob=(7)
cfi=(103)
cfn=(1356)
calls=1 0 
0 86
0 1
0 3
cfn=(3626) surface_classify_wedge::downstep(long)
calls=1 0 
0 23673052
0 4
cob=(7)
cfi=(103)
cfn=(1282)
calls=1 0 
0 608
0 1
0 10
cob=(7)
cfi=(103)
cfn=(1336)
calls=1 0 
0 252
0 1
0 2
cob=(7)
cfi=(103)
cfn=(1356)
calls=1 0 
0 86
0 1
0 4
cob=(7)
cfi=(103)
cfn=(1282)
calls=1 0 
0 274
0 1
0 4
cob=(7)
cfi=(103)
cfn=(1378)
calls=1 0 
0 404
0 1
0 5
cob=(7)
cfi=(103)
cfn=(1282)
calls=1 0 
0 327
0 1
0 5
cob=(7)
cfi=(103)
cfn=(1378)
calls=1 0 
0 404
0 1
0 5
cob=(7)
cfi=(103)
cfn=(1282)
calls=1 0 
0 342
0 1
0 10
cob=(7)
cfi=(103)
cfn=(1336)
calls=1 0 
0 252
0 1
0 2
cob=(7)
cfi=(103)
cfn=(1356)
calls=1 0 
0 86
0 1
0 4
cob=(7)
cfi=(103)
cfn=(1282)
calls=1 0 
0 603
0 1
0 10
cob=(7)
cfi=(103)
cfn=(1336)
calls=1 0 
0 252
0 1
0 2
cob=(7)
cfi=(103)
cfn=(1356)
calls=1 0 
0 86
0 1
0 3
cfn=(3634) surface_classify_wedge::upstep(long)
calls=1 0 
0 95206678
0 4
cob=(7)
cfi=(103)
cfn=(1282)
calls=1 0 
0 598
0 1
0 10
cob=(7)
cfi=(103)
cfn=(1336)
calls=1 0 
0 252
0 1
0 2
cob=(7)
cfi=(103)
cfn=(1356)
calls=1 0 
0 86
0 1
0 4
cob=(7)
cfi=(103)
cfn=(1282)
calls=1 0 
0 274
0 1
0 4
cob=(7)
cfi=(103)
cfn=(1378)
calls=1 0 
0 385
0 1
0 5
cob=(7)
cfi=(103)
cfn=(1282)
calls=1 0 
0 322
0 1
0 4
cob=(7)
cfi=(103)
cfn=(1378)
calls=1 0 
0 404
0 1
0 5
cob=(7)
cfi=(103)
cfn=(1282)
calls=1 0 
0 294
0 1
0 10
cob=(7)
cfi=(103)
cfn=(1336)
calls=1 0 
0 252
0 1
0 2
cob=(7)
cfi=(103)
cfn=(1356)
calls=1 0 
0 86
0 1
0 4
cob=(7)
cfi=(103)
cfn=(1282)
calls=1 0 
0 548
0 1
0 10
cob=(7)
cfi=(103)
cfn=(1336)
calls=1 0 
0 252
0 1
0 7
cob=(7)
cfi=(103)
cfn=(1356)
calls=1 0 
0 86
0 1

fn=(2648)
0 302
cfn=(1854)
calls=12 0 
0 300
0 48
cfn=(1854)
calls=12 0 
0 300
0 48
cfn=(1996)
calls=12 0 
0 408
0 108
cfn=(1854)
calls=12 0 
0 300
0 48
cfn=(1854)
calls=12 0 
0 300
0 48
cfn=(1996)
calls=12 0 
0 408
0 132
cfn=(1854)
calls=12 0 
0 300
0 48
cfn=(1854)
calls=12 0 
0 300
0 48
cfn=(1996)
calls=12 0 
0 408
0 72
cfn=(1854)
calls=12 0 
0 300
0 48
cfn=(1854)
calls=12 0 
0 300
0 48
cfn=(1996)
calls=12 0 
0 408
0 72
cfn=(1854)
calls=12 0 
0 300
0 48
cfn=(1854)
calls=12 0 
0 300
0 48
cfn=(1996)
calls=12 0 
0 408
0 72
cfn=(1854)
calls=12 0 
0 300
0 48
cfn=(1854)
calls=12 0 
0 300
0 48
cfn=(1996)
calls=12 0 
0 408
0 90

fn=(2650)
0 23
cfn=(1844)
calls=1 0 
0 459
0 7
cfn=(1844)
calls=1 0 
0 244
0 6
cfn=(1844)
calls=1 0 
0 88
0 10
cfn=(2136)
calls=1 0 
0 5382
0 167
cfn=(1952)
calls=2 0 
0 20
0 49
cfn=(1854)
calls=1 0 
0 25
0 6
cfn=(1854)
calls=1 0 
0 25
0 6
cfn=(1854)
calls=1 0 
0 25
0 6
cfn=(1854)
calls=1 0 
0 25
0 6
cfn=(1854)
calls=1 0 
0 25
0 6
cfn=(1854)
calls=1 0 
0 25
0 5
cfn=(1854)
calls=1 0 
0 25
0 146
cfn=(2316)
calls=1 0 
0 663
0 211
cfn=(1942)
calls=1 0 
0 105
0 5
cfn=(1942)
calls=1 0 
0 105
0 5
cfn=(1942)
calls=1 0 
0 105
0 16

fn=(2664)
0 4194
cfn=(2666) orthogonal::triple_is_collinear(long, long, long)
calls=24 0 
0 48216
0 196
cfn=(2666)
calls=25 0 
0 60529
0 102

fn=(2666)
0 686
cfn=(1844)
calls=49 0 
0 4312
0 637
cfn=(2400)
calls=49 0 
0 8232
0 637
cfn=(2400)
calls=49 0 
0 17980
0 686
cfn=(2400)
calls=49 0 
0 17884
0 637
cfn=(2610)
calls=49 0 
0 51027
0 343
cfn=(1942)
calls=49 0 
0 5145
0 539

fn=(2674) orthogonal::canonical_points_L3(long, long, long&, long&)
0 468
cfn=(2402)
calls=26 0 
0 3182
0 156
cfn=(2402)
calls=26 0 
0 8276
0 598

fn=(2676)
0 36

fn=(2688)
0 5303
cfn=(2690) INT_vec_quicksort(long*, long (*)(long, long), long, long) [clone .part.4]
calls=1 0 
0 118
0 422
cfn=(2690)
calls=1 0 
0 12902
0 105
cfn=(2690)
calls=1 0 
0 1664
0 1533
cfn=(2690)
calls=1 0 
0 1370
0 70
cfn=(2690)
calls=1 0 
0 3820
0 8
cfn=(2690)
calls=1 0 
0 109
0 7
cfn=(2690)
calls=1 0 
0 223
0 847
cfn=(2690)
calls=1 0 
0 109
0 6
cfn=(2690)
calls=1 0 
0 947
0 304
cfn=(2690)
calls=1 0 
0 800
0 7
cfn=(2690)
calls=1 0 
0 2382
0 19
cfn=(2690)
calls=1 0 
0 2149
0 4

fn=(2718)
0 24729

fn=(2726) spreadsheet::init_empty_table(long, long)
0 40
cfn=(1844)
calls=2 0 
0 3712
0 12486
cfn=(2434)
calls=2 0 
0 678
0 30
cob=(3)
cfi=(139)
cfn=(1440)
calls=2 158 
0 158120
0 2
0 2

fn=(2946) poset_classification::read_arguments(int, char const**, long)
0 179
cob=(3)
cfi=(145)
cfn=(1756)
calls=1 106 
0 98
0 1
0 536
cob=(3)
cfi=(128)
cfn=(1162)
calls=6 144 
0 144
0 6
0 54
cob=(3)
cfi=(128)
cfn=(1162)
calls=6 144 
0 144
0 6
0 24

fn=(2960)
0 2514
cfn=(2962) matrix_group_element_store(action&, void*, long)
calls=1257 0 
0 2137097

fn=(3016) callback_partial_ovoid_test(long, long*, void*, long)
0 198472
cfn=(3018)
calls=49618 0 
0 124131999

fn=(3030)
0 495325
cfn=(3029)
calls=19813 0 
0 78228384

fn=(3031)
0 498550
cfn=(3029)
calls=19942 0 
0 78237448

fn=(3078)
0 12408

fn=(3094)
0 1719
cfn=(3096)
calls=573 0 
0 1287908
0 1146
cfn=(2196)
calls=573 0 
0 74134
0 1719
cfn=(2196)
calls=573 0 
0 75975

fn=(3110) poset_classification::count_extension_nodes_at_level(long)
0 400

fn=(3138)
0 5168
cfn=(2064)
calls=272 0 
0 1088
0 1632
cfn=(2428)
calls=272 0 
0 2662736
0 1632
cfn=(3128)
calls=272 0 
0 2448
0 2448
cfn=(1864)
calls=272 0 
0 16864
0 3808
cfn=(3140)
calls=272 0 
0 91497912
0 2176
cfn=(3146) group::point_stabilizer_with_action(action*, group&, long, long)
calls=272 0 
0 1821419239
0 816
cfn=(2064)
calls=272 0 
0 1088
0 816
cfn=(3134)
calls=272 0 
0 248245
0 1088
cfn=(2148)
calls=272 0 
0 14512
0 1088
cfn=(2084)
calls=272 0 
0 30464
0 544
cfn=(3082)
calls=272 0 
0 817169
0 544
cfn=(2084)
calls=272 0 
0 35054
0 2992

fn=(3146)
0 5440
cfn=(1974)
calls=272 0 
0 1088
0 2176
cfn=(1844)
calls=272 0 
0 35994
0 2720
cfn=(3148) sims::point_stabilizer_with_action(action*, vector_ge&, long*, long, long)
calls=272 0 
0 1821145801
0 5712
cfn=(3184)
calls=272 0 
0 155371
0 1360
cfn=(1942)
calls=272 0 
0 28747
0 1088
cfn=(2196)
calls=272 0 
0 30750
0 2992

fn=(3176)
0 147060
cfn=(2113)
calls=7740 0 
0 3765388

fn=(3177)
0 168435
cfn=(2113)
calls=8865 0 
0 4116086

fn=(3190)
0 4624
cfn=(1844)
calls=272 0 
0 64326
0 7752

fn=(3248)
0 49661
cfn=(3250)
calls=937 0 
0 54334055
0 26236
cfn=(3258)
calls=937 0 
0 7496
0 17803
cfn=(3249) upstep_work::find_automorphism_by_tracing_recursion(long, long, long&, long&, long, long)'2
calls=937 0 
0 302514309
0 14992

fn=(3249)
0 184900
cfn=(3250)
calls=3698 0 
0 235302803
0 103544
cfn=(3258)
calls=3698 0 
0 161379
0 59018
cfn=(3249)
calls=2761 0 
0 506931475
0 21351
cfn=(3260)
calls=937 0 
0 66644434
0 36880

fn=(3288)
0 25590

fn=(3294) poset_classification::get_node_ij(long, long)
0 1638

fn=(3336)
0 2534
cfn=(1844)
calls=181 0 
0 15928
0 1267

fn=(3340)
0 3258
cfn=(2064)
calls=181 0 
0 724
0 362
cfn=(2064)
calls=181 0 
0 724
0 543
cfn=(2064)
calls=181 0 
0 724
0 1525
cfn=(2066)
calls=43 0 
0 47406
0 1267
cfn=(2154)
calls=181 0 
0 2956113
0 362
cfn=(2074)
calls=181 0 
0 3620
0 724
cfn=(2084)
calls=181 0 
0 23349
0 362
cfn=(2084)
calls=181 0 
0 724
0 362
cfn=(2084)
calls=181 0 
0 23349
0 2405
cfn=(2070)
calls=138 0 
0 19596
0 138

fn=(3352) finite_field::perp_standard_with_temporary_data(long, long, long*, long*, long*, long*, long) [clone .constprop.8]
0 98352
cfn=(1970)
calls=4098 0 
0 222592
0 327204
cfn=(1998)
calls=312 0 
0 1560
0 1872
cfn=(1998)
calls=312 0 
0 1560
0 384
cfn=(1998)
calls=96 0 
0 480
0 2448
cfn=(1998)
calls=408 0 
0 2040
0 1632
cfn=(1998)
calls=408 0 
0 2040
0 4896
cfn=(1998)
calls=816 0 
0 4080
0 126852
cfn=(1952)
calls=10299 0 
0 102990
0 230267
cfn=(1854)
calls=3672 0 
0 91800
0 22032
cfn=(1854)
calls=3672 0 
0 91800
0 11275
cfn=(1854)
calls=2255 0 
0 56375
0 35562
cfn=(1854)
calls=5927 0 
0 148175
0 14430
cfn=(1854)
calls=2886 0 
0 72150
0 52878
cfn=(1854)
calls=8813 0 
0 220325
0 7430
cfn=(1854)
calls=1486 0 
0 37150
0 201937
cfn=(1994)
calls=720 0 
0 17280
0 14832
cfn=(1854)
calls=312 0 
0 7800
0 1248
cfn=(1996)
calls=312 0 
0 10608
0 2184
cfn=(1854)
calls=312 0 
0 7800
0 2448
cfn=(1854)
calls=408 0 
0 10200
0 2880
cfn=(1996)
calls=720 0 
0 24480
0 5040
cfn=(1854)
calls=720 0 
0 18000
0 2880
cfn=(1996)
calls=720 0 
0 24480
0 347096
cfn=(1854)
calls=312 0 
0 7800
0 936
cfn=(1994)
calls=312 0 
0 7488
0 1248
cfn=(1996)
calls=312 0 
0 10608
0 125014
cfn=(2316)
calls=4098 0 
0 1858654
0 340062

fn=(3354)
0 513128
cfn=(1844)
calls=30184 0 
0 2680758
0 2580705
cfn=(1998)
calls=2935 0 
0 14675
0 17610
cfn=(1998)
calls=2935 0 
0 14675
0 37576
cfn=(1998)
calls=9394 0 
0 46970
0 73974
cfn=(1998)
calls=12329 0 
0 61645
0 5256
cfn=(1998)
calls=1314 0 
0 6570
0 81858
cfn=(1998)
calls=13643 0 
0 68215
0 532
cfn=(1998)
calls=133 0 
0 665
0 1115076
cfn=(1952)
calls=88331 0 
0 883310
0 1988382
cfn=(1854)
calls=29581 0 
0 739525
0 177486
cfn=(1854)
calls=29581 0 
0 739525
0 134705
cfn=(1854)
calls=26941 0 
0 673525
0 339132
cfn=(1854)
calls=56522 0 
0 1413050
0 134000
cfn=(1854)
calls=26800 0 
0 670000
0 499932
cfn=(1854)
calls=83322 0 
0 2083050
0 25045
cfn=(1854)
calls=5009 0 
0 125225
0 2015598
cfn=(1994)
calls=39902 0 
0 957648
0 837156
cfn=(1854)
calls=22074 0 
0 551850
0 88296
cfn=(1996)
calls=22074 0 
0 750516
0 154518
cfn=(1854)
calls=22074 0 
0 551850
0 89496
cfn=(1854)
calls=14916 0 
0 372900
0 147960
cfn=(1996)
calls=36990 0 
0 1257660
0 258930
cfn=(1854)
calls=36990 0 
0 924750
0 13272
cfn=(1854)
calls=2212 0 
0 55300
0 156808
cfn=(1996)
calls=39202 0 
0 1332868
0 3528279
cfn=(1854)
calls=7274 0 
0 181850
0 21822
cfn=(1994)
calls=7274 0 
0 174576
0 29096
cfn=(1996)
calls=7274 0 
0 247316
0 50918
cfn=(1854)
calls=7274 0 
0 181850
0 139990
cfn=(1854)
calls=27998 0 
0 699950
0 105816
cfn=(1994)
calls=35272 0 
0 846528
0 141088
cfn=(1996)
calls=35272 0 
0 1199248
0 958716
cfn=(1942)
calls=30184 0 
0 3169711
0 444244

fn=(3358) finite_field::matrix_inverse(long*, long*, long, long)
0 37164
cfn=(1844)
calls=1956 0 
0 172128
0 11736
cfn=(1844)
calls=1956 0 
0 172128
0 21516
cfn=(1984)
calls=1956 0 
0 3468623
0 13692
cfn=(1942)
calls=1956 0 
0 205380
0 23472
cfn=(1942)
calls=1956 0 
0 205380

fn=(3376)
0 18942

fn=(3392)
0 16
cfn=(2066)
calls=2 0 
0 18036
0 10

fn=(3500) longinteger_domain::mult_integer_in_place(longinteger_object&, long)
0 350
cfn=(2064)
calls=25 0 
0 100
0 50
cfn=(2064)
calls=25 0 
0 100
0 75
cfn=(2070)
calls=25 0 
0 3887
0 100
cfn=(2072)
calls=25 0 
0 7170
0 75
cfn=(2082)
calls=25 0 
0 5746
0 50
cfn=(2084)
calls=25 0 
0 2800
0 50
cfn=(2084)
calls=25 0 
0 2817
0 225

fn=(3610) classify_double_sixes::print_five_plus_ones(std::ostream&)
0 15
cfn=(2976)
calls=1 0 
0 4
0 5
cob=(7)
cfi=(103)
cfn=(1282)
calls=1 0 
0 176
0 1
0 3
cob=(7)
cfi=(103)
cfn=(1378)
calls=1 0 
0 354
0 1
0 5
cob=(7)
cfi=(103)
cfn=(1282)
calls=1 0 
0 181
0 1
0 11
cob=(7)
cfi=(103)
cfn=(1336)
calls=1 0 
0 67
0 1
0 2
cob=(7)
cfi=(103)
cfn=(1356)
calls=1 0 
0 184
0 1
0 3
cfn=(2064)
calls=1 0 
0 4
0 4
cfn=(2602)
calls=1 0 
0 9032
0 4
cob=(7)
cfi=(103)
cfn=(1282)
calls=1 0 
0 175
0 1
0 3
cfn=(3238)
calls=1 0 
0 3262
0 4
cob=(7)
cfi=(103)
cfn=(1282)
calls=1 0 
0 181
0 1
0 10
cob=(7)
cfi=(103)
cfn=(1336)
calls=1 0 
0 67
0 1
0 2
cob=(7)
cfi=(103)
cfn=(1356)
calls=1 0 
0 184
0 1
0 4
cob=(7)
cfi=(103)
cfn=(1282)
calls=1 0 
0 177
0 1
0 10
cob=(7)
cfi=(103)
cfn=(1336)
calls=1 0 
0 67
0 1
0 2
cob=(7)
cfi=(103)
cfn=(1356)
calls=1 0 
0 184
0 1
0 3
cfn=(2084)
calls=1 0 
0 112
0 3
cfn=(2064)
calls=1 0 
0 4
0 2
cfn=(2064)
calls=1 0 
0 4
0 3
cfn=(2070)
calls=1 0 
0 107
0 4
cob=(7)
cfi=(103)
cfn=(1282)
calls=1 0 
0 177
0 1
0 3
cob=(7)
cfi=(103)
cfn=(1378)
calls=1 0 
0 355
0 1
0 5
cob=(7)
cfi=(103)
cfn=(1282)
calls=1 0 
0 176
0 1
0 3
cob=(7)
cfi=(103)
cfn=(1378)
calls=1 0 
0 342
0 1
0 5
cob=(7)
cfi=(103)
cfn=(1282)
calls=1 0 
0 181
0 1
0 10
cob=(7)
cfi=(103)
cfn=(1336)
calls=1 0 
0 67
0 1
0 2
cob=(7)
cfi=(103)
cfn=(1356)
calls=1 0 
0 184
0 1
0 11
cob=(7)
cfi=(103)
cfn=(1336)
calls=1 0 
0 67
0 1
0 2
cob=(7)
cfi=(103)
cfn=(1356)
calls=1 0 
0 184
0 1
0 4
cob=(7)
cfi=(103)
cfn=(1282)
calls=1 0 
0 177
0 1
0 3
cob=(7)
cfi=(103)
cfn=(1378)
calls=1 0 
0 355
0 1
0 5
cob=(7)
cfi=(103)
cfn=(1282)
calls=1 0 
0 175
0 1
0 10
cob=(7)
cfi=(103)
cfn=(1336)
calls=1 0 
0 67
0 1
0 2
cob=(7)
cfi=(103)
cfn=(1356)
calls=1 0 
0 184
0 1
0 11
cob=(7)
cfi=(103)
cfn=(1336)
calls=1 0 
0 67
0 1
0 2
cob=(7)
cfi=(103)
cfn=(1356)
calls=1 0 
0 184
0 1
0 4
cob=(7)
cfi=(103)
cfn=(1282)
calls=1 0 
0 177
0 1
0 4
cob=(7)
cfi=(103)
cfn=(1378)
calls=1 0 
0 342
0 1
0 5
cob=(7)
cfi=(103)
cfn=(1282)
calls=1 0 
0 176
0 1
0 10
cob=(7)
cfi=(103)
cfn=(1336)
calls=1 0 
0 67
0 1
0 2
cob=(7)
cfi=(103)
cfn=(1356)
calls=1 0 
0 184
0 1
0 11
cob=(7)
cfi=(103)
cfn=(1336)
calls=1 0 
0 67
0 1
0 2
cob=(7)
cfi=(103)
cfn=(1356)
calls=1 0 
0 184
0 1
0 17
cfn=(3330)
calls=1 0 
0 271982
0 680
cfn=(3330)
calls=68 0 
0 20163679
0 483
cfn=(3340)
calls=69 0 
0 1171225
0 276
cfn=(3612)
calls=69 0 
0 82347
0 276
cob=(7)
cfi=(103)
cfn=(1282)
calls=69 0 
0 12420
0 69
0 207
cob=(7)
cfi=(103)
cfn=(1378)
calls=69 0 
0 23461
0 69
0 345
cob=(7)
cfi=(103)
cfn=(1282)
calls=69 0 
0 12489
0 69
0 276
cob=(7)
cfi=(103)
cfn=(1378)
calls=69 0 
0 23598
0 69
0 345
cob=(7)
cfi=(103)
cfn=(1282)
calls=69 0 
0 12213
0 69
0 207
cob=(7)
cfi=(103)
cfn=(1378)
calls=69 0 
0 24222
0 69
0 345
cob=(7)
cfi=(103)
cfn=(1282)
calls=69 0 
0 12489
0 69
0 207
cob=(7)
cfi=(103)
cfn=(1378)
calls=69 0 
0 24495
0 69
0 345
cob=(7)
cfi=(103)
cfn=(1282)
calls=69 0 
0 12489
0 69
0 690
cob=(7)
cfi=(103)
cfn=(1336)
calls=69 0 
0 4623
0 69
0 138
cob=(7)
cfi=(103)
cfn=(1356)
calls=69 0 
0 12696
0 69
0 207
cfn=(3614) set_and_stabilizer::print_set_tex(std::ostream&)
calls=69 0 
0 242762
0 276
cob=(7)
cfi=(103)
cfn=(1282)
calls=69 0 
0 12075
0 69
0 207
cfn=(3238)
calls=69 0 
0 168827
0 276
cob=(7)
cfi=(103)
cfn=(1282)
calls=69 0 
0 12489
0 69
0 690
cob=(7)
cfi=(103)
cfn=(1336)
calls=69 0 
0 4623
0 69
0 138
cob=(7)
cfi=(103)
cfn=(1356)
calls=69 0 
0 12696
0 69
0 345
cfn=(2184)
calls=69 0 
0 1863
0 345
cfn=(3378)
calls=69 0 
0 604502
0 207
cob=(7)
cfi=(103)
cfn=(2190)
calls=69 0 
0 5244
0 69
0 211
cob=(7)
cfi=(103)
cfn=(1282)
calls=1 0 
0 186
0 1
0 3
cob=(7)
cfi=(103)
cfn=(1378)
calls=1 0 
0 342
0 1
0 5
cob=(7)
cfi=(103)
cfn=(1282)
calls=1 0 
0 179
0 1
0 3
cfn=(2086)
calls=1 0 
0 2697
0 5
cob=(7)
cfi=(103)
cfn=(1282)
calls=1 0 
0 181
0 1
0 10
cob=(7)
cfi=(103)
cfn=(1336)
calls=1 0 
0 67
0 1
0 2
cob=(7)
cfi=(103)
cfn=(1356)
calls=1 0 
0 184
0 1
0 2
cfn=(2084)
calls=1 0 
0 129
0 2
cfn=(2084)
calls=1 0 
0 129
0 11

fn=(3620) INT_set_print_tex_for_inline_text(std::ostream&, long*, long)
0 273
cob=(7)
cfi=(103)
cfn=(1282)
calls=21 0 
0 3801
0 21
0 252
cob=(7)
cfi=(103)
cfn=(1378)
calls=21 0 
0 6951
0 21
0 315
cob=(7)
cfi=(103)
cfn=(1282)
calls=21 0 
0 3801
0 21
0 252
cob=(7)
cfi=(103)
cfn=(1378)
calls=21 0 
0 7455
0 21
0 84
cob=(7)
cfi=(103)
cfn=(1282)
calls=21 0 
0 3759
0 21
0 84
cob=(7)
cfi=(103)
cfn=(1378)
calls=21 0 
0 7959
0 21
0 84
cob=(7)
cfi=(103)
cfn=(1282)
calls=21 0 
0 3759
0 21
0 84
cob=(7)
cfi=(103)
cfn=(1378)
calls=21 0 
0 7455
0 21
0 84
cob=(7)
cfi=(103)
cfn=(1282)
calls=21 0 
0 3759
0 21
0 168
cob=(7)
cfi=(103)
cfn=(1378)
calls=42 0 
0 15251
0 42
0 168
cob=(7)
cfi=(103)
cfn=(1282)
calls=42 0 
0 7518
0 42
0 126
cob=(7)
cfi=(103)
cfn=(1378)
calls=42 0 
0 15546
0 42
0 168
cob=(7)
cfi=(103)
cfn=(1282)
calls=42 0 
0 7518
0 42
0 126
cob=(7)
cfi=(103)
cfn=(1378)
calls=42 0 
0 15457
0 42
0 168
cob=(7)
cfi=(103)
cfn=(1282)
calls=42 0 
0 7518
0 42
0 168
cob=(7)
cfi=(103)
cfn=(1378)
calls=42 0 
0 15866
0 42
0 168
cob=(7)
cfi=(103)
cfn=(1282)
calls=42 0 
0 7518
0 42
0 126

fn=(3636) classify_double_sixes::identify_double_six(long*, long*, long&, long)
0 3312
cfn=(1844)
calls=144 0 
0 12672
0 1008
cfn=(1844)
calls=144 0 
0 12672
0 1440
cfn=(1970)
calls=144 0 
0 6336
0 720
cfn=(3466) surface::line_to_wedge_vec(long*, long*, long)
calls=144 0 
0 704742
0 1008
cfn=(3468) action::make_element_which_moves_a_line_in_PG3q(grassmann*, long, long*, long)
calls=144 0 
0 1086000
0 1440
cfn=(3272)
calls=144 0 
0 10682898
0 864
cfn=(3474)
calls=144 0 
0 105146
0 1296
cfn=(3476)
calls=144 0 
0 69488059
0 1296
cfn=(2128)
calls=144 0 
0 1414368
0 1152
cfn=(2554)
calls=144 0 
0 12476
0 1876
cfn=(1988)
calls=73 0 
0 9616
0 1523
cfn=(1988)
calls=144 0 
0 18960
0 720
cfn=(1942)
calls=144 0 
0 15171
0 720
cfn=(1942)
calls=144 0 
0 15183
0 1939
cfn=(2128)
calls=71 0 
0 697362
0 994

fn=(3640) surface_classify_wedge::generate_source_code(long)
0 30
cob=(3)
cfi=(148)
cfn=(1878)
calls=1 26 
0 612
0 1
0 2
cob=(7)
cfi=(103)
cfn=(1110)
calls=1 0 
0 91
0 1
0 16
cob=(7)
cfi=(103)
cfn=(1116)
calls=1 0 
0 1028
0 1
0 6
cob=(7)
cfi=(103)
cfn=(2742)
calls=1 0 
0 333
0 1
0 3
cob=(7)
cfi=(103)
cfn=(1116)
calls=1 0 
0 1028
0 1
0 4
cob=(7)
cfi=(103)
cfn=(2764)
calls=1 0 
0 793
0 1
0 7
cob=(7)
cfi=(103)
cfn=(2810)
calls=1 0 
0 7
0 1
0 4
cob=(7)
cfi=(103)
cfn=(1282)
calls=1 0 
0 248
0 1
0 3
cob=(3)
cfi=(125)
cfn=(876)
calls=1 52 
0 15
0 1
0 4
cob=(7)
cfi=(103)
cfn=(1282)
calls=1 0 
0 177
0 1
0 4
cob=(7)
cfi=(103)
cfn=(1282)
calls=1 0 
0 177
0 1
0 4
cob=(7)
cfi=(103)
cfn=(1378)
calls=1 0 
0 340
0 1
0 5
cob=(7)
cfi=(103)
cfn=(1282)
calls=1 0 
0 180
0 1
0 10
cob=(7)
cfi=(103)
cfn=(1336)
calls=1 0 
0 67
0 1
0 2
cob=(7)
cfi=(103)
cfn=(1356)
calls=1 0 
0 184
0 1
0 4
cob=(7)
cfi=(103)
cfn=(1282)
calls=1 0 
0 179
0 1
0 3
cob=(3)
cfi=(125)
cfn=(876)
calls=1 52 
0 15
0 1
0 4
cob=(7)
cfi=(103)
cfn=(1282)
calls=1 0 
0 177
0 1
0 4
cob=(7)
cfi=(103)
cfn=(1282)
calls=1 0 
0 177
0 1
0 4
cob=(7)
cfi=(103)
cfn=(1378)
calls=1 0 
0 342
0 1
0 5
cob=(7)
cfi=(103)
cfn=(1282)
calls=1 0 
0 180
0 1
0 10
cob=(7)
cfi=(103)
cfn=(1336)
calls=1 0 
0 67
0 1
0 2
cob=(7)
cfi=(103)
cfn=(1356)
calls=1 0 
0 184
0 1
0 6
cob=(7)
cfi=(103)
cfn=(1282)
calls=1 0 
0 523
0 1
0 11
cob=(7)
cfi=(103)
cfn=(1336)
calls=1 0 
0 252
0 1
0 2
cob=(7)
cfi=(103)
cfn=(1356)
calls=1 0 
0 86
0 1
0 4
cob=(7)
cfi=(103)
cfn=(1282)
calls=1 0 
0 175
0 1
0 10
cob=(7)
cfi=(103)
cfn=(1336)
calls=1 0 
0 67
0 1
0 2
cob=(7)
cfi=(103)
cfn=(1356)
calls=1 0 
0 184
0 1
0 4
cob=(7)
cfi=(103)
cfn=(1282)
calls=1 0 
0 179
0 1
0 3
cob=(3)
cfi=(125)
cfn=(876)
calls=1 52 
0 15
0 1
0 4
cob=(7)
cfi=(103)
cfn=(1282)
calls=1 0 
0 177
0 1
0 4
cob=(7)
cfi=(103)
cfn=(1282)
calls=1 0 
0 177
0 1
0 10
cob=(7)
cfi=(103)
cfn=(1336)
calls=1 0 
0 67
0 1
0 2
cob=(7)
cfi=(103)
cfn=(1356)
calls=1 0 
0 184
0 1
0 32
cob=(7)
cfi=(103)
cfn=(1282)
calls=4 0 
0 2092
0 4
0 12
cob=(7)
cfi=(103)
cfn=(1378)
calls=4 0 
0 1543
0 4
0 44
cob=(7)
cfi=(103)
cfn=(1336)
calls=4 0 
0 1008
0 4
0 8
cob=(7)
cfi=(103)
cfn=(1356)
calls=4 0 
0 344
0 4
0 16
cfn=(3628)
calls=4 0 
0 6794810
0 24
cfn=(1970)
calls=4 0 
0 432
0 24
cfn=(3642)
calls=4 0 
0 20626885
0 20
cfn=(2234)
calls=4 0 
0 2124
0 16
cob=(7)
cfi=(103)
cfn=(1282)
calls=4 0 
0 720
0 4
0 32
cob=(7)
cfi=(103)
cfn=(1378)
calls=4 0 
0 1324
0 4
0 228
cob=(7)
cfi=(103)
cfn=(1378)
calls=76 0 
0 25178
0 76
0 320
cob=(7)
cfi=(103)
cfn=(1282)
calls=80 0 
0 14480
0 80
0 360
cob=(7)
cfi=(103)
cfn=(1336)
calls=4 0 
0 268
0 4
0 8
cob=(7)
cfi=(103)
cfn=(1356)
calls=4 0 
0 736
0 4
0 20
cfn=(2184)
calls=4 0 
0 108
0 8
cfn=(3378)
calls=4 0 
0 37947
0 12
cob=(7)
cfi=(103)
cfn=(2190)
calls=4 0 
0 304
0 4
0 24
cob=(7)
cfi=(103)
cfn=(1282)
calls=1 0 
0 181
0 1
0 10
cob=(7)
cfi=(103)
cfn=(1336)
calls=1 0 
0 67
0 1
0 2
cob=(7)
cfi=(103)
cfn=(1356)
calls=1 0 
0 184
0 1
0 6
cob=(7)
cfi=(103)
cfn=(1282)
calls=1 0 
0 563
0 1
0 11
cob=(7)
cfi=(103)
cfn=(1336)
calls=1 0 
0 252
0 1
0 2
cob=(7)
cfi=(103)
cfn=(1356)
calls=1 0 
0 86
0 1
0 4
cob=(7)
cfi=(103)
cfn=(1282)
calls=1 0 
0 175
0 1
0 10
cob=(7)
cfi=(103)
cfn=(1336)
calls=1 0 
0 67
0 1
0 2
cob=(7)
cfi=(103)
cfn=(1356)
calls=1 0 
0 184
0 1
0 4
cob=(7)
cfi=(103)
cfn=(1282)
calls=1 0 
0 177
0 1
0 3
cob=(3)
cfi=(125)
cfn=(876)
calls=1 52 
0 15
0 1
0 4
cob=(7)
cfi=(103)
cfn=(1282)
calls=1 0 
0 177
0 1
0 4
cob=(7)
cfi=(103)
cfn=(1282)
calls=1 0 
0 175
0 1
0 10
cob=(7)
cfi=(103)
cfn=(1336)
calls=1 0 
0 67
0 1
0 2
cob=(7)
cfi=(103)
cfn=(1356)
calls=1 0 
0 184
0 1
0 19
cob=(7)
cfi=(103)
cfn=(1336)
calls=4 0 
0 268
0 4
0 8
cob=(7)
cfi=(103)
cfn=(1356)
calls=4 0 
0 736
0 4
0 12
cfn=(2084)
calls=4 0 
0 448
0 24
cfn=(2064)
calls=4 0 
0 16
0 24
cfn=(2602)
calls=4 0 
0 8123
0 16
cob=(7)
cfi=(103)
cfn=(1282)
calls=4 0 
0 724
0 4
0 12
cfn=(3238)
calls=4 0 
0 2052
0 16
cob=(7)
cfi=(103)
cfn=(1282)
calls=4 0 
0 724
0 4
0 32
cob=(7)
cfi=(103)
cfn=(1282)
calls=1 0 
0 181
0 1
0 10
cob=(7)
cfi=(103)
cfn=(1336)
calls=1 0 
0 67
0 1
0 2
cob=(7)
cfi=(103)
cfn=(1356)
calls=1 0 
0 184
0 1
0 6
cob=(7)
cfi=(103)
cfn=(1282)
calls=1 0 
0 523
0 1
0 11
cob=(7)
cfi=(103)
cfn=(1336)
calls=1 0 
0 252
0 1
0 2
cob=(7)
cfi=(103)
cfn=(1356)
calls=1 0 
0 86
0 1
0 4
cob=(7)
cfi=(103)
cfn=(1282)
calls=1 0 
0 176
0 1
0 10
cob=(7)
cfi=(103)
cfn=(1336)
calls=1 0 
0 67
0 1
0 2
cob=(7)
cfi=(103)
cfn=(1356)
calls=1 0 
0 184
0 1
0 4
cob=(7)
cfi=(103)
cfn=(1282)
calls=1 0 
0 179
0 1
0 3
cob=(3)
cfi=(125)
cfn=(876)
calls=1 52 
0 15
0 1
0 4
cob=(7)
cfi=(103)
cfn=(1282)
calls=1 0 
0 177
0 1
0 4
cob=(7)
cfi=(103)
cfn=(1282)
calls=1 0 
0 177
0 1
0 10
cob=(7)
cfi=(103)
cfn=(1336)
calls=1 0 
0 67
0 1
0 2
cob=(7)
cfi=(103)
cfn=(1356)
calls=1 0 
0 184
0 1
0 4
cob=(7)
cfi=(103)
cfn=(1282)
calls=1 0 
0 180
0 1
0 61
cfn=(2184)
calls=4 0 
0 108
0 20
cfn=(3706) set_of_sets::~set_of_sets()
calls=4 0 
0 15008
0 12
cob=(7)
cfi=(103)
cfn=(2190)
calls=4 0 
0 304
0 4
0 20
cfn=(1942)
calls=4 0 
0 616
0 20
cfn=(2184)
calls=4 0 
0 108
0 8
cfn=(3378)
calls=4 0 
0 41486
0 12
cob=(7)
cfi=(103)
cfn=(2190)
calls=4 0 
0 304
0 4
0 36
cob=(7)
cfi=(103)
cfn=(1282)
calls=4 0 
0 2092
0 4
0 12
cob=(7)
cfi=(103)
cfn=(1378)
calls=4 0 
0 1543
0 4
0 44
cob=(7)
cfi=(103)
cfn=(1336)
calls=4 0 
0 1008
0 4
0 8
cob=(7)
cfi=(103)
cfn=(1356)
calls=4 0 
0 344
0 4
0 16
cfn=(3628)
calls=4 0 
0 5003292
0 20
cfn=(1970)
calls=4 0 
0 432
0 28
cfn=(3642)
calls=4 0 
0 20626885
0 20
cfn=(2234)
calls=4 0 
0 2124
0 24
cfn=(1844)
calls=4 0 
0 3152
0 28
cfn=(3644) surface::enumerate_points(long*, long*, long&, long)
calls=4 0 
0 16481520
0 48
cfn=(3648) surface::compute_points_on_lines(long*, long, long*, long, set_of_sets*&, long)
calls=4 0 
0 41361649
0 20
cfn=(3658) set_of_sets::number_of_eckardt_points(long)
calls=4 0 
0 1334290
0 12
cob=(7)
cfi=(103)
cfn=(1378)
calls=4 0 
0 1326
0 4
0 32
cob=(7)
cfi=(103)
cfn=(1282)
calls=3 0 
0 543
0 3
0 7
cob=(7)
cfi=(103)
cfn=(1282)
calls=1 0 
0 181
0 1
0 10
cob=(7)
cfi=(103)
cfn=(1336)
calls=1 0 
0 67
0 1
0 2
cob=(7)
cfi=(103)
cfn=(1356)
calls=1 0 
0 184
0 1
0 6
cob=(7)
cfi=(103)
cfn=(1282)
calls=1 0 
0 528
0 1
0 11
cob=(7)
cfi=(103)
cfn=(1336)
calls=1 0 
0 252
0 1
0 2
cob=(7)
cfi=(103)
cfn=(1356)
calls=1 0 
0 86
0 1
0 4
cob=(7)
cfi=(103)
cfn=(1282)
calls=1 0 
0 186
0 1
0 10
cob=(7)
cfi=(103)
cfn=(1336)
calls=1 0 
0 67
0 1
0 2
cob=(7)
cfi=(103)
cfn=(1356)
calls=1 0 
0 184
0 1
0 4
cob=(7)
cfi=(103)
cfn=(1282)
calls=1 0 
0 179
0 1
0 3
cob=(3)
cfi=(125)
cfn=(876)
calls=1 52 
0 15
0 1
0 4
cob=(7)
cfi=(103)
cfn=(1282)
calls=1 0 
0 177
0 1
0 4
cob=(7)
cfi=(103)
cfn=(1282)
calls=1 0 
0 177
0 1
0 10
cob=(7)
cfi=(103)
cfn=(1336)
calls=1 0 
0 67
0 1
0 2
cob=(7)
cfi=(103)
cfn=(1356)
calls=1 0 
0 184
0 1
0 32
cob=(7)
cfi=(103)
cfn=(1282)
calls=4 0 
0 2092
0 4
0 12
cob=(7)
cfi=(103)
cfn=(1378)
calls=4 0 
0 1543
0 4
0 44
cob=(7)
cfi=(103)
cfn=(1336)
calls=4 0 
0 1008
0 4
0 8
cob=(7)
cfi=(103)
cfn=(1356)
calls=4 0 
0 344
0 4
0 16
cfn=(3628)
calls=4 0 
0 3987607
0 24
cfn=(1970)
calls=4 0 
0 432
0 16
cob=(7)
cfi=(103)
cfn=(1282)
calls=4 0 
0 720
0 4
0 24
cob=(7)
cfi=(103)
cfn=(1378)
calls=4 0 
0 1420
0 4
0 24
cob=(7)
cfi=(103)
cfn=(1378)
calls=8 0 
0 2947
0 8
0 48
cob=(7)
cfi=(103)
cfn=(1282)
calls=12 0 
0 2172
0 12
0 48
cob=(7)
cfi=(103)
cfn=(1378)
calls=12 0 
0 4548
0 12
0 48
cob=(7)
cfi=(103)
cfn=(1282)
calls=12 0 
0 2172
0 12
0 36
cob=(7)
cfi=(103)
cfn=(1378)
calls=12 0 
0 4260
0 12
0 48
cob=(7)
cfi=(103)
cfn=(1282)
calls=12 0 
0 2172
0 12
0 36
cob=(7)
cfi=(103)
cfn=(1378)
calls=12 0 
0 4398
0 12
0 48
cob=(7)
cfi=(103)
cfn=(1282)
calls=12 0 
0 2172
0 12
0 36
cob=(7)
cfi=(103)
cfn=(1378)
calls=12 0 
0 4461
0 12
0 48
cob=(7)
cfi=(103)
cfn=(1282)
calls=12 0 
0 2172
0 12
0 36
cob=(7)
cfi=(103)
cfn=(1378)
calls=12 0 
0 4448
0 12
0 48
cob=(7)
cfi=(103)
cfn=(1282)
calls=12 0 
0 2172
0 12
0 36
cob=(7)
cfi=(103)
cfn=(1378)
calls=12 0 
0 4509
0 12
0 48
cob=(7)
cfi=(103)
cfn=(1282)
calls=12 0 
0 2172
0 12
0 36
cob=(7)
cfi=(103)
cfn=(1378)
calls=12 0 
0 4371
0 12
0 48
cob=(7)
cfi=(103)
cfn=(1282)
calls=12 0 
0 2172
0 12
0 36
cob=(7)
cfi=(103)
cfn=(1378)
calls=12 0 
0 4385
0 12
0 48
cob=(7)
cfi=(103)
cfn=(1282)
calls=12 0 
0 2172
0 12
0 76
cob=(7)
cfi=(103)
cfn=(1336)
calls=4 0 
0 268
0 4
0 8
cob=(7)
cfi=(103)
cfn=(1356)
calls=4 0 
0 736
0 4
0 24
cfn=(2184)
calls=4 0 
0 108
0 8
cfn=(3378)
calls=4 0 
0 37007
0 12
cob=(7)
cfi=(103)
cfn=(2190)
calls=4 0 
0 304
0 4
0 24
cob=(7)
cfi=(103)
cfn=(1282)
calls=1 0 
0 181
0 1
0 10
cob=(7)
cfi=(103)
cfn=(1336)
calls=1 0 
0 67
0 1
0 2
cob=(7)
cfi=(103)
cfn=(1356)
calls=1 0 
0 184
0 1
0 4
cob=(7)
cfi=(103)
cfn=(1282)
calls=1 0 
0 179
0 1
0 3
cob=(3)
cfi=(125)
cfn=(876)
calls=1 52 
0 15
0 1
0 4
cob=(7)
cfi=(103)
cfn=(1282)
calls=1 0 
0 177
0 1
0 4
cob=(7)
cfi=(103)
cfn=(1282)
calls=1 0 
0 175
0 1
0 4
cob=(7)
cfi=(103)
cfn=(1378)
calls=1 0 
0 342
0 1
0 5
cob=(7)
cfi=(103)
cfn=(1282)
calls=1 0 
0 180
0 1
0 10
cob=(7)
cfi=(103)
cfn=(1336)
calls=1 0 
0 67
0 1
0 2
cob=(7)
cfi=(103)
cfn=(1356)
calls=1 0 
0 184
0 1
0 6
cfn=(1844)
calls=1 0 
0 88
0 8
cfn=(1844)
calls=1 0 
0 88
0 68
cob=(7)
cfi=(103)
cfn=(1282)
calls=1 0 
0 578
0 1
0 11
cob=(7)
cfi=(103)
cfn=(1336)
calls=1 0 
0 252
0 1
0 2
cob=(7)
cfi=(103)
cfn=(1356)
calls=1 0 
0 86
0 1
0 4
cob=(7)
cfi=(103)
cfn=(1282)
calls=1 0 
0 179
0 1
0 3
cob=(3)
cfi=(125)
cfn=(876)
calls=1 52 
0 15
0 1
0 4
cob=(7)
cfi=(103)
cfn=(1282)
calls=1 0 
0 177
0 1
0 4
cob=(7)
cfi=(103)
cfn=(1282)
calls=1 0 
0 175
0 1
0 33
cob=(7)
cfi=(103)
cfn=(1378)
calls=4 0 
0 1315
0 4
0 68
cob=(7)
cfi=(103)
cfn=(1282)
calls=1 0 
0 181
0 1
0 10
cob=(7)
cfi=(103)
cfn=(1336)
calls=1 0 
0 67
0 1
0 2
cob=(7)
cfi=(103)
cfn=(1356)
calls=1 0 
0 184
0 1
0 6
cob=(7)
cfi=(103)
cfn=(1282)
calls=1 0 
0 578
0 1
0 11
cob=(7)
cfi=(103)
cfn=(1336)
calls=1 0 
0 252
0 1
0 2
cob=(7)
cfi=(103)
cfn=(1356)
calls=1 0 
0 86
0 1
0 4
cob=(7)
cfi=(103)
cfn=(1282)
calls=1 0 
0 179
0 1
0 3
cob=(3)
cfi=(125)
cfn=(876)
calls=1 52 
0 15
0 1
0 4
cob=(7)
cfi=(103)
cfn=(1282)
calls=1 0 
0 177
0 1
0 4
cob=(7)
cfi=(103)
cfn=(1282)
calls=1 0 
0 175
0 1
0 33
cob=(7)
cfi=(103)
cfn=(1378)
calls=4 0 
0 1312
0 4
0 68
cob=(7)
cfi=(103)
cfn=(1282)
calls=1 0 
0 181
0 1
0 10
cob=(7)
cfi=(103)
cfn=(1336)
calls=1 0 
0 67
0 1
0 2
cob=(7)
cfi=(103)
cfn=(1356)
calls=1 0 
0 184
0 1
0 6
cob=(7)
cfi=(103)
cfn=(1282)
calls=1 0 
0 548
0 1
0 11
cob=(7)
cfi=(103)
cfn=(1336)
calls=1 0 
0 252
0 1
0 2
cob=(7)
cfi=(103)
cfn=(1356)
calls=1 0 
0 86
0 1
0 4
cob=(7)
cfi=(103)
cfn=(1282)
calls=1 0 
0 179
0 1
0 3
cob=(3)
cfi=(125)
cfn=(876)
calls=1 52 
0 15
0 1
0 4
cob=(7)
cfi=(103)
cfn=(1282)
calls=1 0 
0 177
0 1
0 4
cob=(7)
cfi=(103)
cfn=(1282)
calls=1 0 
0 175
0 1
0 10
cob=(7)
cfi=(103)
cfn=(1336)
calls=1 0 
0 67
0 1
0 2
cob=(7)
cfi=(103)
cfn=(1356)
calls=1 0 
0 184
0 1
0 80
cob=(7)
cfi=(103)
cfn=(1336)
calls=12 0 
0 804
0 12
0 24
cob=(7)
cfi=(103)
cfn=(1356)
calls=12 0 
0 2208
0 12
0 120
cob=(7)
cfi=(103)
cfn=(1282)
calls=12 0 
0 8676
0 12
0 36
cob=(7)
cfi=(103)
cfn=(1378)
calls=12 0 
0 4632
0 12
0 60
cob=(7)
cfi=(103)
cfn=(1282)
calls=12 0 
0 2976
0 12
0 48
cob=(7)
cfi=(103)
cfn=(1378)
calls=12 0 
0 4620
0 12
0 132
cob=(7)
cfi=(103)
cfn=(1336)
calls=12 0 
0 3024
0 12
0 24
cob=(7)
cfi=(103)
cfn=(1356)
calls=12 0 
0 1032
0 12
0 48
cob=(7)
cfi=(103)
cfn=(1282)
calls=12 0 
0 2160
0 12
0 96
cfn=(2012)
calls=12 0 
0 108
0 48
cfn=(3708)
calls=12 0 
0 121981
0 96
cob=(7)
cfi=(103)
cfn=(1282)
calls=3 0 
0 543
0 3
0 15
cob=(7)
cfi=(103)
cfn=(1282)
calls=3 0 
0 543
0 3
0 35
cob=(7)
cfi=(103)
cfn=(1282)
calls=1 0 
0 181
0 1
0 10
cob=(7)
cfi=(103)
cfn=(1336)
calls=1 0 
0 67
0 1
0 2
cob=(7)
cfi=(103)
cfn=(1356)
calls=1 0 
0 184
0 1
0 5
cfn=(1942)
calls=1 0 
0 105
0 5
cfn=(1942)
calls=1 0 
0 105
0 8
cob=(7)
cfi=(103)
cfn=(2868) std::basic_filebuf<char, std::char_traits<char> >::close()
calls=1 0 
0 646
0 1
0 2
cob=(7)
cfi=(103)
cfn=(2914) std::__basic_file<char>::~__basic_file()
calls=1 0 
0 17
0 1
0 4
cob=(7)
cfi=(103)
cfn=(1134) std::locale::~locale()
calls=1 0 
0 12
0 1
0 9
cob=(7)
cfi=(103)
cfn=(2920) std::ios_base::~ios_base()
calls=1 0 
0 56
0 1
0 4
cob=(7)
cfi=(103)
cfn=(1282)
calls=1 0 
0 294
0 1
0 44
cob=(7)
cfi=(103)
cfn=(1282)
calls=1 0 
0 289
0 1
0 4
cob=(7)
cfi=(103)
cfn=(1282)
calls=1 0 
0 274
0 1
0 2
cfn=(3298) file_size(char const*)
calls=1 0 
0 64
0 3
cob=(7)
cfi=(103)
cfn=(1378)
calls=1 0 
0 438
0 1
0 11
cob=(7)
cfi=(103)
cfn=(1336)
calls=1 0 
0 252
0 1
0 2
cob=(7)
cfi=(103)
cfn=(1356)
calls=1 0 
0 86
0 1
0 6
cob=(7)
cfi=(103)
cfn=(1282)
calls=1 0 
0 473
0 1
0 11
cob=(7)
cfi=(103)
cfn=(1336)
calls=1 0 
0 252
0 1
0 2
cob=(7)
cfi=(103)
cfn=(1356)
calls=1 0 
0 86
0 1
0 17
cob=(7)
cfi=(103)
cfn=(1282)
calls=1 0 
0 448
0 1
0 11
cob=(7)
cfi=(103)
cfn=(1336)
calls=1 0 
0 252
0 1
0 2
cob=(7)
cfi=(103)
cfn=(1356)
calls=1 0 
0 86
0 1
0 1

fn=(3654) set_of_sets::init_basic_constant_size(long, long, long, long)
0 80
cfn=(1930)
calls=4 0 
0 352
0 24
cfn=(1844)
calls=4 0 
0 352
0 40
cob=(3)
cfi=(139)
cfn=(1440)
calls=4 158 
0 122
0 4
0 48
cfn=(1844)
calls=4 0 
0 352
0 68
cfn=(1844)
calls=4 0 
0 352
0 228
cfn=(1844)
calls=24 0 
0 6105
0 264
cfn=(1844)
calls=24 0 
0 5748
0 288
cfn=(1844)
calls=24 0 
0 6376
0 240
cfn=(1844)
calls=24 0 
0 6338
0 32
cfn=(1844)
calls=4 0 
0 352
0 144

fn=(3678)
0 60
cfn=(3680)
calls=4 0 
0 6320
0 11716

fn=(2626)
0 352
cfn=(2064)
calls=22 0 
0 88
0 154
cfn=(2154)
calls=22 0 
0 386730
0 44
cfn=(2074)
calls=22 0 
0 440
0 88
cfn=(2084)
calls=22 0 
0 2838
0 220

fn=(1256) _GLOBAL__sub_I__Z23Hamming_distance_binarylll
0 3
cob=(7)
cfi=(103)
cfn=(718)
calls=1 0 
0 24
0 1
0 5
cob=(3)
cfi=(106)
cfn=(496)
calls=1 65 
0 71
0 1

fn=(1274) _GLOBAL__sub_I__ZN11file_outputC2Ev
0 3
cob=(7)
cfi=(103)
cfn=(718)
calls=1 0 
0 24
0 1
0 5
cob=(3)
cfi=(106)
cfn=(496)
calls=1 65 
0 71
0 1

fn=(1422) _GLOBAL__sub_I__ZN17strong_generatorsC2Ev
0 3
cob=(7)
cfi=(103)
cfn=(718)
calls=1 0 
0 24
0 1
0 5
cob=(3)
cfi=(106)
cfn=(496)
calls=1 65 
0 71
0 1

fn=(1426) _GLOBAL__sub_I__ZN22action_on_grassmannianC2Ev
0 3
cob=(7)
cfi=(103)
cfn=(718)
calls=1 0 
0 24
0 1
0 5
cob=(3)
cfi=(106)
cfn=(496)
calls=1 65 
0 71
0 1

fn=(1450) _GLOBAL__sub_I__ZN7integerC2Ev
0 3
cob=(7)
cfi=(103)
cfn=(718)
calls=1 0 
0 24
0 1
0 5
cob=(3)
cfi=(106)
cfn=(496)
calls=1 65 
0 71
0 1

fn=(1464) _GLOBAL__sub_I__ZN6VectorC2Ev
0 3
cob=(7)
cfi=(103)
cfn=(718)
calls=1 0 
0 24
0 1
0 5
cob=(3)
cfi=(106)
cfn=(496)
calls=1 65 
0 71
0 1

fn=(1496) _GLOBAL__sub_I_arcs_8_10_size
0 3
cob=(7)
cfi=(103)
cfn=(718)
calls=1 0 
0 24
0 1
0 5
cob=(3)
cfi=(106)
cfn=(496)
calls=1 65 
0 71
0 1

fn=(1504) _GLOBAL__sub_I__ZN19incidence_structureC2Ev
0 3
cob=(7)
cfi=(103)
cfn=(718)
calls=1 0 
0 24
0 1
0 5
cob=(3)
cfi=(106)
cfn=(496)
calls=1 65 
0 397
0 1

fn=(1510) _GLOBAL__sub_I__ZN16projective_spaceC2Ev
0 3
cob=(7)
cfi=(103)
cfn=(718)
calls=1 0 
0 24
0 1
0 5
cob=(3)
cfi=(106)
cfn=(496)
calls=1 65 
0 71
0 1

fn=(1518) _GLOBAL__sub_I__Z16double_vec_printPdl
0 3
cob=(7)
cfi=(103)
cfn=(718)
calls=1 0 
0 24
0 1
0 5
cob=(3)
cfi=(106)
cfn=(496)
calls=1 65 
0 71
0 1

fn=(1560) _GLOBAL__sub_I__ZN12matrix_groupC2Ev
0 3
cob=(7)
cfi=(103)
cfn=(718)
calls=1 0 
0 24
0 1
0 5
cob=(3)
cfi=(106)
cfn=(496)
calls=1 65 
0 71
0 1

fn=(1568) _GLOBAL__sub_I__ZN4simsC2Ev
0 3
cob=(7)
cfi=(103)
cfn=(718)
calls=1 0 
0 24
0 1
0 5
cob=(3)
cfi=(106)
cfn=(496)
calls=1 65 
0 390
0 1

fn=(1582) _GLOBAL__sub_I__ZN28action_by_subfield_structureC2Ev
0 3
cob=(7)
cfi=(103)
cfn=(718)
calls=1 0 
0 24
0 1
0 5
cob=(3)
cfi=(106)
cfn=(496)
calls=1 65 
0 71
0 1

fn=(1592) _GLOBAL__sub_I__ZN22action_on_factor_spaceC2Ev
0 3
cob=(7)
cfi=(103)
cfn=(718)
calls=1 0 
0 24
0 1
0 5
cob=(3)
cfi=(106)
cfn=(496)
calls=1 65 
0 71
0 1

fn=(1602) _GLOBAL__sub_I__ZN20action_on_orthogonalC2Ev
0 3
cob=(7)
cfi=(103)
cfn=(718)
calls=1 0 
0 24
0 1
0 5
cob=(3)
cfi=(106)
cfn=(496)
calls=1 65 
0 71
0 1

fn=(1622) _GLOBAL__sub_I__ZN20poset_classification17Plesken_matrix_upElRPlRll
0 3
cob=(7)
cfi=(103)
cfn=(718)
calls=1 0 
0 24
0 1
0 5
cob=(3)
cfi=(106)
cfn=(496)
calls=1 65 
0 71
0 1

fn=(1624) _GLOBAL__sub_I__ZN20poset_classification28write_treefile_and_draw_treeEPcllllll
0 3
cob=(7)
cfi=(103)
cfn=(718)
calls=1 0 
0 24
0 1
0 5
cob=(3)
cfi=(106)
cfn=(496)
calls=1 65 
0 71
0 1

fn=(1626) _GLOBAL__sub_I__ZN20poset_classificationC2Ev
0 3
cob=(7)
cfi=(103)
cfn=(718)
calls=1 0 
0 24
0 1
0 5
cob=(3)
cfi=(106)
cfn=(496)
calls=1 65 
0 71
0 1

fn=(1642) _GLOBAL__sub_I__ZN16poset_orbit_node54orbit_representative_and_coset_rep_inv_subspace_actionEP20poset_classificationllRlRPll
0 3
cob=(7)
cfi=(103)
cfn=(718)
calls=1 0 
0 24
0 1
0 5
cob=(3)
cfi=(106)
cfn=(496)
calls=1 65 
0 71
0 1

fn=(1648) _GLOBAL__sub_I__ZN11upstep_work28find_automorphism_by_tracingERlS0_ll
0 3
cob=(7)
cfi=(103)
cfn=(718)
calls=1 0 
0 24
0 1
0 5
cob=(3)
cfi=(106)
cfn=(496)
calls=1 65 
0 71
0 1

fn=(1650) _GLOBAL__sub_I__ZN13discreta_baseC2Ev
0 3
cob=(7)
cfi=(103)
cfn=(718)
calls=1 0 
0 24
0 1
0 5
cob=(3)
cfi=(106)
cfn=(496)
calls=1 65 
0 71
0 1

fn=(1672) _GLOBAL__sub_I__Z31vec_generators_is_trivial_groupR6Vector
0 3
cob=(7)
cfi=(103)
cfn=(718)
calls=1 0 
0 24
0 1
0 5
cob=(3)
cfi=(106)
cfn=(496)
calls=1 65 
0 71
0 1

fn=(1692) _GLOBAL__sub_I__ZN31andre_construction_line_elementC2Ev
0 3
cob=(7)
cfi=(103)
cfn=(718)
calls=1 0 
0 24
0 1
0 5
cob=(3)
cfi=(106)
cfn=(496)
calls=1 65 
0 71
0 1

fn=(1702) _GLOBAL__sub_I__ZN20klein_correspondenceC2Ev
0 3
cob=(7)
cfi=(103)
cfn=(718)
calls=1 0 
0 24
0 1
0 5
cob=(3)
cfi=(106)
cfn=(496)
calls=1 65 
0 71
0 1

fn=(1714) _GLOBAL__sub_I__ZN9tree_nodeC2Ev
0 3
cob=(7)
cfi=(103)
cfn=(718)
calls=1 0 
0 24
0 1
0 5
cob=(3)
cfi=(106)
cfn=(496)
calls=1 65 
0 71
0 1

fn=(1742)
0 11
cfn=(1744)
calls=1 0 
0 25
0 45
cob=(3)
cfi=(128)
cfn=(1162)
calls=2 144 
0 48
0 2
0 12
cob=(3)
cfi=(144)
cfn=(1754)
calls=1 26 
0 104
0 1
0 5
cob=(7)
cfi=(103)
cfn=(1762)
calls=1 0 
0 2886
0 1
0 5
cob=(7)
cfi=(103)
cfn=(1774) std::ostream::operator<<(long)
calls=1 0 
0 1126
0 1
0 5
cob=(7)
cfi=(103)
cfn=(1782) std::ostream::operator<<(std::ostream& (*)(std::ostream&))
calls=1 0 
0 1598
0 1
0 9
cob=(3)
cfi=(128)
cfn=(1162)
calls=1 144 
0 69
0 1
0 5
cob=(7)
cfi=(103)
cfn=(1412)
calls=1 0 
0 228
0 1
0 3
cfn=(1796) linear_group_description::linear_group_description()
calls=1 0 
0 17
0 7
cfn=(1798)
calls=1 0 
0 28
0 17
cfn=(1800)
calls=1 0 
0 6071
0 4
cob=(7)
cfi=(103)
cfn=(1762)
calls=1 0 
0 306
0 1
0 5
cob=(7)
cfi=(103)
cfn=(1782)
calls=1 0 
0 362
0 1
0 15
cob=(7)
cfi=(103)
cfn=(1412)
calls=1 0 
0 228
0 1
0 3
cfn=(1806)
calls=1 0 
0 15
0 7
cfn=(1798)
calls=1 0 
0 28
0 8
cfn=(1808) finite_field::init(long, long)
calls=1 0 
0 14356
0 8
cob=(7)
cfi=(103)
cfn=(1412)
calls=1 0 
0 218
0 1
0 3
cfn=(1856)
calls=1 0 
0 8
0 7
cfn=(1798)
calls=1 0 
0 28
0 6
cob=(7)
cfi=(103)
cfn=(1762)
calls=1 0 
0 532
0 1
0 5
cob=(7)
cfi=(103)
cfn=(1782)
calls=1 0 
0 362
0 1
0 7
cfn=(1858) linear_group::init(linear_group_description*, long)
calls=1 0 
0 89476514
0 5
cob=(7)
cfi=(103)
cfn=(1762)
calls=1 0 
0 418
0 1
0 5
cob=(7)
cfi=(103)
cfn=(1782)
calls=1 0 
0 362
0 1
0 2
cob=(7)
cfi=(103)
cfn=(1412)
calls=1 0 
0 307
0 1
0 3
cfn=(2262) surface_classify_wedge::surface_classify_wedge()
calls=1 0 
0 16
0 7
cfn=(1798)
calls=1 0 
0 28
0 6
cob=(7)
cfi=(103)
cfn=(1762)
calls=1 0 
0 437
0 1
0 5
cob=(7)
cfi=(103)
cfn=(1782)
calls=1 0 
0 362
0 1
0 9
cfn=(2264) surface_classify_wedge::init(finite_field*, linear_group*, int, char const**, long)
calls=1 0 
0 1022044889
0 5
cob=(7)
cfi=(103)
cfn=(1762)
calls=1 0 
0 432
0 1
0 5
cob=(7)
cfi=(103)
cfn=(1782)
calls=1 0 
0 362
0 1
0 7
cob=(7)
cfi=(103)
cfn=(1762)
calls=1 0 
0 662
0 1
0 5
cob=(7)
cfi=(103)
cfn=(1782)
calls=1 0 
0 362
0 1
0 8
cfn=(2964) classify_double_sixes::classify_partial_ovoids(long, long, long)
calls=1 0 
0 5809504433
0 5
cob=(7)
cfi=(103)
cfn=(1762)
calls=1 0 
0 661
0 1
0 5
cob=(7)
cfi=(103)
cfn=(1782)
calls=1 0 
0 362
0 1
0 5
cob=(7)
cfi=(103)
cfn=(1762)
calls=1 0 
0 577
0 1
0 5
cob=(7)
cfi=(103)
cfn=(1782)
calls=1 0 
0 362
0 1
0 7
cfn=(3310) classify_double_sixes::classify(long)
calls=1 0 
0 470918284
0 5
cob=(7)
cfi=(103)
cfn=(1762)
calls=1 0 
0 572
0 1
0 5
cob=(7)
cfi=(103)
cfn=(1782)
calls=1 0 
0 362
0 1
0 6
cob=(3)
cfi=(185)
cfn=(3514)
calls=1 27 
0 787
0 1
0 3
cfn=(3518)
calls=1 0 
0 8
0 6
cob=(7)
cfi=(103)
cfn=(3522) std::basic_ofstream<char, std::char_traits<char> >::basic_ofstream(char const*, std::_Ios_Openmode)
calls=1 0 
0 7770
0 1
0 5
cob=(7)
cfi=(103)
cfn=(1762)
calls=1 0 
0 587
0 1
0 5
cob=(7)
cfi=(103)
cfn=(1782)
calls=1 0 
0 362
0 1
0 8
cfn=(3536)
calls=1 0 
0 10373956
0 5
cob=(7)
cfi=(103)
cfn=(1762)
calls=1 0 
0 582
0 1
0 5
cob=(7)
cfi=(103)
cfn=(1782)
calls=1 0 
0 362
0 1
0 3
cob=(7)
cfi=(103)
cfn=(3594) std::basic_ofstream<char, std::char_traits<char> >::~basic_ofstream()
calls=1 0 
0 3297
0 1
0 3
cob=(7)
cfi=(103)
cfn=(1762)
calls=1 0 
0 334
0 1
0 5
cob=(7)
cfi=(103)
cfn=(1762)
calls=1 0 
0 368
0 1
0 3
cob=(7)
cfi=(103)
cfn=(1762)
calls=1 0 
0 318
0 1
0 4
cfn=(3298)
calls=1 0 
0 64
0 3
cob=(7)
cfi=(103)
cfn=(1774)
calls=1 0 
0 459
0 1
0 5
cob=(7)
cfi=(103)
cfn=(1782)
calls=1 0 
0 362
0 1
0 5
cob=(7)
cfi=(103)
cfn=(1762)
calls=1 0 
0 537
0 1
0 5
cob=(7)
cfi=(103)
cfn=(1782)
calls=1 0 
0 362
0 1
0 6
cob=(3)
cfi=(185)
cfn=(3514)
calls=1 27 
0 724
0 1
0 7
cob=(3)
cfi=(185)
cfn=(3514)
calls=1 27 
0 782
0 1
0 3
cfn=(3518)
calls=1 0 
0 8
0 6
cob=(7)
cfi=(103)
cfn=(3522)
calls=1 0 
0 3399
0 1
0 16
cfn=(3608)
calls=1 0 
0 71655
0 7
cfn=(3610)
calls=1 0 
0 22961413
0 8
cfn=(3618) classification::print_latex(std::ostream&, char const*, long)
calls=1 0 
0 678438
0 3
cfn=(3622) latex_foot(std::ostream&)
calls=1 0 
0 5381
0 3
cob=(7)
cfi=(103)
cfn=(3594)
calls=1 0 
0 789
0 1
0 3
cob=(7)
cfi=(103)
cfn=(1762)
calls=1 0 
0 334
0 1
0 5
cob=(7)
cfi=(103)
cfn=(1762)
calls=1 0 
0 371
0 1
0 3
cob=(7)
cfi=(103)
cfn=(1762)
calls=1 0 
0 318
0 1
0 4
cfn=(3298)
calls=1 0 
0 64
0 3
cob=(7)
cfi=(103)
cfn=(1774)
calls=1 0 
0 459
0 1
0 5
cob=(7)
cfi=(103)
cfn=(1782)
calls=1 0 
0 362
0 1
0 5
cob=(7)
cfi=(103)
cfn=(1762)
calls=1 0 
0 557
0 1
0 5
cob=(7)
cfi=(103)
cfn=(1782)
calls=1 0 
0 362
0 1
0 7
cob=(7)
cfi=(103)
cfn=(1762)
calls=1 0 
0 457
0 1
0 5
cob=(7)
cfi=(103)
cfn=(1782)
calls=1 0 
0 362
0 1
0 5
cob=(7)
cfi=(103)
cfn=(1762)
calls=1 0 
0 597
0 1
0 5
cob=(7)
cfi=(103)
cfn=(1782)
calls=1 0 
0 362
0 1
0 6
cfn=(3624)
calls=1 0 
0 118889575
0 5
cob=(7)
cfi=(103)
cfn=(1762)
calls=1 0 
0 592
0 1
0 5
cob=(7)
cfi=(103)
cfn=(1782)
calls=1 0 
0 362
0 1
0 6
cob=(3)
cfi=(185)
cfn=(3514)
calls=1 27 
0 778
0 1
0 3
cfn=(3518)
calls=1 0 
0 8
0 6
cob=(7)
cfi=(103)
cfn=(3522)
calls=1 0 
0 4746
0 1
0 5
cob=(7)
cfi=(103)
cfn=(1762)
calls=1 0 
0 467
0 1
0 5
cob=(7)
cfi=(103)
cfn=(1782)
calls=1 0 
0 362
0 1
0 7
cfn=(3638) surface_classify_wedge::write_file(std::basic_ofstream<char, std::char_traits<char> >&, long)
calls=1 0 
0 332053
0 5
cob=(7)
cfi=(103)
cfn=(1762)
calls=1 0 
0 462
0 1
0 5
cob=(7)
cfi=(103)
cfn=(1782)
calls=1 0 
0 362
0 1
0 3
cob=(7)
cfi=(103)
cfn=(3594)
calls=1 0 
0 923
0 1
0 3
cob=(7)
cfi=(103)
cfn=(1762)
calls=1 0 
0 334
0 1
0 5
cob=(7)
cfi=(103)
cfn=(1762)
calls=1 0 
0 348
0 1
0 3
cob=(7)
cfi=(103)
cfn=(1762)
calls=1 0 
0 318
0 1
0 4
cfn=(3298)
calls=1 0 
0 64
0 3
cob=(7)
cfi=(103)
cfn=(1774)
calls=1 0 
0 441
0 1
0 5
cob=(7)
cfi=(103)
cfn=(1782)
calls=1 0 
0 362
0 1
0 11
cfn=(3640)
calls=1 0 
0 116683096
0 5
cob=(7)
cfi=(103)
cfn=(1762)
calls=1 0 
0 437
0 1
0 5
cob=(7)
cfi=(103)
cfn=(1782)
calls=1 0 
0 362
0 1
0 3
cfn=(3714) the_end(long)
calls=1 0 
0 14920
0 3
cob=(7)
cfi=(103)
cfn=(1762)
calls=1 0 
0 432
0 1
0 5
cob=(7)
cfi=(103)
cfn=(1782)
calls=1 0 
0 362
0 1
0 11

fn=(1796)
0 17

fn=(1854)
0 1411417450

fn=(1898) INT_log2(long)
0 34

fn=(1902)
0 9440
cob=(7)
cfi=(103)
cfn=(1406)
calls=590 0 
0 36967
0 590
0 6490

fn=(1908) page_storage::init(long, long, long)
0 116
cob=(7)
cfi=(103)
cfn=(1406)
calls=2 0 
0 454
0 2
0 12
cob=(7)
cfi=(103)
cfn=(1406)
calls=2 0 
0 454
0 2
0 20
cfn=(1902)
calls=2 0 
0 747
0 14
cfn=(1902)
calls=2 0 
0 504
0 786484

fn=(1918) page_storage::store(unsigned char*)
0 74281
cfn=(1920)
calls=1259 0 
0 47842
0 21403

fn=(1962) action::setup_linear_group_from_strong_generators(matrix_group*, long)
0 22
cfn=(1964) action::init_matrix_group_strong_generators_builtin(matrix_group*, long)
calls=1 0 
0 29088
0 4
cob=(7)
cfi=(103)
cfn=(1412)
calls=2 0 
0 745
0 2
0 6
cfn=(2000)
calls=2 0 
0 76
0 14
cfn=(1798)
calls=2 0 
0 56
0 8
cfn=(2002)
calls=2 0 
0 172106
0 10
cfn=(2010)
calls=2 0 
0 335155
0 8
cfn=(2044)
calls=1 0 
0 38781303
0 9
cfn=(2054) action::init_sims(sims*, long)
calls=1 0 
0 281935
0 4
cob=(7)
cfi=(103)
cfn=(1282)
calls=1 0 
0 578
0 1
0 11
cob=(7)
cfi=(103)
cfn=(1336)
calls=1 0 
0 252
0 1
0 2
cob=(7)
cfi=(103)
cfn=(1356)
calls=1 0 
0 86
0 1
0 4
cob=(7)
cfi=(103)
cfn=(1282)
calls=1 0 
0 738
0 1
0 10
cob=(7)
cfi=(103)
cfn=(1336)
calls=1 0 
0 252
0 1
0 2
cob=(7)
cfi=(103)
cfn=(1356)
calls=1 0 
0 86
0 1
0 4
cfn=(1964)
calls=1 0 
0 36712
0 4
cob=(7)
cfi=(103)
cfn=(1282)
calls=1 0 
0 733
0 1
0 10
cob=(7)
cfi=(103)
cfn=(1336)
calls=1 0 
0 252
0 1
0 2
cob=(7)
cfi=(103)
cfn=(1356)
calls=1 0 
0 86
0 1
0 4
cob=(7)
cfi=(103)
cfn=(1282)
calls=1 0 
0 698
0 1
0 10
cob=(7)
cfi=(103)
cfn=(1336)
calls=1 0 
0 252
0 1
0 2
cob=(7)
cfi=(103)
cfn=(1356)
calls=1 0 
0 86
0 1
0 5
cob=(7)
cfi=(103)
cfn=(1282)
calls=1 0 
0 698
0 1
0 11
cob=(7)
cfi=(103)
cfn=(1336)
calls=1 0 
0 252
0 1
0 2
cob=(7)
cfi=(103)
cfn=(1356)
calls=1 0 
0 86
0 1
0 4
cfn=(2044)
calls=1 0 
0 38835965
0 4
cob=(7)
cfi=(103)
cfn=(1282)
calls=1 0 
0 693
0 1
0 10
cob=(7)
cfi=(103)
cfn=(1336)
calls=1 0 
0 252
0 1
0 2
cob=(7)
cfi=(103)
cfn=(1356)
calls=1 0 
0 86
0 1
0 4
cob=(7)
cfi=(103)
cfn=(1282)
calls=1 0 
0 568
0 1
0 10
cob=(7)
cfi=(103)
cfn=(1336)
calls=1 0 
0 252
0 1
0 2
cob=(7)
cfi=(103)
cfn=(1356)
calls=1 0 
0 86
0 1
0 4
cfn=(2054)
calls=1 0 
0 285480
0 4
cob=(7)
cfi=(103)
cfn=(1282)
calls=1 0 
0 563
0 1
0 10
cob=(7)
cfi=(103)
cfn=(1336)
calls=1 0 
0 252
0 1
0 7
cob=(7)
cfi=(103)
cfn=(1356)
calls=1 0 
0 86
0 1

fn=(1980)
0 148610
cfn=(1982) matrix_group::GL_invert_internal(long*, long*, long)
calls=965 0 
0 2911932
0 10615

fn=(1994)
0 293380200

fn=(2006)
0 94815

fn=(2014)
0 20520
cfn=(2016)
calls=1080 0 
0 142678
0 3240
cfn=(2016)
calls=1080 0 
0 145707
0 8190
cfn=(2018)
calls=670 0 
0 99222
0 2680
cfn=(2012)
calls=670 0 
0 6030
0 4020
cfn=(2020)
calls=670 0 
0 142316
0 4726
cfn=(2018)
calls=304 0 
0 45136
0 3544
cfn=(2026) sims::init_images(long)
calls=1080 0 
0 23036351
0 10800
cfn=(2028)
calls=1080 0 
0 10200808
0 3164
cfn=(2018)
calls=452 0 
0 67684
0 2260
cfn=(2012)
calls=452 0 
0 4068
0 4068
cfn=(2020)
calls=452 0 
0 97316
0 4068
cfn=(2018)
calls=452 0 
0 67684
0 3780
cfn=(2012)
calls=756 0 
0 6804
0 6804
cfn=(2020)
calls=756 0 
0 162092
0 3756

fn=(2024) matrix_group::GL_invert(long*, long*)
0 324870
cfn=(1970)
calls=32487 0 
0 2989035
0 227409
cfn=(1970)
calls=32487 0 
0 2989035

fn=(2088)
0 3672
cfn=(2090)
calls=216 0 
0 159410742

fn=(2100) schreier_sims::init_target_group_order(longinteger_object&, long)
0 2928
cfn=(2082)
calls=244 0 
0 57227
0 1708

fn=(2114)
0 241605
cfn=(2116)
calls=18585 0 
0 8200644

fn=(2126)
0 289096

fn=(2138)
0 23580
cfn=(3182) induced_action_element_is_one(action&, void*, long)
calls=509 0 
0 192929
cfn=(2140)
calls=670 0 
0 172860
0 14148

fn=(2139) action::element_is_one(void*, long)'2
0 30540
cfn=(2140)
calls=509 0 
0 115052
cfn=(3183) induced_action_element_is_one(action&, void*, long)'2
calls=1018 0 
0 307981
0 18324

fn=(2142)
0 25527
cfn=(2144)
calls=1179 0 
0 220298
0 5538

fn=(2182)
0 8973768
cfn=(2012)
calls=67932 0 
0 611388
0 339660
cfn=(2030)
calls=67932 0 
0 115163099
0 649266
cfn=(2012)
calls=40279 0 
0 362511
0 201395
cfn=(2030)
calls=40279 0 
0 67261700
0 315104
cfn=(2012)
calls=14686 0 
0 132174
0 73430
cfn=(2030)
calls=14686 0 
0 24500729
0 58744

fn=(2204)
0 16912
cob=(7)
cfi=(103)
cfn=(1378)
calls=604 0 
0 297822
0 604
0 19932
cob=(7)
cfi=(103)
cfn=(1378)
calls=1812 0 
0 888528
0 1812
0 65232
cob=(7)
cfi=(103)
cfn=(1378)
calls=7248 0 
0 3541265
0 7248
0 38656
cob=(7)
cfi=(103)
cfn=(1282)
calls=9664 0 
0 2290368
0 9664
0 55568
cob=(7)
cfi=(103)
cfn=(1336)
calls=2416 0 
0 608832
0 2416
0 4832
cob=(7)
cfi=(103)
cfn=(1356)
calls=2416 0 
0 207776
0 2416
0 14496

fn=(2264)
0 23
cfn=(2266)
calls=1 0 
0 116
0 6
cob=(7)
cfi=(103)
cfn=(1412)
calls=1 0 
0 387
0 1
0 3
cfn=(2268)
calls=1 0 
0 36
0 7
cfn=(1798)
calls=1 0 
0 28
0 5
cfn=(2270)
calls=1 0 
0 721211912
0 4
cob=(7)
cfi=(103)
cfn=(1412)
calls=1 0 
0 216
0 1
0 3
cfn=(2562) surface_with_action::surface_with_action()
calls=1 0 
0 13
0 7
cfn=(1798)
calls=1 0 
0 28
0 3
cfn=(2246)
calls=1 0 
0 24
0 11
cob=(3)
cfi=(148)
cfn=(1878)
calls=1 26 
0 700
0 1
0 7
cfn=(2564)
calls=1 0 
0 165778798
0 6
cfn=(1844)
calls=1 0 
0 88
0 7
cfn=(1844)
calls=1 0 
0 88
0 7
cfn=(1844)
calls=1 0 
0 88
0 7
cfn=(1844)
calls=1 0 
0 88
0 3
cob=(7)
cfi=(103)
cfn=(1412)
calls=1 0 
0 356
0 1
0 3
cfn=(2616)
calls=1 0 
0 49
0 7
cfn=(1798)
calls=1 0 
0 28
0 17
cfn=(2618) classify_double_sixes::init(surface_with_action*, linear_group*, int, char const**, long)
calls=1 0 
0 135051706

fn=(2274)
0 336
cfn=(1844)
calls=14 0 
0 2038
0 84
cfn=(1844)
calls=14 0 
0 2036
0 42
cob=(7)
cfi=(103)
cfn=(1412)
calls=14 0 
0 3033
0 14
0 42
cfn=(2276)
calls=14 0 
0 308
0 112
cfn=(1798)
calls=14 0 
0 392
0 98
cfn=(2278)
calls=14 0 
0 196140
0 126
cfn=(1844)
calls=14 0 
0 3576
0 398
cfn=(2292)
calls=8 0 
0 1104
0 88
cfn=(2292)
calls=14 0 
0 1908
0 273
cfn=(2292)
calls=21 0 
0 6168
0 252
cfn=(2292)
calls=21 0 
0 2228
0 159
cob=(7)
cfi=(103)
cfn=(1412)
calls=6 0 
0 1292
0 6
0 18
cfn=(2276)
calls=6 0 
0 132
0 42
cfn=(1798)
calls=6 0 
0 168
0 42
cfn=(2278)
calls=6 0 
0 296905
0 26
cfn=(2296)
calls=2 0 
0 544270952

fn=(2294)
0 3249176

fn=(3224)
0 85
cfn=(2976)
calls=5 0 
0 20
0 25
cob=(7)
cfi=(103)
cfn=(1282)
calls=5 0 
0 1215
0 5
0 15
cob=(7)
cfi=(103)
cfn=(1378)
calls=5 0 
0 1925
0 5
0 55
cob=(7)
cfi=(103)
cfn=(1336)
calls=5 0 
0 1260
0 5
0 10
cob=(7)
cfi=(103)
cfn=(1356)
calls=5 0 
0 430
0 5
0 88
cfn=(3226)
calls=4 0 
0 36529131
0 619
cfn=(3226)
calls=67 0 
0 5217885
0 536
cfn=(3226)
calls=67 0 
0 10843981
0 536
cfn=(3226)
calls=67 0 
0 5713269
0 603
cfn=(3226)
calls=67 0 
0 10330163
0 288
cob=(7)
cfi=(103)
cfn=(1282)
calls=5 0 
0 1240
0 5
0 15
cob=(7)
cfi=(103)
cfn=(1378)
calls=5 0 
0 1981
0 5
0 25
cob=(7)
cfi=(103)
cfn=(1282)
calls=5 0 
0 1185
0 5
0 20
cob=(7)
cfi=(103)
cfn=(1378)
calls=5 0 
0 1944
0 5
0 20
cob=(7)
cfi=(103)
cfn=(1282)
calls=5 0 
0 1255
0 5
0 15
cfn=(3240) time_check(std::ostream&, long)
calls=5 0 
0 5685
0 50
cob=(7)
cfi=(103)
cfn=(1336)
calls=5 0 
0 1260
0 5
0 10
cob=(7)
cfi=(103)
cfn=(1356)
calls=5 0 
0 430
0 5
0 20
cfn=(3220)
calls=5 0 
0 755514
0 50
cob=(7)
cfi=(103)
cfn=(1336)
calls=5 0 
0 1260
0 5
0 10
cob=(7)
cfi=(103)
cfn=(1356)
calls=5 0 
0 430
0 5
0 20
cob=(7)
cfi=(103)
cfn=(1282)
calls=5 0 
0 1445
0 5
0 25
cob=(3)
cfi=(125)
cfn=(876)
calls=5 52 
0 75
0 5
0 20
cob=(7)
cfi=(103)
cfn=(1282)
calls=5 0 
0 1345
0 5
0 50
cob=(7)
cfi=(103)
cfn=(1336)
calls=5 0 
0 1260
0 5
0 45
cob=(7)
cfi=(103)
cfn=(1356)
calls=5 0 
0 430
0 5

fn=(2326) Gram_matrix(finite_field&, long, long, long, long, long, long*&)
0 66
cfn=(1844)
calls=3 0 
0 740
0 21
cob=(3)
cfi=(139)
cfn=(1440)
calls=3 158 
0 62
0 3
0 9
cfn=(2324)
calls=3 0 
0 66
0 132

fn=(2348)
0 438156
cfn=(2349) nb_pts_Sbar(long, long)'2
calls=36347 0 
0 436236
0 145388
cfn=(2338)
calls=36347 0 
0 654302
0 181735
cfn=(2334)
calls=36347 0 
0 981426
0 219078

fn=(2349)
0 290788
cfn=(2349)
calls=1 0 
0 12
0 4
cfn=(2338)
calls=1 0 
0 18
0 5
cfn=(2334)
calls=1 0 
0 27
0 145394

fn=(2358)
0 8991

fn=(2366)
0 93654
cfn=(2368)
calls=31218 0 
0 24362880

fn=(2370)
0 435540
cfn=(1854)
calls=31110 0 
0 777750
0 435540
cfn=(1854)
calls=31110 0 
0 777750
0 124440
cfn=(1996)
calls=31110 0 
0 1057740
0 279990

fn=(2376)
0 435540
cfn=(1854)
calls=31110 0 
0 777750
0 435540
cfn=(1854)
calls=31110 0 
0 777750
0 124440
cfn=(1996)
calls=31110 0 
0 1057740
0 279990

fn=(2402)
0 2905855
cfn=(2338)
calls=70855 0 
0 1275390
0 283420
cfn=(2334)
calls=70855 0 
0 1913085
0 315736
cfn=(2338)
calls=986 0 
0 17748
0 344855
cfn=(2338)
calls=68971 0 
0 5103854
0 571468
cfn=(2334)
calls=58328 0 
0 4874928
0 1691512
cfn=(2408)
calls=58328 0 
0 18208672
0 291640
cfn=(1854)
calls=58328 0 
0 1458200
0 174984
cfn=(1994)
calls=58328 0 
0 1399872
0 466624
cfn=(1854)
calls=58328 0 
0 1458200
0 929360
cfn=(1854)
calls=57896 0 
0 1447400
0 888929
cfn=(2403) Sbar_unrank(finite_field&, long*, long, long, long)'2
calls=11629 0 
0 337222
0 151177
cfn=(2406)
calls=11629 0 
0 2491438

fn=(2403)
0 337222

fn=(2408)
0 1957672
cfn=(2334)
calls=57896 0 
0 1563192
0 366800
cfn=(2410)
calls=7732 0 
0 60844
0 137552
cfn=(1952)
calls=15232 0 
0 152320
0 637500
cfn=(2336)
calls=50164 0 
0 100328
0 200656
cfn=(2338)
calls=50164 0 
0 902952
0 440960
cfn=(2334)
calls=38028 0 
0 1026756
0 912672
cfn=(2409) N1_unrank(finite_field&, long*, long, long, long)'2
calls=38028 0 
0 1635204
0 190140
cfn=(1854)
calls=38028 0 
0 950700
0 304224
cfn=(2409)
calls=38028 0 
0 1635204
0 114084
cfn=(1994)
calls=38028 0 
0 912672
0 152112
cfn=(1996)
calls=38028 0 
0 1292952
0 570420
cfn=(1854)
calls=38028 0 
0 950700
0 322016
cfn=(2409)
calls=12136 0 
0 521848
0 157768
cfn=(2406)
calls=12136 0 
0 342348

fn=(2409)
0 1852032
cfn=(1952)
calls=88192 0 
0 881920
0 1058304

fn=(2416)
0 120

fn=(2420)
0 190
cfn=(2422)
calls=10 0 
0 145377
0 30
cob=(7)
cfi=(103)
cfn=(1412)
calls=10 0 
0 9755
0 10
0 30
cfn=(2430)
calls=10 0 
0 4815
0 70
cfn=(1798)
calls=10 0 
0 280
0 50
cfn=(2432)
calls=10 0 
0 18248
0 30
cfn=(2436) diophant::fill_coefficient_matrix_with(long)
calls=10 0 
0 301
0 30
cfn=(2438)
calls=10 0 
0 50
0 70
cfn=(2440) diophant::solve_all_betten(long)
calls=10 0 
0 72639
0 70
cfn=(2464) diophant::get_solutions_full_length(long*&, long&, long)
calls=10 0 
0 21049
0 80
cfn=(2184)
calls=10 0 
0 270
0 20
cfn=(2468)
calls=10 0 
0 14902
0 30
cob=(7)
cfi=(103)
cfn=(2190)
calls=10 0 
0 1250
0 10
0 60
cfn=(2474)
calls=10 0 
0 80693
0 50
cfn=(2434)
calls=10 0 
0 880
0 1093
cfn=(1812)
calls=33 0 
0 2739
0 198
cob=(3)
cfi=(147)
cfn=(1840)
calls=33 32 
0 330
0 33
0 139
cfn=(2434)
calls=10 0 
0 880
0 1093
cfn=(1812)
calls=33 0 
0 4917
0 198
cob=(3)
cfi=(147)
cfn=(1840)
calls=33 32 
0 330
0 33
0 159
cfn=(1844)
calls=10 0 
0 2661
0 6536
cfn=(1946)
calls=10 0 
0 178
0 90
cfn=(1844)
calls=10 0 
0 3812
0 160
cfn=(1948) AG_element_unrank(long, long*, long, long, long)
calls=10 0 
0 264
0 2330
cfn=(1948)
calls=233 0 
0 7701
0 789
cfn=(1844)
calls=10 0 
0 2062
0 759
cfn=(2298)
calls=243 0 
0 4131
0 9693
cfn=(2480)
calls=243 0 
0 217379
0 3026

fn=(2440)
0 190
cfn=(2442)
calls=10 0 
0 7219
0 90
cob=(7)
cfi=(103)
cfn=(1828)
calls=10 0 
0 730
0 10
0 160
cfn=(2450)
calls=10 0 
0 1927
0 288
cfn=(2454)
calls=10 0 
0 1690
0 532
cfn=(2458) diophant::solve_next_betten(long) [clone .part.18]
calls=87 0 
0 36117
0 4287
cob=(7)
cfi=(103)
cfn=(1412)
calls=77 0 
0 16766
0 77
0 1078
cob=(3)
cfi=(138)
cfn=(1374)
calls=77 217 
0 862
0 77
0 539

fn=(2460) diophant::j_nxt(long, long)
0 12230

fn=(3484)
0 771
cfn=(3156) induced_action_element_move(action&, void*, void*, long)
calls=257 0 
0 50115

fn=(2500)
0 240548670

fn=(2504)
0 2970
cfn=(2506)
calls=90 0 
0 12705
0 540
cfn=(2502)
calls=90 0 
0 6138
0 1350
cfn=(2498)
calls=90 0 
0 3195
0 1170
cfn=(2498)
calls=90 0 
0 3015
0 450
cfn=(2498)
calls=90 0 
0 3105
0 450
cfn=(2498)
calls=90 0 
0 3105
0 450
cfn=(2498)
calls=90 0 
0 3240
0 1260

fn=(2508)
0 160
cfn=(2498)
calls=10 0 
0 360
0 50
cfn=(2498)
calls=10 0 
0 351
0 50
cfn=(2498)
calls=10 0 
0 348
0 50
cfn=(2498)
calls=10 0 
0 357
0 50
cfn=(2498)
calls=10 0 
0 333
0 50
cfn=(2498)
calls=10 0 
0 360
0 50
cfn=(2498)
calls=10 0 
0 339
0 50
cfn=(2498)
calls=10 0 
0 360
0 50
cfn=(2498)
calls=10 0 
0 342
0 90

fn=(2536) eckardt_point::latex_to_str_without_E(char*)
0 1080
cob=(3)
cfi=(148)
cfn=(1878)
calls=30 26 
0 27240
0 30
0 615
cfn=(2538)
calls=15 0 
0 165
0 30
cob=(3)
cfi=(125)
cfn=(876)
calls=15 52 
0 225
0 15
0 150
cob=(3)
cfi=(148)
cfn=(1878)
calls=15 26 
0 13620
0 15
0 120
cob=(3)
cfi=(125)
cfn=(876)
calls=30 52 
0 450
0 30
0 210
cfn=(2538)
calls=30 0 
0 900
0 60
cob=(3)
cfi=(125)
cfn=(876)
calls=30 52 
0 450
0 30
0 300
cob=(3)
cfi=(148)
cfn=(1878)
calls=30 26 
0 27240
0 30
0 75

fn=(2546)
0 6240

fn=(2618)
0 33
cfn=(1844)
calls=1 0 
0 88
0 6
cfn=(1844)
calls=1 0 
0 88
0 6
cfn=(1844)
calls=1 0 
0 88
0 6
cfn=(1844)
calls=1 0 
0 88
0 6
cfn=(1844)
calls=1 0 
0 88
0 14
cfn=(1844)
calls=1 0 
0 88
0 7
cfn=(1844)
calls=1 0 
0 88
0 7
cfn=(1844)
calls=1 0 
0 244
0 7
cfn=(1844)
calls=1 0 
0 244
0 7
cfn=(1844)
calls=1 0 
0 411
0 8
cob=(7)
cfi=(103)
cfn=(1412)
calls=1 0 
0 54
0 1
0 3
cfn=(1860)
calls=1 0 
0 4
0 9
cfn=(1798)
calls=1 0 
0 28
0 7
cfn=(2620)
calls=1 0 
0 50149616
0 6
cfn=(2628)
calls=1 0 
0 14283739
0 7
cob=(3)
cfi=(148)
cfn=(1878)
calls=1 26 
0 767
0 1
0 9
cfn=(2720) surface::make_spreadsheet_of_lines_in_three_kinds(spreadsheet*&, long*, long*, long*, long, long)
calls=1 0 
0 54705627
0 6
cob=(7)
cfi=(103)
cfn=(1282)
calls=1 0 
0 307
0 1
0 49
cob=(7)
cfi=(103)
cfn=(1282)
calls=1 0 
0 307
0 1
0 10
cob=(7)
cfi=(103)
cfn=(1336)
calls=1 0 
0 252
0 1
0 2
cob=(7)
cfi=(103)
cfn=(1356)
calls=1 0 
0 86
0 1
0 4
cfn=(2734) spreadsheet::save(char const*, long)
calls=1 0 
0 11835310
0 4
cob=(7)
cfi=(103)
cfn=(1282)
calls=1 0 
0 304
0 1
0 49
cob=(7)
cfi=(103)
cfn=(1282)
calls=1 0 
0 307
0 1
0 10
cob=(7)
cfi=(103)
cfn=(1336)
calls=1 0 
0 252
0 1
0 2
cob=(7)
cfi=(103)
cfn=(1356)
calls=1 0 
0 86
0 1
0 5
cfn=(2184)
calls=1 0 
0 27
0 5
cfn=(2934)
calls=1 0 
0 2337697
0 3
cob=(7)
cfi=(103)
cfn=(2190)
calls=1 0 
0 76
0 1
0 4
cob=(7)
cfi=(103)
cfn=(1412)
calls=1 0 
0 807812
0 1
0 3
cfn=(1864)
calls=1 0 
0 62
0 7
cfn=(1798)
calls=1 0 
0 28
0 10
cfn=(2938)
calls=1 0 
0 837211
0 6
cob=(7)
cfi=(103)
cfn=(1412)
calls=1 0 
0 360
0 1
0 3
cfn=(2944)
calls=1 0 
0 100
0 7
cfn=(1798)
calls=1 0 
0 28
0 6
cfn=(2946)
calls=1 0 
0 1192
0 4
cob=(7)
cfi=(103)
cfn=(1282)
calls=1 0 
0 498
0 1
0 10
cob=(7)
cfi=(103)
cfn=(1336)
calls=1 0 
0 252
0 1
0 2
cob=(7)
cfi=(103)
cfn=(1356)
calls=1 0 
0 86
0 1
0 7
cfn=(2948) poset_classification::init(action*, action*, strong_generators*, long, long)
calls=1 0 
0 60995
0 4
cob=(7)
cfi=(103)
cfn=(1282)
calls=1 0 
0 493
0 1
0 11
cob=(7)
cfi=(103)
cfn=(1336)
calls=1 0 
0 252
0 1
0 2
cob=(7)
cfi=(103)
cfn=(1356)
calls=1 0 
0 86
0 1
0 4
cfn=(2950) poset_classification::init_check_func(long (*)(long, long*, void*, long), void*)
calls=1 0 
0 4
0 7
cob=(3)
cfi=(148)
cfn=(1878)
calls=1 26 
0 725
0 1
0 7
cob=(3)
cfi=(155)
cfn=(1956)
calls=1 27 
0 48
0 1
0 6
cfn=(2952)
calls=1 0 
0 2802
0 4
cfn=(2956)
calls=1 0 
0 21868
0 11

fn=(2690)
0 1360
cfn=(2692)
calls=85 0 
0 369
0 1161
cfn=(2692)
calls=12 0 
0 53
0 52
cfn=(2692)
calls=7 0 
0 32
0 18
cfn=(2692)
calls=6 0 
0 28
0 46
cfn=(2692)
calls=5 0 
0 23
0 27
cfn=(2692)
calls=9 0 
0 39
0 60
cfn=(2692)
calls=8 0 
0 34
0 30
cfn=(2692)
calls=10 0 
0 47
0 72
cfn=(2692)
calls=9 0 
0 39
0 33
cfn=(2692)
calls=11 0 
0 50
0 84
cfn=(2692)
calls=11 0 
0 48
0 36
cfn=(2692)
calls=12 0 
0 55
0 94
cfn=(2692)
calls=12 0 
0 56
0 45
cfn=(2692)
calls=15 0 
0 67
0 141
cfn=(2692)
calls=17 0 
0 79
0 64
cfn=(2692)
calls=6 0 
0 24
0 36
cfn=(2692)
calls=6 0 
0 25
0 32
cfn=(2692)
calls=5 0 
0 22
0 22
cfn=(2692)
calls=3 0 
0 13
0 14
cfn=(2692)
calls=2 0 
0 9
0 8
cfn=(2692)
calls=1 0 
0 4
0 6
cfn=(2692)
calls=1 0 
0 4
0 822
cfn=(2692)
calls=74 0 
0 356
0 912
cfn=(2692)
calls=9 0 
0 39
0 51
cfn=(2692)
calls=3 0 
0 13
0 40
cfn=(2692)
calls=10 0 
0 47
0 92
cfn=(2692)
calls=8 0 
0 36
0 32
cfn=(2692)
calls=8 0 
0 35
0 99
cfn=(2692)
calls=7 0 
0 32
0 36
cfn=(2692)
calls=9 0 
0 43
0 119
cfn=(2692)
calls=11 0 
0 50
0 24
cfn=(2692)
calls=6 0 
0 27
0 113
cfn=(2692)
calls=9 0 
0 43
0 44
cfn=(2692)
calls=11 0 
0 49
0 140
cfn=(2692)
calls=15 0 
0 70
0 54
cfn=(2692)
calls=18 0 
0 84
0 225
cfn=(2692)
calls=18 0 
0 83
0 98
cfn=(2692)
calls=11 0 
0 50
0 57
cfn=(2692)
calls=6 0 
0 29
0 38
cfn=(2692)
calls=5 0 
0 25
0 35
cfn=(2692)
calls=5 0 
0 25
0 35
cfn=(2692)
calls=5 0 
0 23
0 27
cfn=(2692)
calls=3 0 
0 15
0 1141
cfn=(2691) INT_vec_quicksort(long*, long (*)(long, long), long, long) [clone .part.4]'2
calls=18 0 
0 16507
0 117

fn=(2691)
0 3386
cfn=(2692)
calls=136 0 
0 628
0 1739
cfn=(2692)
calls=7 0 
0 30
0 34
cfn=(2692)
calls=5 0 
0 21
0 33
cfn=(2692)
calls=11 0 
0 50
0 68
cfn=(2692)
calls=9 0 
0 38
0 48
cfn=(2692)
calls=16 0 
0 72
0 110
cfn=(2692)
calls=15 0 
0 65
0 36
cfn=(2692)
calls=12 0 
0 54
0 118
cfn=(2692)
calls=16 0 
0 68
0 60
cfn=(2692)
calls=20 0 
0 90
0 160
cfn=(2692)
calls=22 0 
0 93
0 75
cfn=(2692)
calls=25 0 
0 115
0 202
cfn=(2692)
calls=27 0 
0 120
0 111
cfn=(2692)
calls=37 0 
0 167
0 275
cfn=(2692)
calls=16 0 
0 68
0 92
cfn=(2692)
calls=12 0 
0 53
0 52
cfn=(2692)
calls=7 0 
0 30
0 34
cfn=(2692)
calls=5 0 
0 20
0 30
cfn=(2692)
calls=5 0 
0 20
0 30
cfn=(2692)
calls=5 0 
0 20
0 30
cfn=(2692)
calls=5 0 
0 21
0 26
cfn=(2692)
calls=4 0 
0 18
0 1354
cfn=(2692)
calls=129 0 
0 598
0 1207
cfn=(2692)
calls=5 0 
0 23
0 35
cfn=(2692)
calls=3 0 
0 14
0 32
cfn=(2692)
calls=8 0 
0 37
0 79
cfn=(2692)
calls=7 0 
0 32
0 52
cfn=(2692)
calls=13 0 
0 57
0 125
cfn=(2692)
calls=9 0 
0 43
0 48
cfn=(2692)
calls=12 0 
0 52
0 139
cfn=(2692)
calls=11 0 
0 53
0 52
cfn=(2692)
calls=13 0 
0 56
0 161
cfn=(2692)
calls=13 0 
0 60
0 64
cfn=(2692)
calls=16 0 
0 71
0 180
cfn=(2692)
calls=16 0 
0 79
0 66
cfn=(2692)
calls=22 0 
0 106
0 198
cfn=(2692)
calls=12 0 
0 56
0 68
cfn=(2692)
calls=8 0 
0 36
0 40
cfn=(2692)
calls=4 0 
0 20
0 28
cfn=(2692)
calls=4 0 
0 19
0 24
cfn=(2692)
calls=3 0 
0 15
0 21
cfn=(2692)
calls=3 0 
0 15
0 21
cfn=(2692)
calls=3 0 
0 13
0 2243
cfn=(2691)
calls=35 0 
0 20901
0 205

fn=(2698)
0 6192
cfn=(2408)
calls=144 0 
0 6192
0 1728
cfn=(1854)
calls=144 0 
0 3600
0 1872
cfn=(1994)
calls=144 0 
0 3456
0 1296
cfn=(2642)
calls=144 0 
0 152352
0 7920

fn=(2714)
0 1138610
cfn=(2036)
calls=227722 0 
0 26742592

fn=(2728) spreadsheet::fill_column_with_row_index(long, char const*)
0 33916
cob=(3)
cfi=(125)
cfn=(876)
calls=2 52 
0 42
0 2
0 12
cfn=(1812)
calls=2 0 
0 344
0 10
cob=(3)
cfi=(147)
cfn=(1840)
calls=2 32 
0 32
0 2
0 19755
cob=(3)
cfi=(148)
cfn=(1878)
calls=2821 26 
0 1816720
0 2821
0 84182
cfn=(1812)
calls=2821 0 
0 731549
0 14105
cob=(3)
cfi=(147)
cfn=(1840)
calls=2821 32 
0 45606
0 2821
0 5664

fn=(2730) spreadsheet::fill_column_with_INT(long, long*, char const*)
0 91827
cob=(3)
cfi=(125)
cfn=(876)
calls=3 52 
0 49
0 3
0 18
cfn=(1812)
calls=3 0 
0 787
0 15
cob=(3)
cfi=(147)
cfn=(1840)
calls=3 32 
0 74
0 3
0 61164
cob=(3)
cfi=(148)
cfn=(1878)
calls=7644 26 
0 5047020
0 7644
0 245210
cfn=(1812)
calls=7644 0 
0 1995398
0 38220
cob=(3)
cfi=(147)
cfn=(1840)
calls=7644 32 
0 142504
0 7644
0 15321

fn=(2950)
0 4

fn=(3002)
0 377
cob=(7)
cfi=(103)
cfn=(1282)
calls=29 0 
0 7047
0 29
0 338
cob=(7)
cfi=(103)
cfn=(1378)
calls=28 0 
0 11873
0 28
0 431
cob=(7)
cfi=(103)
cfn=(1282)
calls=29 0 
0 7047
0 29
0 314
cob=(7)
cfi=(103)
cfn=(1378)
calls=25 0 
0 9700
0 25
0 100
cob=(7)
cfi=(103)
cfn=(1282)
calls=25 0 
0 6075
0 25
0 104
cob=(7)
cfi=(103)
cfn=(1378)
calls=26 0 
0 10013
0 26
0 104
cob=(7)
cfi=(103)
cfn=(1282)
calls=26 0 
0 6318
0 26
0 108
cob=(7)
cfi=(103)
cfn=(1378)
calls=27 0 
0 11323
0 27
0 108
cob=(7)
cfi=(103)
cfn=(1282)
calls=27 0 
0 6561
0 27
0 108

fn=(3020)
0 6303
cfn=(1844)
calls=573 0 
0 115566
0 3438
cfn=(1844)
calls=573 0 
0 115485
0 3438
cfn=(1844)
calls=573 0 
0 127753
0 3438
cfn=(1844)
calls=573 0 
0 131762
0 4011
cfn=(1844)
calls=573 0 
0 127681
0 3438
cfn=(1844)
calls=573 0 
0 177067
0 2292
cfn=(2006)
calls=573 0 
0 8595
0 1719
cfn=(2006)
calls=573 0 
0 8595
0 1146
cfn=(3022)
calls=573 0 
0 417645
0 2865
cfn=(3024)
calls=573 0 
0 1022602

fn=(3040)
0 638
cfn=(1930)
calls=29 0 
0 5153
0 406
cfn=(1844)
calls=29 0 
0 9551
0 600
cfn=(1844)
calls=100 0 
0 32885
0 2343754

fn=(3154) schreier::init_generators(long, long*)
0 6188
cfn=(2016)
calls=442 0 
0 88372
0 1326
cfn=(2016)
calls=442 0 
0 90347
0 3038
cfn=(2018)
calls=207 0 
0 47269
0 828
cfn=(2012)
calls=207 0 
0 1863
0 1242
cfn=(2020)
calls=207 0 
0 61555
0 1430
cfn=(2018)
calls=127 0 
0 29221
0 3367
cfn=(2018)
calls=481 0 
0 109387
0 2432
cfn=(2012)
calls=608 0 
0 5472
0 6080
cfn=(2020)
calls=608 0 
0 180396
0 4256
cfn=(2018)
calls=608 0 
0 138608
0 3040
cfn=(2012)
calls=608 0 
0 5472
0 4864
cfn=(2020)
calls=608 0 
0 180396
0 5636
cfn=(1930)
calls=442 0 
0 84234
0 6188
cfn=(1844)
calls=442 0 
0 54693
0 5886
cfn=(1844)
calls=981 0 
0 177818
0 1269074

fn=(3180)
0 2456
cfn=(2112)
calls=105 0 
0 53278
0 3232
cfn=(3181) schreier::coset_rep_inv(long)'2
calls=404 0 
0 5277088
0 1616
cfn=(2012)
calls=404 0 
0 3636
0 2424
cfn=(2128)
calls=404 0 
0 4010508
0 3232
cfn=(1988)
calls=404 0 
0 85912

fn=(3181)
0 5224
cfn=(2112)
calls=404 0 
0 205944
0 3984
cfn=(3181)
calls=498 0 
0 7422076
0 1992
cfn=(2012)
calls=498 0 
0 4482
0 2988
cfn=(2128)
calls=498 0 
0 4943646
0 3984
cfn=(1988)
calls=498 0 
0 104844

fn=(3184)
0 6528
cob=(7)
cfi=(103)
cfn=(1412)
calls=544 0 
0 29376
0 544
0 1632
cfn=(1974)
calls=544 0 
0 2176
0 3808
cfn=(1798)
calls=544 0 
0 15232
0 2176
cfn=(2006)
calls=544 0 
0 8160
0 1632
cfn=(2016)
calls=544 0 
0 71934
0 3206
cfn=(2012)
calls=353 0 
0 3177
0 1352
cfn=(2012)
calls=338 0 
0 3042
0 3455
cfn=(2018)
calls=691 0 
0 102551
0 4646
cfn=(1844)
calls=544 0 
0 47872
0 20672

fn=(3210)
0 15436
cfn=(2184)
calls=908 0 
0 24516
0 4540
cfn=(2192)
calls=908 0 
0 7445011
0 5448
cob=(7)
cfi=(103)
cfn=(2190)
calls=908 0 
0 69008
0 908
0 4540
cfn=(2184)
calls=908 0 
0 24516
0 4540
cfn=(2196)
calls=908 0 
0 112015
0 2724
cob=(7)
cfi=(103)
cfn=(2190)
calls=908 0 
0 75485
0 908
0 4540
cfn=(1942)
calls=908 0 
0 101477
0 4547
cfn=(1818)
calls=183 0 
0 19215
0 549

fn=(3214) poset_classification::print_progress_by_level(long)
0 1004
cob=(7)
cfi=(103)
cfn=(1336)
calls=135 0 
0 34020
0 135
0 270
cob=(7)
cfi=(103)
cfn=(1356)
calls=135 0 
0 11610
0 135
0 1080
cob=(7)
cfi=(103)
cfn=(1378)
calls=135 0 
0 69612
0 135
0 675
cob=(7)
cfi=(103)
cfn=(1282)
calls=135 0 
0 33480
0 135
0 945
cob=(7)
cfi=(103)
cfn=(1378)
calls=135 0 
0 73404
0 135
0 675
cob=(7)
cfi=(103)
cfn=(1282)
calls=135 0 
0 33480
0 135
0 945
cob=(7)
cfi=(103)
cfn=(1378)
calls=135 0 
0 73400
0 135
0 675
cob=(7)
cfi=(103)
cfn=(1282)
calls=135 0 
0 33480
0 135
0 945
cob=(7)
cfi=(103)
cfn=(1378)
calls=135 0 
0 73724
0 135
0 675
cob=(7)
cfi=(103)
cfn=(1282)
calls=135 0 
0 33480
0 135
0 945
cob=(7)
cfi=(103)
cfn=(1378)
calls=135 0 
0 73088
0 135
0 1177

fn=(3242)
0 6661856
cfn=(1854)
calls=175312 0 
0 4382800
0 1227184
cfn=(1854)
calls=175312 0 
0 4382800
0 876560
cfn=(1996)
calls=175312 0 
0 5960608
0 701248
cfn=(1996)
calls=175312 0 
0 5960608
0 1753120
cfn=(1854)
calls=175312 0 
0 4382800
0 1227184
cfn=(1854)
calls=175312 0 
0 4382800
0 876560
cfn=(1996)
calls=175312 0 
0 5960608
0 701248
cfn=(1996)
calls=175312 0 
0 5960608
0 876560
cfn=(1854)
calls=175312 0 
0 4382800
0 1227184
cfn=(1854)
calls=175312 0 
0 4382800
0 876560
cfn=(1996)
calls=175312 0 
0 5960608
0 701248
cfn=(1996)
calls=175312 0 
0 5960608
0 1051872

fn=(3268) sims::element_from_path(long*, long)
0 1712
cfn=(2112)
calls=107 0 
0 48934
0 3317
cfn=(2122)
calls=535 0 
0 6900288
0 3745
cfn=(2128)
calls=535 0 
0 5254770
0 2675
cfn=(1988)
calls=535 0 
0 73280
0 4173
cfn=(1988)
calls=107 0 
0 14944
0 1070

fn=(3284) poset_classification::make_spreadsheet_of_orbit_reps(spreadsheet*&, long)
0 18
cfn=(2064)
calls=1 0 
0 4
0 3
cfn=(2064)
calls=1 0 
0 4
0 6
cfn=(2976)
calls=1 0 
0 4
0 20
cfn=(2976)
calls=1 0 
0 4
0 5
cfn=(2976)
calls=1 0 
0 4
0 5
cfn=(2976)
calls=1 0 
0 4
0 5
cfn=(2976)
calls=1 0 
0 4
0 5
cfn=(2976)
calls=1 0 
0 4
0 10
cfn=(1844)
calls=1 0 
0 88
0 7
cfn=(2434)
calls=1 0 
0 2353
0 6
cfn=(2434)
calls=1 0 
0 496
0 6
cfn=(2434)
calls=1 0 
0 415
0 6
cfn=(2434)
calls=1 0 
0 390
0 6
cfn=(2434)
calls=1 0 
0 370
0 6
cfn=(2434)
calls=1 0 
0 455
0 14
cfn=(2976)
calls=1 0 
0 4
0 25
cfn=(2976)
calls=5 0 
0 20
0 174
cob=(3)
cfi=(148)
cfn=(1878)
calls=6 26 
0 3606
0 6
0 1869
cob=(3)
cfi=(148)
cfn=(1878)
calls=267 26 
0 160734
0 267
0 6552
cfn=(1812)
calls=273 0 
0 22659
0 1365
cob=(3)
cfi=(147)
cfn=(1840)
calls=273 32 
0 2730
0 273
0 1911
cob=(3)
cfi=(148)
cfn=(1878)
calls=273 26 
0 170991
0 273
0 6552
cfn=(1812)
calls=273 0 
0 22659
0 1365
cob=(3)
cfi=(147)
cfn=(1840)
calls=273 32 
0 3726
0 273
0 1365
cfn=(3286)
calls=273 0 
0 31754
0 1092
cfn=(2722)
calls=273 0 
0 903322
0 15827
cfn=(1812)
calls=273 0 
0 23199
0 1365
cob=(3)
cfi=(147)
cfn=(1840)
calls=273 32 
0 18650
0 273
0 1638
cfn=(3290)
calls=273 0 
0 4917015
0 819
cfn=(3292)
calls=273 0 
0 9694
0 6608
cfn=(1812)
calls=273 0 
0 22663
0 1365
cob=(3)
cfi=(147)
cfn=(1840)
calls=273 32 
0 3426
0 273
0 819
cfn=(3292)
calls=273 0 
0 24636
0 11823
cfn=(1812)
calls=273 0 
0 23199
0 1365
cob=(3)
cfi=(147)
cfn=(1840)
calls=273 32 
0 9274
0 273
0 1092
cfn=(3294)
calls=273 0 
0 1638
0 546
cfn=(3296)
calls=273 0 
0 1365
0 1911
cob=(3)
cfi=(148)
cfn=(1878)
calls=273 26 
0 167045
0 273
0 6755
cfn=(1812)
calls=273 0 
0 22659
0 1638
cob=(3)
cfi=(147)
cfn=(1840)
calls=273 32 
0 3938
0 273
0 566
cob=(7)
cfi=(103)
cfn=(1412)
calls=1 0 
0 54
0 1
0 3
cfn=(2724) spreadsheet::spreadsheet()
calls=1 0 
0 5
0 7
cfn=(1798)
calls=1 0 
0 28
0 7
cfn=(2726)
calls=1 0 
0 20365
0 4
cfn=(2728)
calls=1 0 
0 256981
0 5
cfn=(2732)
calls=1 0 
0 83323
0 5
cfn=(2732)
calls=1 0 
0 83904
0 5
cfn=(2732)
calls=1 0 
0 100264
0 5
cfn=(2732)
calls=1 0 
0 83639
0 5
cfn=(2732)
calls=1 0 
0 90428
0 5
cfn=(2732)
calls=1 0 
0 84039
0 5
cfn=(1942)
calls=1 0 
0 122
0 14
cfn=(1818)
calls=1 0 
0 105
0 207
cfn=(1818)
calls=34 0 
0 4131
0 204
cfn=(1818)
calls=34 0 
0 4131
0 204
cfn=(1818)
calls=34 0 
0 4131
0 170
cfn=(1818)
calls=34 0 
0 4131
0 170
cfn=(1818)
calls=34 0 
0 4131
0 170
cfn=(1818)
calls=34 0 
0 4131
0 170
cfn=(1818)
calls=34 0 
0 4148
0 170
cfn=(1818)
calls=34 0 
0 4148
0 107
cfn=(2472)
calls=1 0 
0 154
0 15
cfn=(1818)
calls=1 0 
0 122
0 207
cfn=(1818)
calls=34 0 
0 4148
0 204
cfn=(1818)
calls=34 0 
0 4148
0 204
cfn=(1818)
calls=34 0 
0 4148
0 170
cfn=(1818)
calls=34 0 
0 4148
0 170
cfn=(1818)
calls=34 0 
0 4148
0 170
cfn=(1818)
calls=34 0 
0 4148
0 170
cfn=(1818)
calls=34 0 
0 4148
0 170
cfn=(1818)
calls=34 0 
0 4148
0 107
cfn=(2472)
calls=1 0 
0 154
0 15
cfn=(1818)
calls=1 0 
0 122
0 207
cfn=(1818)
calls=34 0 
0 4148
0 204
cfn=(1818)
calls=34 0 
0 4148
0 204
cfn=(1818)
calls=34 0 
0 4148
0 170
cfn=(1818)
calls=34 0 
0 4148
0 170
cfn=(1818)
calls=34 0 
0 4148
0 170
cfn=(1818)
calls=34 0 
0 4148
0 170
cfn=(1818)
calls=34 0 
0 4148
0 170
cfn=(1818)
calls=34 0 
0 4148
0 107
cfn=(2472)
calls=1 0 
0 176
0 15
cfn=(1818)
calls=1 0 
0 122
0 207
cfn=(1818)
calls=34 0 
0 4148
0 204
cfn=(1818)
calls=34 0 
0 4148
0 204
cfn=(1818)
calls=34 0 
0 4148
0 170
cfn=(1818)
calls=34 0 
0 4148
0 170
cfn=(1818)
calls=34 0 
0 4148
0 170
cfn=(1818)
calls=34 0 
0 4148
0 170
cfn=(1818)
calls=34 0 
0 4148
0 170
cfn=(1818)
calls=34 0 
0 4148
0 107
cfn=(2472)
calls=1 0 
0 176
0 15
cfn=(1818)
calls=1 0 
0 122
0 207
cfn=(1818)
calls=34 0 
0 4148
0 204
cfn=(1818)
calls=34 0 
0 4148
0 204
cfn=(1818)
calls=34 0 
0 4148
0 170
cfn=(1818)
calls=34 0 
0 4148
0 170
cfn=(1818)
calls=34 0 
0 4148
0 170
cfn=(1818)
calls=34 0 
0 4148
0 170
cfn=(1818)
calls=34 0 
0 4148
0 170
cfn=(1818)
calls=34 0 
0 4148
0 107
cfn=(2472)
calls=1 0 
0 176
0 15
cfn=(1818)
calls=1 0 
0 122
0 207
cfn=(1818)
calls=34 0 
0 4148
0 204
cfn=(1818)
calls=34 0 
0 4148
0 204
cfn=(1818)
calls=34 0 
0 4148
0 170
cfn=(1818)
calls=34 0 
0 4148
0 170
cfn=(1818)
calls=34 0 
0 4148
0 170
cfn=(1818)
calls=34 0 
0 4148
0 170
cfn=(1818)
calls=34 0 
0 4148
0 170
cfn=(1818)
calls=34 0 
0 4148
0 107
cfn=(2472)
calls=1 0 
0 154
0 2
cfn=(2084)
calls=1 0 
0 129
0 2
cfn=(2084)
calls=1 0 
0 129
0 11

fn=(3298)
0 30
cob=(3)
cfi=(160)
cfn=(2796)
calls=5 36 
0 140
0 5
0 25
cob=(3)
cfi=(170)
cfn=(3304)
calls=5 35 
0 25
0 5
0 15
cob=(3)
cfi=(164)
cfn=(3308)
calls=5 27 
0 45
0 5
0 25

fn=(3318)
0 207210
cfn=(2036)
calls=34535 0 
0 3781670

fn=(3362)
0 21320
cfn=(2302)
calls=1066 0 
0 799902
0 23452
cfn=(3364)
calls=1066 0 
0 1410318
0 9594
cfn=(3364)
calls=1066 0 
0 1410318
0 11726
cfn=(1970)
calls=1066 0 
0 45838
0 3198
cfn=(2612)
calls=1066 0 
0 1781816
0 12792

fn=(3396)
0 90

fn=(3490)
0 2380
cfn=(3492) matrix_group_element_print_quick(action&, void*, std::ostream&)
calls=595 0 
0 7948493

fn=(3492)
0 1190
cfn=(2204)
calls=595 0 
0 7947303

fn=(3556)
0 4914
cfn=(1844)
calls=273 0 
0 24024
0 1638
cfn=(3550)
calls=273 0 
0 34944
0 819
cfn=(3550)
calls=273 0 
0 34944
0 819
cfn=(3550)
calls=273 0 
0 34944
0 819
cfn=(3550)
calls=273 0 
0 34944
0 2659
cfn=(3028)
calls=184 0 
0 674064
0 1736
cfn=(3028)
calls=217 0 
0 904922
0 2005
cfn=(3558)
calls=401 0 
0 674707
0 4174
cfn=(3550)
calls=184 0 
0 23552
0 3680
cfn=(3550)
calls=736 0 
0 289393
0 2392
cfn=(3550)
calls=184 0 
0 23552
0 12236
cfn=(3028)
calls=856 0 
0 4567171
0 4280
cfn=(3558)
calls=856 0 
0 1435993
0 3424
cfn=(3550)
calls=856 0 
0 109568
0 3424
cfn=(3550)
calls=856 0 
0 109568
0 11008
cfn=(3550)
calls=1128 0 
0 144384
0 4512
cfn=(3550)
calls=1128 0 
0 144384
0 4512
cfn=(3550)
calls=1128 0 
0 144384
0 2523
cfn=(3550)
calls=89 0 
0 11392
0 323
cfn=(1942)
calls=29 0 
0 3045
0 874
cfn=(3550)
calls=272 0 
0 34816
0 3432
cfn=(1942)
calls=244 0 
0 25620

fn=(3586)
0 3281
cfn=(1812)
calls=193 0 
0 16019
0 1351
cfn=(3234)
calls=193 0 
0 305498
0 772
cob=(7)
cfi=(103)
cfn=(3540)
calls=193 0 
0 31652
0 193
0 1930
cfn=(1818)
calls=193 0 
0 20265

fn=(3590)
0 125
cfn=(3582)
calls=25 0 
0 148799

fn=(3622)
0 3
cob=(2)
cfi=(18)
cfn=(1802)
calls=1 0 
0 274
0 2
cob=(2)
cfi=(18)
cfn=(1802)
calls=1 0 
0 274
0 4
cob=(7)
cfi=(103)
cfn=(1282)
calls=1 0 
0 176
0 1
0 4
cob=(7)
cfi=(103)
cfn=(1282)
calls=1 0 
0 176
0 1
0 4
cob=(7)
cfi=(103)
cfn=(1282)
calls=1 0 
0 176
0 1
0 4
cob=(7)
cfi=(103)
cfn=(1282)
calls=1 0 
0 175
0 1
0 4
cob=(7)
cfi=(103)
cfn=(1282)
calls=1 0 
0 177
0 1
0 4
cob=(7)
cfi=(103)
cfn=(1282)
calls=1 0 
0 176
0 1
0 4
cob=(7)
cfi=(103)
cfn=(1282)
calls=1 0 
0 176
0 1
0 4
cob=(7)
cfi=(103)
cfn=(1282)
calls=1 0 
0 176
0 1
0 2
cob=(2)
cfi=(18)
cfn=(1802)
calls=1 0 
0 274
0 4
cob=(7)
cfi=(103)
cfn=(1282)
calls=1 0 
0 175
0 1
0 2
cob=(2)
cfi=(18)
cfn=(1802)
calls=1 0 
0 274
0 4
cob=(7)
cfi=(103)
cfn=(1282)
calls=1 0 
0 177
0 1
0 4
cob=(7)
cfi=(103)
cfn=(1282)
calls=1 0 
0 176
0 1
0 4
cob=(7)
cfi=(103)
cfn=(1282)
calls=1 0 
0 175
0 1
0 2
cob=(2)
cfi=(18)
cfn=(1802)
calls=1 0 
0 274
0 4
cob=(7)
cfi=(103)
cfn=(1282)
calls=1 0 
0 177
0 1
0 4
cob=(7)
cfi=(103)
cfn=(1282)
calls=1 0 
0 175
0 1
0 2
cob=(2)
cfi=(18)
cfn=(1802)
calls=1 0 
0 274
0 4
cob=(7)
cfi=(103)
cfn=(1282)
calls=1 0 
0 175
0 1
0 2
cob=(2)
cfi=(18)
cfn=(1802)
calls=1 0 
0 274
0 4
cob=(7)
cfi=(103)
cfn=(1282)
calls=1 0 
0 177
0 1
0 2
cob=(2)
cfi=(18)
cfn=(1802)
calls=1 0 
0 274
0 3
cob=(2)
cfi=(18)
cfn=(1802)
calls=1 0 
0 274

fn=(3634)
0 22
cfn=(1844)
calls=1 0 
0 88
0 5
cfn=(2298)
calls=1 0 
0 40
0 2
cob=(7)
cfi=(103)
cfn=(1412)
calls=1 0 
0 54
0 1
0 3
cfn=(3390)
calls=1 0 
0 17
0 7
cfn=(1798)
calls=1 0 
0 28
0 5
cfn=(2064)
calls=1 0 
0 4
0 3
cfn=(3392)
calls=1 0 
0 9031
0 10
cfn=(3394)
calls=1 0 
0 9268
0 156
cfn=(1970)
calls=4 0 
0 430
0 8
cob=(7)
cfi=(103)
cfn=(1412)
calls=4 0 
0 216
0 4
0 12
cfn=(1974)
calls=4 0 
0 16
0 28
cfn=(1798)
calls=4 0 
0 112
0 28
cfn=(2006)
calls=4 0 
0 60
0 12
cfn=(2016)
calls=4 0 
0 5633
0 12
cfn=(2064)
calls=4 0 
0 16
0 24
cob=(7)
cfi=(103)
cfn=(1282)
calls=4 0 
0 1044
0 4
0 16
cfn=(2046)
calls=4 0 
0 76047
0 44
cob=(7)
cfi=(103)
cfn=(1336)
calls=4 0 
0 1008
0 4
0 8
cob=(7)
cfi=(103)
cfn=(1356)
calls=4 0 
0 344
0 4
0 20
cfn=(3462)
calls=4 0 
0 3523
0 16
cfn=(2602)
calls=4 0 
0 6184
0 6520
cob=(7)
cfi=(103)
cfn=(1282)
calls=144 0 
0 34992
0 144
0 432
cob=(7)
cfi=(103)
cfn=(1378)
calls=144 0 
0 56232
0 144
0 720
cob=(7)
cfi=(103)
cfn=(1282)
calls=144 0 
0 35712
0 144
0 720
cob=(7)
cfi=(103)
cfn=(1378)
calls=144 0 
0 58176
0 144
0 720
cob=(7)
cfi=(103)
cfn=(1282)
calls=144 0 
0 40896
0 144
0 432
cob=(7)
cfi=(103)
cfn=(1378)
calls=144 0 
0 57428
0 144
0 576
cob=(7)
cfi=(103)
cfn=(1282)
calls=144 0 
0 44928
0 144
0 576
cfn=(2046)
calls=144 0 
0 1240128
0 1584
cob=(7)
cfi=(103)
cfn=(1336)
calls=144 0 
0 36288
0 144
0 288
cob=(7)
cfi=(103)
cfn=(1356)
calls=144 0 
0 12384
0 144
0 1008
cfn=(3636)
calls=144 0 
0 84302969
0 662
cfn=(1844)
calls=17 0 
0 1496
0 204
cfn=(2020)
calls=17 0 
0 3400
0 1288
cob=(7)
cfi=(103)
cfn=(1282)
calls=144 0 
0 34992
0 144
0 432
cob=(7)
cfi=(103)
cfn=(1378)
calls=144 0 
0 56232
0 144
0 720
cob=(7)
cfi=(103)
cfn=(1282)
calls=144 0 
0 35712
0 144
0 720
cob=(7)
cfi=(103)
cfn=(1378)
calls=144 0 
0 58176
0 144
0 720
cob=(7)
cfi=(103)
cfn=(1282)
calls=144 0 
0 40896
0 144
0 432
cob=(7)
cfi=(103)
cfn=(1378)
calls=144 0 
0 57428
0 144
0 720
cob=(7)
cfi=(103)
cfn=(1282)
calls=144 0 
0 36864
0 144
0 1440
cob=(7)
cfi=(103)
cfn=(1336)
calls=144 0 
0 36288
0 144
0 288
cob=(7)
cfi=(103)
cfn=(1356)
calls=144 0 
0 12384
0 144
0 720
cob=(7)
cfi=(103)
cfn=(1282)
calls=144 0 
0 34992
0 144
0 432
cob=(7)
cfi=(103)
cfn=(1378)
calls=144 0 
0 56232
0 144
0 720
cob=(7)
cfi=(103)
cfn=(1282)
calls=144 0 
0 35712
0 144
0 720
cob=(7)
cfi=(103)
cfn=(1378)
calls=144 0 
0 58176
0 144
0 720
cob=(7)
cfi=(103)
cfn=(1282)
calls=144 0 
0 39456
0 144
0 432
cob=(7)
cfi=(103)
cfn=(1378)
calls=144 0 
0 57428
0 144
0 720
cob=(7)
cfi=(103)
cfn=(1282)
calls=144 0 
0 62352
0 144
0 432
cob=(7)
cfi=(103)
cfn=(1378)
calls=144 0 
0 56731
0 144
0 1584
cob=(7)
cfi=(103)
cfn=(1336)
calls=144 0 
0 36288
0 144
0 288
cob=(7)
cfi=(103)
cfn=(1356)
calls=144 0 
0 12384
0 144
0 644
cob=(7)
cfi=(103)
cfn=(1282)
calls=89 0 
0 33553
0 89
0 267
cob=(7)
cfi=(103)
cfn=(1378)
calls=89 0 
0 35025
0 89
0 445
cob=(7)
cfi=(103)
cfn=(1282)
calls=89 0 
0 27768
0 89
0 267
cob=(7)
cfi=(103)
cfn=(1378)
calls=89 0 
0 34526
0 89
0 979
cob=(7)
cfi=(103)
cfn=(1336)
calls=89 0 
0 22428
0 89
0 178
cob=(7)
cfi=(103)
cfn=(1356)
calls=89 0 
0 7654
0 89
0 644
cob=(7)
cfi=(103)
cfn=(1282)
calls=72 0 
0 20448
0 72
0 216
cob=(7)
cfi=(103)
cfn=(1378)
calls=72 0 
0 28290
0 72
0 360
cob=(7)
cfi=(103)
cfn=(1282)
calls=72 0 
0 32616
0 72
0 216
cob=(7)
cfi=(103)
cfn=(1378)
calls=72 0 
0 27935
0 72
0 792
cob=(7)
cfi=(103)
cfn=(1336)
calls=72 0 
0 18144
0 72
0 144
cob=(7)
cfi=(103)
cfn=(1356)
calls=72 0 
0 6192
0 72
0 868
cob=(7)
cfi=(103)
cfn=(1282)
calls=55 0 
0 23540
0 55
0 605
cob=(7)
cfi=(103)
cfn=(1336)
calls=55 0 
0 13860
0 55
0 110
cob=(7)
cfi=(103)
cfn=(1356)
calls=55 0 
0 4730
0 55
0 275
cfn=(3490)
calls=55 0 
0 736030
0 550
cob=(7)
cfi=(103)
cfn=(1336)
calls=55 0 
0 13860
0 55
0 110
cob=(7)
cfi=(103)
cfn=(1356)
calls=55 0 
0 4730
0 55
0 330
cfn=(2012)
calls=55 0 
0 495
0 330
cfn=(1988)
calls=55 0 
0 7040
0 342
cfn=(3494)
calls=4 0 
0 9757
0 8
cfn=(2064)
calls=4 0 
0 16
0 24
cob=(7)
cfi=(103)
cfn=(1282)
calls=4 0 
0 2272
0 4
0 12
cob=(7)
cfi=(103)
cfn=(1378)
calls=4 0 
0 1578
0 4
0 44
cob=(7)
cfi=(103)
cfn=(1336)
calls=4 0 
0 1008
0 4
0 8
cob=(7)
cfi=(103)
cfn=(1356)
calls=4 0 
0 344
0 4
0 8
cob=(7)
cfi=(103)
cfn=(1412)
calls=4 0 
0 216
0 4
0 12
cfn=(1860)
calls=4 0 
0 16
0 28
cfn=(1798)
calls=4 0 
0 112
0 32
cfn=(3496)
calls=4 0 
0 6762267
0 12
cfn=(2602)
calls=4 0 
0 8123
0 24
cob=(7)
cfi=(103)
cfn=(1282)
calls=4 0 
0 1732
0 4
0 12
cfn=(2086)
calls=4 0 
0 2630
0 44
cob=(7)
cfi=(103)
cfn=(1336)
calls=4 0 
0 1008
0 4
0 8
cob=(7)
cfi=(103)
cfn=(1356)
calls=4 0 
0 344
0 4
0 16
cob=(7)
cfi=(103)
cfn=(1282)
calls=4 0 
0 1488
0 4
0 44
cob=(7)
cfi=(103)
cfn=(1336)
calls=4 0 
0 1008
0 4
0 8
cob=(7)
cfi=(103)
cfn=(1356)
calls=4 0 
0 344
0 4
0 12
cfn=(2238)
calls=4 0 
0 284664
0 8
cfn=(2084)
calls=4 0 
0 448
0 44
cfn=(3504)
calls=4 0 
0 82138
0 24
cfn=(2184)
calls=4 0 
0 108
0 16
cfn=(2196)
calls=4 0 
0 640
0 12
cob=(7)
cfi=(103)
cfn=(2190)
calls=4 0 
0 372
0 4
0 24
cfn=(2184)
calls=4 0 
0 108
0 16
cfn=(2596)
calls=4 0 
0 1571
0 12
cob=(7)
cfi=(103)
cfn=(2190)
calls=4 0 
0 372
0 4
0 32
cfn=(2084)
calls=4 0 
0 516
0 100
cob=(7)
cfi=(103)
cfn=(1282)
calls=1 0 
0 274
0 1
0 5
cob=(7)
cfi=(103)
cfn=(1378)
calls=1 0 
0 385
0 1
0 5
cob=(7)
cfi=(103)
cfn=(1282)
calls=1 0 
0 352
0 1
0 4
cob=(7)
cfi=(103)
cfn=(1378)
calls=1 0 
0 404
0 1
0 6
cob=(7)
cfi=(103)
cfn=(1282)
calls=1 0 
0 294
0 1
0 11
cob=(7)
cfi=(103)
cfn=(1336)
calls=1 0 
0 252
0 1
0 2
cob=(7)
cfi=(103)
cfn=(1356)
calls=1 0 
0 86
0 1
0 5
cfn=(1942)
calls=1 0 
0 105
0 6
cob=(7)
cfi=(103)
cfn=(1282)
calls=1 0 
0 403
0 1
0 12
cob=(7)
cfi=(103)
cfn=(1336)
calls=1 0 
0 252
0 1
0 2
cob=(7)
cfi=(103)
cfn=(1356)
calls=1 0 
0 86
0 1
0 2
cfn=(2084)
calls=1 0 
0 129
0 27
cob=(7)
cfi=(103)
cfn=(1282)
calls=4 0 
0 1328
0 4
0 20
cob=(7)
cfi=(103)
cfn=(1378)
calls=4 0 
0 1543
0 4
0 20
cob=(7)
cfi=(103)
cfn=(1282)
calls=4 0 
0 1248
0 4
0 12
cob=(7)
cfi=(103)
cfn=(1378)
calls=4 0 
0 1562
0 4
0 20
cob=(7)
cfi=(103)
cfn=(1282)
calls=4 0 
0 992
0 4
0 16
cob=(7)
cfi=(103)
cfn=(1378)
calls=4 0 
0 1616
0 4
0 20
cob=(7)
cfi=(103)
cfn=(1282)
calls=4 0 
0 1116
0 4
0 32
cob=(7)
cfi=(103)
cfn=(3400)
calls=4 0 
0 11112
0 4
0 20
cob=(7)
cfi=(103)
cfn=(1282)
calls=4 0 
0 948
0 4
0 40
cob=(7)
cfi=(103)
cfn=(1336)
calls=4 0 
0 1008
0 4
0 8
cob=(7)
cfi=(103)
cfn=(1356)
calls=4 0 
0 344
0 4
0 80
cob=(7)
cfi=(103)
cfn=(1282)
calls=4 0 
0 992
0 4
0 12
cob=(7)
cfi=(103)
cfn=(1378)
calls=4 0 
0 1562
0 4
0 20
cob=(7)
cfi=(103)
cfn=(1282)
calls=4 0 
0 1004
0 4
0 12
cob=(7)
cfi=(103)
cfn=(1378)
calls=4 0 
0 1552
0 4
0 44
cob=(7)
cfi=(103)
cfn=(1336)
calls=4 0 
0 1008
0 4
0 8
cob=(7)
cfi=(103)
cfn=(1356)
calls=4 0 
0 344
0 4
0 28
cob=(7)
cfi=(103)
cfn=(1282)
calls=4 0 
0 992
0 4
0 12
cob=(7)
cfi=(103)
cfn=(1378)
calls=4 0 
0 1562
0 4
0 20
cob=(7)
cfi=(103)
cfn=(1282)
calls=4 0 
0 1004
0 4
0 12
cob=(7)
cfi=(103)
cfn=(1378)
calls=4 0 
0 1552
0 4
0 20
cob=(7)
cfi=(103)
cfn=(1282)
calls=4 0 
0 1004
0 4
0 12
cfn=(2086)
calls=4 0 
0 1389
0 44
cob=(7)
cfi=(103)
cfn=(1336)
calls=4 0 
0 1008
0 4
0 8
cob=(7)
cfi=(103)
cfn=(1356)
calls=4 0 
0 344
0 4
0 8
cob=(7)
cfi=(103)
cfn=(1282)
calls=1 0 
0 377
0 1
0 12
cob=(7)
cfi=(103)
cfn=(1336)
calls=1 0 
0 252
0 1
0 2
cob=(7)
cfi=(103)
cfn=(1356)
calls=1 0 
0 86
0 1
0 1

fn=(3638)
0 14
cob=(7)
cfi=(103)
cfn=(1282)
calls=1 0 
0 398
0 1
0 11
cob=(7)
cfi=(103)
cfn=(1336)
calls=1 0 
0 252
0 1
0 2
cob=(7)
cfi=(103)
cfn=(1356)
calls=1 0 
0 86
0 1
0 4
cob=(7)
cfi=(103)
cfn=(3540)
calls=1 0 
0 233
0 1
0 4
cfn=(3578)
calls=1 0 
0 280358
0 4
cfn=(3588)
calls=1 0 
0 49878
0 4
cob=(7)
cfi=(103)
cfn=(1282)
calls=1 0 
0 443
0 1
0 10
cob=(7)
cfi=(103)
cfn=(1336)
calls=1 0 
0 252
0 1
0 7
cob=(7)
cfi=(103)
cfn=(1356)
calls=1 0 
0 86
0 1

fn=(3658)
0 104
cob=(7)
cfi=(103)
cfn=(1282)
calls=4 0 
0 1652
0 4
0 44
cob=(7)
cfi=(103)
cfn=(1336)
calls=4 0 
0 1008
0 4
0 8
cob=(7)
cfi=(103)
cfn=(1356)
calls=4 0 
0 344
0 4
0 20
cfn=(3660)
calls=4 0 
0 1327474
0 20
cfn=(1942)
calls=4 0 
0 420
0 16
cob=(7)
cfi=(103)
cfn=(1282)
calls=4 0 
0 1752
0 4
0 40
cob=(7)
cfi=(103)
cfn=(1336)
calls=4 0 
0 1008
0 4
0 8
cob=(7)
cfi=(103)
cfn=(1356)
calls=4 0 
0 344
0 4
0 4

fn=(3694)
0 76
cfn=(1844)
calls=4 0 
0 352
0 24
cfn=(1844)
calls=4 0 
0 632
0 24
cfn=(1844)
calls=4 0 
0 567
0 24
cfn=(1844)
calls=4 0 
0 824
0 40
cfn=(3686)
calls=4 0 
0 32231
0 306

fn=(3706)
0 916
cfn=(1942)
calls=108 0 
0 12768
0 452
cfn=(2180)
calls=4 0 
0 420
0 32
cfn=(1942)
calls=4 0 
0 420

fn=(3710)
0 24
cfn=(3712) matrix_group::GL_print_for_make_element(long*, std::ostream&)
calls=12 0 
0 121945

fn=(3712)
0 360
cob=(7)
cfi=(103)
cfn=(1378)
calls=12 0 
0 5107
0 12
0 396
cob=(7)
cfi=(103)
cfn=(1378)
calls=36 0 
0 15660
0 36
0 1296
cob=(7)
cfi=(103)
cfn=(1378)
calls=144 0 
0 62358
0 144
0 768
cob=(7)
cfi=(103)
cfn=(1282)
calls=192 0 
0 34752
0 192
0 864

fn=(2636)
0 24
cfn=(2638) orthogonal::find_root_hyperbolic_xyz(long, long, long*, long*, long*, long)
calls=1 0 
0 444
0 9
cfn=(2640)
calls=1 0 
0 449
0 7
cfn=(2640)
calls=1 0 
0 449
0 6
cfn=(2642)
calls=1 0 
0 550
0 10

fn=(1248) _GLOBAL__sub_I__ZN12finite_field11copy_matrixEPlS0_ll
0 3
cob=(7)
cfi=(103)
cfn=(718)
calls=1 0 
0 24
0 1
0 5
cob=(3)
cfi=(106)
cfn=(496)
calls=1 65 
0 71
0 1

fn=(1258) _GLOBAL__sub_I__ZN10INT_matrixC2Ev
0 3
cob=(7)
cfi=(103)
cfn=(718)
calls=1 0 
0 24
0 1
0 5
cob=(3)
cfi=(106)
cfn=(496)
calls=1 65 
0 71
0 1

fn=(1278)
0 9023
cob=(7)
cfi=(103)
cfn=(1282)
calls=1 0 
0 4706
0 1
0 10
cob=(7)
cfi=(103)
cfn=(1336)
calls=1 0 
0 1721
0 1
0 2
cob=(7)
cfi=(103)
cfn=(1356)
calls=1 0 
0 1586
0 1
0 10
cob=(7)
cfi=(103)
cfn=(1282)
calls=1 0 
0 453
0 1
0 3
cob=(7)
cfi=(103)
cfn=(1378)
calls=1 0 
0 1768
0 1
0 5
cob=(7)
cfi=(103)
cfn=(1282)
calls=1 0 
0 269
0 1
0 10
cob=(7)
cfi=(103)
cfn=(1336)
calls=1 0 
0 252
0 1
0 2
cob=(7)
cfi=(103)
cfn=(1356)
calls=1 0 
0 86
0 1
0 10
cob=(7)
cfi=(103)
cfn=(1282)
calls=1 0 
0 463
0 1
0 10
cob=(7)
cfi=(103)
cfn=(1336)
calls=1 0 
0 252
0 1
0 2
cob=(7)
cfi=(103)
cfn=(1356)
calls=1 0 
0 86
0 1
0 4
cob=(7)
cfi=(103)
cfn=(1282)
calls=1 0 
0 377
0 1
0 10
cob=(7)
cfi=(103)
cfn=(1336)
calls=1 0 
0 252
0 1
0 9
cob=(7)
cfi=(103)
cfn=(1356)
calls=1 0 
0 86
0 1
0 2
cob=(7)
cfi=(103)
cfn=(1328) std::ctype<char>::_M_widen_init() const
calls=1 0 
0 2649
0 1
0 9
cob=(7)
cfi=(103)
cfn=(1406)
calls=1 0 
0 783
0 1
0 4

fn=(1424) _GLOBAL__sub_I__ZN17strong_generators30init_linear_group_from_scratchERP6actionP12finite_fieldlllllll
0 3
cob=(7)
cfi=(103)
cfn=(718)
calls=1 0 
0 24
0 1
0 5
cob=(3)
cfi=(106)
cfn=(496)
calls=1 65 
0 71
0 1

fn=(1428) _GLOBAL__sub_I__ZN23action_on_wedge_productC2Ev
0 3
cob=(7)
cfi=(103)
cfn=(718)
calls=1 0 
0 24
0 1
0 5
cob=(3)
cfi=(106)
cfn=(496)
calls=1 65 
0 71
0 1

fn=(1458) _GLOBAL__sub_I__ZN16number_partitionC2Ev
0 3
cob=(7)
cfi=(103)
cfn=(718)
calls=1 0 
0 24
0 1
0 5
cob=(3)
cfi=(106)
cfn=(496)
calls=1 65 
0 71
0 1

fn=(1512) _GLOBAL__sub_I__ZN7surfaceC2Ev
0 3
cob=(7)
cfi=(103)
cfn=(718)
calls=1 0 
0 24
0 1
0 5
cob=(3)
cfi=(106)
cfn=(496)
calls=1 65 
0 71
0 1

fn=(1520) _GLOBAL__sub_I__ZN13clique_finder14open_tree_fileEPKcl
0 3
cob=(7)
cfi=(103)
cfn=(718)
calls=1 0 
0 24
0 1
0 5
cob=(3)
cfi=(106)
cfn=(496)
calls=1 65 
0 71
0 1

fn=(1562) _GLOBAL__sub_I__ZN10perm_groupC2Ev
0 3
cob=(7)
cfi=(103)
cfn=(718)
calls=1 0 
0 24
0 1
0 5
cob=(3)
cfi=(106)
cfn=(496)
calls=1 65 
0 71
0 1

fn=(1594) _GLOBAL__sub_I__ZN15action_on_flagsC2Ev
0 3
cob=(7)
cfi=(103)
cfn=(718)
calls=1 0 
0 24
0 1
0 5
cob=(3)
cfi=(106)
cfn=(496)
calls=1 65 
0 71
0 1

fn=(1604) _GLOBAL__sub_I__ZN14action_on_setsC2Ev
0 3
cob=(7)
cfi=(103)
cfn=(718)
calls=1 0 
0 24
0 1
0 5
cob=(3)
cfi=(106)
cfn=(496)
calls=1 65 
0 71
0 1

fn=(1628) _GLOBAL__sub_I__ZN20poset_classification12housekeepingEllll
0 3
cob=(7)
cfi=(103)
cfn=(718)
calls=1 0 
0 24
0 1
0 5
cob=(3)
cfi=(106)
cfn=(496)
calls=1 65 
0 71
0 1

fn=(1638) _GLOBAL__sub_I__ZN16poset_orbit_node18read_memory_objectEP6actionP13memory_objectRll
0 3
cob=(7)
cfi=(103)
cfn=(718)
calls=1 0 
0 24
0 1
0 5
cob=(3)
cfi=(106)
cfn=(496)
calls=1 65 
0 71
0 1

fn=(1652) _GLOBAL__sub_I__ZN9bitmatrixC2Ev
0 3
cob=(7)
cfi=(103)
cfn=(718)
calls=1 0 
0 24
0 1
0 5
cob=(3)
cfi=(106)
cfn=(496)
calls=1 65 
0 71
0 1

fn=(1666) _GLOBAL__sub_I__ZN8geometryC2Ev
0 3
cob=(7)
cfi=(103)
cfn=(718)
calls=1 0 
0 24
0 1
0 5
cob=(3)
cfi=(106)
cfn=(496)
calls=1 65 
0 71
0 1

fn=(1696) _GLOBAL__sub_I__ZN13eckardt_pointC2Ev
0 3
cob=(7)
cfi=(103)
cfn=(718)
calls=1 0 
0 24
0 1
0 5
cob=(3)
cfi=(106)
cfn=(496)
calls=1 65 
0 526
0 1

fn=(1704) _GLOBAL__sub_I__Z29magma_write_permutation_groupPKclPlS1_ll
0 3
cob=(7)
cfi=(103)
cfn=(718)
calls=1 0 
0 24
0 1
0 5
cob=(3)
cfi=(106)
cfn=(496)
calls=1 65 
0 71
0 1

fn=(1716) _GLOBAL__sub_I__ZN12page_storageC2Ev
0 3
cob=(7)
cfi=(103)
cfn=(718)
calls=1 0 
0 24
0 1
0 5
cob=(3)
cfi=(106)
cfn=(496)
calls=1 65 
0 71
0 1

fn=(1842)
0 836322

fn=(1850)
0 105

fn=(1866)
0 9248

fn=(1868)
0 44
cob=(7)
cfi=(103)
cfn=(1412)
calls=2 0 
0 633
0 2
0 6
cfn=(1870)
calls=2 0 
0 38
0 14
cfn=(1798)
calls=2 0 
0 56
0 23
cfn=(1872) matrix_group::init_projective_group(long, finite_field*, long, action*, long)
calls=1 0 
0 2645764
0 7
cob=(3)
cfi=(155)
cfn=(1956)
calls=1 27 
0 46
0 1
0 3
cob=(3)
cfi=(147)
cfn=(1840)
calls=1 32 
0 28
0 1
0 94
cfn=(1960)
calls=2 0 
0 5903
0 10
cob=(3)
cfi=(155)
cfn=(1956)
calls=2 27 
0 92
0 2
0 7
cob=(3)
cfi=(125)
cfn=(876)
calls=1 52 
0 15
0 1
0 4
cob=(7)
cfi=(103)
cfn=(1282)
calls=1 0 
0 269
0 1
0 4
cob=(7)
cfi=(103)
cfn=(1282)
calls=1 0 
0 388
0 1
0 3
cob=(7)
cfi=(103)
cfn=(1378)
calls=1 0 
0 438
0 1
0 4
cob=(7)
cfi=(103)
cfn=(1282)
calls=1 0 
0 237
0 1
0 4
cob=(7)
cfi=(103)
cfn=(1282)
calls=1 0 
0 294
0 1
0 3
cfn=(2062)
calls=1 0 
0 13928
0 10
cob=(7)
cfi=(103)
cfn=(1336)
calls=1 0 
0 252
0 1
0 11
cob=(7)
cfi=(103)
cfn=(1356)
calls=1 0 
0 86
0 1
0 17
cfn=(1962)
calls=1 0 
0 39346667
0 4
cob=(7)
cfi=(103)
cfn=(1282)
calls=1 0 
0 372
0 1
0 11
cob=(7)
cfi=(103)
cfn=(1336)
calls=1 0 
0 252
0 1
0 2
cob=(7)
cfi=(103)
cfn=(1356)
calls=1 0 
0 86
0 1
0 4
cob=(7)
cfi=(103)
cfn=(1282)
calls=1 0 
0 243
0 1
0 3
cob=(7)
cfi=(103)
cfn=(1378)
calls=1 0 
0 385
0 1
0 5
cob=(7)
cfi=(103)
cfn=(1282)
calls=1 0 
0 248
0 1
0 3
cob=(7)
cfi=(103)
cfn=(1378)
calls=1 0 
0 404
0 1
0 11
cob=(7)
cfi=(103)
cfn=(1336)
calls=1 0 
0 252
0 1
0 2
cob=(7)
cfi=(103)
cfn=(1356)
calls=1 0 
0 86
0 1
0 4
cob=(7)
cfi=(103)
cfn=(1282)
calls=1 0 
0 294
0 1
0 3
cob=(7)
cfi=(103)
cfn=(1378)
calls=1 0 
0 388
0 1
0 11
cob=(7)
cfi=(103)
cfn=(1336)
calls=1 0 
0 252
0 1
0 2
cob=(7)
cfi=(103)
cfn=(1356)
calls=1 0 
0 86
0 1
0 4
cob=(7)
cfi=(103)
cfn=(1282)
calls=1 0 
0 269
0 1
0 3
cob=(7)
cfi=(103)
cfn=(1378)
calls=1 0 
0 385
0 1
0 11
cob=(7)
cfi=(103)
cfn=(1336)
calls=1 0 
0 252
0 1
0 2
cob=(7)
cfi=(103)
cfn=(1356)
calls=1 0 
0 86
0 1
0 5
cob=(7)
cfi=(103)
cfn=(1282)
calls=1 0 
0 533
0 1
0 11
cob=(7)
cfi=(103)
cfn=(1336)
calls=1 0 
0 252
0 1
0 2
cob=(7)
cfi=(103)
cfn=(1356)
calls=1 0 
0 86
0 1
0 7
cfn=(1872)
calls=1 0 
0 2670472
0 4
cob=(7)
cfi=(103)
cfn=(1282)
calls=1 0 
0 528
0 1
0 11
cob=(7)
cfi=(103)
cfn=(1336)
calls=1 0 
0 252
0 1
0 2
cob=(7)
cfi=(103)
cfn=(1356)
calls=1 0 
0 86
0 1
0 6
cob=(7)
cfi=(103)
cfn=(1282)
calls=1 0 
0 483
0 1
0 3
cob=(7)
cfi=(103)
cfn=(1378)
calls=1 0 
0 385
0 1
0 12
cob=(7)
cfi=(103)
cfn=(1336)
calls=1 0 
0 252
0 1
0 2
cob=(7)
cfi=(103)
cfn=(1356)
calls=1 0 
0 86
0 1
0 4
cob=(3)
cfi=(155)
cfn=(1956)
calls=1 27 
0 46
0 1
0 3
cob=(3)
cfi=(147)
cfn=(1840)
calls=1 32 
0 28
0 1
0 4
cob=(7)
cfi=(103)
cfn=(1282)
calls=1 0 
0 408
0 1
0 2
cob=(3)
cfi=(125)
cfn=(876)
calls=1 52 
0 15
0 1
0 4
cob=(7)
cfi=(103)
cfn=(1282)
calls=1 0 
0 269
0 1
0 11
cob=(7)
cfi=(103)
cfn=(1336)
calls=1 0 
0 252
0 1
0 2
cob=(7)
cfi=(103)
cfn=(1356)
calls=1 0 
0 86
0 1
0 5
cob=(7)
cfi=(103)
cfn=(1282)
calls=1 0 
0 628
0 1
0 11
cob=(7)
cfi=(103)
cfn=(1336)
calls=1 0 
0 252
0 1
0 2
cob=(7)
cfi=(103)
cfn=(1356)
calls=1 0 
0 86
0 1
0 4
cfn=(1962)
calls=1 0 
0 39420182
0 4
cob=(7)
cfi=(103)
cfn=(1282)
calls=1 0 
0 623
0 1
0 10
cob=(7)
cfi=(103)
cfn=(1336)
calls=1 0 
0 252
0 1
0 2
cob=(7)
cfi=(103)
cfn=(1356)
calls=1 0 
0 86
0 1
0 4
cob=(7)
cfi=(103)
cfn=(1282)
calls=1 0 
0 483
0 1
0 1

fn=(1874)
0 288

fn=(1904) matrix_group::setup_page_storage(long, long)
0 28
cob=(7)
cfi=(103)
cfn=(1412)
calls=2 0 
0 440
0 2
0 6
cfn=(1906)
calls=2 0 
0 8
0 14
cfn=(1798)
calls=2 0 
0 56
0 11
cfn=(1908)
calls=1 0 
0 394419
0 4
cfn=(1912) matrix_group::GL_one_internal(long*)
calls=1 0 
0 213
0 4
cfn=(1912)
calls=1 0 
0 213
0 4
cfn=(1916)
calls=1 0 
0 1579
0 8
cfn=(1918)
calls=1 0 
0 114
0 4
cob=(7)
cfi=(103)
cfn=(1282)
calls=1 0 
0 388
0 1
0 11
cob=(7)
cfi=(103)
cfn=(1336)
calls=1 0 
0 252
0 1
0 2
cob=(7)
cfi=(103)
cfn=(1356)
calls=1 0 
0 86
0 1
0 5
cob=(7)
cfi=(103)
cfn=(1282)
calls=1 0 
0 493
0 1
0 11
cob=(7)
cfi=(103)
cfn=(1336)
calls=1 0 
0 252
0 1
0 2
cob=(7)
cfi=(103)
cfn=(1356)
calls=1 0 
0 86
0 1
0 5
cfn=(1908)
calls=1 0 
0 394390
0 4
cob=(7)
cfi=(103)
cfn=(1282)
calls=1 0 
0 473
0 1
0 10
cob=(7)
cfi=(103)
cfn=(1336)
calls=1 0 
0 252
0 1
0 2
cob=(7)
cfi=(103)
cfn=(1356)
calls=1 0 
0 86
0 1
0 4
cfn=(1912)
calls=1 0 
0 213
0 4
cfn=(1912)
calls=1 0 
0 213
0 4
cfn=(1916)
calls=1 0 
0 1579
0 4
cob=(7)
cfi=(103)
cfn=(1282)
calls=1 0 
0 498
0 1
0 10
cob=(7)
cfi=(103)
cfn=(1336)
calls=1 0 
0 252
0 1
0 2
cob=(7)
cfi=(103)
cfn=(1356)
calls=1 0 
0 86
0 1
0 3
cfn=(1918)
calls=1 0 
0 114
0 5
cob=(7)
cfi=(103)
cfn=(1282)
calls=1 0 
0 382
0 1
0 3
cob=(7)
cfi=(103)
cfn=(1378)
calls=1 0 
0 388
0 1
0 11
cob=(7)
cfi=(103)
cfn=(1336)
calls=1 0 
0 252
0 1
0 2
cob=(7)
cfi=(103)
cfn=(1356)
calls=1 0 
0 86
0 1
0 4
cob=(7)
cfi=(103)
cfn=(1282)
calls=1 0 
0 413
0 1
0 10
cob=(7)
cfi=(103)
cfn=(1336)
calls=1 0 
0 252
0 1
0 7
cob=(7)
cfi=(103)
cfn=(1356)
calls=1 0 
0 86
0 1

fn=(1942)
0 4415628
cob=(7)
cfi=(103)
cfn=(1822)
calls=157701 0 
0 16730166
0 157701

fn=(1944) nb_AG_elements(long, long)
0 16
cfn=(1946)
calls=4 0 
0 84

fn=(1948)
0 3609508

fn=(1972) strong_generators::init_from_data(action*, long*, long, long, long*, long)
0 38
cob=(7)
cfi=(103)
cfn=(1412)
calls=2 0 
0 448
0 2
0 6
cfn=(1974)
calls=2 0 
0 8
0 14
cfn=(1798)
calls=2 0 
0 56
0 16
cfn=(1976)
calls=2 0 
0 48586
0 10
cfn=(1844)
calls=2 0 
0 176
0 10
cfn=(1970)
calls=2 0 
0 88
0 20

fn=(1996)
0 1390895222

fn=(2004) sims::init_without_base(action*)
0 14260
cfn=(2006)
calls=1426 0 
0 21390
0 4278
cfn=(2006)
calls=1426 0 
0 21390
0 7130
cfn=(1844)
calls=1426 0 
0 122956
0 8556
cfn=(1844)
calls=1426 0 
0 167465
0 8556
cfn=(1844)
calls=1426 0 
0 179884
0 8556
cfn=(1844)
calls=1426 0 
0 190404
0 8556
cfn=(1844)
calls=1426 0 
0 201516
0 8556
cfn=(1844)
calls=1426 0 
0 327774
0 8556
cfn=(1844)
calls=1426 0 
0 213268
0 8556
cfn=(1844)
calls=1426 0 
0 265836
0 8556
cfn=(1844)
calls=1426 0 
0 952819
0 8556
cfn=(1844)
calls=1426 0 
0 255722
0 8556
cfn=(1844)
calls=1426 0 
0 235249
0 8556
cfn=(1844)
calls=1426 0 
0 230982
0 8556
cfn=(1844)
calls=1426 0 
0 237182
0 7130

fn=(2020)
0 64974
cfn=(3038)
calls=21060 0 
0 5919023
cfn=(2022) matrix_group_element_invert(action&, void*, void*, long)
calls=11427 0 
0 2409910

fn=(2021)
0 87506
cfn=(2022)
calls=21060 0 
0 4737692
cfn=(3039)
calls=22693 0 
0 5741684

fn=(2042)
0 30256380
cfn=(1854)
calls=1222480 0 
0 30562000
0 4889920
cfn=(1996)
calls=1222480 0 
0 41564320
0 7334880
cfn=(1854)
calls=1222480 0 
0 30562000
0 4889920
cfn=(1996)
calls=1222480 0 
0 41564320
0 7334880
cfn=(1854)
calls=1222480 0 
0 30562000
0 4889920
cfn=(1996)
calls=1222480 0 
0 41564320
0 7334880
cfn=(1854)
calls=1222480 0 
0 30562000
0 4889920
cfn=(1996)
calls=1222480 0 
0 41564320
0 12224800

fn=(2044)
0 48191
cfn=(2050)
calls=4545 0 
0 202664757
0 45520
cob=(7)
cfi=(103)
cfn=(1282)
calls=5 0 
0 2515
0 5
0 15
cob=(7)
cfi=(103)
cfn=(1378)
calls=5 0 
0 1928
0 5
0 60
cob=(7)
cfi=(103)
cfn=(1336)
calls=5 0 
0 1260
0 5
0 15
cob=(7)
cfi=(103)
cfn=(1356)
calls=5 0 
0 430
0 5
0 25
cfn=(2050)
calls=5 0 
0 38808354
0 20
cob=(7)
cfi=(103)
cfn=(1282)
calls=5 0 
0 2265
0 5
0 15
cob=(7)
cfi=(103)
cfn=(1378)
calls=5 0 
0 1928
0 5
0 25
cob=(7)
cfi=(103)
cfn=(1282)
calls=5 0 
0 1445
0 5
0 25
cob=(7)
cfi=(103)
cfn=(1378)
calls=5 0 
0 1928
0 5
0 25
cob=(7)
cfi=(103)
cfn=(1282)
calls=5 0 
0 1495
0 5
0 20
cob=(7)
cfi=(103)
cfn=(1378)
calls=5 0 
0 2190
0 5
0 25
cob=(7)
cfi=(103)
cfn=(1282)
calls=5 0 
0 1585
0 5
0 50
cob=(7)
cfi=(103)
cfn=(1336)
calls=5 0 
0 1260
0 5
0 10
cob=(7)
cfi=(103)
cfn=(1356)
calls=5 0 
0 430
0 5
0 1829
cob=(7)
cfi=(103)
cfn=(1282)
calls=1 0 
0 443
0 1
0 9
cob=(2)
cfi=(18)
cfn=(1802)
calls=1 0 
0 361
0 7275
cob=(7)
cfi=(103)
cfn=(1762)
calls=1 0 
0 477
0 1
0 5
cfn=(2046)
calls=1 0 
0 3739
0 2
cob=(2)
cfi=(18)
cfn=(1802)
calls=1 0 
0 361
0 4
cob=(7)
cfi=(103)
cfn=(1282)
calls=1 0 
0 299
0 1
0 3
cob=(7)
cfi=(103)
cfn=(1378)
calls=1 0 
0 385
0 1
0 2
cob=(2)
cfi=(18)
cfn=(1802)
calls=1 0 
0 361
0 4

fn=(2048)
0 11505
cob=(7)
cfi=(103)
cfn=(1282)
calls=885 0 
0 215055
0 885
0 10620
cob=(7)
cfi=(103)
cfn=(1378)
calls=885 0 
0 367098
0 885
0 13275
cob=(7)
cfi=(103)
cfn=(1282)
calls=885 0 
0 215055
0 885
0 5284
cob=(7)
cfi=(103)
cfn=(1378)
calls=186 0 
0 80180
0 186
0 744
cob=(7)
cfi=(103)
cfn=(1282)
calls=186 0 
0 45198
0 186
0 776
cob=(7)
cfi=(103)
cfn=(1378)
calls=194 0 
0 85860
0 194
0 776
cob=(7)
cfi=(103)
cfn=(1282)
calls=194 0 
0 47142
0 194
0 1224
cob=(7)
cfi=(103)
cfn=(1378)
calls=306 0 
0 132504
0 306
0 1224
cob=(7)
cfi=(103)
cfn=(1282)
calls=306 0 
0 74358
0 306
0 3945
cob=(7)
cfi=(103)
cfn=(1378)
calls=1111 0 
0 480939
0 1111
0 4444
cob=(7)
cfi=(103)
cfn=(1282)
calls=1111 0 
0 269973
0 1111
0 3333
cob=(7)
cfi=(103)
cfn=(1378)
calls=1111 0 
0 478263
0 1111
0 4444
cob=(7)
cfi=(103)
cfn=(1282)
calls=1111 0 
0 269973
0 1111
0 3333
cob=(7)
cfi=(103)
cfn=(1378)
calls=1111 0 
0 481061
0 1111
0 4444
cob=(7)
cfi=(103)
cfn=(1282)
calls=1111 0 
0 269973
0 1111
0 4444
cob=(7)
cfi=(103)
cfn=(1378)
calls=1111 0 
0 486510
0 1111
0 4444
cob=(7)
cfi=(103)
cfn=(1282)
calls=1111 0 
0 269973
0 1111
0 3992

fn=(2052)
0 6121249
cfn=(2012)
calls=136732 0 
0 1230588
0 683660
cfn=(2030)
calls=136732 0 
0 228135309
0 1230588

fn=(2064)
0 550628

fn=(2080)
0 1337261

fn=(2082)
0 302360
cfn=(1818)
calls=23630 0 
0 2483377
0 212670
cfn=(1812)
calls=23630 0 
0 1995585
0 18800
cfn=(1812)
calls=2350 0 
0 280590
0 697996

fn=(2098)
0 6228
cfn=(2016)
calls=346 0 
0 37022
0 1038
cfn=(2016)
calls=346 0 
0 37354
0 3806
cfn=(1930)
calls=346 0 
0 31163
0 1384
cfn=(2028)
calls=346 0 
0 109559
0 46364

fn=(2108)
0 7815
cfn=(2110)
calls=521 0 
0 29926470
0 6773
cfn=(1988)
calls=521 0 
0 71232

fn=(2186) schreier_sims::~schreier_sims()
0 2684
cfn=(1942)
calls=244 0 
0 25620
0 1952
cfn=(1942)
calls=244 0 
0 25620
0 1952
cfn=(1942)
calls=244 0 
0 25671
0 2196
cfn=(2084)
calls=244 0 
0 27328
0 488
cfn=(2084)
calls=244 0 
0 29028
0 488
cfn=(2084)
calls=244 0 
0 976
0 1220
cfn=(2084)
calls=244 0 
0 29266

fn=(2192)
0 3453
cfn=(2194)
calls=1151 0 
0 9038067
0 2302
cfn=(2196)
calls=1151 0 
0 155069
0 3453
cfn=(2196)
calls=1151 0 
0 157647

fn=(2198) strong_generators::print_generators()
0 14
cfn=(2064)
calls=1 0 
0 4
0 6
cfn=(2066)
calls=1 0 
0 9018
0 4
cob=(7)
cfi=(103)
cfn=(1282)
calls=1 0 
0 423
0 1
0 3
cfn=(2086)
calls=1 0 
0 4233
0 4
cob=(7)
cfi=(103)
cfn=(1282)
calls=1 0 
0 251
0 1
0 5
cfn=(2046)
calls=1 0 
0 3739
0 11
cob=(7)
cfi=(103)
cfn=(1336)
calls=1 0 
0 252
0 1
0 2
cob=(7)
cfi=(103)
cfn=(1356)
calls=1 0 
0 86
0 1
0 32
cob=(7)
cfi=(103)
cfn=(1336)
calls=9 0 
0 2268
0 9
0 18
cob=(7)
cfi=(103)
cfn=(1356)
calls=9 0 
0 774
0 9
0 36
cfn=(2012)
calls=9 0 
0 81
0 36
cfn=(2200) action::element_print(void*, std::ostream&)
calls=9 0 
0 265348
0 90
cob=(7)
cfi=(103)
cfn=(1336)
calls=9 0 
0 2268
0 9
0 18
cob=(7)
cfi=(103)
cfn=(1356)
calls=9 0 
0 774
0 9
0 72
cob=(7)
cfi=(103)
cfn=(1282)
calls=9 0 
0 2511
0 9
0 27
cob=(7)
cfi=(103)
cfn=(1378)
calls=9 0 
0 3468
0 9
0 45
cob=(7)
cfi=(103)
cfn=(1282)
calls=9 0 
0 2232
0 9
0 36
cob=(7)
cfi=(103)
cfn=(1378)
calls=9 0 
0 3465
0 9
0 45
cob=(7)
cfi=(103)
cfn=(1282)
calls=9 0 
0 2259
0 9
0 65
cfn=(2084)
calls=1 0 
0 112
0 11

fn=(2200)
0 9
cfn=(2202)
calls=9 0 
0 265339

fn=(2248) linear_group::init_wedge_action(char*, long)
0 19
cob=(7)
cfi=(103)
cfn=(1412)
calls=1 0 
0 1153
0 1
0 3
cfn=(1864)
calls=1 0 
0 62
0 7
cfn=(1798)
calls=1 0 
0 28
0 5
cob=(7)
cfi=(103)
cfn=(1412)
calls=1 0 
0 54
0 1
0 3
cfn=(2250) action_on_wedge_product::action_on_wedge_product()
calls=1 0 
0 7
0 7
cfn=(1798)
calls=1 0 
0 28
0 5
cfn=(2252) action_on_wedge_product::init(action&, long)
calls=1 0 
0 2073
0 13
cob=(7)
cfi=(103)
cfn=(1282)
calls=1 0 
0 513
0 1
0 11
cob=(7)
cfi=(103)
cfn=(1336)
calls=1 0 
0 252
0 1
0 2
cob=(7)
cfi=(103)
cfn=(1356)
calls=1 0 
0 86
0 1
0 5
cob=(7)
cfi=(103)
cfn=(1282)
calls=1 0 
0 528
0 1
0 11
cob=(7)
cfi=(103)
cfn=(1336)
calls=1 0 
0 252
0 1
0 2
cob=(7)
cfi=(103)
cfn=(1356)
calls=1 0 
0 86
0 1
0 5
cob=(7)
cfi=(103)
cfn=(1282)
calls=1 0 
0 503
0 1
0 3
cob=(7)
cfi=(103)
cfn=(1378)
calls=1 0 
0 385
0 1
0 11
cob=(7)
cfi=(103)
cfn=(1336)
calls=1 0 
0 252
0 1
0 2
cob=(7)
cfi=(103)
cfn=(1356)
calls=1 0 
0 86
0 1
0 8
cfn=(2254) action::induced_action_on_wedge_product(action*, action_on_wedge_product*, long, sims*, long)
calls=1 0 
0 18655
0 4
cob=(7)
cfi=(103)
cfn=(1282)
calls=1 0 
0 493
0 1
0 10
cob=(7)
cfi=(103)
cfn=(1336)
calls=1 0 
0 252
0 1
0 2
cob=(7)
cfi=(103)
cfn=(1356)
calls=1 0 
0 86
0 1
0 2
cfn=(2258)
calls=1 0 
0 6977
0 8
cob=(3)
cfi=(148)
cfn=(1878)
calls=1 26 
0 1034
0 1
0 4
cob=(7)
cfi=(103)
cfn=(1282)
calls=1 0 
0 458
0 1
0 2
cob=(3)
cfi=(125)
cfn=(876)
calls=1 52 
0 15
0 1
0 4
cob=(7)
cfi=(103)
cfn=(1282)
calls=1 0 
0 279
0 1
0 10
cob=(7)
cfi=(103)
cfn=(1336)
calls=1 0 
0 252
0 1
0 9
cob=(7)
cfi=(103)
cfn=(1356)
calls=1 0 
0 86
0 1

fn=(2262)
0 16

fn=(2278)
0 725
cfn=(2280)
calls=25 0 
0 251605
0 200
cfn=(1844)
calls=25 0 
0 4864
0 175
cfn=(1844)
calls=25 0 
0 5077
0 150
cfn=(1844)
calls=25 0 
0 5142
0 150
cfn=(1844)
calls=25 0 
0 6394
0 150
cfn=(1844)
calls=25 0 
0 5486
0 150
cfn=(1844)
calls=25 0 
0 5115
0 425
cob=(7)
cfi=(103)
cfn=(1412)
calls=25 0 
0 5351
0 25
0 75
cfn=(2064)
calls=25 0 
0 100
0 350
cfn=(1798)
calls=25 0 
0 700
0 175
cfn=(2279) grassmann::init(long, long, finite_field*, long)'2
calls=25 0 
0 223604
0 25

fn=(2279)
0 957
cfn=(2280)
calls=33 0 
0 175880
0 264
cfn=(1844)
calls=33 0 
0 6676
0 231
cfn=(1844)
calls=33 0 
0 6815
0 198
cfn=(1844)
calls=33 0 
0 6754
0 198
cfn=(1844)
calls=33 0 
0 7724
0 198
cfn=(1844)
calls=33 0 
0 7029
0 198
cfn=(1844)
calls=33 0 
0 7564
0 536
cob=(7)
cfi=(103)
cfn=(1412)
calls=8 0 
0 1918
0 8
0 24
cfn=(2064)
calls=8 0 
0 32
0 112
cfn=(1798)
calls=8 0 
0 224
0 56
cfn=(2279)
calls=8 0 
0 54361
0 8

fn=(2298)
0 16610
cob=(3)
cfi=(139)
cfn=(1440)
calls=3322 158 
0 552425
0 3322

fn=(2302)
0 683382
cfn=(2304)
calls=32542 0 
0 22948748

fn=(2306)
0 6836651

fn=(3238)
0 9227
cob=(7)
cfi=(103)
cfn=(1282)
calls=11 0 
0 2436
0 11
0 1512
cob=(7)
cfi=(103)
cfn=(1282)
calls=168 0 
0 39189
0 168
0 3033
cob=(7)
cfi=(103)
cfn=(1282)
calls=337 0 
0 70977
0 337
0 3098
cob=(7)
cfi=(103)
cfn=(1282)
calls=303 0 
0 54825
0 303
0 2424
cob=(7)
cfi=(103)
cfn=(1282)
calls=303 0 
0 54825
0 303
0 2424
cob=(7)
cfi=(103)
cfn=(1282)
calls=303 0 
0 54825
0 303
0 2727
cob=(7)
cfi=(103)
cfn=(1282)
calls=303 0 
0 54825
0 303
0 4296

fn=(2318)
0 703530

fn=(2322)
0 17
cfn=(2324)
calls=1 0 
0 22
0 17
cfn=(1844)
calls=1 0 
0 88
0 6
cfn=(1844)
calls=1 0 
0 175
0 6
cfn=(1844)
calls=1 0 
0 421
0 6
cfn=(1844)
calls=1 0 
0 250
0 6
cfn=(1844)
calls=1 0 
0 250
0 6
cfn=(1844)
calls=1 0 
0 250
0 6
cfn=(1844)
calls=1 0 
0 250
0 6
cfn=(1844)
calls=1 0 
0 250
0 6
cfn=(1844)
calls=1 0 
0 250
0 6
cfn=(1844)
calls=1 0 
0 250
0 6
cfn=(1844)
calls=1 0 
0 250
0 6
cfn=(1844)
calls=1 0 
0 246
0 6
cfn=(1844)
calls=1 0 
0 246
0 6
cfn=(1844)
calls=1 0 
0 246
0 7
cfn=(1844)
calls=1 0 
0 88
0 7
cfn=(1844)
calls=1 0 
0 250
0 7
cfn=(1844)
calls=1 0 
0 250
0 6
cfn=(1844)
calls=1 0 
0 250
0 6
cfn=(1844)
calls=1 0 
0 250
0 6
cfn=(1844)
calls=1 0 
0 250
0 6
cfn=(1844)
calls=1 0 
0 250
0 6
cfn=(1844)
calls=1 0 
0 250
0 6
cfn=(1844)
calls=1 0 
0 246
0 6
cfn=(1844)
calls=1 0 
0 246
0 6
cfn=(1844)
calls=1 0 
0 246
0 6
cfn=(1844)
calls=1 0 
0 250
0 6
cfn=(1844)
calls=1 0 
0 246
0 6
cfn=(1844)
calls=1 0 
0 246
0 6
cfn=(1844)
calls=1 0 
0 250
0 6
cfn=(1844)
calls=1 0 
0 250
0 6
cfn=(1844)
calls=1 0 
0 250
0 6
cfn=(1844)
calls=1 0 
0 250
0 6
cfn=(1844)
calls=1 0 
0 250
0 6
cfn=(1844)
calls=1 0 
0 250
0 18
cfn=(2326)
calls=1 0 
0 383
0 6
cfn=(2328) count_T1(long, long, long)
calls=1 0 
0 66
0 6
cfn=(2328)
calls=1 0 
0 58
0 6
cfn=(2330) count_T2(long, long)
calls=1 0 
0 111
0 5
cfn=(2330)
calls=1 0 
0 90
0 6
cfn=(2332)
calls=1 0 
0 249
0 5
cfn=(2332)
calls=1 0 
0 87
0 6
cfn=(2340)
calls=1 0 
0 68
0 5
cfn=(2340)
calls=1 0 
0 60
0 6
cfn=(2342)
calls=1 0 
0 62
0 5
cfn=(2342)
calls=1 0 
0 54
0 103
cfn=(1844)
calls=1 0 
0 385
0 7
cfn=(1844)
calls=1 0 
0 336
0 8
cfn=(1844)
calls=1 0 
0 430
0 8
cfn=(1844)
calls=1 0 
0 342
0 13
cfn=(2328)
calls=1 0 
0 45
0 6
cfn=(2330)
calls=1 0 
0 73
0 6
cfn=(2342)
calls=1 0 
0 41
0 8
cfn=(2344)
calls=1 0 
0 301
0 6
cfn=(2350) orthogonal::init_hyperbolic(long)
calls=1 0 
0 1826
0 5
cfn=(2340)
calls=1 0 
0 47
0 6
cfn=(2332)
calls=1 0 
0 30
0 6
cob=(7)
cfi=(103)
cfn=(1412)
calls=1 0 
0 403
0 1
0 2
cfn=(2320)
calls=1 0 
0 22
0 7
cfn=(1798)
calls=1 0 
0 28
0 9
cfn=(2323) orthogonal::init(long, long, finite_field*, long)'2
calls=1 0 
0 25416
0 1

fn=(2323)
0 34
cfn=(2324)
calls=2 0 
0 44
0 34
cfn=(1844)
calls=2 0 
0 572
0 12
cfn=(1844)
calls=2 0 
0 572
0 12
cfn=(1844)
calls=2 0 
0 723
0 12
cfn=(1844)
calls=2 0 
0 500
0 12
cfn=(1844)
calls=2 0 
0 500
0 12
cfn=(1844)
calls=2 0 
0 500
0 12
cfn=(1844)
calls=2 0 
0 500
0 12
cfn=(1844)
calls=2 0 
0 500
0 12
cfn=(1844)
calls=2 0 
0 500
0 12
cfn=(1844)
calls=2 0 
0 500
0 12
cfn=(1844)
calls=2 0 
0 500
0 12
cfn=(1844)
calls=2 0 
0 496
0 12
cfn=(1844)
calls=2 0 
0 496
0 12
cfn=(1844)
calls=2 0 
0 496
0 14
cfn=(1844)
calls=2 0 
0 500
0 14
cfn=(1844)
calls=2 0 
0 500
0 14
cfn=(1844)
calls=2 0 
0 500
0 12
cfn=(1844)
calls=2 0 
0 500
0 12
cfn=(1844)
calls=2 0 
0 500
0 12
cfn=(1844)
calls=2 0 
0 500
0 12
cfn=(1844)
calls=2 0 
0 500
0 12
cfn=(1844)
calls=2 0 
0 500
0 12
cfn=(1844)
calls=2 0 
0 496
0 12
cfn=(1844)
calls=2 0 
0 496
0 12
cfn=(1844)
calls=2 0 
0 496
0 12
cfn=(1844)
calls=2 0 
0 500
0 12
cfn=(1844)
calls=2 0 
0 496
0 12
cfn=(1844)
calls=2 0 
0 496
0 12
cfn=(1844)
calls=2 0 
0 500
0 12
cfn=(1844)
calls=2 0 
0 500
0 12
cfn=(1844)
calls=2 0 
0 500
0 12
cfn=(1844)
calls=2 0 
0 500
0 12
cfn=(1844)
calls=2 0 
0 500
0 12
cfn=(1844)
calls=2 0 
0 500
0 36
cfn=(2326)
calls=2 0 
0 716
0 12
cfn=(2328)
calls=2 0 
0 103
0 12
cfn=(2328)
calls=2 0 
0 81
0 11
cfn=(2330)
calls=1 0 
0 73
0 2
cfn=(2330)
calls=1 0 
0 90
0 10
cfn=(2330)
calls=2 0 
0 77
0 11
cfn=(2332)
calls=1 0 
0 30
0 2
cfn=(2332)
calls=1 0 
0 87
0 10
cfn=(2332)
calls=2 0 
0 34
0 11
cfn=(2340)
calls=1 0 
0 47
0 2
cfn=(2340)
calls=1 0 
0 60
0 10
cfn=(2340)
calls=2 0 
0 85
0 11
cfn=(2342)
calls=1 0 
0 41
0 2
cfn=(2342)
calls=1 0 
0 54
0 10
cfn=(2342)
calls=2 0 
0 73
0 209
cfn=(1844)
calls=2 0 
0 498
0 14
cfn=(1844)
calls=2 0 
0 498
0 14
cfn=(1844)
calls=1 0 
0 248
0 5
cfn=(1844)
calls=1 0 
0 250
0 16
cfn=(1844)
calls=2 0 
0 494
0 22
cfn=(2328)
calls=1 0 
0 36
0 6
cfn=(2330)
calls=1 0 
0 4
0 6
cfn=(2342)
calls=1 0 
0 32
0 13
cfn=(2344)
calls=2 0 
0 160
0 12
cfn=(2350)
calls=2 0 
0 2681
0 7
cfn=(2340)
calls=1 0 
0 38
0 6
cfn=(2332)
calls=1 0 
0 4
0 6
cob=(7)
cfi=(103)
cfn=(1412)
calls=1 0 
0 415
0 1
0 2
cfn=(2320)
calls=1 0 
0 22
0 7
cfn=(1798)
calls=1 0 
0 28
0 9
cfn=(2323)
calls=1 0 
0 12069
0 1

fn=(2324)
0 154

fn=(2336)
0 506176

fn=(2350)
0 75
cfn=(1946)
calls=3 0 
0 46
0 232
cfn=(1844)
calls=2 0 
0 490
0 12
cfn=(1844)
calls=1 0 
0 246
0 18
cfn=(1844)
calls=3 0 
0 824
0 18
cfn=(1844)
calls=3 0 
0 1135
0 18
cfn=(1844)
calls=3 0 
0 750
0 643

fn=(2356)
0 23075

fn=(2404)
0 311100
cfn=(1950)
calls=31110 0 
0 6261532
0 186660

fn=(2436)
0 301

fn=(3464)
0 8316
cob=(7)
cfi=(103)
cfn=(1282)
calls=252 0 
0 114156
0 252
0 2772
cob=(7)
cfi=(103)
cfn=(1336)
calls=252 0 
0 63504
0 252
0 504
cob=(7)
cfi=(103)
cfn=(1356)
calls=252 0 
0 21672
0 252
0 2016
cfn=(3466)
calls=252 0 
0 1151902
0 2016
cfn=(3468)
calls=252 0 
0 2029587
0 1764
cfn=(3272)
calls=252 0 
0 18632185
0 1512
cfn=(3474)
calls=252 0 
0 182424
0 1008
cob=(7)
cfi=(103)
cfn=(1282)
calls=252 0 
0 135576
0 252
0 1008
cfn=(2046)
calls=252 0 
0 916255
0 2520
cob=(7)
cfi=(103)
cfn=(1336)
calls=252 0 
0 63504
0 252
0 504
cob=(7)
cfi=(103)
cfn=(1356)
calls=252 0 
0 21672
0 252
0 2268
cfn=(3476)
calls=252 0 
0 116247488
0 1764
cob=(7)
cfi=(103)
cfn=(1282)
calls=252 0 
0 133056
0 252
0 756
cob=(7)
cfi=(103)
cfn=(1378)
calls=252 0 
0 105048
0 252
0 2772
cob=(7)
cfi=(103)
cfn=(1336)
calls=252 0 
0 63504
0 252
0 504
cob=(7)
cfi=(103)
cfn=(1356)
calls=252 0 
0 21672
0 252
0 1512
cfn=(2128)
calls=252 0 
0 2475144
0 1008
cob=(7)
cfi=(103)
cfn=(1282)
calls=252 0 
0 120456
0 252
0 2520
cob=(7)
cfi=(103)
cfn=(1336)
calls=252 0 
0 63504
0 252
0 504
cob=(7)
cfi=(103)
cfn=(1356)
calls=252 0 
0 21672
0 252
0 252

fn=(3466)
0 11484
cfn=(2398)
calls=396 0 
0 175674
0 14256
cfn=(2398)
calls=1584 0 
0 902198
0 25740
cfn=(1994)
calls=1980 0 
0 47520
0 17820
cfn=(1950)
calls=1980 0 
0 647696
0 14256

fn=(3486)
0 8738
cfn=(3488)
calls=257 0 
0 92015
0 1285

fn=(2516)
0 84
cfn=(2518)
calls=3 0 
0 237097
0 42

fn=(2526)
0 18
cob=(7)
cfi=(103)
cfn=(1406)
calls=1 0 
0 221
0 1
0 8
cfn=(2528)
calls=1 0 
0 1
0 8
cfn=(2528)
calls=4 0 
0 4
0 25
cfn=(2528)
calls=5 0 
0 5
0 15
cfn=(2528)
calls=5 0 
0 5
0 15
cfn=(2528)
calls=5 0 
0 5
0 15
cfn=(2528)
calls=5 0 
0 5
0 15
cfn=(2528)
calls=5 0 
0 5
0 15
cfn=(2528)
calls=5 0 
0 5
0 15
cfn=(2528)
calls=5 0 
0 5
0 15
cfn=(2528)
calls=5 0 
0 5
0 29
cfn=(2282)
calls=1 0 
0 28
0 273
cfn=(2530)
calls=44 0 
0 4539
0 5
cfn=(2530)
calls=1 0 
0 44
0 139
cfn=(2434)
calls=1 0 
0 379
0 6
cfn=(2434)
calls=1 0 
0 244
0 10
cfn=(2536)
calls=1 0 
0 948
0 176
cfn=(2536)
calls=44 0 
0 72132
0 1515
cfn=(1812)
calls=45 0 
0 10631
0 270
cob=(3)
cfi=(147)
cfn=(1840)
calls=45 32 
0 810
0 45
0 270
cfn=(1812)
calls=45 0 
0 10678
0 270
cob=(3)
cfi=(147)
cfn=(1840)
calls=45 32 
0 810
0 45
0 103

fn=(2540)
0 22
cfn=(1844)
calls=1 0 
0 248
0 22
cfn=(2528)
calls=1 0 
0 1
0 1309
cfn=(2528)
calls=119 0 
0 119
0 2160
cfn=(2528)
calls=240 0 
0 240
0 1080
cfn=(2506)
calls=360 0 
0 27004
0 2400
cfn=(2550) eckardt_point::init3(long, long, long)
calls=120 0 
0 600
0 720
cfn=(2544)
calls=360 0 
0 39714
0 1440
cfn=(2548)
calls=360 0 
0 360
0 3600
cfn=(2528)
calls=120 0 
0 120
0 2160
cfn=(2528)
calls=240 0 
0 240
0 1080
cfn=(2506)
calls=360 0 
0 27042
0 2400
cfn=(2550)
calls=120 0 
0 600
0 720
cfn=(2544)
calls=360 0 
0 38574
0 1440
cfn=(2548)
calls=360 0 
0 360
0 3613
cfn=(2542)
calls=240 0 
0 960
0 960
cfn=(2542)
calls=240 0 
0 960
0 240

fn=(2578)
0 31
cfn=(1874)
calls=1 0 
0 70
0 9
cfn=(1844)
calls=1 0 
0 244
0 6
cfn=(1844)
calls=1 0 
0 244
0 6
cfn=(1844)
calls=1 0 
0 244
0 6
cfn=(1844)
calls=1 0 
0 422
0 9

fn=(2582)
0 24
cob=(7)
cfi=(103)
cfn=(1412)
calls=1 0 
0 54
0 1
0 3
cfn=(1860)
calls=1 0 
0 4
0 8
cfn=(1798)
calls=1 0 
0 28
0 6
cfn=(2584) strong_generators::generators_for_stabilizer_of_three_collinear_points_in_PGL4(action*, matrix_group*, long)
calls=1 0 
0 42645112
0 2
cob=(7)
cfi=(103)
cfn=(1412)
calls=1 0 
0 54
0 1
0 3
cfn=(1860)
calls=1 0 
0 4
0 8
cfn=(1798)
calls=1 0 
0 28
0 7
cfn=(2598)
calls=1 0 
0 34574749
0 2
cfn=(2064)
calls=1 0 
0 4
0 2
cfn=(2064)
calls=1 0 
0 4
0 3
cfn=(2602)
calls=1 0 
0 6143
0 3
cfn=(2602)
calls=1 0 
0 4548
0 4
cfn=(2084)
calls=1 0 
0 112
0 2
cfn=(2084)
calls=1 0 
0 112
0 9

fn=(2604)
0 5

fn=(2678)
0 68
cfn=(2661)
calls=2 0 
0 931
0 4

fn=(2700)
0 984
cfn=(2402)
calls=24 0 
0 3000
0 240
cfn=(2402)
calls=24 0 
0 696
0 288
cfn=(2640)
calls=24 0 
0 10776
0 144
cfn=(2642)
calls=24 0 
0 17530
0 1128

fn=(2712)
0 26
cfn=(2398)
calls=1 0 
0 295
0 15282
cfn=(2398)
calls=2547 0 
0 1590853
0 33124
cfn=(1994)
calls=2548 0 
0 61152
0 22932
cfn=(1950)
calls=2548 0 
0 895925
0 12751

fn=(2734)
0 42
cob=(7)
cfi=(103)
cfn=(1110)
calls=2 0 
0 182
0 2
0 32
cob=(7)
cfi=(103)
cfn=(1116)
calls=2 0 
0 2056
0 2
0 12
cob=(7)
cfi=(103)
cfn=(2742)
calls=2 0 
0 3461
0 2
0 6
cob=(7)
cfi=(103)
cfn=(1116)
calls=2 0 
0 2056
0 2
0 8
cob=(7)
cfi=(103)
cfn=(2764)
calls=2 0 
0 494276
0 2
0 14
cob=(7)
cfi=(103)
cfn=(2810)
calls=2 0 
0 14
0 2
0 18
cfn=(2812)
calls=2 0 
0 17756
0 14105
cfn=(2812)
calls=2821 0 
0 12809937
0 8477
cob=(7)
cfi=(103)
cfn=(1282)
calls=2 0 
0 362
0 2
0 20
cob=(7)
cfi=(103)
cfn=(1336)
calls=2 0 
0 134
0 2
0 4
cob=(7)
cfi=(103)
cfn=(1356)
calls=2 0 
0 368
0 2
0 18
cob=(7)
cfi=(103)
cfn=(2868)
calls=2 0 
0 5691
0 2
0 4
cob=(7)
cfi=(103)
cfn=(2914)
calls=2 0 
0 34
0 2
0 8
cob=(7)
cfi=(103)
cfn=(1134)
calls=2 0 
0 24
0 2
0 14
cob=(7)
cfi=(103)
cfn=(2920)
calls=2 0 
0 1798
0 2
0 8
cob=(7)
cfi=(103)
cfn=(1282)
calls=1 0 
0 294
0 1
0 4
cob=(3)
cfi=(125)
cfn=(876)
calls=1 52 
0 15
0 1
0 4
cob=(7)
cfi=(103)
cfn=(1282)
calls=1 0 
0 317
0 1
0 4
cob=(7)
cfi=(103)
cfn=(1282)
calls=1 0 
0 274
0 1
0 2
cfn=(3298)
calls=1 0 
0 64
0 3
cob=(7)
cfi=(103)
cfn=(1378)
calls=1 0 
0 456
0 1
0 11
cob=(7)
cfi=(103)
cfn=(1336)
calls=1 0 
0 252
0 1
0 2
cob=(7)
cfi=(103)
cfn=(1356)
calls=1 0 
0 86
0 1
0 26

fn=(2940)
0 2296

fn=(2948)
0 59
cfn=(1844)
calls=1 0 
0 88
0 10
cfn=(1844)
calls=1 0 
0 365
0 18
cob=(7)
cfi=(103)
cfn=(1412)
calls=1 0 
0 54
0 1
0 3
cfn=(1974)
calls=1 0 
0 4
0 7
cfn=(1798)
calls=1 0 
0 28
0 5
cfn=(2006)
calls=1 0 
0 15
0 3
cfn=(2016)
calls=1 0 
0 465
0 3
cfn=(2012)
calls=1 0 
0 9
0 4
cfn=(2112)
calls=1 0 
0 434
0 6
cfn=(1930)
calls=1 0 
0 88
0 18
cfn=(1844)
calls=1 0 
0 88
0 14
cfn=(1844)
calls=1 0 
0 88
0 10
cfn=(1844)
calls=1 0 
0 88
0 11
cfn=(1844)
calls=1 0 
0 244
0 10
cfn=(1844)
calls=1 0 
0 88
0 7
cfn=(1844)
calls=1 0 
0 88
0 28
cob=(7)
cfi=(103)
cfn=(1282)
calls=1 0 
0 382
0 1
0 11
cob=(7)
cfi=(103)
cfn=(1336)
calls=1 0 
0 252
0 1
0 9
cob=(7)
cfi=(103)
cfn=(1356)
calls=1 0 
0 86
0 1
0 6
cob=(7)
cfi=(103)
cfn=(1282)
calls=1 0 
0 468
0 1
0 11
cob=(7)
cfi=(103)
cfn=(1336)
calls=1 0 
0 252
0 1
0 2
cob=(7)
cfi=(103)
cfn=(1356)
calls=1 0 
0 86
0 1
0 5
cob=(7)
cfi=(103)
cfn=(1282)
calls=1 0 
0 388
0 1
0 3
cob=(7)
cfi=(103)
cfn=(1378)
calls=1 0 
0 385
0 1
0 11
cob=(7)
cfi=(103)
cfn=(1336)
calls=1 0 
0 252
0 1
0 2
cob=(7)
cfi=(103)
cfn=(1356)
calls=1 0 
0 86
0 1
0 4
cob=(7)
cfi=(103)
cfn=(1282)
calls=1 0 
0 413
0 1
0 3
cob=(7)
cfi=(103)
cfn=(1378)
calls=1 0 
0 438
0 1
0 10
cob=(7)
cfi=(103)
cfn=(1336)
calls=1 0 
0 252
0 1
0 2
cob=(7)
cfi=(103)
cfn=(1356)
calls=1 0 
0 86
0 1
0 4
cob=(7)
cfi=(103)
cfn=(1282)
calls=1 0 
0 418
0 1
0 3
cob=(7)
cfi=(103)
cfn=(1378)
calls=1 0 
0 438
0 1
0 10
cob=(7)
cfi=(103)
cfn=(1336)
calls=1 0 
0 252
0 1
0 2
cob=(7)
cfi=(103)
cfn=(1356)
calls=1 0 
0 86
0 1
0 4
cob=(7)
cfi=(103)
cfn=(1282)
calls=1 0 
0 388
0 1
0 3
cob=(7)
cfi=(103)
cfn=(1378)
calls=1 0 
0 385
0 1
0 11
cob=(7)
cfi=(103)
cfn=(1336)
calls=1 0 
0 252
0 1
0 2
cob=(7)
cfi=(103)
cfn=(1356)
calls=1 0 
0 86
0 1
0 1
cfn=(1744)
calls=1 0 
0 25
0 9
cob=(7)
cfi=(103)
cfn=(1282)
calls=1 0 
0 408
0 1
0 12
cob=(7)
cfi=(103)
cfn=(1336)
calls=1 0 
0 252
0 1
0 2
cob=(7)
cfi=(103)
cfn=(1356)
calls=1 0 
0 86
0 1
0 2
cfn=(2258)
calls=1 0 
0 29103
0 4
cob=(7)
cfi=(103)
cfn=(1282)
calls=1 0 
0 413
0 1
0 11
cob=(7)
cfi=(103)
cfn=(1336)
calls=1 0 
0 252
0 1
0 2
cob=(7)
cfi=(103)
cfn=(1356)
calls=1 0 
0 86
0 1
0 2
cfn=(2258)
calls=1 0 
0 6552
0 4
cob=(7)
cfi=(103)
cfn=(1282)
calls=1 0 
0 468
0 1
0 12
cob=(7)
cfi=(103)
cfn=(1336)
calls=1 0 
0 252
0 1
0 2
cob=(7)
cfi=(103)
cfn=(1356)
calls=1 0 
0 86
0 1
0 3
cfn=(2602)
calls=1 0 
0 7005
0 4
cob=(7)
cfi=(103)
cfn=(1282)
calls=1 0 
0 438
0 1
0 3
cfn=(2086)
calls=1 0 
0 3246
0 11
cob=(7)
cfi=(103)
cfn=(1336)
calls=1 0 
0 252
0 1
0 2
cob=(7)
cfi=(103)
cfn=(1356)
calls=1 0 
0 86
0 1
0 4
cob=(7)
cfi=(103)
cfn=(1282)
calls=1 0 
0 388
0 1
0 3
cob=(7)
cfi=(103)
cfn=(1378)
calls=1 0 
0 385
0 1
0 11
cob=(7)
cfi=(103)
cfn=(1336)
calls=1 0 
0 252
0 1
0 2
cob=(7)
cfi=(103)
cfn=(1356)
calls=1 0 
0 86
0 1
0 7
cob=(7)
cfi=(103)
cfn=(1282)
calls=1 0 
0 468
0 1
0 3
cob=(7)
cfi=(103)
cfn=(1378)
calls=1 0 
0 385
0 1
0 11
cob=(7)
cfi=(103)
cfn=(1336)
calls=1 0 
0 252
0 1
0 2
cob=(7)
cfi=(103)
cfn=(1356)
calls=1 0 
0 86
0 1
0 5
cfn=(1844)
calls=1 0 
0 88
0 7
cob=(7)
cfi=(103)
cfn=(1282)
calls=1 0 
0 357
0 1
0 11
cob=(7)
cfi=(103)
cfn=(1336)
calls=1 0 
0 252
0 1
0 2
cob=(7)
cfi=(103)
cfn=(1356)
calls=1 0 
0 86
0 1
0 1

fn=(3044)
0 8745366
cfn=(2012)
calls=297923 0 
0 2681307
0 1489615
cfn=(2030)
calls=297923 0 
0 4589340407
0 2713075

fn=(3048)
0 9801735
cfn=(2031) action::element_image_of(long, void*, long)'2
calls=316185 0 
0 4791832749
0 1897110
cfn=(2554)
calls=316185 0 
0 41223600
0 6007515

fn=(3049)
0 9390985
cfn=(2031)
calls=302935 0 
0 4517399170
0 1817610
cfn=(2554)
calls=302935 0 
0 44977124
0 5755765

fn=(3050)
0 7317795
cfn=(2036)
calls=318165 0 
0 48882543
0 2227155
cfn=(3052) action_on_wedge_product::compute_image_INT_low_level(action&, long*, long*, long*, long)
calls=318165 0 
0 4550815534
0 1908990
cfn=(1950)
calls=318165 0 
0 108057447
0 3817980

fn=(3062)
0 725
cfn=(3064)
calls=29 0 
0 3318194
0 174
cfn=(3066)
calls=29 0 
0 2488
0 261

fn=(3080)
0 2716
cob=(7)
cfi=(103)
cfn=(1378)
calls=194 0 
0 75269
0 194
0 970
cob=(7)
cfi=(103)
cfn=(1282)
calls=194 0 
0 45978
0 194
0 1552
cob=(7)
cfi=(103)
cfn=(1378)
calls=194 0 
0 78300
0 194

fn=(3090)
0 6876
cfn=(1942)
calls=573 0 
0 74076
0 4011
cfn=(1942)
calls=573 0 
0 74455
0 4011
cfn=(1942)
calls=573 0 
0 75725
0 4011
cfn=(1942)
calls=573 0 
0 75872
0 4011
cfn=(1942)
calls=573 0 
0 75690
0 4011
cfn=(1942)
calls=573 0 
0 75820
0 4011
cfn=(1942)
calls=573 0 
0 79163
0 4011
cfn=(1942)
calls=573 0 
0 89886
0 4011
cfn=(1942)
calls=573 0 
0 91023
0 4011
cfn=(3092)
calls=573 0 
0 69600
0 4011
cfn=(1818)
calls=573 0 
0 69600
0 6303

fn=(3108) poset_classification::upstep(long, long, long)
0 391
cfn=(3112)
calls=29 0 
0 2553819460
0 145
cfn=(3216) poset_classification::level_progress(long)
calls=29 0 
0 319
0 590
cfn=(2980)
calls=17 0 
0 73497
0 25
cfn=(2980)
calls=5 0 
0 21431
0 88
cob=(7)
cfi=(103)
cfn=(1282)
calls=22 0 
0 6138
0 22
0 242
cob=(7)
cfi=(103)
cfn=(1336)
calls=22 0 
0 5544
0 22
0 44
cob=(7)
cfi=(103)
cfn=(1356)
calls=22 0 
0 1892
0 22
0 225
cfn=(2980)
calls=22 0 
0 94947
0 88
cob=(7)
cfi=(103)
cfn=(1282)
calls=22 0 
0 6138
0 22
0 132
cfn=(3106) poset_classification::print_progress(long, double)
calls=22 0 
0 44538
0 168
cob=(7)
cfi=(103)
cfn=(1282)
calls=5 0 
0 1835
0 5
0 55
cob=(7)
cfi=(103)
cfn=(1336)
calls=5 0 
0 1260
0 5
0 10
cob=(7)
cfi=(103)
cfn=(1356)
calls=5 0 
0 430
0 5
0 20
cob=(7)
cfi=(103)
cfn=(1282)
calls=5 0 
0 1535
0 5
0 15
cob=(7)
cfi=(103)
cfn=(1378)
calls=5 0 
0 1925
0 5
0 50
cob=(7)
cfi=(103)
cfn=(1336)
calls=5 0 
0 1260
0 5
0 10
cob=(7)
cfi=(103)
cfn=(1356)
calls=5 0 
0 430
0 5
0 60
cob=(7)
cfi=(103)
cfn=(1282)
calls=5 0 
0 3640
0 5
0 50
cob=(7)
cfi=(103)
cfn=(1336)
calls=5 0 
0 1260
0 5
0 10
cob=(7)
cfi=(103)
cfn=(1356)
calls=5 0 
0 430
0 5
0 10
cfn=(2972)
calls=5 0 
0 15
0 50
cob=(7)
cfi=(103)
cfn=(1336)
calls=5 0 
0 1260
0 5
0 10
cob=(7)
cfi=(103)
cfn=(1356)
calls=5 0 
0 430
0 5
0 20
cob=(7)
cfi=(103)
cfn=(1282)
calls=5 0 
0 1660
0 5
0 15
cob=(7)
cfi=(103)
cfn=(1378)
calls=5 0 
0 1928
0 5
0 55
cob=(7)
cfi=(103)
cfn=(1336)
calls=5 0 
0 1260
0 5
0 10
cob=(7)
cfi=(103)
cfn=(1356)
calls=5 0 
0 430
0 5
0 20
cob=(7)
cfi=(103)
cfn=(1282)
calls=5 0 
0 1495
0 5
0 15
cob=(7)
cfi=(103)
cfn=(1378)
calls=5 0 
0 1925
0 5
0 55
cob=(7)
cfi=(103)
cfn=(1336)
calls=5 0 
0 1260
0 5
0 10
cob=(7)
cfi=(103)
cfn=(1356)
calls=5 0 
0 430
0 5
0 20
cob=(7)
cfi=(103)
cfn=(1282)
calls=5 0 
0 1785
0 5
0 15
cob=(7)
cfi=(103)
cfn=(1378)
calls=5 0 
0 1940
0 5
0 55
cob=(7)
cfi=(103)
cfn=(1336)
calls=5 0 
0 1260
0 5
0 10
cob=(7)
cfi=(103)
cfn=(1356)
calls=5 0 
0 430
0 5
0 15
cfn=(3110)
calls=5 0 
0 400
0 20
cob=(7)
cfi=(103)
cfn=(1282)
calls=5 0 
0 1280
0 5
0 20
cob=(7)
cfi=(103)
cfn=(1378)
calls=5 0 
0 1997
0 5
0 25
cob=(7)
cfi=(103)
cfn=(1282)
calls=5 0 
0 1535
0 5
0 50
cob=(7)
cfi=(103)
cfn=(1336)
calls=5 0 
0 1260
0 5
0 10
cob=(7)
cfi=(103)
cfn=(1356)
calls=5 0 
0 430
0 5
0 103

fn=(3156)
0 635750
cfn=(1988)
calls=257 0 
0 43690
cfn=(1989) action::element_move(void*, void*, long)'2
calls=25173 0 
0 4312714

fn=(3157) induced_action_element_move(action&, void*, void*, long)'2
0 731050
cfn=(1989)
calls=29242 0 
0 4209288

fn=(3204)
0 32984

fn=(3256)
0 140430
cfn=(2554)
calls=4681 0 
0 641103
0 141272
cfn=(3028)
calls=4332 0 
0 17618042
0 21660
cfn=(2020)
calls=4332 0 
0 1221624
0 43320
cfn=(2128)
calls=4332 0 
0 42852144
0 21660
cfn=(1988)
calls=4332 0 
0 849072
0 64980
cfn=(3257) schreier_vector_coset_rep_inv_compact_general(action*, long*, long*, long, long&, long*, long*, long*, long*, long, long, long, long)'2
calls=4332 0 
0 150578437
0 23754

fn=(3257)
0 442380
cfn=(2554)
calls=14746 0 
0 1939348
0 409474
cfn=(3028)
calls=10414 0 
0 39351503
0 52070
cfn=(2020)
calls=10414 0 
0 2936748
0 104140
cfn=(2128)
calls=10414 0 
0 103015288
0 52070
cfn=(1988)
calls=10414 0 
0 2041144
0 156210
cfn=(3257)
calls=10414 0 
0 237062005
0 78062

fn=(3272)
0 69414
cfn=(2030)
calls=7545 0 
0 113262837
0 57342

fn=(3276)
0 2568

fn=(3356)
0 9880
cfn=(2368)
calls=520 0 
0 425589
0 4160
cfn=(2368)
calls=520 0 
0 440631
0 4680
cfn=(2368)
calls=520 0 
0 420276
0 2600
cfn=(1970)
calls=520 0 
0 49400
0 3120
cfn=(3358)
calls=520 0 
0 1726675
0 5200
cfn=(2136)
calls=520 0 
0 3767920
0 34840
cfn=(3358)
calls=520 0 
0 657910
0 2080
cfn=(2298)
calls=520 0 
0 11960
0 66560
cfn=(3358)
calls=520 0 
0 656196
0 40040
cfn=(2136)
calls=520 0 
0 2517840
0 4680
cfn=(2136)
calls=520 0 
0 3767920
0 3120
cfn=(3346)
calls=520 0 
0 830275
0 4160
cfn=(3346)
calls=520 0 
0 740819
0 4680
cfn=(3346)
calls=520 0 
0 798200
0 7800
cfn=(1978)
calls=520 0 
0 1774331

fn=(3386)
0 1980
cob=(7)
cfi=(103)
cfn=(1282)
calls=90 0 
0 29880
0 90
0 1260
cob=(7)
cfi=(103)
cfn=(1336)
calls=90 0 
0 22680
0 90
0 180
cob=(7)
cfi=(103)
cfn=(1356)
calls=90 0 
0 7740
0 90
0 1170
cfn=(1970)
calls=90 0 
0 9306
0 450
cob=(7)
cfi=(103)
cfn=(1282)
calls=90 0 
0 32130
0 90
0 990
cob=(7)
cfi=(103)
cfn=(1336)
calls=90 0 
0 22680
0 90
0 810
cob=(7)
cfi=(103)
cfn=(1356)
calls=90 0 
0 7740
0 90

fn=(3494)
0 400
cfn=(1844)
calls=25 0 
0 6162
0 450
cfn=(1988)
calls=25 0 
0 3360
0 172
cfn=(1988)
calls=7 0 
0 960
0 86
cfn=(1988)
calls=8 0 
0 1088
0 280
cfn=(1988)
calls=24 0 
0 3168
0 240
cfn=(1988)
calls=24 0 
0 3168
0 240
cfn=(1988)
calls=24 0 
0 3168
0 538
cfn=(1988)
calls=49 0 
0 6528
0 273
cfn=(1942)
calls=25 0 
0 4270
0 250

fn=(3496)
0 475
cfn=(2064)
calls=25 0 
0 100
0 150
cob=(7)
cfi=(103)
cfn=(1282)
calls=25 0 
0 10575
0 25
0 25
cfn=(2060)
calls=25 0 
0 8875
0 100
cob=(7)
cfi=(103)
cfn=(1412)
calls=25 0 
0 1350
0 25
0 75
cfn=(1974)
calls=25 0 
0 100
0 175
cfn=(1798)
calls=25 0 
0 700
0 100
cfn=(2006)
calls=25 0 
0 375
0 175
cfn=(2016)
calls=25 0 
0 8404
0 154
cfn=(2012)
calls=1 0 
0 9
0 4
cfn=(2012)
calls=1 0 
0 9
0 5
cfn=(1988)
calls=1 0 
0 128
0 6
cfn=(2012)
calls=1 0 
0 9
0 10
cfn=(2012)
calls=2 0 
0 18
0 12
cfn=(2012)
calls=3 0 
0 27
0 15
cfn=(1988)
calls=3 0 
0 384
0 18
cfn=(2012)
calls=3 0 
0 27
0 50
cfn=(2012)
calls=10 0 
0 90
0 52
cfn=(2012)
calls=13 0 
0 117
0 65
cfn=(1988)
calls=13 0 
0 1744
0 44
cfn=(2012)
calls=1 0 
0 9
0 4
cfn=(2012)
calls=1 0 
0 9
0 5
cfn=(1988)
calls=1 0 
0 144
0 6
cfn=(2012)
calls=1 0 
0 9
0 4
cfn=(2012)
calls=1 0 
0 9
0 5
cfn=(1988)
calls=1 0 
0 144
0 6
cfn=(2012)
calls=1 0 
0 9
0 4
cfn=(2012)
calls=1 0 
0 9
0 5
cfn=(1988)
calls=1 0 
0 144
0 6
cfn=(2012)
calls=1 0 
0 9
0 4
cfn=(2012)
calls=1 0 
0 9
0 5
cfn=(1988)
calls=1 0 
0 144
0 230
cfn=(2012)
calls=1 0 
0 9
0 4
cfn=(2012)
calls=1 0 
0 9
0 5
cfn=(1988)
calls=1 0 
0 128
0 6
cfn=(2012)
calls=1 0 
0 9
0 85
cfn=(2012)
calls=17 0 
0 153
0 72
cfn=(2012)
calls=18 0 
0 162
0 90
cfn=(1988)
calls=18 0 
0 2416
0 108
cfn=(2012)
calls=18 0 
0 162
0 72
cfn=(2012)
calls=18 0 
0 162
0 90
cfn=(1988)
calls=18 0 
0 2416
0 209
cfn=(2012)
calls=31 0 
0 279
0 124
cfn=(2012)
calls=31 0 
0 279
0 155
cfn=(1988)
calls=31 0 
0 4192
0 186
cfn=(2012)
calls=31 0 
0 279
0 124
cfn=(2012)
calls=31 0 
0 279
0 155
cfn=(1988)
calls=31 0 
0 4192
0 217
cfn=(2012)
calls=31 0 
0 279
0 124
cfn=(2012)
calls=31 0 
0 279
0 155
cfn=(1988)
calls=31 0 
0 4192
0 217
cfn=(2012)
calls=31 0 
0 279
0 124
cfn=(2012)
calls=31 0 
0 279
0 155
cfn=(1988)
calls=31 0 
0 4192
0 243
cob=(7)
cfi=(103)
cfn=(1282)
calls=25 0 
0 11700
0 25
0 25
cfn=(2060)
calls=25 0 
0 8875
0 75
cfn=(3498)
calls=25 0 
0 2562239
0 150
cfn=(2066)
calls=25 0 
0 24388
0 100
cfn=(3500)
calls=25 0 
0 23595
0 150
cob=(7)
cfi=(103)
cfn=(1282)
calls=25 0 
0 11950
0 25
0 75
cfn=(2086)
calls=25 0 
0 10109
0 275
cob=(7)
cfi=(103)
cfn=(1336)
calls=25 0 
0 6300
0 25
0 50
cob=(7)
cfi=(103)
cfn=(1356)
calls=25 0 
0 2150
0 25
0 100
cob=(7)
cfi=(103)
cfn=(1282)
calls=25 0 
0 6075
0 25
0 25
cfn=(2060)
calls=25 0 
0 8875
0 50
cfn=(2258)
calls=25 0 
0 725010
0 50
cob=(7)
cfi=(103)
cfn=(1412)
calls=25 0 
0 1350
0 25
0 250
cfn=(1798)
calls=25 0 
0 700
0 175
cob=(7)
cfi=(103)
cfn=(1282)
calls=25 0 
0 17200
0 25
0 75
cfn=(2086)
calls=25 0 
0 10109
0 275
cob=(7)
cfi=(103)
cfn=(1336)
calls=25 0 
0 6300
0 25
0 50
cob=(7)
cfi=(103)
cfn=(1356)
calls=25 0 
0 2150
0 25
0 175
cfn=(2590)
calls=25 0 
0 24769153
0 125
cfn=(2184)
calls=25 0 
0 675
0 100
cfn=(2196)
calls=25 0 
0 3744
0 75
cob=(7)
cfi=(103)
cfn=(2190)
calls=25 0 
0 2257
0 25
0 450
cfn=(2184)
calls=25 0 
0 675
0 125
cfn=(3502) strong_generators::freeself()
calls=25 0 
0 425
0 75
cob=(7)
cfi=(103)
cfn=(2190)
calls=25 0 
0 2257
0 25
0 150
cob=(7)
cfi=(103)
cfn=(1282)
calls=25 0 
0 11200
0 25
0 25
cfn=(2060)
calls=25 0 
0 8875
0 50
cfn=(2084)
calls=25 0 
0 3225
0 275

fn=(3502)
0 425

fn=(3550)
0 99632
cfn=(3552)
calls=7664 0 
0 682759
0 199269
cfn=(3562)
calls=1 0 
0 195178
0 2

fn=(3614)
0 621
cfn=(3616)
calls=69 0 
0 200534
0 276
cob=(7)
cfi=(103)
cfn=(1282)
calls=69 0 
0 12489
0 69
0 207
cfn=(3238)
calls=69 0 
0 15594
0 483
cob=(7)
cfi=(103)
cfn=(1282)
calls=69 0 
0 12420
0 69

fn=(3646) homogeneous_polynomial_domain::enumerate_points(long*, long*, long&, long)
0 100
cfn=(3318)
calls=4 0 
0 212
0 47580
cfn=(3318)
calls=9516 0 
0 1184744
0 999600
cfn=(3320) finite_field::evaluate_monomial(long*, long*, long)
calls=71400 0 
0 8687000
0 357000
cfn=(1854)
calls=71400 0 
0 1785000
0 285600
cfn=(1996)
calls=71400 0 
0 2427600
0 707068

fn=(3668)
0 239094
cfn=(1844)
calls=4 0 
0 1690
0 28
cfn=(1844)
calls=4 0 
0 1459
0 308144

fn=(3670)
0 48

fn=(3756)
0 543
cob=(7)
cfi=(103)
cfn=(2362)
calls=1 0 
0 143
0 1

fn=(2314)
0 4758
cfn=(1970)
calls=183 0 
0 8967
0 2013
cfn=(1986)
calls=183 0 
0 93826
0 2562
cfn=(2316)
calls=183 0 
0 72811
0 10431

fn=(2316)
0 85800
cfn=(1994)
calls=4290 0 
0 102960
0 42900
cfn=(1844)
calls=4290 0 
0 373120
0 468476
cfn=(1942)
calls=4290 0 
0 450450
0 417150

fn=(2482)
0 10054
cfn=(2298)
calls=914 0 
0 15538
0 3656
cfn=(2298)
calls=914 0 
0 15538
0 147420

fn=(2630)
0 16
cfn=(2632)
calls=1 0 
0 1460164
0 15
cfn=(2694)
calls=1 0 
0 26822
0 1950
cfn=(2694)
calls=195 0 
0 4883714
0 595
cfn=(2506)
calls=1 0 
0 561055
0 32155
cfn=(2506)
calls=1 0 
0 573446
0 13
cfn=(1970)
calls=1 0 
0 1667

fn=(700)
0 15
cob=(2)
cfi=(18)
cfn=(702)
calls=1 0 
0 6
0 8
cfn=(706)
calls=1 0 
0 17
0 692
cfn=(1734)
calls=1 0 
0 105
cfn=(1732)
calls=1 0 
0 105
cfn=(1730)
calls=1 0 
0 105
cfn=(1728)
calls=1 0 
0 105
cfn=(1726)
calls=1 0 
0 105
cfn=(1724) _GLOBAL__sub_I__Z52read_orbit_rep_and_candidates_from_files_and_processP6actionPclllPFvPllS2_lS2_RlPvlES4_RS2_S3_RP4simsRP17strong_generatorsS7_S3_S3_l
calls=1 0 
0 105
cfn=(1722)
calls=1 0 
0 105
cfn=(1720)
calls=1 0 
0 105
cfn=(1718) _GLOBAL__sub_I__Z37schreier_vector_coset_rep_inv_generalP6actionPlS1_lRlS1_S1_S1_S1_llll
calls=1 0 
0 105
cfn=(1716)
calls=1 0 
0 105
cfn=(1714)
calls=1 0 
0 105
cfn=(1712) _GLOBAL__sub_I__ZN4treeC2Ev
calls=1 0 
0 105
cfn=(1710) _GLOBAL__sub_I__Z28nauty_interface_graph_bitveclPhPlS0_S0_RlS0_S1_S0_S1_l
calls=1 0 
0 105
cfn=(1708)
calls=1 0 
0 105
cfn=(1706)
calls=1 0 
0 105
cfn=(1704)
calls=1 0 
0 105
cfn=(1702)
calls=1 0 
0 105
cfn=(1700)
calls=1 0 
0 105
cfn=(1698) _GLOBAL__sub_I__ZN4flagC2Ev
calls=1 0 
0 105
cfn=(1696)
calls=1 0 
0 560
cfn=(1694)
calls=1 0 
0 105
cfn=(1692)
calls=1 0 
0 105
cfn=(1690)
calls=1 0 
0 105
cfn=(1688)
calls=1 0 
0 105
cfn=(1686)
calls=1 0 
0 105
cfn=(1684)
calls=1 0 
0 105
cfn=(1682)
calls=1 0 
0 105
cfn=(1680)
calls=1 0 
0 105
cfn=(1678)
calls=1 0 
0 105
cfn=(1676) _GLOBAL__sub_I__Z27callback_partial_ovoid_testlPlPvl
calls=1 0 
0 105
cfn=(1674)
calls=1 0 
0 105
cfn=(1672)
calls=1 0 
0 105
cfn=(1670)
calls=1 0 
0 105
cfn=(1668)
calls=1 0 
0 105
cfn=(1666)
calls=1 0 
0 105
cfn=(1664)
calls=1 0 
0 105
cfn=(1662) _GLOBAL__sub_I__ZN23design_parameter_sourceC2Ev
calls=1 0 
0 105
cfn=(1660) _GLOBAL__sub_I__ZN16design_parameterC2Ev
calls=1 0 
0 105
cfn=(1658)
calls=1 0 
0 105
cfn=(1656)
calls=1 0 
0 105
cfn=(1654) _GLOBAL__sub_I__ZN6bt_keyC2Ev
calls=1 0 
0 105
cfn=(1652)
calls=1 0 
0 105
cfn=(1650)
calls=1 0 
0 105
cfn=(1648)
calls=1 0 
0 105
cfn=(1646)
calls=1 0 
0 105
cfn=(1644) _GLOBAL__sub_I__ZN11upstep_workC2Ev
calls=1 0 
0 105
cfn=(1642)
calls=1 0 
0 105
cfn=(1640)
calls=1 0 
0 105
cfn=(1638)
calls=1 0 
0 105
cfn=(1636)
calls=1 0 
0 105
cfn=(1634)
calls=1 0 
0 105
cfn=(1632)
calls=1 0 
0 424
cfn=(1630)
calls=1 0 
0 105
cfn=(1628)
calls=1 0 
0 105
cfn=(1626)
calls=1 0 
0 105
cfn=(1624)
calls=1 0 
0 105
cfn=(1622)
calls=1 0 
0 105
cfn=(1620)
calls=1 0 
0 105
cfn=(1618)
calls=1 0 
0 105
cfn=(1616)
calls=1 0 
0 105
cfn=(1614)
calls=1 0 
0 105
cfn=(1612)
calls=1 0 
0 105
cfn=(1610)
calls=1 0 
0 105
cfn=(1608) _GLOBAL__sub_I__ZN20action_on_spread_setC2Ev
calls=1 0 
0 105
cfn=(1606) _GLOBAL__sub_I__ZN14action_on_signC2Ev
calls=1 0 
0 105
cfn=(1604)
calls=1 0 
0 105
cfn=(1602)
calls=1 0 
0 105
cfn=(1600)
calls=1 0 
0 105
cfn=(1598)
calls=1 0 
0 105
cfn=(1596) _GLOBAL__sub_I__ZN33action_on_homogeneous_polynomialsC2Ev
calls=1 0 
0 105
cfn=(1594)
calls=1 0 
0 105
cfn=(1592)
calls=1 0 
0 105
cfn=(1590)
calls=1 0 
0 105
cfn=(1588)
calls=1 0 
0 105
cfn=(1586)
calls=1 0 
0 105
cfn=(1584)
calls=1 0 
0 105
cfn=(1582)
calls=1 0 
0 105
cfn=(1580)
calls=1 0 
0 105
cfn=(1578) _GLOBAL__sub_I__ZN21action_by_restrictionC2Ev
calls=1 0 
0 105
cfn=(1576)
calls=1 0 
0 105
cfn=(1574)
calls=1 0 
0 105
cfn=(1572)
calls=1 0 
0 105
cfn=(1570)
calls=1 0 
0 105
cfn=(1568)
calls=1 0 
0 424
cfn=(1566)
calls=1 0 
0 105
cfn=(1564) _GLOBAL__sub_I__ZN8schreierC2Ev
calls=1 0 
0 105
cfn=(1562)
calls=1 0 
0 105
cfn=(1560)
calls=1 0 
0 105
cfn=(1558)
calls=1 0 
0 105
cfn=(1556)
calls=1 0 
0 105
cfn=(1554) _GLOBAL__sub_I__Z27perm_group_element_image_ofR6actionlPvl
calls=1 0 
0 105
cfn=(1552)
calls=1 0 
0 105
cfn=(1550)
calls=1 0 
0 105
cfn=(1548) _GLOBAL__sub_I__Z31induced_action_element_image_ofR6actionlPvl
calls=1 0 
0 105
cfn=(1546)
calls=1 0 
0 105
cfn=(1544)
calls=1 0 
0 105
cfn=(1542) _GLOBAL__sub_I__Z42create_automorphism_group_from_group_tablePKcPllS1_lRP17strong_generatorsl
calls=1 0 
0 105
cfn=(1540) _GLOBAL__sub_I__ZN6action8image_ofEPvl
calls=1 0 
0 105
cfn=(1538)
calls=1 0 
0 105
cfn=(1536)
calls=1 0 
0 105
cfn=(1534) _GLOBAL__sub_I__ZN18set_and_stabilizerC2Ev
calls=1 0 
0 105
cfn=(1532)
calls=1 0 
0 105
cfn=(1530)
calls=1 0 
0 105
cfn=(1528)
calls=1 0 
0 105
cfn=(1526) _GLOBAL__sub_I_diophant_user_callback_solution_found
calls=1 0 
0 105
cfn=(1524) _GLOBAL__sub_I__ZN13memory_objectC2Ev
calls=1 0 
0 105
cfn=(1522)
calls=1 0 
0 105
cfn=(1520)
calls=1 0 
0 105
cfn=(1518)
calls=1 0 
0 105
cfn=(1516)
calls=1 0 
0 105
cfn=(1514)
calls=1 0 
0 105
cfn=(1512)
calls=1 0 
0 105
cfn=(1510)
calls=1 0 
0 105
cfn=(1508) _GLOBAL__sub_I__Z10count_Sbarll
calls=1 0 
0 105
cfn=(1506)
calls=1 0 
0 105
cfn=(1504)
calls=1 0 
0 431
cfn=(1502)
calls=1 0 
0 105
cfn=(1500)
calls=1 0 
0 105
cfn=(1498)
calls=1 0 
0 105
cfn=(1496)
calls=1 0 
0 105
cfn=(1494)
calls=1 0 
0 105
cfn=(1492)
calls=1 0 
0 105
cfn=(1490)
calls=1 0 
0 105
cfn=(1488)
calls=1 0 
0 105
cfn=(1486)
calls=1 0 
0 105
cfn=(1484) _GLOBAL__sub_I_longinteger_f_print_scientific
calls=1 0 
0 105
cfn=(1482) _GLOBAL__sub_I__ZN18longinteger_domain7compareER18longinteger_objectS1_
calls=1 0 
0 105
cfn=(1480)
calls=1 0 
0 105
cfn=(1478) _GLOBAL__sub_I__Z19diagonal_orbit_permlR12finite_fieldPlS1_l
calls=1 0 
0 105
cfn=(1476)
calls=1 0 
0 105
cfn=(1474)
calls=1 0 
0 105
cfn=(1472)
calls=1 0 
0 105
cfn=(1470)
calls=1 0 
0 105
cfn=(1468)
calls=1 0 
0 105
cfn=(1466)
calls=1 0 
0 105
cfn=(1464)
calls=1 0 
0 105
cfn=(1462) _GLOBAL__sub_I__ZN7unipolyC2Ev
calls=1 0 
0 105
cfn=(1460) _GLOBAL__sub_I_current_permutation_print_type
calls=1 0 
0 105
cfn=(1458)
calls=1 0 
0 105
cfn=(1456)
calls=1 0 
0 105
cfn=(1454)
calls=1 0 
0 105
cfn=(1452)
calls=1 0 
0 105
cfn=(1450)
calls=1 0 
0 105
cfn=(1448)
calls=1 0 
0 105
cfn=(1446)
calls=1 0 
0 105
cfn=(1444)
calls=1 0 
0 105
cfn=(1442)
calls=1 0 
0 105
cfn=(1430) _GLOBAL__sub_I__ZN14classificationC2Ev
calls=1 0 
0 1207
cfn=(1428)
calls=1 0 
0 105
cfn=(1426)
calls=1 0 
0 105
cfn=(1424)
calls=1 0 
0 105
cfn=(1422)
calls=1 0 
0 105
cfn=(1420)
calls=1 0 
0 105
cfn=(1418) _GLOBAL__sub_I__ZN12linear_groupC2Ev
calls=1 0 
0 105
cfn=(1416)
calls=1 0 
0 105
cfn=(1414)
calls=1 0 
0 105
cfn=(1276)
calls=1 0 
0 25128
cfn=(1274)
calls=1 0 
0 105
cfn=(1272)
calls=1 0 
0 105
cfn=(1270)
calls=1 0 
0 105
cfn=(1268)
calls=1 0 
0 105
cfn=(1266)
calls=1 0 
0 105
cfn=(1264)
calls=1 0 
0 105
cfn=(1262) _GLOBAL__sub_I__Z14nb_PG_elementsll
calls=1 0 
0 105
cfn=(1260) _GLOBAL__sub_I__Z18INT_vec_search_vecPllS_lS_
calls=1 0 
0 105
cfn=(1258)
calls=1 0 
0 105
cfn=(1256)
calls=1 0 
0 105
cfn=(1254)
calls=1 0 
0 105
cfn=(1252)
calls=1 0 
0 105
cfn=(1250)
calls=1 0 
0 105
cfn=(1248)
calls=1 0 
0 105
cfn=(1246)
calls=1 0 
0 105
cfn=(712) _GLOBAL__sub_I_t0
calls=1 0 
0 105544
0 530

fn=(712)
0 5
cfn=(714) __static_initialization_and_destruction_0(int, int)
calls=1 0 
0 105537
0 2

fn=(714)
0 11
cob=(7)
cfi=(103)
cfn=(718)
calls=1 0 
0 105445
0 1
0 5
cob=(3)
cfi=(106)
cfn=(496)
calls=1 65 
0 71
0 1
0 3

fn=(1260)
0 3
cob=(7)
cfi=(103)
cfn=(718)
calls=1 0 
0 24
0 1
0 5
cob=(3)
cfi=(106)
cfn=(496)
calls=1 65 
0 71
0 1

fn=(1430)
0 3
cob=(7)
cfi=(103)
cfn=(718)
calls=1 0 
0 24
0 1
0 5
cob=(3)
cfi=(106)
cfn=(496)
calls=1 65 
0 1173
0 1

fn=(1460)
0 3
cob=(7)
cfi=(103)
cfn=(718)
calls=1 0 
0 24
0 1
0 5
cob=(3)
cfi=(106)
cfn=(496)
calls=1 65 
0 71
0 1

fn=(1478)
0 3
cob=(7)
cfi=(103)
cfn=(718)
calls=1 0 
0 24
0 1
0 5
cob=(3)
cfi=(106)
cfn=(496)
calls=1 65 
0 71
0 1

fn=(1524)
0 3
cob=(7)
cfi=(103)
cfn=(718)
calls=1 0 
0 24
0 1
0 5
cob=(3)
cfi=(106)
cfn=(496)
calls=1 65 
0 71
0 1

fn=(1540)
0 3
cob=(7)
cfi=(103)
cfn=(718)
calls=1 0 
0 24
0 1
0 5
cob=(3)
cfi=(106)
cfn=(496)
calls=1 65 
0 71
0 1

fn=(1548)
0 3
cob=(7)
cfi=(103)
cfn=(718)
calls=1 0 
0 24
0 1
0 5
cob=(3)
cfi=(106)
cfn=(496)
calls=1 65 
0 71
0 1

fn=(1564)
0 3
cob=(7)
cfi=(103)
cfn=(718)
calls=1 0 
0 24
0 1
0 5
cob=(3)
cfi=(106)
cfn=(496)
calls=1 65 
0 71
0 1

fn=(1596)
0 3
cob=(7)
cfi=(103)
cfn=(718)
calls=1 0 
0 24
0 1
0 5
cob=(3)
cfi=(106)
cfn=(496)
calls=1 65 
0 71
0 1

fn=(1606)
0 3
cob=(7)
cfi=(103)
cfn=(718)
calls=1 0 
0 24
0 1
0 5
cob=(3)
cfi=(106)
cfn=(496)
calls=1 65 
0 71
0 1

fn=(1654)
0 3
cob=(7)
cfi=(103)
cfn=(718)
calls=1 0 
0 24
0 1
0 5
cob=(3)
cfi=(106)
cfn=(496)
calls=1 65 
0 71
0 1

fn=(1660)
0 3
cob=(7)
cfi=(103)
cfn=(718)
calls=1 0 
0 24
0 1
0 5
cob=(3)
cfi=(106)
cfn=(496)
calls=1 65 
0 71
0 1

fn=(1676)
0 3
cob=(7)
cfi=(103)
cfn=(718)
calls=1 0 
0 24
0 1
0 5
cob=(3)
cfi=(106)
cfn=(496)
calls=1 65 
0 71
0 1

fn=(1698)
0 3
cob=(7)
cfi=(103)
cfn=(718)
calls=1 0 
0 24
0 1
0 5
cob=(3)
cfi=(106)
cfn=(496)
calls=1 65 
0 71
0 1

fn=(1718)
0 3
cob=(7)
cfi=(103)
cfn=(718)
calls=1 0 
0 24
0 1
0 5
cob=(3)
cfi=(106)
cfn=(496)
calls=1 65 
0 71
0 1

fn=(1808)
0 15
cfn=(1810)
calls=1 0 
0 31
0 8
cfn=(1812)
calls=1 0 
0 261
0 19
cfn=(1814)
calls=1 0 
0 14021
0 1

fn=(1846)
0 12
cfn=(1844)
calls=1 0 
0 266
0 6
cfn=(1844)
calls=1 0 
0 266
0 19
cfn=(1848)
calls=1 0 
0 343
0 1

fn=(1860)
0 2056

fn=(1862) strong_generators::init_linear_group_from_scratch(action*&, finite_field*, long, long, long, long, long, long, long)
0 23
cob=(7)
cfi=(103)
cfn=(1412)
calls=1 0 
0 214
0 1
0 3
cfn=(1864)
calls=1 0 
0 62
0 7
cfn=(1798)
calls=1 0 
0 28
0 13
cfn=(1868)
calls=1 0 
0 42121203
0 11
cob=(7)
cfi=(103)
cfn=(1282)
calls=1 0 
0 473
0 1
0 11
cob=(7)
cfi=(103)
cfn=(1336)
calls=1 0 
0 252
0 1
0 2
cob=(7)
cfi=(103)
cfn=(1356)
calls=1 0 
0 86
0 1
0 5
cob=(7)
cfi=(103)
cfn=(1282)
calls=1 0 
0 568
0 1
0 11
cob=(7)
cfi=(103)
cfn=(1336)
calls=1 0 
0 252
0 1
0 2
cob=(7)
cfi=(103)
cfn=(1356)
calls=1 0 
0 86
0 1
0 5
cob=(7)
cfi=(103)
cfn=(1282)
calls=1 0 
0 683
0 1
0 11
cob=(7)
cfi=(103)
cfn=(1336)
calls=1 0 
0 252
0 1
0 2
cob=(7)
cfi=(103)
cfn=(1356)
calls=1 0 
0 86
0 1
0 4
cfn=(2088)
calls=1 0 
0 46778529
0 5
cfn=(2056)
calls=1 0 
0 4169
0 5
cfn=(2184)
calls=1 0 
0 27
0 4
cfn=(2192)
calls=1 0 
0 8965
0 3
cob=(7)
cfi=(103)
cfn=(2190)
calls=1 0 
0 76
0 1
0 4
cob=(7)
cfi=(103)
cfn=(1282)
calls=1 0 
0 663
0 1
0 10
cob=(7)
cfi=(103)
cfn=(1336)
calls=1 0 
0 252
0 1
0 2
cob=(7)
cfi=(103)
cfn=(1356)
calls=1 0 
0 86
0 1
0 4
cfn=(2198)
calls=1 0 
0 304231
0 2
cfn=(2236)
calls=1 0 
0 214730
0 4
cob=(7)
cfi=(103)
cfn=(1282)
calls=1 0 
0 498
0 1
0 10
cob=(7)
cfi=(103)
cfn=(1336)
calls=1 0 
0 252
0 1
0 9
cob=(7)
cfi=(103)
cfn=(1356)
calls=1 0 
0 86
0 1

fn=(1926)
0 40

fn=(1932)
0 220
cfn=(1936)
calls=8 0 
0 2883419
0 56
cfn=(1934) nb_PG_elements_not_in_subspace(long, long, long)
calls=8 0 
0 392
0 86
cfn=(1944)
calls=2 0 
0 50
0 26
cfn=(1844)
calls=2 0 
0 176
0 10
cfn=(1874)
calls=2 0 
0 64
0 10
cfn=(1944)
calls=2 0 
0 50
0 4371
cfn=(1948)
calls=2 0 
0 64
0 41448
cfn=(1948)
calls=3454 0 
0 110528
0 93312
cfn=(1950)
calls=3456 0 
0 1052730
0 44942
cfn=(1942)
calls=2 0 
0 210
0 6926

fn=(1950)
0 49130251
cfn=(1952)
calls=692067 0 
0 6920670
0 14186292
cfn=(1854)
calls=759 0 
0 18975
0 11385
cfn=(1854)
calls=759 0 
0 18975
0 1888344
cfn=(1854)
calls=236043 0 
0 5901075
0 3552030
cfn=(1854)
calls=236802 0 
0 5920050
0 3275176
cfn=(1854)
calls=409397 0 
0 10234925
0 9692985
cfn=(1854)
calls=646199 0 
0 16154975
0 285144
cfn=(1854)
calls=35643 0 
0 891075
0 10227630
cfn=(1854)
calls=681842 0 
0 17046050
0 57744
cfn=(1854)
calls=7218 0 
0 180450
0 152770225

fn=(1952)
0 11718490

fn=(1960)
0 9248
cfn=(1844)
calls=578 0 
0 63280
0 3468
cfn=(1844)
calls=578 0 
0 73274
0 3468
cfn=(1844)
calls=578 0 
0 72621
0 3468
cfn=(1844)
calls=578 0 
0 157481
0 3468
cfn=(1844)
calls=578 0 
0 89463
0 3468
cfn=(1844)
calls=578 0 
0 97364
0 3468
cfn=(1844)
calls=578 0 
0 102762
0 3468
cfn=(1844)
calls=578 0 
0 119499
0 3468
cfn=(1844)
calls=578 0 
0 117948
0 3468
cfn=(1902)
calls=578 0 
0 49047
0 3468
cfn=(1812)
calls=578 0 
0 49219
0 2890

fn=(1964)
0 38
cob=(7)
cfi=(103)
cfn=(1412)
calls=2 0 
0 448
0 2
0 6
cfn=(1860)
calls=2 0 
0 8
0 14
cfn=(1798)
calls=2 0 
0 56
0 20
cfn=(1972)
calls=2 0 
0 49478
0 14
cfn=(1942)
calls=2 0 
0 308
0 8
cob=(7)
cfi=(103)
cfn=(1282)
calls=1 0 
0 748
0 1
0 11
cob=(7)
cfi=(103)
cfn=(1336)
calls=1 0 
0 252
0 1
0 2
cob=(7)
cfi=(103)
cfn=(1356)
calls=1 0 
0 86
0 1
0 26
cob=(7)
cfi=(103)
cfn=(1282)
calls=1 0 
0 483
0 1
0 11
cob=(7)
cfi=(103)
cfn=(1336)
calls=1 0 
0 252
0 1
0 2
cob=(7)
cfi=(103)
cfn=(1356)
calls=1 0 
0 86
0 1
0 8
cob=(7)
cfi=(103)
cfn=(1282)
calls=1 0 
0 703
0 1
0 10
cob=(7)
cfi=(103)
cfn=(1336)
calls=1 0 
0 252
0 1
0 2
cob=(7)
cfi=(103)
cfn=(1356)
calls=1 0 
0 86
0 1
0 4
cob=(7)
cfi=(103)
cfn=(1282)
calls=1 0 
0 243
0 1
0 3
cob=(7)
cfi=(103)
cfn=(1378)
calls=1 0 
0 385
0 1
0 11
cob=(7)
cfi=(103)
cfn=(1336)
calls=1 0 
0 252
0 1
0 2
cob=(7)
cfi=(103)
cfn=(1356)
calls=1 0 
0 86
0 1
0 4
cob=(7)
cfi=(103)
cfn=(1282)
calls=1 0 
0 243
0 1
0 3
cob=(7)
cfi=(103)
cfn=(1378)
calls=1 0 
0 404
0 1
0 11
cob=(7)
cfi=(103)
cfn=(1336)
calls=1 0 
0 252
0 1
0 2
cob=(7)
cfi=(103)
cfn=(1356)
calls=1 0 
0 86
0 1
0 4
cob=(7)
cfi=(103)
cfn=(1282)
calls=1 0 
0 243
0 1
0 3
cob=(7)
cfi=(103)
cfn=(1378)
calls=1 0 
0 404
0 1
0 10
cob=(7)
cfi=(103)
cfn=(1336)
calls=1 0 
0 252
0 1
0 2
cob=(7)
cfi=(103)
cfn=(1356)
calls=1 0 
0 86
0 1
0 4
cob=(7)
cfi=(103)
cfn=(1282)
calls=1 0 
0 243
0 1
0 3
cob=(7)
cfi=(103)
cfn=(1378)
calls=1 0 
0 385
0 1
0 11
cob=(7)
cfi=(103)
cfn=(1336)
calls=1 0 
0 252
0 1
0 2
cob=(7)
cfi=(103)
cfn=(1356)
calls=1 0 
0 86
0 1
0 4
cob=(7)
cfi=(103)
cfn=(1282)
calls=1 0 
0 294
0 1
0 3
cob=(7)
cfi=(103)
cfn=(1378)
calls=1 0 
0 388
0 1
0 11
cob=(7)
cfi=(103)
cfn=(1336)
calls=1 0 
0 252
0 1
0 2
cob=(7)
cfi=(103)
cfn=(1356)
calls=1 0 
0 86
0 1
0 22
cfn=(1966)
calls=2 0 
0 7302
0 6

fn=(1974)
0 25292

fn=(1986)
0 3210306
cfn=(1998)
calls=11030 0 
0 55150
0 123620
cfn=(1998)
calls=754 0 
0 3770
0 5278
cfn=(1998)
calls=754 0 
0 3770
0 2525
cfn=(1998)
calls=505 0 
0 2525
0 8813
cfn=(1998)
calls=1259 0 
0 6295
0 2525
cfn=(1998)
calls=505 0 
0 2525
0 12348
cfn=(1998)
calls=1764 0 
0 8820
0 17885
cfn=(1998)
calls=3577 0 
0 17885
0 37387
cfn=(1998)
calls=5341 0 
0 26705
0 9450
cfn=(1998)
calls=1890 0 
0 9450
0 50617
cfn=(1998)
calls=7231 0 
0 36155
0 16375
cfn=(1998)
calls=3275 0 
0 16375
0 52094
cfn=(1998)
calls=2014 0 
0 10070
0 2016
cfn=(1998)
calls=504 0 
0 2520
0 7554
cfn=(1998)
calls=2518 0 
0 12590
0 7554
cfn=(1998)
calls=2518 0 
0 12590
0 7554
cfn=(1998)
calls=2518 0 
0 12590
0 7554
cfn=(1998)
calls=2518 0 
0 12590
0 7554
cfn=(1998)
calls=2518 0 
0 12590
0 7554
cfn=(1998)
calls=2518 0 
0 12590
0 10072
cfn=(1998)
calls=2518 0 
0 12590
0 1874994
cfn=(1952)
calls=105934 0 
0 1059340
0 2445843
cfn=(1854)
calls=1007 0 
0 25175
0 6042
cfn=(1854)
calls=1007 0 
0 25175
0 2525
cfn=(1854)
calls=505 0 
0 12625
0 9072
cfn=(1854)
calls=1512 0 
0 37800
0 127905
cfn=(1854)
calls=25581 0 
0 639525
0 162558
cfn=(1854)
calls=27093 0 
0 677325
0 127940
cfn=(1854)
calls=25588 0 
0 639700
0 316086
cfn=(1854)
calls=52681 0 
0 1317025
0 132970
cfn=(1854)
calls=26594 0 
0 664850
0 475650
cfn=(1854)
calls=79275 0 
0 1981875
0 130775
cfn=(1854)
calls=26155 0 
0 653875
0 338960
cfn=(1854)
calls=4534 0 
0 113350
0 22670
cfn=(1854)
calls=4534 0 
0 113350
0 22670
cfn=(1854)
calls=4534 0 
0 113350
0 22670
cfn=(1854)
calls=4534 0 
0 113350
0 22670
cfn=(1854)
calls=4534 0 
0 113350
0 22670
cfn=(1854)
calls=4534 0 
0 113350
0 22670
cfn=(1854)
calls=4534 0 
0 113350
0 22670
cfn=(1854)
calls=4534 0 
0 113350
0 7291424
cfn=(1994)
calls=222373 0 
0 5336952
0 4060133
cfn=(1854)
calls=68423 0 
0 1710575
0 342115
cfn=(1996)
calls=68423 0 
0 2326382
0 478961
cfn=(1854)
calls=68423 0 
0 1710575
0 333450
cfn=(1854)
calls=55575 0 
0 1389375
0 495992
cfn=(1996)
calls=123998 0 
0 4215932
0 867986
cfn=(1854)
calls=123998 0 
0 3099950
0 331812
cfn=(1854)
calls=55302 0 
0 1382550
0 717200
cfn=(1996)
calls=179300 0 
0 6096200
0 1645806
cfn=(1854)
calls=184651 0 
0 4616275
0 1659475
cfn=(1854)
calls=331895 0 
0 8297375
0 2066184
cfn=(1996)
calls=516546 0 
0 17562564
0 3099276
cfn=(1854)
calls=516546 0 
0 12913650
0 2066184
cfn=(1996)
calls=516546 0 
0 17562564
0 3099276
cfn=(1854)
calls=516546 0 
0 12913650
0 2066184
cfn=(1996)
calls=516546 0 
0 17562564
0 3615822
cfn=(1854)
calls=516546 0 
0 12913650
0 2066184
cfn=(1996)
calls=516546 0 
0 17562564
0 11961831
cfn=(1854)
calls=1384 0 
0 34600
0 4152
cfn=(1994)
calls=1384 0 
0 33216
0 5536
cfn=(1996)
calls=1384 0 
0 47056
0 9688
cfn=(1854)
calls=1384 0 
0 34600
0 26190
cfn=(1854)
calls=5238 0 
0 130950
0 19866
cfn=(1994)
calls=6622 0 
0 158928
0 26488
cfn=(1996)
calls=6622 0 
0 225148
0 46354
cfn=(1854)
calls=6622 0 
0 165550
0 17790
cfn=(1854)
calls=3558 0 
0 88950
0 30540
cfn=(1994)
calls=10180 0 
0 244320
0 40720
cfn=(1996)
calls=10180 0 
0 346120
0 85250
cfn=(1854)
calls=8906 0 
0 222650
0 26718
cfn=(1994)
calls=8906 0 
0 213744
0 44530
cfn=(1996)
calls=8906 0 
0 302804
0 62342
cfn=(1854)
calls=8906 0 
0 222650
0 26718
cfn=(1994)
calls=8906 0 
0 213744
0 35624
cfn=(1996)
calls=8906 0 
0 302804
0 71248
cfn=(1854)
calls=8906 0 
0 222650
0 26718
cfn=(1994)
calls=8906 0 
0 213744
0 35624
cfn=(1996)
calls=8906 0 
0 302804
0 80154
cfn=(1854)
calls=8906 0 
0 222650
0 26718
cfn=(1994)
calls=8906 0 
0 213744
0 35624
cfn=(1996)
calls=8906 0 
0 302804
0 2684513
cfn=(1854)
calls=124 0 
0 3100
0 496
cfn=(1996)
calls=124 0 
0 4216
0 1240
cfn=(1854)
calls=124 0 
0 3100
0 496
cfn=(1996)
calls=124 0 
0 4216
0 257796
cfn=(1854)
calls=25730 0 
0 643250
0 102920
cfn=(1996)
calls=25730 0 
0 874820
0 154380
cfn=(1854)
calls=25730 0 
0 643250
0 102920
cfn=(1996)
calls=25730 0 
0 874820
0 154380
cfn=(1854)
calls=25730 0 
0 643250
0 102920
cfn=(1996)
calls=25730 0 
0 874820
0 180110
cfn=(1854)
calls=25730 0 
0 643250
0 102920
cfn=(1996)
calls=25730 0 
0 874820
0 3173551
cfn=(1854)
calls=6 0 
0 150
0 36
cfn=(1854)
calls=6 0 
0 150
0 36
cfn=(1854)
calls=6 0 
0 150
0 490200
cfn=(1854)
calls=98040 0 
0 2451000
0 588276
cfn=(1854)
calls=98046 0 
0 2451150
0 588276
cfn=(1854)
calls=98046 0 
0 2451150
0 10400
cfn=(1854)
calls=2080 0 
0 52000
0 600756
cfn=(1854)
calls=100126 0 
0 2503150
0 410443
cfn=(1854)
calls=502 0 
0 12550
0 103947
cfn=(1854)
calls=137 0 
0 3425
0 411
cfn=(1994)
calls=137 0 
0 3288
0 548
cfn=(1996)
calls=137 0 
0 4658
0 1096
cfn=(1854)
calls=137 0 
0 3425
0 411
cfn=(1994)
calls=137 0 
0 3288
0 548
cfn=(1996)
calls=137 0 
0 4658
0 66947
cfn=(1854)
calls=8317 0 
0 207925
0 24951
cfn=(1994)
calls=8317 0 
0 199608
0 33268
cfn=(1996)
calls=8317 0 
0 282778
0 49902
cfn=(1854)
calls=8317 0 
0 207925
0 24951
cfn=(1994)
calls=8317 0 
0 199608
0 33268
cfn=(1996)
calls=8317 0 
0 282778
0 49902
cfn=(1854)
calls=8317 0 
0 207925
0 24951
cfn=(1994)
calls=8317 0 
0 199608
0 33268
cfn=(1996)
calls=8317 0 
0 282778
0 58219
cfn=(1854)
calls=8317 0 
0 207925
0 24951
cfn=(1994)
calls=8317 0 
0 199608
0 33268
cfn=(1996)
calls=8317 0 
0 282778
0 248421
cfn=(1998)
calls=4 0 
0 20
0 16
cfn=(1998)
calls=4 0 
0 20
0 29492
cfn=(1998)
calls=7373 0 
0 36865
0 29492
cfn=(1998)
calls=7373 0 
0 36865
0 29552
cfn=(1998)
calls=7388 0 
0 36940
0 29552
cfn=(1998)
calls=7388 0 
0 36940
0 18242
cfn=(1998)
calls=504 0 
0 2520
0 1008

fn=(1988)
0 58093
cfn=(3157)
calls=257 0 
0 43433
cfn=(3156)
calls=25173 0 
0 4942039
cfn=(1990)
calls=32663 0 
0 4391577

fn=(1989)
0 54415
cfn=(1990)
calls=25430 0 
0 3570682
cfn=(3157)
calls=28985 0 
0 4896905

fn=(2026)
0 19440
cfn=(1930)
calls=1080 0 
0 96023
0 9940
cfn=(1844)
calls=670 0 
0 180078
0 6040
cfn=(1844)
calls=1208 0 
0 345198
0 22379632

fn=(2030)
0 1245438
cfn=(3046)
calls=319231 0 
0 4900812748
cfn=(2032) matrix_group_element_image_of(action&, long, void*, long)
calls=303488 0 
0 502976827

fn=(2031)
0 1238240
cfn=(3047)
calls=619120 0 
0 9307993679

fn=(2034) matrix_group::image_of_element(long*, long, long)
0 12139520
cfn=(2036)
calls=303488 0 
0 32795411
0 1820928
cfn=(2038)
calls=303488 0 
0 393016960
0 1820928
cfn=(1950)
calls=303488 0 
0 53795880
0 606976

fn=(2054)
0 534706
cob=(7)
cfi=(103)
cfn=(1412)
calls=2 0 
0 108
0 2
0 6
cfn=(1860)
calls=2 0 
0 8
0 14
cfn=(1798)
calls=2 0 
0 56
0 10
cfn=(2056)
calls=2 0 
0 5122
0 8
cob=(7)
cfi=(103)
cfn=(1282)
calls=1 0 
0 337
0 1
0 6
cfn=(2060)
calls=1 0 
0 355
0 23804
cob=(7)
cfi=(103)
cfn=(1282)
calls=1 0 
0 433
0 1
0 3
cob=(7)
cfi=(103)
cfn=(1378)
calls=1 0 
0 385
0 1
0 11
cob=(7)
cfi=(103)
cfn=(1336)
calls=1 0 
0 252
0 1
0 2
cob=(7)
cfi=(103)
cfn=(1356)
calls=1 0 
0 86
0 1
0 13
cob=(7)
cfi=(103)
cfn=(1282)
calls=1 0 
0 352
0 1
0 2
cob=(3)
cfi=(125)
cfn=(876)
calls=1 52 
0 15
0 1
0 4
cob=(7)
cfi=(103)
cfn=(1282)
calls=1 0 
0 269
0 1
0 4
cob=(7)
cfi=(103)
cfn=(1282)
calls=1 0 
0 289
0 1
0 3
cob=(7)
cfi=(103)
cfn=(1378)
calls=1 0 
0 385
0 1
0 11
cob=(7)
cfi=(103)
cfn=(1336)
calls=1 0 
0 252
0 1
0 2
cob=(7)
cfi=(103)
cfn=(1356)
calls=1 0 
0 86
0 1
0 2

fn=(2058)
0 17476
cfn=(2006)
calls=1028 0 
0 15420
0 3084
cfn=(2016)
calls=1028 0 
0 182972
0 53624
cfn=(2012)
calls=1243 0 
0 11187
0 4972
cfn=(2012)
calls=1243 0 
0 11187
0 6215
cfn=(1988)
calls=1243 0 
0 167136
0 81091

fn=(2068)
0 35956
cfn=(1818)
calls=2274 0 
0 261261
0 9096
cfn=(1842)
calls=2274 0 
0 36384
0 9294
cfn=(1842)
calls=3098 0 
0 49568
0 32232
cfn=(1812)
calls=5372 0 
0 535548
0 21488

fn=(2074)
0 1450218

fn=(2086)
0 8215
cob=(7)
cfi=(103)
cfn=(1282)
calls=33 0 
0 7821
0 33
0 1017
cob=(7)
cfi=(103)
cfn=(1282)
calls=113 0 
0 26724
0 113
0 2835
cob=(7)
cfi=(103)
cfn=(1282)
calls=315 0 
0 74541
0 315
0 1902
cob=(7)
cfi=(103)
cfn=(1282)
calls=159 0 
0 37512
0 159
0 1272
cob=(7)
cfi=(103)
cfn=(1282)
calls=159 0 
0 37512
0 159
0 1272
cob=(7)
cfi=(103)
cfn=(1282)
calls=159 0 
0 37512
0 159
0 1431
cob=(7)
cfi=(103)
cfn=(1282)
calls=159 0 
0 37512
0 159
0 4170

fn=(2092)
0 3904
cob=(7)
cfi=(103)
cfn=(1412)
calls=244 0 
0 13508
0 244
0 732
cfn=(2094) schreier_sims::schreier_sims()
calls=244 0 
0 14152
0 1708
cfn=(1798)
calls=244 0 
0 6832
0 1464
cfn=(2096)
calls=244 0 
0 20876893
0 1464
cfn=(2102)
calls=244 0 
0 3172
0 732
cfn=(2104)
calls=244 0 
0 289706963
0 1708
cfn=(2184)
calls=244 0 
0 6588
0 488
cfn=(2186)
calls=244 0 
0 174489
0 732
cob=(7)
cfi=(103)
cfn=(2190)
calls=244 0 
0 18544
0 244
0 3660
cfn=(2100)
calls=244 0 
0 61863
0 244

fn=(2134)
0 3110718
cfn=(2136)
calls=79762 0 
0 386207604
0 239286

fn=(2160)
0 22445
cob=(3)
cfi=(156)
cfn=(2164)
calls=4489 26 
0 237629
0 4489
0 53868

fn=(2232)
0 180
cfn=(1844)
calls=9 0 
0 792
0 54
cfn=(1970)
calls=9 0 
0 855
0 54
cfn=(2234)
calls=9 0 
0 806
0 144
cob=(7)
cfi=(103)
cfn=(1378)
calls=9 0 
0 4539
0 9
0 297
cob=(7)
cfi=(103)
cfn=(1378)
calls=27 0 
0 13683
0 27
0 972
cob=(7)
cfi=(103)
cfn=(1378)
calls=108 0 
0 54669
0 108
0 576
cob=(7)
cfi=(103)
cfn=(1282)
calls=144 0 
0 34128
0 144
0 828
cob=(7)
cfi=(103)
cfn=(1336)
calls=36 0 
0 9072
0 36
0 72
cob=(7)
cfi=(103)
cfn=(1356)
calls=36 0 
0 3096
0 36
0 216
cfn=(1942)
calls=9 0 
0 945

fn=(2244)
0 1292
cfn=(1844)
calls=68 0 
0 5984
0 408
cfn=(1970)
calls=68 0 
0 6012
0 408
cob=(7)
cfi=(103)
cfn=(1282)
calls=68 0 
0 17748
0 68
0 680
cob=(7)
cfi=(103)
cfn=(1336)
calls=68 0 
0 17136
0 68
0 136
cob=(7)
cfi=(103)
cfn=(1356)
calls=68 0 
0 5848
0 68
0 272
cob=(7)
cfi=(103)
cfn=(1282)
calls=68 0 
0 20876
0 68
0 204
cob=(7)
cfi=(103)
cfn=(1378)
calls=68 0 
0 26180
0 68
0 340
cob=(7)
cfi=(103)
cfn=(1282)
calls=68 0 
0 17408
0 68
0 680
cob=(7)
cfi=(103)
cfn=(1336)
calls=68 0 
0 17136
0 68
0 136
cob=(7)
cfi=(103)
cfn=(1356)
calls=68 0 
0 5848
0 68
0 1020
cfn=(2246)
calls=68 0 
0 1632
0 1632
cfn=(2246)
calls=204 0 
0 4896
0 4896
cfn=(2246)
calls=816 0 
0 19584
0 9792
cob=(7)
cfi=(103)
cfn=(1378)
calls=1088 0 
0 534945
0 1088
0 4352
cob=(7)
cfi=(103)
cfn=(1282)
calls=1088 0 
0 257856
0 1088
0 6256
cob=(7)
cfi=(103)
cfn=(1282)
calls=272 0 
0 66096
0 272
0 2992
cob=(7)
cfi=(103)
cfn=(1336)
calls=272 0 
0 68544
0 272
0 544
cob=(7)
cfi=(103)
cfn=(1356)
calls=272 0 
0 23392
0 272
0 1088
cob=(7)
cfi=(103)
cfn=(1282)
calls=68 0 
0 19312
0 68
0 680
cob=(7)
cfi=(103)
cfn=(1336)
calls=68 0 
0 17136
0 68
0 136
cob=(7)
cfi=(103)
cfn=(1356)
calls=68 0 
0 5848
0 68
0 272
cob=(7)
cfi=(103)
cfn=(1282)
calls=68 0 
0 18088
0 68
0 680
cob=(7)
cfi=(103)
cfn=(1336)
calls=68 0 
0 17136
0 68
0 136
cob=(7)
cfi=(103)
cfn=(1356)
calls=68 0 
0 5848
0 68
0 1088
cfn=(1942)
calls=68 0 
0 7140
0 4080
cob=(7)
cfi=(103)
cfn=(1282)
calls=816 0 
0 202368
0 816
0 2856
cfn=(2234)
calls=68 0 
0 27880
0 68

fn=(2250)
0 7

fn=(2252)
0 25
cfn=(1874)
calls=1 0 
0 45
0 7
cfn=(1844)
calls=1 0 
0 88
0 6
cfn=(1844)
calls=1 0 
0 88
0 6
cfn=(1844)
calls=1 0 
0 88
0 11
cob=(7)
cfi=(103)
cfn=(1282)
calls=1 0 
0 372
0 1
0 12
cob=(7)
cfi=(103)
cfn=(1336)
calls=1 0 
0 252
0 1
0 2
cob=(7)
cfi=(103)
cfn=(1356)
calls=1 0 
0 86
0 1
0 4
cob=(7)
cfi=(103)
cfn=(1282)
calls=1 0 
0 332
0 1
0 2
cob=(3)
cfi=(125)
cfn=(876)
calls=1 52 
0 15
0 1
0 4
cob=(7)
cfi=(103)
cfn=(1282)
calls=1 0 
0 269
0 1
0 10
cob=(7)
cfi=(103)
cfn=(1336)
calls=1 0 
0 252
0 1
0 2
cob=(7)
cfi=(103)
cfn=(1356)
calls=1 0 
0 86
0 1
0 1

fn=(2292)
0 2421282
cfn=(1946)
calls=78453 0 
0 1632185
0 3849
cfn=(1946)
calls=1283 0 
0 27035
0 318944
cfn=(1946)
calls=79736 0 
0 1041744
0 318944
cfn=(2294)
calls=79736 0 
0 1602370
0 956832
cfn=(2294)
calls=79736 0 
0 1594720
0 1598569
cfn=(2293) generalized_binomial(long, long, long)'2
calls=1283 0 
0 9138
0 5132
cfn=(1946)
calls=1283 0 
0 21903
0 5132
cfn=(1946)
calls=1283 0 
0 16723
0 5132
cfn=(2294)
calls=1283 0 
0 25714
0 15396
cfn=(2294)
calls=1283 0 
0 25660
0 15396

fn=(2293)
0 7864
cfn=(1946)
calls=7 0 
0 127
0 6
cfn=(1946)
calls=2 0 
0 50
0 36
cfn=(1946)
calls=9 0 
0 129
0 36
cfn=(2294)
calls=9 0 
0 186
0 108
cfn=(2294)
calls=9 0 
0 180
0 186
cfn=(2293)
calls=2 0 
0 140
0 8
cfn=(1946)
calls=2 0 
0 42
0 8
cfn=(1946)
calls=2 0 
0 30
0 8
cfn=(2294)
calls=2 0 
0 46
0 24
cfn=(2294)
calls=2 0 
0 40
0 24

fn=(2304)
0 3973645
cfn=(1946)
calls=73764 0 
0 1240085
0 672551
cfn=(2292)
calls=73764 0 
0 10206118
0 437379
cfn=(2306)
calls=72029 0 
0 3547821
0 9645678
cfn=(1948)
calls=71698 0 
0 1777967
0 1439918
cfn=(2305) grassmann::unrank_INT(long, long) [clone .part.3]'2
calls=72029 0 
0 16948745
0 1374221

fn=(2305)
0 3687682
cfn=(1946)
calls=81273 0 
0 1319576
0 774527
cfn=(2292)
calls=81273 0 
0 562148
0 461796
cfn=(2306)
calls=72659 0 
0 2901704
0 2718317
cfn=(1948)
calls=70938 0 
0 1712984
0 369303
cfn=(2305)
calls=630 0 
0 116403
0 2440708

fn=(2388)
0 699941
cfn=(2390)
calls=36839 0 
0 7136138
0 594412
cfn=(2348)
calls=36345 0 
0 3052980
0 181725
cfn=(1854)
calls=36345 0 
0 908625
0 145380
cfn=(2338)
calls=36345 0 
0 2689530
0 254130
cfn=(2334)
calls=30240 0 
0 2540160
0 332640
cfn=(1994)
calls=30240 0 
0 725760
0 695520
cfn=(1854)
calls=30240 0 
0 756000
0 120960
cfn=(1996)
calls=30240 0 
0 1028160
0 211680
cfn=(1854)
calls=30240 0 
0 756000
0 120960
cfn=(1996)
calls=30240 0 
0 1028160
0 362880
cfn=(1952)
calls=30240 0 
0 302400
0 423360
cfn=(1854)
calls=30240 0 
0 756000
0 211680
cfn=(1854)
calls=30240 0 
0 756000
0 302400
cfn=(2394)
calls=30240 0 
0 14929776
0 563179
cfn=(2390)
calls=6105 0 
0 225878
0 79367
cfn=(2392)
calls=6105 0 
0 1981708
0 27096
cfn=(2389) Sbar_rank(finite_field&, long*, long, long, long&)'2
calls=446 0 
0 124956
0 9722

fn=(2389)
0 12236
cfn=(2390)
calls=644 0 
0 29136
0 7438
cfn=(2348)
calls=248 0 
0 2976
0 1240
cfn=(1854)
calls=248 0 
0 6200
0 992
cfn=(2338)
calls=248 0 
0 4464
0 1360
cfn=(2334)
calls=144 0 
0 3888
0 1584
cfn=(1994)
calls=144 0 
0 3456
0 3024
cfn=(1854)
calls=144 0 
0 3600
0 576
cfn=(1996)
calls=144 0 
0 4896
0 1728
cfn=(1952)
calls=144 0 
0 1440
0 1728
cfn=(1854)
calls=144 0 
0 3600
0 1440
cfn=(2394)
calls=144 0 
0 7200
0 9083
cfn=(2390)
calls=104 0 
0 3848
0 1352
cfn=(2392)
calls=104 0 
0 3528
0 1604
cfn=(2389)
calls=198 0 
0 16818
0 1339

fn=(2396)
0 1049934
cfn=(1854)
calls=1 0 
0 25
0 4
cfn=(1996)
calls=1 0 
0 34
0 7
cfn=(1854)
calls=1 0 
0 25
0 4
cfn=(1996)
calls=1 0 
0 34
0 7
cfn=(1854)
calls=1 0 
0 25
0 273888
cfn=(1854)
calls=45648 0 
0 1141200
0 182596
cfn=(1996)
calls=45649 0 
0 1552066
0 547788

fn=(2458)
0 4818
cfn=(2460)
calls=225 0 
0 12230
0 1482
cfn=(2448)
calls=115 0 
0 14196
0 3391

fn=(3468)
0 8712
cfn=(2368)
calls=396 0 
0 315253
0 3564
cfn=(3322)
calls=396 0 
0 236218
0 2772
cfn=(3470) finite_field::kernel_columns(long, long, long*, long*)
calls=396 0 
0 20668
0 15525
cfn=(3358)
calls=396 0 
0 1290438
0 2376
cfn=(1978)
calls=396 0 
0 1211287
0 8774

fn=(3470)
0 1980
cfn=(3472)
calls=396 0 
0 18688

fn=(3480)
0 45540
cfn=(3252)
calls=1980 0 
0 160743275
0 11880
cfn=(1970)
calls=1980 0 
0 87120
0 9900
cfn=(1988)
calls=1980 0 
0 266880
0 17820

fn=(2488)
0 129
cfn=(1818)
calls=9 0 
0 945
0 18
cfn=(1818)
calls=3 0 
0 315
0 39
cfn=(2472)
calls=3 0 
0 315
0 42
cfn=(1818)
calls=3 0 
0 315
0 54
cfn=(1818)
calls=9 0 
0 996
0 48
cfn=(2472)
calls=3 0 
0 315
0 21
cfn=(2434)
calls=3 0 
0 264
0 21
cfn=(2434)
calls=3 0 
0 264
0 24
cob=(3)
cfi=(148)
cfn=(1878)
calls=3 26 
0 1917
0 3
0 63
cob=(3)
cfi=(148)
cfn=(1878)
calls=9 26 
0 5805
0 9
0 312
cfn=(1812)
calls=12 0 
0 996
0 72
cob=(3)
cfi=(147)
cfn=(1840)
calls=12 32 
0 168
0 12
0 51
cob=(3)
cfi=(148)
cfn=(1878)
calls=3 26 
0 2070
0 3
0 63
cob=(3)
cfi=(148)
cfn=(1878)
calls=9 26 
0 6264
0 9
0 396
cfn=(1812)
calls=12 0 
0 1236
0 72
cob=(3)
cfi=(147)
cfn=(1840)
calls=12 32 
0 240
0 12
0 63

fn=(2550)
0 1200

fn=(2562)
0 13

fn=(2572) action_on_grassmannian::action_on_grassmannian()
0 4
cfn=(2064)
calls=1 0 
0 4
0 9

fn=(2594)
0 57
cfn=(1844)
calls=3 0 
0 264
0 18
cfn=(1970)
calls=3 0 
0 132
0 6
cob=(7)
cfi=(103)
cfn=(1412)
calls=3 0 
0 162
0 3
0 9
cfn=(1974)
calls=3 0 
0 12
0 21
cfn=(1798)
calls=3 0 
0 84
0 12
cfn=(2006)
calls=3 0 
0 45
0 12
cfn=(2016)
calls=3 0 
0 2891
0 27
cfn=(2012)
calls=3 0 
0 27
0 104
cfn=(2012)
calls=26 0 
0 234
0 145
cfn=(2012)
calls=29 0 
0 261
0 145
cfn=(1988)
calls=29 0 
0 3872
0 117

fn=(2600)
0 22
cfn=(1914)
calls=1 0 
0 212
0 13
cfn=(1970)
calls=1 0 
0 95
0 32
cfn=(1914)
calls=3 0 
0 636
0 12
cfn=(1946)
calls=3 0 
0 12
0 30
cfn=(1970)
calls=3 0 
0 285
0 29
cfn=(1942)
calls=1 0 
0 105
0 8
cfn=(1970)
calls=1 0 
0 95
0 4
cfn=(1914)
calls=1 0 
0 212
0 13
cfn=(1970)
calls=1 0 
0 95
0 4
cfn=(1914)
calls=1 0 
0 212
0 2
cfn=(1968)
calls=1 0 
0 2
0 8
cfn=(1970)
calls=1 0 
0 95
0 4
cfn=(1914)
calls=1 0 
0 212
0 2
cfn=(1968)
calls=1 0 
0 2
0 8
cfn=(1970)
calls=1 0 
0 95
0 4
cfn=(1914)
calls=1 0 
0 212
0 2
cfn=(1968)
calls=1 0 
0 2
0 8
cfn=(1970)
calls=1 0 
0 95
0 4
cfn=(1914)
calls=1 0 
0 212
0 2
cfn=(1968)
calls=1 0 
0 2
0 14
cfn=(1844)
calls=1 0 
0 1043
0 6
cfn=(1844)
calls=1 0 
0 88
0 16

fn=(2610)
0 772810
cfn=(1998)
calls=90 0 
0 450
0 1440
cfn=(1998)
calls=80 0 
0 400
0 560
cfn=(1998)
calls=80 0 
0 400
0 560
cfn=(1998)
calls=80 0 
0 400
0 50
cfn=(1998)
calls=10 0 
0 50
0 146693
cfn=(1994)
calls=892 0 
0 21408
0 21615
cfn=(1854)
calls=789 0 
0 19725
0 3945
cfn=(1996)
calls=789 0 
0 26826
0 5523
cfn=(1854)
calls=789 0 
0 19725
0 108
cfn=(1854)
calls=18 0 
0 450
0 3228
cfn=(1996)
calls=807 0 
0 27438
0 5649
cfn=(1854)
calls=807 0 
0 20175
0 510
cfn=(1854)
calls=85 0 
0 2125
0 3568
cfn=(1996)
calls=892 0 
0 30328
0 2826
cfn=(1854)
calls=25 0 
0 625
0 100
cfn=(1996)
calls=25 0 
0 850
0 150
cfn=(1854)
calls=25 0 
0 625
0 100
cfn=(1996)
calls=25 0 
0 850
0 150
cfn=(1854)
calls=25 0 
0 625
0 100
cfn=(1996)
calls=25 0 
0 850
0 175
cfn=(1854)
calls=25 0 
0 625
0 100
cfn=(1996)
calls=25 0 
0 850
0 777719
cfn=(1854)
calls=652 0 
0 16300
0 1956
cfn=(1994)
calls=652 0 
0 15648
0 2608
cfn=(1996)
calls=652 0 
0 22168
0 4564
cfn=(1854)
calls=652 0 
0 16300
0 1080
cfn=(1854)
calls=216 0 
0 5400
0 2604
cfn=(1994)
calls=868 0 
0 20832
0 3472
cfn=(1996)
calls=868 0 
0 29512
0 375519
cfn=(1952)
calls=14510 0 
0 145100
0 540
cfn=(1952)
calls=90 0 
0 900
0 332137
cfn=(1854)
calls=14600 0 
0 365000
0 132880
cfn=(1854)
calls=49 0 
0 1225
0 294
cfn=(1854)
calls=49 0 
0 1225
0 294
cfn=(1854)
calls=49 0 
0 1225
0 13380
cfn=(1854)
calls=3345 0 
0 83625
0 20364
cfn=(1854)
calls=3394 0 
0 84850
0 22272
cfn=(1854)
calls=5568 0 
0 139200
0 53772
cfn=(1854)
calls=8962 0 
0 224050
0 13528
cfn=(1854)
calls=3382 0 
0 84550
0 198128

fn=(3626)
0 21
cob=(7)
cfi=(103)
cfn=(1412)
calls=1 0 
0 54
0 1
0 3
cfn=(3324)
calls=1 0 
0 9
0 7
cfn=(1798)
calls=1 0 
0 28
0 11
cfn=(3326)
calls=1 0 
0 3651
0 75
cfn=(2064)
calls=21 0 
0 84
0 105
cfn=(3628)
calls=21 0 
0 16121209
0 84
cfn=(2602)
calls=21 0 
0 28949
0 84
cfn=(1970)
calls=21 0 
0 1365
0 126
cob=(7)
cfi=(103)
cfn=(1282)
calls=21 0 
0 12348
0 21
0 231
cob=(7)
cfi=(103)
cfn=(1336)
calls=21 0 
0 5292
0 21
0 42
cob=(7)
cfi=(103)
cfn=(1356)
calls=21 0 
0 1806
0 21
0 126
cfn=(3632)
calls=21 0 
0 7182762
0 336
cfn=(3386)
calls=21 0 
0 32655
0 147
cob=(7)
cfi=(103)
cfn=(1282)
calls=21 0 
0 11193
0 21
0 231
cob=(7)
cfi=(103)
cfn=(1336)
calls=21 0 
0 5292
0 21
0 42
cob=(7)
cfi=(103)
cfn=(1356)
calls=21 0 
0 1806
0 21
0 147
cfn=(2184)
calls=21 0 
0 567
0 42
cfn=(3378)
calls=21 0 
0 177625
0 63
cob=(7)
cfi=(103)
cfn=(2190)
calls=21 0 
0 1596
0 21
0 42
cfn=(2084)
calls=21 0 
0 2709
0 189
cob=(7)
cfi=(103)
cfn=(1282)
calls=21 0 
0 8883
0 21
0 63
cob=(7)
cfi=(103)
cfn=(1378)
calls=21 0 
0 8297
0 21
0 105
cob=(7)
cfi=(103)
cfn=(1282)
calls=21 0 
0 5208
0 21
0 63
cob=(7)
cfi=(103)
cfn=(1378)
calls=21 0 
0 8484
0 21
0 231
cob=(7)
cfi=(103)
cfn=(1336)
calls=21 0 
0 5292
0 21
0 42
cob=(7)
cfi=(103)
cfn=(1356)
calls=21 0 
0 1806
0 21
0 105
cob=(7)
cfi=(103)
cfn=(1282)
calls=21 0 
0 12243
0 21
0 231
cob=(7)
cfi=(103)
cfn=(1336)
calls=21 0 
0 5292
0 21
0 42
cob=(7)
cfi=(103)
cfn=(1356)
calls=21 0 
0 1806
0 21
0 84
cob=(7)
cfi=(103)
cfn=(1282)
calls=21 0 
0 11298
0 21
0 231
cob=(7)
cfi=(103)
cfn=(1336)
calls=21 0 
0 5292
0 21
0 42
cob=(7)
cfi=(103)
cfn=(1356)
calls=21 0 
0 1806
0 21
0 30
cob=(7)
cfi=(103)
cfn=(1282)
calls=1 0 
0 538
0 1
0 10
cob=(7)
cfi=(103)
cfn=(1336)
calls=1 0 
0 252
0 1
0 2
cob=(7)
cfi=(103)
cfn=(1356)
calls=1 0 
0 86
0 1
0 15
cob=(7)
cfi=(103)
cfn=(1282)
calls=1 0 
0 513
0 1
0 11
cob=(7)
cfi=(103)
cfn=(1336)
calls=1 0 
0 252
0 1
0 2
cob=(7)
cfi=(103)
cfn=(1356)
calls=1 0 
0 86
0 1
0 6
cob=(7)
cfi=(103)
cfn=(1282)
calls=1 0 
0 388
0 1
0 11
cob=(7)
cfi=(103)
cfn=(1336)
calls=1 0 
0 252
0 1
0 2
cob=(7)
cfi=(103)
cfn=(1356)
calls=1 0 
0 86
0 1
0 1

fn=(2638)
0 38
cfn=(2402)
calls=1 0 
0 321
0 85

fn=(2668)
0 5970
cfn=(2684)
calls=144 0 
0 115056
0 274
cfn=(2670)
calls=26 0 
0 12628
0 156
cfn=(2674)
calls=26 0 
0 12680
0 32

fn=(2954)
0 4900

fn=(2964)
0 15
cfn=(1744)
calls=1 0 
0 25
0 13
cob=(7)
cfi=(103)
cfn=(1282)
calls=1 0 
0 483
0 1
0 11
cob=(7)
cfi=(103)
cfn=(1336)
calls=1 0 
0 252
0 1
0 2
cob=(7)
cfi=(103)
cfn=(1356)
calls=1 0 
0 86
0 1
0 15
cob=(7)
cfi=(103)
cfn=(1282)
calls=1 0 
0 458
0 1
0 11
cob=(7)
cfi=(103)
cfn=(1336)
calls=1 0 
0 252
0 1
0 2
cob=(7)
cfi=(103)
cfn=(1356)
calls=1 0 
0 86
0 1
0 4
cob=(7)
cfi=(103)
cfn=(1282)
calls=1 0 
0 538
0 1
0 3
cob=(7)
cfi=(103)
cfn=(1378)
calls=1 0 
0 438
0 1
0 11
cob=(7)
cfi=(103)
cfn=(1336)
calls=1 0 
0 252
0 1
0 2
cob=(7)
cfi=(103)
cfn=(1356)
calls=1 0 
0 86
0 1
0 4
cob=(7)
cfi=(103)
cfn=(1282)
calls=1 0 
0 279
0 1
0 4
cfn=(2046)
calls=1 0 
0 35343
0 10
cob=(7)
cfi=(103)
cfn=(1336)
calls=1 0 
0 252
0 1
0 2
cob=(7)
cfi=(103)
cfn=(1356)
calls=1 0 
0 86
0 1
0 4
cob=(7)
cfi=(103)
cfn=(1282)
calls=1 0 
0 568
0 1
0 10
cob=(7)
cfi=(103)
cfn=(1336)
calls=1 0 
0 252
0 1
0 2
cob=(7)
cfi=(103)
cfn=(1356)
calls=1 0 
0 86
0 1
0 7
cfn=(2966)
calls=1 0 
0 5800015610
0 4
cob=(7)
cfi=(103)
cfn=(1282)
calls=1 0 
0 593
0 1
0 10
cob=(7)
cfi=(103)
cfn=(1336)
calls=1 0 
0 252
0 1
0 2
cob=(7)
cfi=(103)
cfn=(1356)
calls=1 0 
0 86
0 1
0 8
cfn=(3284)
calls=1 0 
0 7667907
0 7
cob=(3)
cfi=(148)
cfn=(1878)
calls=1 26 
0 784
0 1
0 4
cfn=(2734)
calls=1 0 
0 1527476
0 5
cfn=(2184)
calls=1 0 
0 27
0 5
cfn=(2934)
calls=1 0 
0 251598
0 3
cob=(7)
cfi=(103)
cfn=(2190)
calls=1 0 
0 76
0 1
0 1

fn=(2972)
0 78

fn=(2994) poset_orbit_node::downstep(poset_classification*, long, long, long, long, long, long)
0 638
cfn=(2996)
calls=29 0 
0 1218
0 87
cfn=(1864)
calls=29 0 
0 1798
0 522
cfn=(3004) poset_orbit_node::downstep_orbits(poset_classification*, schreier&, action&, long, long, long&, long&, long)
calls=29 0 
0 3161558090
0 522
cfn=(3060)
calls=29 0 
0 12133352
0 406
cfn=(3074)
calls=29 0 
0 957
0 377
cfn=(3076)
calls=29 0 
0 86787
0 174
cfn=(3082)
calls=29 0 
0 76938
0 58
cfn=(3094)
calls=29 0 
0 99006
0 435
cob=(7)
cfi=(103)
cfn=(1282)
calls=29 0 
0 13572
0 29
0 319
cob=(7)
cfi=(103)
cfn=(1336)
calls=29 0 
0 7308
0 29
0 58
cob=(7)
cfi=(103)
cfn=(1356)
calls=29 0 
0 2494
0 29
0 232
cob=(7)
cfi=(103)
cfn=(1282)
calls=29 0 
0 17487
0 29
0 319
cob=(7)
cfi=(103)
cfn=(1336)
calls=29 0 
0 7308
0 29
0 58
cob=(7)
cfi=(103)
cfn=(1356)
calls=29 0 
0 2494
0 29
0 145
cob=(7)
cfi=(103)
cfn=(1282)
calls=29 0 
0 10353
0 29
0 319
cob=(7)
cfi=(103)
cfn=(1336)
calls=29 0 
0 7308
0 29
0 58
cob=(7)
cfi=(103)
cfn=(1356)
calls=29 0 
0 2494
0 29
0 174
cfn=(2998)
calls=29 0 
0 1499
0 116
cfn=(2980)
calls=29 0 
0 124493
0 116
cob=(7)
cfi=(103)
cfn=(1282)
calls=29 0 
0 8903
0 29
0 87
cfn=(3000)
calls=29 0 
0 302557
0 116
cob=(7)
cfi=(103)
cfn=(1282)
calls=29 0 
0 8816
0 29
0 87
cob=(7)
cfi=(103)
cfn=(1378)
calls=29 0 
0 11165
0 29
0 319
cob=(7)
cfi=(103)
cfn=(1336)
calls=29 0 
0 7308
0 29
0 58
cob=(7)
cfi=(103)
cfn=(1356)
calls=29 0 
0 2494
0 29
0 174
cob=(7)
cfi=(103)
cfn=(1282)
calls=29 0 
0 13717
0 29
0 319
cob=(7)
cfi=(103)
cfn=(1336)
calls=29 0 
0 7308
0 29
0 58
cob=(7)
cfi=(103)
cfn=(1356)
calls=29 0 
0 2494
0 29
0 145
cob=(7)
cfi=(103)
cfn=(1282)
calls=29 0 
0 17342
0 29
0 319
cob=(7)
cfi=(103)
cfn=(1336)
calls=29 0 
0 7308
0 29
0 58
cob=(7)
cfi=(103)
cfn=(1356)
calls=29 0 
0 2494
0 29
0 116
cob=(7)
cfi=(103)
cfn=(1282)
calls=29 0 
0 15022
0 29
0 290
cob=(7)
cfi=(103)
cfn=(1336)
calls=29 0 
0 7308
0 29
0 58
cob=(7)
cfi=(103)
cfn=(1356)
calls=29 0 
0 2494
0 29
0 145
cob=(7)
cfi=(103)
cfn=(1282)
calls=29 0 
0 13572
0 29
0 319
cob=(7)
cfi=(103)
cfn=(1336)
calls=29 0 
0 7308
0 29
0 58
cob=(7)
cfi=(103)
cfn=(1356)
calls=29 0 
0 2494
0 29
0 203
cfn=(2980)
calls=29 0 
0 125301
0 116
cob=(7)
cfi=(103)
cfn=(1282)
calls=29 0 
0 13862
0 29
0 87
cob=(7)
cfi=(103)
cfn=(1378)
calls=29 0 
0 11659
0 29
0 145
cob=(7)
cfi=(103)
cfn=(1282)
calls=29 0 
0 8236
0 29
0 290
cob=(7)
cfi=(103)
cfn=(1336)
calls=29 0 
0 7308
0 29
0 58
cob=(7)
cfi=(103)
cfn=(1356)
calls=29 0 
0 2494
0 29
0 203
cfn=(2980)
calls=29 0 
0 125301
0 116
cob=(7)
cfi=(103)
cfn=(1282)
calls=29 0 
0 7946
0 29
0 116
cob=(7)
cfi=(103)
cfn=(1378)
calls=29 0 
0 11659
0 29
0 145
cob=(7)
cfi=(103)
cfn=(1282)
calls=29 0 
0 9483
0 29
0 87
cob=(7)
cfi=(103)
cfn=(1378)
calls=29 0 
0 11659
0 29
0 145
cob=(7)
cfi=(103)
cfn=(1282)
calls=29 0 
0 8671
0 29
0 2337
cob=(7)
cfi=(103)
cfn=(1378)
calls=29 0 
0 12702
0 29
0 145
cob=(7)
cfi=(103)
cfn=(1282)
calls=29 0 
0 7801
0 29
0 319
cob=(7)
cfi=(103)
cfn=(1336)
calls=29 0 
0 7308
0 29
0 58
cob=(7)
cfi=(103)
cfn=(1356)
calls=29 0 
0 2494
0 29
0 116
cob=(7)
cfi=(103)
cfn=(1282)
calls=29 0 
0 11078
0 29
0 319
cob=(7)
cfi=(103)
cfn=(1336)
calls=29 0 
0 7308
0 29
0 58
cob=(7)
cfi=(103)
cfn=(1356)
calls=29 0 
0 2494
0 29
0 145
cob=(7)
cfi=(103)
cfn=(1282)
calls=29 0 
0 14877
0 29
0 319
cob=(7)
cfi=(103)
cfn=(1336)
calls=29 0 
0 7308
0 29
0 58
cob=(7)
cfi=(103)
cfn=(1356)
calls=29 0 
0 2494
0 29
0 174
cob=(7)
cfi=(103)
cfn=(1282)
calls=29 0 
0 13717
0 29
0 290
cob=(7)
cfi=(103)
cfn=(1336)
calls=29 0 
0 7308
0 29
0 58
cob=(7)
cfi=(103)
cfn=(1356)
calls=29 0 
0 2494
0 29
0 29

fn=(3012)
0 1290068
cfn=(3014) poset_classification::check_the_set(long, long*, long)
calls=49618 0 
0 126001883
0 545798

fn=(3036) matrix_group::GL_unpack(unsigned char*, long*, long)
0 26272269
cfn=(1982)
calls=22629 0 
0 62673441
0 226290

fn=(3086)
0 5157
cfn=(1942)
calls=573 0 
0 63716
0 4011
cfn=(1942)
calls=573 0 
0 71360
0 4584
cfn=(1942)
calls=573 0 
0 72611

fn=(3128)
0 8172

fn=(3160)
0 680

fn=(3182)
0 9671
cfn=(2139)
calls=509 0 
0 183258

fn=(3183)
0 19342
cfn=(2139)
calls=1018 0 
0 288639

fn=(3198)
0 2176
cfn=(2074)
calls=272 0 
0 4256
0 1088
cfn=(2074)
calls=272 0 
0 4896
0 2448
cfn=(2076)
calls=272 0 
0 68060

fn=(3200)
0 2992
cfn=(2184)
calls=272 0 
0 7344
0 1360
cfn=(2196)
calls=272 0 
0 30910
0 816
cob=(7)
cfi=(103)
cfn=(2190)
calls=272 0 
0 21777
0 272
0 1360
cfn=(1942)
calls=272 0 
0 28560
0 1904

fn=(3202)
0 1904
cfn=(1942)
calls=272 0 
0 28594

fn=(3280) poset_orbit_node::null()
0 2100

fn=(3316)
0 243768
cfn=(3318)
calls=252 0 
0 13356
0 2952
cfn=(3318)
calls=244 0 
0 12932
0 2196
cfn=(3318)
calls=244 0 
0 26840
0 39912
cfn=(3318)
calls=5632 0 
0 647262
0 45056
cfn=(3318)
calls=5632 0 
0 662830
0 50688
cfn=(3318)
calls=5632 0 
0 604474
0 50688
cfn=(3318)
calls=5632 0 
0 632780
0 2016
cfn=(3318)
calls=252 0 
0 27264
0 482924
cfn=(3320)
calls=23520 0 
0 2516640
0 7596960
cfn=(3320)
calls=446880 0 
0 52520160
0 1953924
cfn=(3322)
calls=252 0 
0 191183009
0 3024

fn=(3334)
0 905

fn=(3346)
0 31080
cfn=(1970)
calls=3108 0 
0 147504
0 18648
cfn=(2612)
calls=3108 0 
0 5386234

fn=(3350)
0 27320
cfn=(1844)
calls=1366 0 
0 120208
0 8196
cfn=(1844)
calls=1366 0 
0 120208
0 8196
cfn=(1844)
calls=1366 0 
0 120208
0 8196
cfn=(1844)
calls=1366 0 
0 120208
0 8196
cfn=(1844)
calls=1366 0 
0 121118
0 13660
cfn=(1970)
calls=1366 0 
0 74644
0 5464
cfn=(1970)
calls=1366 0 
0 74644
0 15026
cfn=(3352)
calls=1366 0 
0 1684694
0 19124
cfn=(3352)
calls=1366 0 
0 1777589
0 15026
cfn=(1844)
calls=1366 0 
0 120208
0 16392
cfn=(1970)
calls=1366 0 
0 55846
0 12294
cfn=(1970)
calls=1366 0 
0 55846
0 16392
cfn=(3354)
calls=1366 0 
0 1337419
0 16392
cfn=(3352)
calls=1366 0 
0 1583351
0 15026
cfn=(1970)
calls=1366 0 
0 55662
0 6830
cfn=(1942)
calls=1366 0 
0 143430
0 6830
cfn=(1942)
calls=1366 0 
0 143430
0 6830
cfn=(1942)
calls=1366 0 
0 143430
0 6830
cfn=(1942)
calls=1366 0 
0 143430
0 6830
cfn=(1942)
calls=1366 0 
0 143430
0 6830
cfn=(1942)
calls=1366 0 
0 143430
0 17758

fn=(3548)
0 19
cfn=(1812)
calls=1 0 
0 301
0 14

fn=(3554)
0 12
cob=(7)
cfi=(103)
cfn=(1336)
calls=1 0 
0 252
0 1
0 3
cob=(7)
cfi=(103)
cfn=(1356)
calls=1 0 
0 86
0 1

fn=(3618)
0 18
cob=(7)
cfi=(103)
cfn=(1282)
calls=1 0 
0 362
0 1
0 11
cob=(7)
cfi=(103)
cfn=(1336)
calls=1 0 
0 252
0 1
0 2
cob=(7)
cfi=(103)
cfn=(1356)
calls=1 0 
0 86
0 1
0 4
cob=(7)
cfi=(103)
cfn=(1282)
calls=1 0 
0 177
0 1
0 4
cob=(3)
cfi=(125)
cfn=(876)
calls=1 52 
0 19
0 1
0 4
cob=(7)
cfi=(103)
cfn=(1282)
calls=1 0 
0 177
0 1
0 4
cob=(7)
cfi=(103)
cfn=(1282)
calls=1 0 
0 180
0 1
0 10
cob=(7)
cfi=(103)
cfn=(1336)
calls=1 0 
0 67
0 1
0 2
cob=(7)
cfi=(103)
cfn=(1356)
calls=1 0 
0 184
0 1
0 4
cob=(7)
cfi=(103)
cfn=(1282)
calls=1 0 
0 175
0 1
0 4
cfn=(3238)
calls=1 0 
0 3262
0 4
cob=(7)
cfi=(103)
cfn=(1282)
calls=1 0 
0 181
0 1
0 10
cob=(7)
cfi=(103)
cfn=(1336)
calls=1 0 
0 67
0 1
0 2
cob=(7)
cfi=(103)
cfn=(1356)
calls=1 0 
0 184
0 1
0 4
cob=(7)
cfi=(103)
cfn=(1282)
calls=1 0 
0 177
0 1
0 10
cob=(7)
cfi=(103)
cfn=(1336)
calls=1 0 
0 67
0 1
0 2
cob=(7)
cfi=(103)
cfn=(1356)
calls=1 0 
0 184
0 1
0 4
cob=(7)
cfi=(103)
cfn=(1282)
calls=1 0 
0 177
0 1
0 3
cob=(7)
cfi=(103)
cfn=(1378)
calls=1 0 
0 342
0 1
0 5
cob=(7)
cfi=(103)
cfn=(1282)
calls=1 0 
0 177
0 1
0 10
cob=(7)
cfi=(103)
cfn=(1336)
calls=1 0 
0 67
0 1
0 2
cob=(7)
cfi=(103)
cfn=(1356)
calls=1 0 
0 184
0 1
0 3
cfn=(2064)
calls=1 0 
0 4
0 3
cfn=(2064)
calls=1 0 
0 4
0 4
cfn=(2064)
calls=1 0 
0 4
0 3
cfn=(2070)
calls=1 0 
0 107
0 70
cob=(7)
cfi=(103)
cfn=(1336)
calls=21 0 
0 1407
0 21
0 42
cob=(7)
cfi=(103)
cfn=(1356)
calls=21 0 
0 3864
0 21
0 147
cfn=(3620)
calls=21 0 
0 144314
0 84
cob=(7)
cfi=(103)
cfn=(1282)
calls=21 0 
0 3801
0 21
0 63
cfn=(3238)
calls=21 0 
0 5898
0 84
cob=(7)
cfi=(103)
cfn=(1282)
calls=21 0 
0 3675
0 21
0 63
cfn=(3238)
calls=21 0 
0 66185
0 84
cob=(7)
cfi=(103)
cfn=(1282)
calls=21 0 
0 3801
0 21
0 210
cob=(7)
cfi=(103)
cfn=(1336)
calls=21 0 
0 1407
0 21
0 42
cob=(7)
cfi=(103)
cfn=(1356)
calls=21 0 
0 3864
0 21
0 231
cfn=(2602)
calls=21 0 
0 31489
0 105
cfn=(2626)
calls=21 0 
0 372788
0 84
cob=(7)
cfi=(103)
cfn=(1282)
calls=21 0 
0 3780
0 21
0 63
cob=(7)
cfi=(103)
cfn=(1378)
calls=21 0 
0 7045
0 21
0 105
cob=(7)
cfi=(103)
cfn=(1282)
calls=21 0 
0 3801
0 21
0 63
cob=(7)
cfi=(103)
cfn=(1378)
calls=21 0 
0 7182
0 21
0 105
cob=(7)
cfi=(103)
cfn=(1282)
calls=21 0 
0 3801
0 21
0 151
cob=(7)
cfi=(103)
cfn=(1282)
calls=1 0 
0 176
0 1
0 3
cfn=(2086)
calls=1 0 
0 228
0 5
cob=(7)
cfi=(103)
cfn=(1282)
calls=1 0 
0 181
0 1
0 10
cob=(7)
cfi=(103)
cfn=(1336)
calls=1 0 
0 67
0 1
0 2
cob=(7)
cfi=(103)
cfn=(1356)
calls=1 0 
0 184
0 1
0 2
cfn=(2084)
calls=1 0 
0 129
0 2
cfn=(2084)
calls=1 0 
0 129
0 2
cfn=(2084)
calls=1 0 
0 129
0 11

fn=(3644)
0 16
cfn=(3646)
calls=4 0 
0 16481504

fn=(3650) std::basic_ostream<char, std::char_traits<char> >& std::endl<char, std::char_traits<char> >(std::basic_ostream<char, std::char_traits<char> >&) [clone .constprop.41]
0 96
cob=(7)
cfi=(103)
cfn=(1336)
calls=8 0 
0 2016
0 8
0 24
cob=(7)
cfi=(103)
cfn=(1356)
calls=8 0 
0 688
0 8

fn=(3674)
0 7336

fn=(3686)
0 716
cob=(7)
cfi=(103)
cfn=(1378)
calls=19 0 
0 7738
0 19
0 95
cob=(7)
cfi=(103)
cfn=(1282)
calls=19 0 
0 4712
0 19
0 57
cob=(7)
cfi=(103)
cfn=(1378)
calls=19 0 
0 7327
0 19
0 209
cob=(7)
cfi=(103)
cfn=(1336)
calls=19 0 
0 4788
0 19
0 38
cob=(7)
cfi=(103)
cfn=(1356)
calls=19 0 
0 1634
0 19
0 194
cob=(7)
cfi=(103)
cfn=(1282)
calls=4 0 
0 1792
0 4
0 12
cob=(7)
cfi=(103)
cfn=(1378)
calls=4 0 
0 1688
0 4
0 44
cob=(7)
cfi=(103)
cfn=(1336)
calls=4 0 
0 1008
0 4
0 8
cob=(7)
cfi=(103)
cfn=(1356)
calls=4 0 
0 344
0 4
0 4

fn=(3690)
0 4680
cfn=(3692)
calls=4 0 
0 61300
0 52

fn=(3691)
0 780

fn=(3700)
0 108
cob=(7)
cfi=(103)
cfn=(1282)
calls=4 0 
0 1216
0 4
0 72
cob=(7)
cfi=(103)
cfn=(1378)
calls=4 0 
0 2094
0 4
0 27
cob=(7)
cfi=(103)
cfn=(1378)
calls=3 0 
0 1647
0 3
0 35
cob=(7)
cfi=(103)
cfn=(1282)
calls=7 0 
0 1701
0 7
0 42
cob=(7)
cfi=(103)
cfn=(1378)
calls=7 0 
0 3563
0 7
0 28
cob=(7)
cfi=(103)
cfn=(1282)
calls=7 0 
0 1659
0 7
0 56
cob=(7)
cfi=(103)
cfn=(1378)
calls=7 0 
0 3784
0 7
0 35
cob=(7)
cfi=(103)
cfn=(1282)
calls=7 0 
0 1701
0 7
0 42
cob=(7)
cfi=(103)
cfn=(1378)
calls=7 0 
0 3563
0 7
0 28
cob=(7)
cfi=(103)
cfn=(1282)
calls=7 0 
0 1659
0 7
0 58
cob=(7)
cfi=(103)
cfn=(1336)
calls=4 0 
0 1008
0 4
0 8
cob=(7)
cfi=(103)
cfn=(1356)
calls=4 0 
0 344
0 4
0 32
cob=(7)
cfi=(103)
cfn=(1282)
calls=4 0 
0 1216
0 4
0 73
cob=(7)
cfi=(103)
cfn=(1282)
calls=3 0 
0 867
0 3
0 20
cob=(7)
cfi=(103)
cfn=(1282)
calls=4 0 
0 1156
0 4
0 20
cob=(7)
cfi=(103)
cfn=(1282)
calls=4 0 
0 1156
0 4
0 20
cob=(7)
cfi=(103)
cfn=(1282)
calls=4 0 
0 1156
0 4
0 48
cob=(7)
cfi=(103)
cfn=(1336)
calls=4 0 
0 1008
0 4
0 8
cob=(7)
cfi=(103)
cfn=(1356)
calls=4 0 
0 344
0 4
0 92
cob=(7)
cfi=(103)
cfn=(1378)
calls=4 0 
0 2136
0 4
0 20
cob=(7)
cfi=(103)
cfn=(1282)
calls=4 0 
0 972
0 4
0 24
cob=(7)
cfi=(103)
cfn=(1378)
calls=4 0 
0 2048
0 4
0 16
cob=(7)
cfi=(103)
cfn=(1282)
calls=4 0 
0 948
0 4
0 32
cob=(7)
cfi=(103)
cfn=(1282)
calls=4 0 
0 992
0 4
0 95
cob=(7)
cfi=(103)
cfn=(1378)
calls=3 0 
0 1638
0 3
0 28
cob=(7)
cfi=(103)
cfn=(1378)
calls=4 0 
0 2184
0 4
0 28
cob=(7)
cfi=(103)
cfn=(1378)
calls=4 0 
0 2184
0 4
0 28
cob=(7)
cfi=(103)
cfn=(1378)
calls=4 0 
0 2193
0 4
0 52
cob=(7)
cfi=(103)
cfn=(1336)
calls=4 0 
0 1008
0 4
0 8
cob=(7)
cfi=(103)
cfn=(1356)
calls=4 0 
0 344
0 4
0 60
cob=(7)
cfi=(103)
cfn=(1336)
calls=4 0 
0 1008
0 4
0 8
cob=(7)
cfi=(103)
cfn=(1356)
calls=4 0 
0 344
0 4
0 40
cob=(7)
cfi=(103)
cfn=(1336)
calls=4 0 
0 1008
0 4
0 36
cob=(7)
cfi=(103)
cfn=(1356)
calls=4 0 
0 344
0 4
0 10
cob=(7)
cfi=(103)
cfn=(1378)
calls=1 0 
0 534
0 1
0 5
cob=(7)
cfi=(103)
cfn=(1282)
calls=1 0 
0 243
0 1
0 6
cob=(7)
cfi=(103)
cfn=(1378)
calls=1 0 
0 509
0 1
0 4
cob=(7)
cfi=(103)
cfn=(1282)
calls=1 0 
0 237
0 1
0 2

fn=(3714)
0 13
cob=(7)
cfi=(103)
cfn=(1282)
calls=1 0 
0 468
0 1
0 10
cob=(7)
cfi=(103)
cfn=(1336)
calls=1 0 
0 252
0 1
0 2
cob=(7)
cfi=(103)
cfn=(1356)
calls=1 0 
0 86
0 1
0 6
cfn=(3240)
calls=1 0 
0 1115
0 10
cob=(7)
cfi=(103)
cfn=(1336)
calls=1 0 
0 252
0 1
0 2
cob=(7)
cfi=(103)
cfn=(1356)
calls=1 0 
0 86
0 1
0 1
cfn=(3716)
calls=1 0 
0 4347
0 9
cfn=(3744) INT_matrix_write_csv(char const*, long*, long, long)
calls=1 0 
0 8248
0 8

fn=(3744)
0 17
cfn=(3746)
calls=1 0 
0 4714
0 4
cob=(7)
cfi=(103)
cfn=(1282)
calls=1 0 
0 248
0 1
0 13
cob=(7)
cfi=(103)
cfn=(1282)
calls=1 0 
0 181
0 1
0 3
cob=(7)
cfi=(103)
cfn=(1378)
calls=1 0 
0 343
0 1
0 5
cob=(2)
cfi=(18)
cfn=(1802)
calls=1 0 
0 274
0 10
cob=(7)
cfi=(103)
cfn=(1378)
calls=1 0 
0 331
0 1
0 12
cob=(7)
cfi=(103)
cfn=(1282)
calls=1 0 
0 180
0 1
0 3
cob=(7)
cfi=(103)
cfn=(1378)
calls=1 0 
0 392
0 1
0 13
cob=(7)
cfi=(103)
cfn=(1336)
calls=1 0 
0 67
0 1
0 2
cob=(7)
cfi=(103)
cfn=(1356)
calls=1 0 
0 184
0 1
0 9
cob=(7)
cfi=(103)
cfn=(1282)
calls=1 0 
0 181
0 1
0 2
cob=(2)
cfi=(18)
cfn=(1802)
calls=1 0 
0 274
0 2
cob=(7)
cfi=(103)
cfn=(3594)
calls=1 0 
0 763
0 1
0 11

fn=(1262)
0 3
cob=(7)
cfi=(103)
cfn=(718)
calls=1 0 
0 24
0 1
0 5
cob=(3)
cfi=(106)
cfn=(496)
calls=1 65 
0 71
0 1

fn=(1418)
0 3
cob=(7)
cfi=(103)
cfn=(718)
calls=1 0 
0 24
0 1
0 5
cob=(3)
cfi=(106)
cfn=(496)
calls=1 65 
0 71
0 1

fn=(1462)
0 3
cob=(7)
cfi=(103)
cfn=(718)
calls=1 0 
0 24
0 1
0 5
cob=(3)
cfi=(106)
cfn=(496)
calls=1 65 
0 71
0 1

fn=(1482)
0 3
cob=(7)
cfi=(103)
cfn=(718)
calls=1 0 
0 24
0 1
0 5
cob=(3)
cfi=(106)
cfn=(496)
calls=1 65 
0 71
0 1

fn=(1484)
0 3
cob=(7)
cfi=(103)
cfn=(718)
calls=1 0 
0 24
0 1
0 5
cob=(3)
cfi=(106)
cfn=(496)
calls=1 65 
0 71
0 1

fn=(1508)
0 3
cob=(7)
cfi=(103)
cfn=(718)
calls=1 0 
0 24
0 1
0 5
cob=(3)
cfi=(106)
cfn=(496)
calls=1 65 
0 71
0 1

fn=(1526)
0 3
cob=(7)
cfi=(103)
cfn=(718)
calls=1 0 
0 24
0 1
0 5
cob=(3)
cfi=(106)
cfn=(496)
calls=1 65 
0 71
0 1

fn=(1534)
0 3
cob=(7)
cfi=(103)
cfn=(718)
calls=1 0 
0 24
0 1
0 5
cob=(3)
cfi=(106)
cfn=(496)
calls=1 65 
0 71
0 1

fn=(1542)
0 3
cob=(7)
cfi=(103)
cfn=(718)
calls=1 0 
0 24
0 1
0 5
cob=(3)
cfi=(106)
cfn=(496)
calls=1 65 
0 71
0 1

fn=(1554)
0 3
cob=(7)
cfi=(103)
cfn=(718)
calls=1 0 
0 24
0 1
0 5
cob=(3)
cfi=(106)
cfn=(496)
calls=1 65 
0 71
0 1

fn=(1578)
0 3
cob=(7)
cfi=(103)
cfn=(718)
calls=1 0 
0 24
0 1
0 5
cob=(3)
cfi=(106)
cfn=(496)
calls=1 65 
0 71
0 1

fn=(1608)
0 3
cob=(7)
cfi=(103)
cfn=(718)
calls=1 0 
0 24
0 1
0 5
cob=(3)
cfi=(106)
cfn=(496)
calls=1 65 
0 71
0 1

fn=(1644)
0 3
cob=(7)
cfi=(103)
cfn=(718)
calls=1 0 
0 24
0 1
0 5
cob=(3)
cfi=(106)
cfn=(496)
calls=1 65 
0 71
0 1

fn=(1662)
0 3
cob=(7)
cfi=(103)
cfn=(718)
calls=1 0 
0 24
0 1
0 5
cob=(3)
cfi=(106)
cfn=(496)
calls=1 65 
0 71
0 1

fn=(1710)
0 3
cob=(7)
cfi=(103)
cfn=(718)
calls=1 0 
0 24
0 1
0 5
cob=(3)
cfi=(106)
cfn=(496)
calls=1 65 
0 71
0 1

fn=(1712)
0 3
cob=(7)
cfi=(103)
cfn=(718)
calls=1 0 
0 24
0 1
0 5
cob=(3)
cfi=(106)
cfn=(496)
calls=1 65 
0 71
0 1

fn=(1724)
0 3
cob=(7)
cfi=(103)
cfn=(718)
calls=1 0 
0 24
0 1
0 5
cob=(3)
cfi=(106)
cfn=(496)
calls=1 65 
0 71
0 1

fn=(1812)
0 2592048
cob=(7)
cfi=(103)
cfn=(1406)
calls=162003 0 
0 16676707
0 162003
0 1782033

fn=(1858)
0 14
cob=(7)
cfi=(103)
cfn=(1412)
calls=1 0 
0 232
0 1
0 3
cfn=(1860)
calls=1 0 
0 4
0 7
cfn=(1798)
calls=1 0 
0 28
0 14
cfn=(2248)
calls=1 0 
0 35133
0 8
cob=(7)
cfi=(103)
cfn=(1282)
calls=1 0 
0 342
0 1
0 11
cob=(7)
cfi=(103)
cfn=(1336)
calls=1 0 
0 252
0 1
0 9
cob=(7)
cfi=(103)
cfn=(1356)
calls=1 0 
0 86
0 1
0 4
cob=(7)
cfi=(103)
cfn=(1282)
calls=1 0 
0 317
0 1
0 11
cob=(7)
cfi=(103)
cfn=(1336)
calls=1 0 
0 252
0 1
0 2
cob=(7)
cfi=(103)
cfn=(1356)
calls=1 0 
0 86
0 1
0 13
cob=(7)
cfi=(103)
cfn=(1282)
calls=1 0 
0 468
0 1
0 10
cob=(7)
cfi=(103)
cfn=(1336)
calls=1 0 
0 252
0 1
0 2
cob=(7)
cfi=(103)
cfn=(1356)
calls=1 0 
0 86
0 1
0 5
cob=(7)
cfi=(103)
cfn=(1282)
calls=1 0 
0 623
0 1
0 11
cob=(7)
cfi=(103)
cfn=(1336)
calls=1 0 
0 252
0 1
0 2
cob=(7)
cfi=(103)
cfn=(1356)
calls=1 0 
0 86
0 1
0 11
cfn=(1862)
calls=1 0 
0 89436998
0 5
cob=(7)
cfi=(103)
cfn=(1282)
calls=1 0 
0 508
0 1
0 10
cob=(7)
cfi=(103)
cfn=(1336)
calls=1 0 
0 252
0 1
0 2
cob=(7)
cfi=(103)
cfn=(1356)
calls=1 0 
0 86
0 1
0 1

fn=(1872)
0 68
cfn=(1874)
calls=2 0 
0 64
0 18
cob=(3)
cfi=(148)
cfn=(1878)
calls=2 26 
0 2064
0 2
0 16
cob=(3)
cfi=(148)
cfn=(1878)
calls=2 26 
0 2156
0 2
0 8
cfn=(1896) matrix_group::compute_elt_size(long)
calls=2 0 
0 8050
0 7
cfn=(1900)
calls=1 0 
0 3531
0 4
cfn=(1904)
calls=1 0 
0 396835
0 11
cfn=(1922)
calls=1 0 
0 2243122
0 4
cob=(7)
cfi=(103)
cfn=(1282)
calls=1 0 
0 403
0 1
0 11
cob=(7)
cfi=(103)
cfn=(1336)
calls=1 0 
0 252
0 1
0 2
cob=(7)
cfi=(103)
cfn=(1356)
calls=1 0 
0 86
0 1
0 4
cob=(7)
cfi=(103)
cfn=(1282)
calls=1 0 
0 243
0 1
0 3
cob=(7)
cfi=(103)
cfn=(1378)
calls=1 0 
0 385
0 1
0 11
cob=(7)
cfi=(103)
cfn=(1336)
calls=1 0 
0 252
0 1
0 2
cob=(7)
cfi=(103)
cfn=(1356)
calls=1 0 
0 86
0 1
0 4
cob=(7)
cfi=(103)
cfn=(1282)
calls=1 0 
0 243
0 1
0 3
cob=(7)
cfi=(103)
cfn=(1378)
calls=1 0 
0 404
0 1
0 10
cob=(7)
cfi=(103)
cfn=(1336)
calls=1 0 
0 252
0 1
0 2
cob=(7)
cfi=(103)
cfn=(1356)
calls=1 0 
0 86
0 1
0 4
cob=(7)
cfi=(103)
cfn=(1282)
calls=1 0 
0 294
0 1
0 3
cob=(7)
cfi=(103)
cfn=(1378)
calls=1 0 
0 388
0 1
0 11
cob=(7)
cfi=(103)
cfn=(1336)
calls=1 0 
0 252
0 1
0 2
cob=(7)
cfi=(103)
cfn=(1356)
calls=1 0 
0 86
0 1
0 5
cob=(7)
cfi=(103)
cfn=(1282)
calls=1 0 
0 483
0 1
0 3
cob=(7)
cfi=(103)
cfn=(1378)
calls=1 0 
0 404
0 1
0 11
cob=(7)
cfi=(103)
cfn=(1336)
calls=1 0 
0 252
0 1
0 2
cob=(7)
cfi=(103)
cfn=(1356)
calls=1 0 
0 86
0 1
0 3
cfn=(1900)
calls=1 0 
0 4982
0 4
cfn=(1904)
calls=1 0 
0 402008
0 6
cob=(7)
cfi=(103)
cfn=(1282)
calls=1 0 
0 488
0 1
0 11
cob=(7)
cfi=(103)
cfn=(1336)
calls=1 0 
0 252
0 1
0 2
cob=(7)
cfi=(103)
cfn=(1356)
calls=1 0 
0 86
0 1
0 4
cfn=(1922)
calls=1 0 
0 2245724
0 4
cob=(7)
cfi=(103)
cfn=(1282)
calls=1 0 
0 483
0 1
0 10
cob=(7)
cfi=(103)
cfn=(1336)
calls=1 0 
0 252
0 1
0 2
cob=(7)
cfi=(103)
cfn=(1356)
calls=1 0 
0 86
0 1
0 4
cob=(7)
cfi=(103)
cfn=(1282)
calls=1 0 
0 448
0 1
0 10
cob=(7)
cfi=(103)
cfn=(1336)
calls=1 0 
0 252
0 1
0 9
cob=(7)
cfi=(103)
cfn=(1356)
calls=1 0 
0 86
0 1

fn=(1896)
0 28
cfn=(1898)
calls=2 0 
0 34
0 52
cob=(7)
cfi=(103)
cfn=(1282)
calls=1 0 
0 377
0 1
0 11
cob=(7)
cfi=(103)
cfn=(1336)
calls=1 0 
0 252
0 1
0 2
cob=(7)
cfi=(103)
cfn=(1356)
calls=1 0 
0 86
0 1
0 5
cob=(7)
cfi=(103)
cfn=(1282)
calls=1 0 
0 312
0 1
0 3
cob=(7)
cfi=(103)
cfn=(1378)
calls=1 0 
0 385
0 1
0 11
cob=(7)
cfi=(103)
cfn=(1336)
calls=1 0 
0 252
0 1
0 2
cob=(7)
cfi=(103)
cfn=(1356)
calls=1 0 
0 86
0 1
0 4
cob=(7)
cfi=(103)
cfn=(1282)
calls=1 0 
0 347
0 1
0 3
cob=(7)
cfi=(103)
cfn=(1378)
calls=1 0 
0 388
0 1
0 11
cob=(7)
cfi=(103)
cfn=(1336)
calls=1 0 
0 252
0 1
0 2
cob=(7)
cfi=(103)
cfn=(1356)
calls=1 0 
0 86
0 1
0 4
cob=(7)
cfi=(103)
cfn=(1282)
calls=1 0 
0 304
0 1
0 3
cob=(7)
cfi=(103)
cfn=(1378)
calls=1 0 
0 404
0 1
0 11
cob=(7)
cfi=(103)
cfn=(1336)
calls=1 0 
0 252
0 1
0 2
cob=(7)
cfi=(103)
cfn=(1356)
calls=1 0 
0 86
0 1
0 4
cob=(7)
cfi=(103)
cfn=(1282)
calls=1 0 
0 304
0 1
0 3
cob=(7)
cfi=(103)
cfn=(1378)
calls=1 0 
0 385
0 1
0 11
cob=(7)
cfi=(103)
cfn=(1336)
calls=1 0 
0 252
0 1
0 2
cob=(7)
cfi=(103)
cfn=(1356)
calls=1 0 
0 86
0 1
0 4
cob=(7)
cfi=(103)
cfn=(1282)
calls=1 0 
0 327
0 1
0 3
cob=(7)
cfi=(103)
cfn=(1378)
calls=1 0 
0 404
0 1
0 11
cob=(7)
cfi=(103)
cfn=(1336)
calls=1 0 
0 252
0 1
0 2
cob=(7)
cfi=(103)
cfn=(1356)
calls=1 0 
0 86
0 1
0 4
cob=(7)
cfi=(103)
cfn=(1282)
calls=1 0 
0 304
0 1
0 3
cob=(7)
cfi=(103)
cfn=(1378)
calls=1 0 
0 404
0 1
0 11
cob=(7)
cfi=(103)
cfn=(1336)
calls=1 0 
0 252
0 1
0 2
cob=(7)
cfi=(103)
cfn=(1356)
calls=1 0 
0 86
0 1
0 4
cob=(7)
cfi=(103)
cfn=(1282)
calls=1 0 
0 403
0 1
0 11
cob=(7)
cfi=(103)
cfn=(1336)
calls=1 0 
0 252
0 1
0 5
cob=(7)
cfi=(103)
cfn=(1356)
calls=1 0 
0 86
0 1

fn=(1912)
0 60
cfn=(1914)
calls=4 0 
0 784
0 8

fn=(1930)
0 181659
cob=(7)
cfi=(103)
cfn=(1406)
calls=9561 0 
0 662477
0 9561
0 105171

fn=(1934)
0 392

fn=(1982)
0 825790
cfn=(1984)
calls=23594 0 
0 64688801
0 70782

fn=(2002)
0 14260
cfn=(2004)
calls=1426 0 
0 3759307
0 8556
cfn=(1930)
calls=1426 0 
0 131210
0 8556
cfn=(1930)
calls=1426 0 
0 137974
0 8556
cfn=(1930)
calls=1426 0 
0 143166
0 8556
cfn=(1930)
calls=1426 0 
0 151774
0 24242
cfn=(1844)
calls=1426 0 
0 1340507
0 57040
cfn=(1844)
calls=5704 0 
0 1509056
0 71300
cfn=(1844)
calls=7130 0 
0 1868010
0 71300
cfn=(1844)
calls=7130 0 
0 2059501
0 57040
cfn=(1844)
calls=7130 0 
0 2165281
0 28520
cfn=(1942)
calls=1426 0 
0 149730
0 8556
cfn=(1844)
calls=1426 0 
0 126649
0 57040
cfn=(1844)
calls=1426 0 
0 160406
0 8556
cfn=(1844)
calls=1426 0 
0 246354
0 17112
cfn=(2008)
calls=1426 0 
0 2187745
0 28520
cfn=(2008)
calls=5704 0 
0 8772056
0 35650
cfn=(2008)
calls=7130 0 
0 10956886
0 84958228

fn=(2012)
0 5346369

fn=(2022)
0 617253
cfn=(2024)
calls=32487 0 
0 6530349

fn=(2032)
0 6980224
cfn=(2034)
calls=303488 0 
0 495996603

fn=(2060)
0 1200
cob=(7)
cfi=(103)
cfn=(1336)
calls=100 0 
0 25200
0 100
0 300
cob=(7)
cfi=(103)
cfn=(1356)
calls=100 0 
0 8600
0 100
0 948
cob=(7)
cfi=(103)
cfn=(1336)
calls=79 0 
0 19908
0 79
0 237
cob=(7)
cfi=(103)
cfn=(1356)
calls=79 0 
0 6794
0 79

fn=(2072)
0 244258
cfn=(2074)
calls=34894 0 
0 573800
0 139576
cfn=(2074)
calls=34894 0 
0 619466
0 294201
cfn=(2076)
calls=32059 0 
0 10249939
0 17010
cfn=(2070)
calls=2835 0 
0 380943

fn=(2094)
0 2440
cfn=(2064)
calls=244 0 
0 976
0 488
cfn=(2064)
calls=244 0 
0 976
0 732
cfn=(2064)
calls=244 0 
0 976
0 488
cfn=(2064)
calls=244 0 
0 976
0 6100

fn=(2106)
0 10530
cfn=(2066)
calls=1170 0 
0 2015624
0 5850

fn=(2120)
0 119808
cfn=(2122)
calls=7488 0 
0 42968273
0 52416
cfn=(2030)
calls=7488 0 
0 11482548
0 74880
cfn=(2020)
calls=7488 0 
0 1609936
0 37440
cfn=(1988)
calls=7488 0 
0 1009968
0 67392
cfn=(2030)
calls=7488 0 
0 11469241
0 112320

fn=(2152)
0 9840
cfn=(2064)
calls=656 0 
0 2624
0 1968
cfn=(2064)
calls=656 0 
0 2624
0 7872
cfn=(2154)
calls=656 0 
0 7136310
0 5248
cfn=(2074)
calls=656 0 
0 10536
0 2624
cfn=(2074)
calls=656 0 
0 13120
0 3936
cfn=(2084)
calls=656 0 
0 84573
0 1312
cfn=(2084)
calls=656 0 
0 84522
0 7216

fn=(2254)
0 32
cfn=(2256)
calls=1 0 
0 45
0 9
cfn=(1960)
calls=1 0 
0 1559
0 8
cob=(7)
cfi=(103)
cfn=(1282)
calls=1 0 
0 563
0 1
0 2
cob=(3)
cfi=(125)
cfn=(876)
calls=1 52 
0 19
0 1
0 5
cob=(7)
cfi=(103)
cfn=(1282)
calls=1 0 
0 299
0 1
0 10
cob=(7)
cfi=(103)
cfn=(1336)
calls=1 0 
0 252
0 1
0 2
cob=(7)
cfi=(103)
cfn=(1356)
calls=1 0 
0 86
0 1
0 4
cob=(7)
cfi=(103)
cfn=(1282)
calls=1 0 
0 266
0 1
0 3
cob=(7)
cfi=(103)
cfn=(1378)
calls=1 0 
0 438
0 1
0 11
cob=(7)
cfi=(103)
cfn=(1336)
calls=1 0 
0 252
0 1
0 2
cob=(7)
cfi=(103)
cfn=(1356)
calls=1 0 
0 86
0 1
0 4
cob=(7)
cfi=(103)
cfn=(1282)
calls=1 0 
0 317
0 1
0 3
cob=(7)
cfi=(103)
cfn=(1378)
calls=1 0 
0 404
0 1
0 11
cob=(7)
cfi=(103)
cfn=(1336)
calls=1 0 
0 252
0 1
0 2
cob=(7)
cfi=(103)
cfn=(1356)
calls=1 0 
0 86
0 1
0 4
cob=(7)
cfi=(103)
cfn=(1282)
calls=1 0 
0 332
0 1
0 3
cob=(7)
cfi=(103)
cfn=(1378)
calls=1 0 
0 385
0 1
0 11
cob=(7)
cfi=(103)
cfn=(1336)
calls=1 0 
0 252
0 1
0 2
cob=(7)
cfi=(103)
cfn=(1356)
calls=1 0 
0 86
0 1
0 9
cfn=(2258)
calls=1 0 
0 6977
0 4
cob=(7)
cfi=(103)
cfn=(1282)
calls=1 0 
0 508
0 1
0 3
cob=(7)
cfi=(103)
cfn=(1378)
calls=1 0 
0 388
0 1
0 12
cob=(7)
cfi=(103)
cfn=(1336)
calls=1 0 
0 252
0 1
0 2
cob=(7)
cfi=(103)
cfn=(1356)
calls=1 0 
0 86
0 1
0 8
cob=(3)
cfi=(148)
cfn=(1878)
calls=1 26 
0 614
0 1
0 7
cob=(3)
cfi=(148)
cfn=(1878)
calls=1 26 
0 614
0 1
0 7
cob=(3)
cfi=(148)
cfn=(1878)
calls=1 26 
0 623
0 1
0 4
cob=(7)
cfi=(103)
cfn=(1282)
calls=1 0 
0 304
0 1
0 4
cob=(3)
cfi=(125)
cfn=(876)
calls=1 52 
0 15
0 1
0 4
cob=(7)
cfi=(103)
cfn=(1282)
calls=1 0 
0 269
0 1
0 4
cob=(7)
cfi=(103)
cfn=(1282)
calls=1 0 
0 322
0 1
0 3
cob=(7)
cfi=(103)
cfn=(1378)
calls=1 0 
0 385
0 1
0 5
cob=(7)
cfi=(103)
cfn=(1282)
calls=1 0 
0 289
0 1
0 3
cob=(7)
cfi=(103)
cfn=(1378)
calls=1 0 
0 438
0 1
0 11
cob=(7)
cfi=(103)
cfn=(1336)
calls=1 0 
0 252
0 1
0 2
cob=(7)
cfi=(103)
cfn=(1356)
calls=1 0 
0 86
0 1
0 1

fn=(2272)
0 182

fn=(2276)
0 175
cfn=(2064)
calls=25 0 
0 100
0 275

fn=(3230)
0 138348

fn=(2328)
0 96
cfn=(1946)
calls=8 0 
0 102
0 40
cfn=(1946)
calls=8 0 
0 63
0 88

fn=(2330)
0 64
cfn=(1946)
calls=6 0 
0 71
0 24
cfn=(1946)
calls=6 0 
0 94
0 36
cfn=(1946)
calls=6 0 
0 33
0 36
cfn=(1946)
calls=6 0 
0 102
0 58

fn=(2346)
0 1066350

fn=(2374)
0 435540
cfn=(1854)
calls=31110 0 
0 777750
0 435540
cfn=(1854)
calls=31110 0 
0 777750
0 124440
cfn=(1996)
calls=31110 0 
0 1057740
0 279990

fn=(2380)
0 435540
cfn=(1854)
calls=31110 0 
0 777750
0 435540
cfn=(1854)
calls=31110 0 
0 777750
0 124440
cfn=(1996)
calls=31110 0 
0 1057740
0 279990

fn=(2382)
0 186660
cfn=(1996)
calls=31110 0 
0 1057740
0 217770
cfn=(1996)
calls=31110 0 
0 1057740

fn=(2400)
0 1400680
cfn=(2346)
calls=70034 0 
0 700340
0 910442
cfn=(2402)
calls=70034 0 
0 48731712

fn=(2410)
0 93670

fn=(2422)
0 1464
cfn=(2064)
calls=122 0 
0 488
0 732
cfn=(2424)
calls=122 0 
0 185494
0 244
cfn=(2318)
calls=122 0 
0 2836
0 366
cfn=(2084)
calls=122 0 
0 13800
0 1098

fn=(2424)
0 465595
cfn=(2064)
calls=24505 0 
0 98020
0 49010
cfn=(2064)
calls=24505 0 
0 98020
0 73515
cfn=(2064)
calls=24505 0 
0 98020
0 359276
cfn=(2426)
calls=14522 0 
0 5645544
0 44471
cfn=(2070)
calls=9983 0 
0 2516073
0 49010
cfn=(2084)
calls=24505 0 
0 98020
0 49010
cfn=(2084)
calls=24505 0 
0 98020
0 49010
cfn=(2084)
calls=24505 0 
0 98020
0 269555

fn=(2444)
0 2090

fn=(2452)
0 390
cob=(7)
cfi=(103)
cfn=(1412)
calls=10 0 
0 1026
0 10
0 260
cob=(3)
cfi=(139)
cfn=(1440)
calls=10 158 
0 131
0 10
0 20

fn=(2464)
0 250
cfn=(1844)
calls=10 0 
0 2426
0 100
cfn=(2466)
calls=10 0 
0 1224
0 154
cfn=(2466)
calls=77 0 
0 4635
0 3752
cob=(7)
cfi=(103)
cfn=(1828)
calls=87 0 
0 6827
0 87
0 669
cob=(7)
cfi=(103)
cfn=(1828)
calls=10 0 
0 815
0 10
0 100

fn=(3462)
0 464
cob=(7)
cfi=(103)
cfn=(1412)
calls=58 0 
0 3132
0 58
0 580
cfn=(1798)
calls=58 0 
0 1624
0 464
cfn=(1844)
calls=58 0 
0 5104
0 348
cfn=(1970)
calls=58 0 
0 2552
0 116
cob=(7)
cfi=(103)
cfn=(1412)
calls=58 0 
0 3132
0 58
0 174
cfn=(1974)
calls=58 0 
0 232
0 406
cfn=(1798)
calls=58 0 
0 1624
0 232
cfn=(2006)
calls=58 0 
0 870
0 232
cfn=(2016)
calls=58 0 
0 12560
0 456
cfn=(2012)
calls=47 0 
0 423
0 228
cfn=(2012)
calls=57 0 
0 513
0 520
cfn=(2012)
calls=104 0 
0 936
0 520
cfn=(1988)
calls=104 0 
0 14096
0 718

fn=(2502)
0 47012

fn=(2506)
0 10119362

fn=(2510)
0 20
cfn=(1844)
calls=1 0 
0 573
0 7
cfn=(1844)
calls=1 0 
0 474
0 21
cfn=(2506)
calls=1 0 
0 71
0 1666
cfn=(2506)
calls=119 0 
0 9349
0 2640
cfn=(2506)
calls=240 0 
0 17584
0 1440
cfn=(2512)
calls=360 0 
0 3297785
0 2297
cfn=(2506)
calls=1 0 
0 67
0 1428
cfn=(2506)
calls=119 0 
0 9243
0 2400
cfn=(2506)
calls=240 0 
0 17732
0 1440
cfn=(2512)
calls=360 0 
0 2773370
0 2884
cob=(7)
cfi=(103)
cfn=(1412)
calls=1 0 
0 216
0 1
0 3
cfn=(2514)
calls=1 0 
0 17
0 7
cfn=(1798)
calls=1 0 
0 28
0 7
cfn=(2516)
calls=1 0 
0 90680
0 4
cob=(7)
cfi=(103)
cfn=(1412)
calls=1 0 
0 389
0 1
0 3
cfn=(2514)
calls=1 0 
0 17
0 7
cfn=(1798)
calls=1 0 
0 28
0 7
cfn=(2516)
calls=1 0 
0 88480
0 13

fn=(2524)
0 3141

fn=(2534)
0 651
cob=(3)
cfi=(138)
cfn=(1374)
calls=12 217 
0 129
0 12
0 253
cob=(3)
cfi=(138)
cfn=(1374)
calls=10 217 
0 110
0 10
0 263

fn=(2554)
0 148799094

fn=(2570)
0 14
cob=(7)
cfi=(103)
cfn=(1412)
calls=1 0 
0 666
0 1
0 3
cfn=(1864)
calls=1 0 
0 62
0 7
cfn=(1798)
calls=1 0 
0 28
0 10
cob=(3)
cfi=(148)
cfn=(1878)
calls=1 26 
0 1001
0 1
0 9
cob=(3)
cfi=(148)
cfn=(1878)
calls=1 26 
0 1001
0 1
0 8
cob=(3)
cfi=(148)
cfn=(1878)
calls=1 26 
0 997
0 1
0 9
cob=(7)
cfi=(103)
cfn=(1412)
calls=1 0 
0 54
0 1
0 3
cfn=(2572)
calls=1 0 
0 17
0 7
cfn=(1798)
calls=1 0 
0 28
0 3
cob=(7)
cfi=(103)
cfn=(1412)
calls=1 0 
0 272
0 1
0 3
cfn=(2276)
calls=1 0 
0 22
0 7
cfn=(1798)
calls=1 0 
0 28
0 7
cfn=(2278)
calls=1 0 
0 2457
0 5
cfn=(2574)
calls=1 0 
0 866
0 10
cfn=(2318)
calls=1 0 
0 47
0 6
cfn=(2256)
calls=1 0 
0 45
0 6
cfn=(1960)
calls=1 0 
0 2096
0 9

fn=(2584)
0 27
cfn=(2586)
calls=1 0 
0 4279
0 2
cob=(7)
cfi=(103)
cfn=(1412)
calls=1 0 
0 214
0 1
0 3
cfn=(1974)
calls=1 0 
0 4
0 7
cfn=(1798)
calls=1 0 
0 28
0 5
cfn=(2006)
calls=1 0 
0 15
0 3
cfn=(2016)
calls=1 0 
0 495
0 13
cfn=(2012)
calls=1 0 
0 9
0 72
cfn=(2012)
calls=9 0 
0 81
0 50
cfn=(1978)
calls=10 0 
0 25960
0 27
cfn=(2064)
calls=1 0 
0 4
0 2
cfn=(2064)
calls=1 0 
0 4
0 3
cfn=(2064)
calls=1 0 
0 4
0 3
cfn=(2064)
calls=1 0 
0 4
0 3
cfn=(2064)
calls=1 0 
0 4
0 3
cfn=(2064)
calls=1 0 
0 4
0 3
cfn=(2064)
calls=1 0 
0 4
0 3
cfn=(2070)
calls=1 0 
0 312
0 6
cfn=(2070)
calls=1 0 
0 373
0 3
cfn=(2070)
calls=1 0 
0 338
0 3
cfn=(2070)
calls=1 0 
0 361
0 3
cfn=(2070)
calls=1 0 
0 338
0 3
cfn=(1946)
calls=1 0 
0 25
0 3
cfn=(2070)
calls=1 0 
0 424
0 5
cfn=(2588)
calls=1 0 
0 1084
0 4
cfn=(2588)
calls=1 0 
0 756
0 4
cfn=(2588)
calls=1 0 
0 871
0 4
cfn=(2588)
calls=1 0 
0 933
0 4
cfn=(2588)
calls=1 0 
0 1486
0 11
cfn=(2590)
calls=1 0 
0 42601387
0 6
cfn=(2594)
calls=1 0 
0 3023
0 5
cfn=(2184)
calls=1 0 
0 27
0 5
cfn=(2596)
calls=1 0 
0 576
0 3
cob=(7)
cfi=(103)
cfn=(2190)
calls=1 0 
0 76
0 1
0 5
cfn=(2184)
calls=1 0 
0 27
0 4
cfn=(2196)
calls=1 0 
0 226
0 3
cob=(7)
cfi=(103)
cfn=(2190)
calls=1 0 
0 76
0 1
0 5
cfn=(1942)
calls=1 0 
0 154
0 4
cfn=(2084)
calls=1 0 
0 4
0 2
cfn=(2084)
calls=1 0 
0 129
0 2
cfn=(2084)
calls=1 0 
0 129
0 2
cfn=(2084)
calls=1 0 
0 129
0 2
cfn=(2084)
calls=1 0 
0 129
0 2
cfn=(2084)
calls=1 0 
0 129
0 2
cfn=(2084)
calls=1 0 
0 129
0 11

fn=(2588)
0 96
cfn=(2064)
calls=8 0 
0 32
0 32
cfn=(2072)
calls=8 0 
0 4402
0 24
cfn=(2082)
calls=8 0 
0 2334
0 16
cfn=(2084)
calls=8 0 
0 896
0 64

fn=(2646)
0 8690
cfn=(2400)
calls=395 0 
0 149758
0 2765

fn=(2652)
0 23
cfn=(1844)
calls=1 0 
0 88
0 6
cfn=(1844)
calls=1 0 
0 88
0 372
cfn=(1970)
calls=1 0 
0 81
0 11
cfn=(1986)
calls=1 0 
0 5476
0 9
cfn=(1942)
calls=1 0 
0 105
0 14
cfn=(1942)
calls=1 0 
0 105

fn=(2654)
0 27
cfn=(2656)
calls=1 0 
0 301
0 7
cfn=(1914)
calls=1 0 
0 363
0 7
cfn=(2658) finite_field::mult_vector_from_the_right(long*, long*, long*, long, long)
calls=1 0 
0 2631
0 142
cfn=(1854)
calls=6 0 
0 150
0 24
cfn=(1996)
calls=6 0 
0 204
0 48
cfn=(1854)
calls=6 0 
0 150
0 24
cfn=(1996)
calls=6 0 
0 204
0 60
cfn=(1854)
calls=6 0 
0 150
0 24
cfn=(1996)
calls=6 0 
0 204
0 36
cfn=(1854)
calls=6 0 
0 150
0 24
cfn=(1996)
calls=6 0 
0 204
0 36
cfn=(1854)
calls=6 0 
0 150
0 24
cfn=(1996)
calls=6 0 
0 204
0 36
cfn=(1854)
calls=6 0 
0 150
0 24
cfn=(1996)
calls=6 0 
0 204
0 50
cfn=(2658)
calls=1 0 
0 2631
0 173
cfn=(1854)
calls=18 0 
0 450
0 72
cfn=(1994)
calls=18 0 
0 432
0 72
cfn=(1996)
calls=18 0 
0 612
0 108
cfn=(1854)
calls=18 0 
0 450
0 72
cfn=(1994)
calls=18 0 
0 432
0 72
cfn=(1996)
calls=18 0 
0 612
0 259
cfn=(1854)
calls=18 0 
0 450
0 72
cfn=(1994)
calls=18 0 
0 432
0 72
cfn=(1854)
calls=18 0 
0 450
0 72
cfn=(1996)
calls=18 0 
0 612
0 108
cfn=(1854)
calls=18 0 
0 450
0 72
cfn=(1994)
calls=18 0 
0 432
0 72
cfn=(1854)
calls=18 0 
0 450
0 72
cfn=(1996)
calls=18 0 
0 612
0 92

fn=(2658)
0 230
cfn=(1854)
calls=12 0 
0 300
0 48
cfn=(1996)
calls=12 0 
0 408
0 72
cfn=(1854)
calls=12 0 
0 300
0 48
cfn=(1996)
calls=12 0 
0 408
0 84
cfn=(1854)
calls=12 0 
0 300
0 48
cfn=(1996)
calls=12 0 
0 408
0 72
cfn=(1854)
calls=12 0 
0 300
0 48
cfn=(1996)
calls=12 0 
0 408
0 72
cfn=(1854)
calls=12 0 
0 300
0 48
cfn=(1996)
calls=12 0 
0 408
0 84
cfn=(1854)
calls=12 0 
0 300
0 48
cfn=(1996)
calls=12 0 
0 408
0 112

fn=(2702)
0 984
cfn=(2402)
calls=24 0 
0 3000
0 240
cfn=(2402)
calls=24 0 
0 696
0 288
cfn=(2640)
calls=24 0 
0 10776
0 144
cfn=(2642)
calls=24 0 
0 17382
0 1128

fn=(2704)
0 70
cfn=(2697)
calls=2 0 
0 147
0 2

fn=(2708)
0 46

fn=(2720)
0 24
cfn=(2434)
calls=1 0 
0 395
0 6
cfn=(2434)
calls=1 0 
0 395
0 6
cfn=(2434)
calls=1 0 
0 390
0 15
cfn=(2036)
calls=1 0 
0 61
0 15282
cfn=(2036)
calls=2547 0 
0 386019
0 10192
cfn=(2722)
calls=2548 0 
0 10081324
0 143122
cfn=(1812)
calls=2548 0 
0 629909
0 15288
cob=(3)
cfi=(147)
cfn=(1840)
calls=2548 32 
0 165308
0 2548
0 5106
cfn=(2368)
calls=1 0 
0 813
0 12735
cfn=(2368)
calls=2547 0 
0 1987005
0 10192
cfn=(2722)
calls=2548 0 
0 13387152
0 168609
cfn=(1812)
calls=2548 0 
0 662400
0 15288
cob=(3)
cfi=(147)
cfn=(1840)
calls=2548 32 
0 157104
0 2548
0 5105
cfn=(2398)
calls=1 0 
0 295
0 15282
cfn=(2398)
calls=2547 0 
0 1590853
0 10192
cfn=(2722)
calls=2548 0 
0 10081324
0 143472
cfn=(1812)
calls=2548 0 
0 670280
0 15288
cob=(3)
cfi=(147)
cfn=(1840)
calls=2548 32 
0 165378
0 2548
0 5098
cob=(7)
cfi=(103)
cfn=(1412)
calls=1 0 
0 54
0 1
0 3
cfn=(2724)
calls=1 0 
0 5
0 7
cfn=(1798)
calls=1 0 
0 28
0 7
cfn=(2726)
calls=1 0 
0 154705
0 4
cfn=(2728)
calls=1 0 
0 2500602
0 5
cfn=(2730)
calls=1 0 
0 2552214
0 6
cfn=(2732)
calls=1 0 
0 955762
0 5
cfn=(2730)
calls=1 0 
0 2551215
0 5
cfn=(2732)
calls=1 0 
0 950070
0 5
cfn=(2730)
calls=1 0 
0 2549472
0 5
cfn=(2732)
calls=1 0 
0 953079
0 25
cfn=(1818)
calls=1 0 
0 105
0 6
cfn=(1818)
calls=1 0 
0 105
0 6
cfn=(1818)
calls=1 0 
0 105
0 6
cfn=(1818)
calls=1 0 
0 105
0 1910
cfn=(1818)
calls=318 0 
0 38745
0 1590
cfn=(1818)
calls=318 0 
0 38728
0 1590
cfn=(1818)
calls=318 0 
0 38779
0 1590
cfn=(1818)
calls=318 0 
0 38796
0 1590
cfn=(1818)
calls=318 0 
0 38796
0 1590
cfn=(1818)
calls=318 0 
0 38796
0 1590
cfn=(1818)
calls=318 0 
0 38779
0 1590
cfn=(1818)
calls=318 0 
0 38779
0 642
cfn=(2472)
calls=1 0 
0 154
0 22
cfn=(1818)
calls=1 0 
0 122
0 6
cfn=(1818)
calls=1 0 
0 122
0 6
cfn=(1818)
calls=1 0 
0 122
0 6
cfn=(1818)
calls=1 0 
0 122
0 1910
cfn=(1818)
calls=318 0 
0 38796
0 1590
cfn=(1818)
calls=318 0 
0 38796
0 1590
cfn=(1818)
calls=318 0 
0 38796
0 1590
cfn=(1818)
calls=318 0 
0 38796
0 1590
cfn=(1818)
calls=318 0 
0 38796
0 1590
cfn=(1818)
calls=318 0 
0 38796
0 1590
cfn=(1818)
calls=318 0 
0 38796
0 1590
cfn=(1818)
calls=318 0 
0 38796
0 642
cfn=(2472)
calls=1 0 
0 176
0 22
cfn=(1818)
calls=1 0 
0 122
0 6
cfn=(1818)
calls=1 0 
0 122
0 6
cfn=(1818)
calls=1 0 
0 122
0 6
cfn=(1818)
calls=1 0 
0 122
0 1910
cfn=(1818)
calls=318 0 
0 38796
0 1590
cfn=(1818)
calls=318 0 
0 38796
0 1590
cfn=(1818)
calls=318 0 
0 38796
0 1590
cfn=(1818)
calls=318 0 
0 38796
0 1590
cfn=(1818)
calls=318 0 
0 38796
0 1590
cfn=(1818)
calls=318 0 
0 38796
0 1590
cfn=(1818)
calls=318 0 
0 38796
0 1590
cfn=(1818)
calls=318 0 
0 38796
0 641
cfn=(2472)
calls=1 0 
0 176
0 13

fn=(2724)
0 10

fn=(2942)
0 13202
cfn=(1844)
calls=574 0 
0 83438
0 3444
cfn=(1844)
calls=574 0 
0 90163
0 3444
cfn=(1844)
calls=574 0 
0 100680
0 140874
cfn=(2522)
calls=491 0 
0 14992398
0 1314
cfn=(2522)
calls=83 0 
0 1581764
0 23479

fn=(2962)
0 12570
cfn=(1916)
calls=1257 0 
0 1973687
0 7542
cfn=(1918)
calls=1257 0 
0 143298

fn=(2968)
0 84
cob=(7)
cfi=(103)
cfn=(1336)
calls=7 0 
0 1764
0 7
0 21
cob=(7)
cfi=(103)
cfn=(1356)
calls=7 0 
0 602
0 7

fn=(2974)
0 105
cob=(7)
cfi=(103)
cfn=(1282)
calls=5 0 
0 3640
0 5
0 55
cob=(7)
cfi=(103)
cfn=(1336)
calls=5 0 
0 1260
0 5
0 10
cob=(7)
cfi=(103)
cfn=(1356)
calls=5 0 
0 430
0 5
0 10
cfn=(2972)
calls=5 0 
0 15
0 50
cob=(7)
cfi=(103)
cfn=(1336)
calls=5 0 
0 1260
0 5
0 10
cob=(7)
cfi=(103)
cfn=(1356)
calls=5 0 
0 430
0 5
0 20
cob=(7)
cfi=(103)
cfn=(1282)
calls=5 0 
0 2715
0 5
0 15
cob=(7)
cfi=(103)
cfn=(1378)
calls=5 0 
0 1925
0 5
0 55
cob=(7)
cfi=(103)
cfn=(1336)
calls=5 0 
0 1260
0 5
0 10
cob=(7)
cfi=(103)
cfn=(1356)
calls=5 0 
0 430
0 5
0 20
cob=(7)
cfi=(103)
cfn=(1282)
calls=5 0 
0 2140
0 5
0 15
cfn=(2976)
calls=5 0 
0 20
0 15
cob=(7)
cfi=(103)
cfn=(1378)
calls=5 0 
0 1944
0 5
0 25
cob=(7)
cfi=(103)
cfn=(1282)
calls=5 0 
0 1535
0 5
0 15
cob=(7)
cfi=(103)
cfn=(1378)
calls=5 0 
0 1928
0 5
0 55
cob=(7)
cfi=(103)
cfn=(1336)
calls=5 0 
0 1260
0 5
0 10
cob=(7)
cfi=(103)
cfn=(1356)
calls=5 0 
0 430
0 5
0 20
cob=(7)
cfi=(103)
cfn=(1282)
calls=5 0 
0 1495
0 5
0 15
cob=(7)
cfi=(103)
cfn=(1378)
calls=5 0 
0 1925
0 5
0 55
cob=(7)
cfi=(103)
cfn=(1336)
calls=5 0 
0 1260
0 5
0 10
cob=(7)
cfi=(103)
cfn=(1356)
calls=5 0 
0 430
0 5
0 20
cob=(7)
cfi=(103)
cfn=(1282)
calls=5 0 
0 2015
0 5
0 15
cob=(7)
cfi=(103)
cfn=(1378)
calls=5 0 
0 1928
0 5
0 25
cob=(7)
cfi=(103)
cfn=(1282)
calls=5 0 
0 1560
0 5
0 60
cob=(7)
cfi=(103)
cfn=(1336)
calls=5 0 
0 1260
0 5
0 10
cob=(7)
cfi=(103)
cfn=(1356)
calls=5 0 
0 430
0 5
0 35
cfn=(2978) poset_classification::downstep(long, long, long, long, long)
calls=5 0 
0 3175571287
0 20
cob=(7)
cfi=(103)
cfn=(1282)
calls=5 0 
0 2365
0 5
0 50
cob=(7)
cfi=(103)
cfn=(1336)
calls=5 0 
0 1260
0 5
0 10
cob=(7)
cfi=(103)
cfn=(1356)
calls=5 0 
0 430
0 5
0 30
cob=(7)
cfi=(103)
cfn=(1282)
calls=5 0 
0 2365
0 5
0 50
cob=(7)
cfi=(103)
cfn=(1336)
calls=5 0 
0 1260
0 5
0 10
cob=(7)
cfi=(103)
cfn=(1356)
calls=5 0 
0 430
0 5
0 25
cfn=(3108)
calls=5 0 
0 2554115583
0 20
cob=(7)
cfi=(103)
cfn=(1282)
calls=5 0 
0 2315
0 5
0 50
cob=(7)
cfi=(103)
cfn=(1336)
calls=5 0 
0 1260
0 5
0 45
cob=(7)
cfi=(103)
cfn=(1356)
calls=5 0 
0 430
0 5

fn=(2978)
0 878
cfn=(2980)
calls=23 0 
0 99569
0 30
cfn=(2980)
calls=5 0 
0 20675
0 112
cob=(7)
cfi=(103)
cfn=(1282)
calls=28 0 
0 9576
0 28
0 364
cob=(7)
cfi=(103)
cfn=(1336)
calls=28 0 
0 7056
0 28
0 56
cob=(7)
cfi=(103)
cfn=(1356)
calls=28 0 
0 2408
0 28
0 659
cfn=(2994)
calls=29 0 
0 3175053438
0 396
cob=(7)
cfi=(103)
cfn=(1336)
calls=28 0 
0 7056
0 28
0 56
cob=(7)
cfi=(103)
cfn=(1356)
calls=28 0 
0 2408
0 28
0 112
cob=(7)
cfi=(103)
cfn=(1282)
calls=28 0 
0 9856
0 28
0 252
cob=(7)
cfi=(103)
cfn=(1282)
calls=28 0 
0 7448
0 28
0 84
cob=(7)
cfi=(103)
cfn=(1378)
calls=28 0 
0 12264
0 28
0 140
cob=(7)
cfi=(103)
cfn=(1282)
calls=28 0 
0 8596
0 28
0 112
cob=(7)
cfi=(103)
cfn=(1378)
calls=28 0 
0 11255
0 28
0 112
cob=(7)
cfi=(103)
cfn=(1282)
calls=28 0 
0 7812
0 28
0 168
cfn=(3106)
calls=28 0 
0 58038
0 154
cfn=(3100) poset_orbit_node::print_extensions(poset_classification*)
calls=28 0 
0 233798
0 48
cob=(7)
cfi=(103)
cfn=(1282)
calls=5 0 
0 3640
0 5
0 55
cob=(7)
cfi=(103)
cfn=(1336)
calls=5 0 
0 1260
0 5
0 10
cob=(7)
cfi=(103)
cfn=(1356)
calls=5 0 
0 430
0 5
0 10
cfn=(2972)
calls=5 0 
0 15
0 50
cob=(7)
cfi=(103)
cfn=(1336)
calls=5 0 
0 1260
0 5
0 10
cob=(7)
cfi=(103)
cfn=(1356)
calls=5 0 
0 430
0 5
0 20
cob=(7)
cfi=(103)
cfn=(1282)
calls=5 0 
0 1520
0 5
0 15
cob=(7)
cfi=(103)
cfn=(1378)
calls=5 0 
0 1928
0 5
0 25
cob=(7)
cfi=(103)
cfn=(1282)
calls=5 0 
0 1520
0 5
0 15
cob=(7)
cfi=(103)
cfn=(1378)
calls=5 0 
0 1925
0 5
0 55
cob=(7)
cfi=(103)
cfn=(1336)
calls=5 0 
0 1260
0 5
0 10
cob=(7)
cfi=(103)
cfn=(1356)
calls=5 0 
0 430
0 5
0 45

fn=(3004)
0 1156
cfn=(1844)
calls=29 0 
0 15923
0 319
cfn=(3008) poset_orbit_node::downstep_apply_early_test(poset_classification*, long, long, long*, long*, long&, long)
calls=29 0 
0 125428329
0 232
cfn=(2938)
calls=29 0 
0 12390111
0 145
cfn=(3020)
calls=29 0 
0 350572
0 203
cfn=(3026)
calls=29 0 
0 3003785
0 61
cfn=(3042)
calls=1 0 
0 430374709
0 435
cfn=(1942)
calls=29 0 
0 4992
0 389
cfn=(3006)
calls=1 0 
0 10599
0 90
cfn=(3042)
calls=28 0 
0 2589973948
0 280
cfn=(3006)
calls=28 0 
0 1512
0 145
cfn=(1942)
calls=1 0 
0 154
0 1

fn=(3008)
0 841
cfn=(1844)
calls=29 0 
0 2550
0 174
cfn=(3010)
calls=29 0 
0 1313
0 145

ob=(7)
fl=(103)
fn=(606) 0x000000000008f840
0 34

fn=(738) std::locale::_Impl::_Impl(unsigned long)
0 447
cob=(1)
cfi=(104)
cfn=(483)
calls=1 71 
0 798
0 5
0 7
cob=(1)
cfi=(104)
cfn=(483)
calls=1 71 
0 4225
0 5
0 4
cob=(1)
cfi=(104)
cfn=(483)
calls=1 71 
0 2087
0 5
0 3
cob=(1)
cfi=(104)
cfn=(483)
calls=1 71 
0 808
0 5
0 4
cfn=(776) std::locale::_Impl::_M_install_facet(std::locale::id const*, std::locale::facet const*)
calls=1 0 
0 381
0 1
0 23
cob=(1)
cfi=(104)
cfn=(483)
calls=1 71 
0 1487
0 5
0 4
cfn=(776)
calls=1 0 
0 381
0 1
0 8
cfn=(776)
calls=1 0 
0 381
0 1
0 8
cfn=(776)
calls=1 0 
0 381
0 1
0 5
cfn=(756) std::locale::facet::_S_get_c_locale()
calls=1 0 
0 10
0 1
0 5
cfn=(776)
calls=1 0 
0 381
0 1
0 28
cob=(1)
cfi=(104)
cfn=(483)
calls=1 71 
0 1278
0 5
0 4
cfn=(776)
calls=1 0 
0 381
0 1
0 28
cob=(1)
cfi=(104)
cfn=(483)
calls=1 71 
0 1338
0 5
0 4
cfn=(776)
calls=1 0 
0 381
0 1
0 8
cfn=(776)
calls=1 0 
0 381
0 1
0 8
cfn=(776)
calls=1 0 
0 381
0 1
0 56
cob=(1)
cfi=(104)
cfn=(483)
calls=1 71 
0 2106
0 5
0 4
cfn=(776)
calls=1 0 
0 381
0 1
0 8
cfn=(776)
calls=1 0 
0 381
0 1
0 8
cfn=(776)
calls=1 0 
0 381
0 1
0 3
cob=(1)
cfi=(104)
cfn=(483)
calls=1 71 
0 780
0 5
0 4
cfn=(776)
calls=1 0 
0 381
0 1
0 3
cob=(1)
cfi=(104)
cfn=(483)
calls=1 71 
0 28560
0 5
0 4
cfn=(776)
calls=1 0 
0 381
0 1
0 3
cob=(1)
cfi=(104)
cfn=(483)
calls=1 71 
0 808
0 5
0 4
cfn=(776)
calls=1 0 
0 381
0 1
0 22
cob=(1)
cfi=(104)
cfn=(483)
calls=1 71 
0 1416
0 5
0 4
cfn=(776)
calls=1 0 
0 381
0 1
0 8
cfn=(776)
calls=1 0 
0 381
0 1
0 8
cfn=(776)
calls=1 0 
0 381
0 1
0 5
cfn=(756)
calls=1 0 
0 10
0 1
0 5
cfn=(776)
calls=1 0 
0 381
0 1
0 27
cob=(1)
cfi=(104)
cfn=(483)
calls=1 71 
0 1294
0 5
0 4
cfn=(776)
calls=1 0 
0 381
0 1
0 27
cob=(1)
cfi=(104)
cfn=(483)
calls=1 71 
0 1278
0 5
0 4
cfn=(776)
calls=1 0 
0 381
0 1
0 8
cfn=(776)
calls=1 0 
0 381
0 1
0 8
cfn=(776)
calls=1 0 
0 381
0 1
0 56
cob=(1)
cfi=(104)
cfn=(483)
calls=1 71 
0 2140
0 5
0 4
cfn=(776)
calls=1 0 
0 381
0 1
0 8
cfn=(776)
calls=1 0 
0 381
0 1
0 8
cfn=(776)
calls=1 0 
0 381
0 1
0 3
cob=(1)
cfi=(104)
cfn=(483)
calls=1 71 
0 773
0 5
0 4
cfn=(776)
calls=1 0 
0 381
0 1
0 8
cfn=(776)
calls=1 0 
0 381
0 1
0 8
cfn=(776)
calls=1 0 
0 381
0 1
0 10
cfn=(924) 0x00000000000bedd0
calls=1 0 
0 9772
0 4
cfn=(782) std::locale::id::_M_id() const
calls=1 0 
0 6
0 1
0 5
cfn=(782)
calls=1 0 
0 6
0 1
0 4
cfn=(782)
calls=1 0 
0 6
0 1
0 4
cfn=(782)
calls=1 0 
0 6
0 1
0 5
cfn=(782)
calls=1 0 
0 6
0 1
0 4
cfn=(782)
calls=1 0 
0 6
0 1
0 4
cfn=(782)
calls=1 0 
0 6
0 1
0 5
cfn=(782)
calls=1 0 
0 6
0 1
0 13

fn=(756)
0 389
cfn=(758) 0x00000000000a48c0
calls=1 0 
0 2606
0 3

fn=(788) std::codecvt<char, char, __mbstate_t>::codecvt(unsigned long)
0 13
cfn=(756)
calls=1 0 
0 10
0 1
0 5

fn=(898) std::__cxx11::moneypunct<wchar_t, false>::_M_initialize_moneypunct(__locale_struct*, char const*)
0 131

fn=(916) std::__timepunct<wchar_t>::_M_initialize_timepunct(__locale_struct*)
0 10
cfn=(756)
calls=1 0 
0 10
0 1
0 94

fn=(952) std::moneypunct<char, false>::_M_initialize_moneypunct(__locale_struct*, char const*)
0 123

fn=(1194) std::num_get<char, std::istreambuf_iterator<char, std::char_traits<char> > > const& std::use_facet<std::num_get<char, std::istreambuf_iterator<char, std::char_traits<char> > > >(std::locale const&)
0 90
cfn=(782)
calls=18 0 
0 108
0 18
0 198
cfn=(1152) __dynamic_cast
calls=18 0 
0 1602
0 18
0 72

fn=(1224) bool std::has_facet<std::num_put<wchar_t, std::ostreambuf_iterator<wchar_t, std::char_traits<wchar_t> > > >(std::locale const&)
0 20
cfn=(782)
calls=4 0 
0 24
0 4
0 52
cfn=(1152)
calls=4 0 
0 356
0 4
0 16

fn=(1782)
0 48
cfn=(1784)
calls=24 0 
0 9876

fn=(2844) std::__basic_file<char>::fd()
0 9354
cob=(3)
cfi=(162)
cfn=(2850)
calls=3117 35 
0 18702
cob=(1)
cfi=(104)
cfn=(483)
calls=1 71 
0 1463
0 3122

fn=(3594)
0 52
cfn=(2868)
calls=3 0 
0 2124
cob=(1)
cfi=(104)
cfn=(482)
calls=1 71 
0 1754
0 8
0 8
cfn=(2914)
calls=3 0 
0 51
cob=(1)
cfi=(104)
cfn=(482)
calls=1 71 
0 740
0 8
0 20
cfn=(1134)
calls=4 0 
0 48
0 4
0 32
cfn=(2920)
calls=3 0 
0 168
cob=(1)
cfi=(104)
cfn=(482)
calls=1 71 
0 747
0 8

fn=(794) std::__cxx11::numpunct<char>::_M_initialize_numpunct(__locale_struct*)
0 420

fn=(812) std::__timepunct<char>::__timepunct(std::__timepunct_cache<char>*, unsigned long)
0 15
cfn=(744) std::locale::facet::_S_get_c_name()
calls=1 0 
0 3
0 1
0 4
cob=(1)
cfi=(104)
cfn=(483)
calls=1 71 
0 1160
0 5
0 4

fn=(1128) std::locale::operator=(std::locale const&)
0 484

fn=(1206) std::basic_ios<wchar_t, std::char_traits<wchar_t> >::_M_cache_locale(std::locale const&)
0 32
cfn=(1212) bool std::has_facet<std::ctype<wchar_t> >(std::locale const&)
calls=3 0 
0 357
cob=(1)
cfi=(104)
cfn=(483)
calls=1 71 
0 937
0 8
0 16
cfn=(1218) std::ctype<wchar_t> const& std::use_facet<std::ctype<wchar_t> >(std::locale const&)
calls=3 0 
0 351
cob=(1)
cfi=(104)
cfn=(483)
calls=1 71 
0 959
0 8
0 12
cfn=(1224)
calls=3 0 
0 357
cob=(1)
cfi=(104)
cfn=(483)
calls=1 71 
0 1312
0 8
0 16
cfn=(1230) std::num_put<wchar_t, std::ostreambuf_iterator<wchar_t, std::char_traits<wchar_t> > > const& std::use_facet<std::num_put<wchar_t, std::ostreambuf_iterator<wchar_t, std::char_traits<wchar_t> > > >(std::locale const&)
calls=3 0 
0 351
cob=(1)
cfi=(104)
cfn=(483)
calls=1 71 
0 1351
0 8
0 12
cfn=(1236) bool std::has_facet<std::num_get<wchar_t, std::istreambuf_iterator<wchar_t, std::char_traits<wchar_t> > > >(std::locale const&)
calls=3 0 
0 357
cob=(1)
cfi=(104)
cfn=(483)
calls=1 71 
0 1305
0 8
0 16
cfn=(1242) std::num_get<wchar_t, std::istreambuf_iterator<wchar_t, std::char_traits<wchar_t> > > const& std::use_facet<std::num_get<wchar_t, std::istreambuf_iterator<wchar_t, std::char_traits<wchar_t> > > >(std::locale const&)
calls=3 0 
0 351
cob=(1)
cfi=(104)
cfn=(483)
calls=1 71 
0 1343
0 8
0 20

fn=(1236)
0 20
cfn=(782)
calls=4 0 
0 24
0 4
0 52
cfn=(1152)
calls=4 0 
0 356
0 4
0 16

fn=(2770) std::__basic_file<char>::is_open() const
0 168

fn=(2832) std::basic_filebuf<char, std::char_traits<char> >::_M_convert_to_external(char*, long)
0 62280
cfn=(2816) std::codecvt<char, char, __mbstate_t>::do_always_noconv() const
calls=3114 0 
0 9342
0 18684
cfn=(2838) std::__basic_file<char>::xsputn(char const*, long)
calls=3113 0 
0 186780
cob=(1)
cfi=(104)
cfn=(483)
calls=1 71 
0 4514
0 3118
0 40482

fn=(2838)
0 49824
cob=(3)
cfi=(136)
cfn=(1352)
calls=3113 27 
0 28017
cob=(1)
cfi=(104)
cfn=(483)
calls=1 71 
0 1484
0 3118
0 49824
cfn=(2844)
calls=3113 0 
0 31130
cob=(1)
cfi=(104)
cfn=(483)
calls=1 71 
0 2194
0 3118
0 21798

fn=(2914)
0 14
cfn=(2886) std::__basic_file<char>::close()
calls=7 0 
0 98
0 7

fn=(2920)
0 56
cfn=(2926) std::ios_base::_M_call_callbacks(std::ios_base::event)
calls=6 0 
0 66
cob=(1)
cfi=(104)
cfn=(482)
calls=1 71 
0 878
0 11
0 14
cfn=(2932) std::ios_base::_M_dispose_callbacks()
calls=6 0 
0 78
cob=(1)
cfi=(104)
cfn=(482)
calls=1 71 
0 824
0 11
0 49
cfn=(1134)
calls=7 0 
0 84
0 7

fn=(3402) std::num_put<char, std::ostreambuf_iterator<char, std::char_traits<char> > >::do_put(std::ostreambuf_iterator<char, std::char_traits<char> >, std::ios_base&, char, double) const
0 100
cfn=(3408) std::ostreambuf_iterator<char, std::char_traits<char> > std::num_put<char, std::ostreambuf_iterator<char, std::char_traits<char> > >::_M_insert_float<double>(std::ostreambuf_iterator<char, std::char_traits<char> >, std::ios_base&, char, char, double) const
calls=24 0 
0 68394
cob=(1)
cfi=(104)
cfn=(482)
calls=1 71 
0 7327
0 29

fn=(3416) 0x00000000000dbd10
0 650
cob=(3)
cfi=(118)
cfn=(842)
calls=25 31 
0 525
0 25
0 300
cob=(3)
cfi=(171)
cfn=(3426)
calls=24 95 
0 51342
cob=(1)
cfi=(104)
cfn=(483)
calls=1 71 
0 2839
0 29
0 75
cob=(3)
cfi=(118)
cfn=(842)
calls=25 31 
0 525
0 25
0 250

fn=(3824)
0 4
cfn=(3822) std::_V2::error_category::~error_category()
calls=1 0 
0 2
0 1

fn=(3834) std::error_category::~error_category()
0 4

fn=(724) std::locale::locale()
0 450
cfn=(726) 0x00000000000a6a90
calls=50 0 
0 74224
0 750

fn=(758)
0 5
cob=(1)
cfi=(104)
cfn=(483)
calls=1 71 
0 2596
0 5

fn=(776)
0 420
cfn=(782)
calls=29 0 
0 435
cob=(1)
cfi=(104)
cfn=(483)
calls=1 71 
0 714
0 34
0 10530

fn=(782)
0 174000

fn=(806) std::__cxx11::moneypunct<char, true>::_M_initialize_moneypunct(__locale_struct*, char const*)
0 123

fn=(910) std::__timepunct<wchar_t>::__timepunct(std::__timepunct_cache<wchar_t>*, unsigned long)
0 15
cfn=(744)
calls=1 0 
0 3
0 1
0 4
cob=(1)
cfi=(104)
cfn=(483)
calls=1 71 
0 1194
0 5
0 4

fn=(1110)
0 885
cfn=(724)
calls=15 0 
0 465
0 15

fn=(1140) std::basic_ios<char, std::char_traits<char> >::_M_cache_locale(std::locale const&)
0 144
cfn=(1146) bool std::has_facet<std::ctype<char> >(std::locale const&)
calls=17 0 
0 3417
cob=(1)
cfi=(104)
cfn=(483)
calls=1 71 
0 3155
0 22
0 72
cfn=(1168) std::ctype<char> const& std::use_facet<std::ctype<char> >(std::locale const&)
calls=17 0 
0 3383
cob=(1)
cfi=(104)
cfn=(483)
calls=1 71 
0 1085
0 22
0 54
cfn=(1174) bool std::has_facet<std::num_put<char, std::ostreambuf_iterator<char, std::char_traits<char> > > >(std::locale const&)
calls=17 0 
0 2023
cob=(1)
cfi=(104)
cfn=(483)
calls=1 71 
0 1321
0 22
0 72
cfn=(1182) std::num_put<char, std::ostreambuf_iterator<char, std::char_traits<char> > > const& std::use_facet<std::num_put<char, std::ostreambuf_iterator<char, std::char_traits<char> > > >(std::locale const&)
calls=17 0 
0 1989
cob=(1)
cfi=(104)
cfn=(483)
calls=1 71 
0 1327
0 22
0 54
cfn=(1188) bool std::has_facet<std::num_get<char, std::istreambuf_iterator<char, std::char_traits<char> > > >(std::locale const&)
calls=17 0 
0 2023
cob=(1)
cfi=(104)
cfn=(483)
calls=1 71 
0 1305
0 22
0 72
cfn=(1194)
calls=17 0 
0 1989
cob=(1)
cfi=(104)
cfn=(483)
calls=1 71 
0 1335
0 22
0 90

fn=(1152)
0 5643
cfn=(1176) __cxxabiv1::__si_class_type_info::__do_dyncast(long, __cxxabiv1::__class_type_info::__sub_kind, __cxxabiv1::__class_type_info const*, void const*, __cxxabiv1::__class_type_info const*, void const*, __cxxabiv1::__class_type_info::__dyncast_result&) const
calls=110 0 
0 3960
cfn=(1154) __cxxabiv1::__vmi_class_type_info::__do_dyncast(long, __cxxabiv1::__class_type_info::__sub_kind, __cxxabiv1::__class_type_info const*, void const*, __cxxabiv1::__class_type_info const*, void const*, __cxxabiv1::__class_type_info::__dyncast_result&) const
calls=61 0 
0 8671
0 3420

fn=(1174)
0 90
cfn=(782)
calls=18 0 
0 108
0 18
0 234
cfn=(1152)
calls=18 0 
0 1602
0 18
0 72

fn=(1212)
0 20
cfn=(782)
calls=4 0 
0 24
0 4
0 52
cfn=(1152)
calls=4 0 
0 356
0 4
0 16

fn=(1336)
0 175980
cfn=(1288) std::ostream::sentry::sentry(std::ostream&)
calls=12570 0 
0 289110
0 12570
0 113008
cfn=(1324) std::ostream::sentry::~sentry()
calls=3112 0 
0 21784
0 3112
0 18916
cfn=(1324)
calls=9458 0 
0 66206
0 9458
0 141504
cfn=(1338) __gnu_cxx::stdio_sync_filebuf<char, std::char_traits<char> >::overflow(int)
calls=9458 0 
0 1722825
0 18916

fn=(1358) __gnu_cxx::stdio_sync_filebuf<char, std::char_traits<char> >::sync()
0 28383
cob=(3)
cfi=(137)
cfn=(1364)
calls=9460 33 
0 633820
cob=(1)
cfi=(104)
cfn=(482)
calls=1 71 
0 1563
0 9465

fn=(1394) 0x000000000010b1b0
0 1014051

fn=(1412)
0 2700760
cob=(3)
cfi=(107)
cfn=(532)
calls=337595 3028 
0 35518016
0 337595
0 1350380

fn=(1784)
0 1800
cfn=(1336)
calls=119 0 
0 21108
cob=(1)
cfi=(104)
cfn=(482)
calls=1 71 
0 846
0 124
0 600
cfn=(1356)
calls=119 0 
0 14938
cob=(1)
cfi=(104)
cfn=(482)
calls=1 71 
0 720
0 124

fn=(1828)
0 667606
cob=(3)
cfi=(107)
cfn=(1834)
calls=333802 3086 
0 29070770
cob=(1)
cfi=(104)
cfn=(483)
calls=1 71 
0 1596
0 333807

fn=(2212) 0x000000000010ae90
0 298620
cob=(3)
cfi=(139)
cfn=(1440)
calls=10664 158 
0 189444
cob=(1)
cfi=(104)
cfn=(483)
calls=1 71 
0 1565
0 10669
0 138645
cob=(3)
cfi=(138)
cfn=(1374)
calls=10664 217 
0 160095
cob=(1)
cfi=(104)
cfn=(483)
calls=1 71 
0 1522
0 10669

fn=(2926)
0 77

fn=(3400)
0 400
cfn=(1288)
calls=25 0 
0 575
0 25
0 500
cfn=(3402)
calls=25 0 
0 75850
0 100
cfn=(1324)
calls=25 0 
0 175
0 25
0 275

fn=(3408)
0 625
cfn=(1388) 0x000000000010b590
calls=25 0 
0 725
0 225
cfn=(3414) std::__num_base::_S_format_float(std::ios_base const&, char*, char)
calls=24 0 
0 792
cob=(1)
cfi=(104)
cfn=(483)
calls=1 71 
0 956
0 29
0 200
cfn=(756)
calls=25 0 
0 250
0 25
0 275
cfn=(3416)
calls=25 0 
0 56585
0 125
cfn=(1168)
calls=25 0 
0 4975
0 25
0 450
cob=(3)
cfi=(181)
cfn=(3460)
calls=24 43 
0 448
cob=(1)
cfi=(104)
cfn=(483)
calls=1 71 
0 1485
0 29
0 588
cfn=(1290) __gnu_cxx::stdio_sync_filebuf<char, std::char_traits<char> >::xsputn(char const*, long)
calls=25 0 
0 4472
0 579
cob=(3)
cfi=(138)
cfn=(1374)
calls=25 217 
0 352
0 25
0 75

fn=(800) std::__cxx11::moneypunct<char, false>::_M_initialize_moneypunct(__locale_struct*, char const*)
0 123

fn=(818) std::__timepunct<char>::_M_initialize_timepunct(__locale_struct*)
0 11
cfn=(756)
calls=1 0 
0 10
0 1
0 95

fn=(1146)
0 90
cfn=(782)
calls=18 0 
0 108
0 18
0 234
cfn=(1152)
calls=17 0 
0 2907
cob=(1)
cfi=(104)
cfn=(483)
calls=1 71 
0 2279
0 22
0 72

fn=(1182)
0 90
cfn=(782)
calls=18 0 
0 108
0 18
0 198
cfn=(1152)
calls=18 0 
0 1602
0 18
0 72

fn=(1230)
0 20
cfn=(782)
calls=4 0 
0 24
0 4
0 44
cfn=(1152)
calls=4 0 
0 356
0 4
0 16

fn=(1328)
0 1077
cob=(1)
cfi=(104)
cfn=(482)
calls=1 71 
0 1557
0 5
0 10

fn=(2362)
0 124
cob=(2)
cfi=(18)
cfn=(2364)
calls=62 0 
0 5148

fn=(2742)
0 140
cfn=(724)
calls=7 0 
0 217
0 7
0 70
cfn=(2748) std::__basic_file<char>::__basic_file(pthread_mutex_t*)
calls=6 0 
0 24
cob=(1)
cfi=(104)
cfn=(482)
calls=1 71 
0 863
0 11
0 119
cfn=(2754) bool std::has_facet<std::codecvt<char, char, __mbstate_t> >(std::locale const&)
calls=6 0 
0 714
cob=(1)
cfi=(104)
cfn=(482)
calls=1 71 
0 1065
0 11
0 28
cfn=(2760) std::codecvt<char, char, __mbstate_t> const& std::use_facet<std::codecvt<char, char, __mbstate_t> >(std::locale const&)
calls=6 0 
0 702
cob=(1)
cfi=(104)
cfn=(482)
calls=1 71 
0 1095
0 11
0 49

fn=(2814) std::basic_filebuf<char, std::char_traits<char> >::xsputn(char const*, long)
0 1114032
cfn=(2816)
calls=69627 0 
0 208881
0 1114088
cfn=(3568) std::__basic_file<char>::xsputn_2(char const*, long, char const*, long)
calls=3 0 
0 201
cob=(1)
cfi=(104)
cfn=(482)
calls=1 71 
0 2371
0 8
0 626663
cfn=(2822) std::basic_streambuf<char, std::char_traits<char> >::xsputn(char const*, long)
calls=69622 0 
0 3491740
cob=(1)
cfi=(104)
cfn=(482)
calls=1 71 
0 1038
0 69627
0 64

fn=(2822)
0 1740562
cob=(3)
cfi=(138)
cfn=(1374)
calls=69620 217 
0 985004
0 69620
0 696270
cfn=(2824) std::basic_filebuf<char, std::char_traits<char> >::overflow(int)
calls=7 0 
0 322
0 46

fn=(2824)
0 68627
cfn=(2832)
calls=3113 0 
0 320639
cob=(1)
cfi=(104)
cfn=(482)
calls=1 71 
0 5635
0 3118
0 90509

fn=(3414)
0 825

fn=(3764) __gnu_cxx::stdio_sync_filebuf<wchar_t, std::char_traits<wchar_t> >::sync()
0 9
cob=(3)
cfi=(137)
cfn=(1364)
calls=3 33 
0 201
0 3

fn=(3826)
0 4
cfn=(3822)
calls=1 0 
0 2
0 1

fn=(3836)
0 4
cfn=(3834)
calls=1 0 
0 2
0 1

fn=(468) 0x000000000008fb70
0 12

fn=(600) 0x000000000008f5f0
0 52

fn=(718)
0 1903

ob=(8)
fl=(115)
fn=(3008)
0 406
cfn=(1942)
calls=29 0 
0 3045
0 866
cfn=(3012)
calls=26 0 
0 73858
0 571
cfn=(3012)
calls=29 0 
0 77190
0 108783
cfn=(3012)
calls=12087 0 
0 31052066
0 188718
cfn=(3012)
calls=10158 0 
0 25806433
0 19580
cfn=(3012)
calls=1958 0 
0 5322887
0 176842
cfn=(3012)
calls=10174 0 
0 25845211
0 17478
cfn=(3012)
calls=1942 0 
0 5284089
0 176767
cfn=(3012)
calls=10169 0 
0 25830764
0 17523
cfn=(3012)
calls=1947 0 
0 5298553
0 121676

fn=(3014)
0 992360
cfn=(3016)
calls=49618 0 
0 124330471
0 679052

fn=(3022)
0 4214
cfn=(2008)
calls=602 0 
0 84388
0 2408
cfn=(2008)
calls=602 0 
0 84575
0 500394

fn=(3032)
0 339435
cfn=(3034)
calls=22629 0 
0 701499
0 271548
cfn=(3036)
calls=22629 0 
0 89172000

fn=(3052)
0 21953385
cfn=(2500)
calls=954495 0 
0 17180910
0 3817980
cfn=(2500)
calls=954495 0 
0 17180910
0 89722530
cfn=(2500)
calls=5726970 0 
0 103085460
0 22907880
cfn=(2500)
calls=5726970 0 
0 103085460
0 148901220
cfn=(3054)
calls=11453940 0 
0 343618200
0 80177580
cfn=(3054)
calls=11453940 0 
0 343618200
0 103085460
cfn=(3054)
calls=11453940 0 
0 343618200
0 80177580
cfn=(3054)
calls=11453940 0 
0 343618200
0 57269700
cfn=(1854)
calls=11453940 0 
0 286348500
0 57269700
cfn=(1854)
calls=11453940 0 
0 286348500
0 45815760
cfn=(1994)
calls=11453940 0 
0 274894560
0 45815760
cfn=(1996)
calls=11453940 0 
0 389433960
0 57269700
cfn=(1854)
calls=11453940 0 
0 286348500
0 57269700
cfn=(1996)
calls=11453940 0 
0 389433960
0 151548079

fn=(3056)
0 1145394000
cfn=(3058)
calls=45815760 0 
0 183263040

fn=(3070)
0 2764
cfn=(1844)
calls=29 0 
0 11373
0 83682
cfn=(2506)
calls=29 0 
0 7996728
0 145
cfn=(1844)
calls=29 0 
0 10082
0 323859
cfn=(1942)
calls=29 0 
0 4927
0 14645

fn=(3100)
0 1085
cob=(7)
cfi=(103)
cfn=(1282)
calls=28 0 
0 11984
0 28
0 84
cob=(7)
cfi=(103)
cfn=(1378)
calls=28 0 
0 11144
0 28
0 140
cob=(7)
cfi=(103)
cfn=(1282)
calls=28 0 
0 7812
0 28
0 84
cob=(7)
cfi=(103)
cfn=(1378)
calls=28 0 
0 10783
0 28
0 140
cob=(7)
cfi=(103)
cfn=(1282)
calls=28 0 
0 7532
0 28
0 112
cob=(7)
cfi=(103)
cfn=(1378)
calls=28 0 
0 12264
0 28
0 308
cob=(7)
cfi=(103)
cfn=(1336)
calls=28 0 
0 7056
0 28
0 56
cob=(7)
cfi=(103)
cfn=(1356)
calls=28 0 
0 2408
0 28
0 84
cfn=(3102)
calls=28 0 
0 71246
0 168
cfn=(1844)
calls=28 0 
0 49005
0 364
cfn=(1942)
calls=28 0 
0 4663
0 100
cob=(7)
cfi=(103)
cfn=(1282)
calls=25 0 
0 9825
0 25
0 75
cob=(7)
cfi=(103)
cfn=(1378)
calls=25 0 
0 10100
0 25
0 125
cob=(7)
cfi=(103)
cfn=(1282)
calls=25 0 
0 5925
0 25
0 250
cob=(7)
cfi=(103)
cfn=(1336)
calls=25 0 
0 6300
0 25
0 50
cob=(7)
cfi=(103)
cfn=(1356)
calls=25 0 
0 2150
0 25
0 27

fn=(3106)
0 869
cob=(7)
cfi=(103)
cfn=(1282)
calls=79 0 
0 22041
0 79
0 869
cob=(7)
cfi=(103)
cfn=(1378)
calls=79 0 
0 32102
0 79
0 395
cob=(7)
cfi=(103)
cfn=(1282)
calls=79 0 
0 18723
0 79
0 790
cob=(7)
cfi=(103)
cfn=(1378)
calls=79 0 
0 37563
0 79
0 395
cob=(7)
cfi=(103)
cfn=(1282)
calls=79 0 
0 19592
0 79
0 790
cob=(7)
cfi=(103)
cfn=(1336)
calls=79 0 
0 19908
0 79
0 395
cob=(7)
cfi=(103)
cfn=(1356)
calls=79 0 
0 6794
0 79

fn=(3114)
0 7896
cfn=(2064)
calls=1128 0 
0 4512
0 2256
cfn=(2064)
calls=1128 0 
0 4512
0 14664

fn=(3120)
0 8976
cfn=(3122)
calls=272 0 
0 2547164226
0 3808

fn=(3148)
0 5168
cfn=(2000)
calls=272 0 
0 10336
0 2176
cfn=(3150)
calls=272 0 
0 1818733864
0 1904
cfn=(2058)
calls=272 0 
0 128642
0 1088
cfn=(2194)
calls=272 0 
0 2183312
0 544
cfn=(2196)
calls=272 0 
0 36843
0 544
cfn=(2196)
calls=272 0 
0 38388
0 2992

fn=(3152)
0 3570
cfn=(2016)
calls=102 0 
0 29332
0 306
cfn=(2016)
calls=102 0 
0 10914
0 1020
cfn=(1930)
calls=102 0 
0 8772
0 2278
cfn=(2012)
calls=442 0 
0 3978
0 3094
cfn=(3154)
calls=442 0 
0 2579978

fn=(3166)
0 13056
cfn=(3168)
calls=768 0 
0 65615869
0 11489
cfn=(2170)
calls=301 0 
0 49165657
0 602

fn=(3188)
0 816

fn=(3192)
0 5692
cfn=(2012)
calls=301 0 
0 2709
0 1204
cfn=(3194)
calls=301 0 
0 21412070
0 4060

fn=(3212)
0 812
cfn=(2980)
calls=29 0 
0 125320
0 116
cob=(7)
cfi=(103)
cfn=(1282)
calls=29 0 
0 10498
0 29
0 87
cob=(7)
cfi=(103)
cfn=(1378)
calls=29 0 
0 11360
0 29
0 145
cob=(7)
cfi=(103)
cfn=(1282)
calls=29 0 
0 9193
0 29
0 87
cob=(7)
cfi=(103)
cfn=(1378)
calls=29 0 
0 11598
0 29
0 145
cob=(7)
cfi=(103)
cfn=(1282)
calls=29 0 
0 10498
0 29
0 145
cob=(7)
cfi=(103)
cfn=(1378)
calls=29 0 
0 12055
0 29
0 145
cob=(7)
cfi=(103)
cfn=(1282)
calls=29 0 
0 8903
0 29
0 87
cob=(7)
cfi=(103)
cfn=(1378)
calls=29 0 
0 11165
0 29
0 116
cob=(7)
cfi=(103)
cfn=(1282)
calls=29 0 
0 7047
0 29
0 116
cfn=(3106)
calls=29 0 
0 59203
0 290
cfn=(3214)
calls=29 0 
0 554274

fn=(3216)
0 319

fn=(3240)
0 66
cob=(3)
cfi=(143)
cfn=(1748)
calls=6 27 
0 60
0 6
0 288
cfn=(3080)
calls=6 0 
0 6332
0 48

fn=(3252)
0 268160
cfn=(1970)
calls=4681 0 
0 135662
0 63981
cfn=(2030)
calls=2808 0 
0 42652056
0 25272
cfn=(2030)
calls=2808 0 
0 42559076
0 9940
cfn=(2030)
calls=1988 0 
0 30224719
0 51836
cfn=(2128)
calls=4681 0 
0 45976782
0 271215
cfn=(3254)
calls=6615 0 
0 287344698
0 27581
cfn=(1970)
calls=1934 0 
0 84981
0 9670
cfn=(1988)
calls=1934 0 
0 348120
0 1934

fn=(3262)
0 1296
cfn=(2174)
calls=81 0 
0 75819
0 405
cfn=(2020)
calls=81 0 
0 22761
0 324
cfn=(2174)
calls=81 0 
0 76314
0 162
cfn=(3264) schreier::images_append()
calls=81 0 
0 35246
0 17825
cfn=(2012)
calls=457 0 
0 4113
0 2285
cfn=(2030)
calls=457 0 
0 6940591
0 4304

fn=(3264)
0 1377
cfn=(1930)
calls=81 0 
0 7374
0 810
cfn=(1844)
calls=81 0 
0 7662
0 7575
cfn=(2180)
calls=81 0 
0 8505
0 1943

fn=(3266)
0 2247
cfn=(2160)
calls=107 0 
0 7597
0 2568
cfn=(2160)
calls=428 0 
0 30347
0 3317
cfn=(3268)
calls=107 0 
0 12308908

fn=(3278)
0 52
cob=(7)
cfi=(103)
cfn=(1406)
calls=2 0 
0 6618
0 2
0 168
cfn=(2954)
calls=75 0 
0 525
0 375
cfn=(2954)
calls=75 0 
0 525
0 225
cfn=(2954)
calls=75 0 
0 525
0 225
cfn=(2954)
calls=75 0 
0 525
0 225
cfn=(2954)
calls=75 0 
0 525
0 225
cfn=(2954)
calls=75 0 
0 525
0 225
cfn=(2954)
calls=75 0 
0 525
0 225
cfn=(2954)
calls=75 0 
0 525
0 318
cfn=(2282)
calls=2 0 
0 56
0 48
cfn=(3280)
calls=2 0 
0 14
0 4768
cfn=(3280)
calls=298 0 
0 2086
0 610
cfn=(2358)
calls=2 0 
0 54
0 1210
cfn=(3282)
calls=298 0 
0 5960
0 6
cfn=(3282)
calls=2 0 
0 40
0 912
cob=(7)
cfi=(103)
cfn=(2362)
calls=2 0 
0 268
0 2
0 28

fn=(3310)
0 13
cob=(7)
cfi=(103)
cfn=(1282)
calls=1 0 
0 382
0 1
0 11
cob=(7)
cfi=(103)
cfn=(1336)
calls=1 0 
0 252
0 1
0 2
cob=(7)
cfi=(103)
cfn=(1356)
calls=1 0 
0 86
0 1
0 4
cob=(7)
cfi=(103)
cfn=(1282)
calls=1 0 
0 463
0 1
0 10
cob=(7)
cfi=(103)
cfn=(1336)
calls=1 0 
0 252
0 1
0 2
cob=(7)
cfi=(103)
cfn=(1356)
calls=1 0 
0 86
0 1
0 3
cfn=(3312)
calls=1 0 
0 297253775
0 4
cob=(7)
cfi=(103)
cfn=(1282)
calls=1 0 
0 458
0 1
0 10
cob=(7)
cfi=(103)
cfn=(1336)
calls=1 0 
0 252
0 1
0 2
cob=(7)
cfi=(103)
cfn=(1356)
calls=1 0 
0 86
0 1
0 4
cob=(7)
cfi=(103)
cfn=(1282)
calls=1 0 
0 274
0 1
0 4
cob=(7)
cfi=(103)
cfn=(1378)
calls=1 0 
0 404
0 1
0 5
cob=(7)
cfi=(103)
cfn=(1282)
calls=1 0 
0 327
0 1
0 3
cfn=(2976)
calls=1 0 
0 4
0 3
cob=(7)
cfi=(103)
cfn=(1378)
calls=1 0 
0 422
0 1
0 5
cob=(7)
cfi=(103)
cfn=(1282)
calls=1 0 
0 266
0 1
0 10
cob=(7)
cfi=(103)
cfn=(1336)
calls=1 0 
0 252
0 1
0 2
cob=(7)
cfi=(103)
cfn=(1356)
calls=1 0 
0 86
0 1
0 4
cob=(7)
cfi=(103)
cfn=(1282)
calls=1 0 
0 453
0 1
0 10
cob=(7)
cfi=(103)
cfn=(1336)
calls=1 0 
0 252
0 1
0 2
cob=(7)
cfi=(103)
cfn=(1356)
calls=1 0 
0 86
0 1
0 3
cfn=(3388)
calls=1 0 
0 173655574
0 4
cob=(7)
cfi=(103)
cfn=(1282)
calls=1 0 
0 448
0 1
0 10
cob=(7)
cfi=(103)
cfn=(1336)
calls=1 0 
0 252
0 1
0 2
cob=(7)
cfi=(103)
cfn=(1356)
calls=1 0 
0 86
0 1
0 4
cob=(7)
cfi=(103)
cfn=(1282)
calls=1 0 
0 274
0 1
0 4
cob=(7)
cfi=(103)
cfn=(1378)
calls=1 0 
0 404
0 1
0 5
cob=(7)
cfi=(103)
cfn=(1282)
calls=1 0 
0 332
0 1
0 4
cob=(7)
cfi=(103)
cfn=(1378)
calls=1 0 
0 404
0 1
0 5
cob=(7)
cfi=(103)
cfn=(1282)
calls=1 0 
0 289
0 1
0 10
cob=(7)
cfi=(103)
cfn=(1336)
calls=1 0 
0 252
0 1
0 2
cob=(7)
cfi=(103)
cfn=(1356)
calls=1 0 
0 86
0 1
0 4
cob=(7)
cfi=(103)
cfn=(1282)
calls=1 0 
0 408
0 1
0 10
cob=(7)
cfi=(103)
cfn=(1336)
calls=1 0 
0 252
0 1
0 7
cob=(7)
cfi=(103)
cfn=(1356)
calls=1 0 
0 86
0 1

fn=(3320)
0 63723800

fn=(3324)
0 18

fn=(3326)
0 58
cfn=(1844)
calls=2 0 
0 1454
0 24
cob=(7)
cfi=(103)
cfn=(1406)
calls=2 0 
0 707
0 2
0 30
cfn=(3328) flag_orbit_node::flag_orbit_node()
calls=1 0 
0 23
0 4
cfn=(3328)
calls=1 0 
0 23
0 4
cfn=(3328)
calls=1 0 
0 23
0 4
cfn=(3328)
calls=1 0 
0 23
0 4
cfn=(3328)
calls=1 0 
0 23
0 36
cfn=(3328)
calls=16 0 
0 368
0 80
cfn=(3328)
calls=16 0 
0 368
0 48
cfn=(3328)
calls=16 0 
0 368
0 48
cfn=(3328)
calls=16 0 
0 368
0 48
cfn=(3328)
calls=16 0 
0 368
0 48
cfn=(3328)
calls=16 0 
0 368
0 48
cfn=(3328)
calls=16 0 
0 368
0 48
cfn=(3328)
calls=16 0 
0 368
0 82
cfn=(2282)
calls=2 0 
0 56
0 18
cob=(7)
cfi=(103)
cfn=(1282)
calls=2 0 
0 674
0 2
0 22
cob=(7)
cfi=(103)
cfn=(1336)
calls=2 0 
0 504
0 2
0 18
cob=(7)
cfi=(103)
cfn=(1356)
calls=2 0 
0 172
0 2
0 8
cob=(7)
cfi=(103)
cfn=(1282)
calls=2 0 
0 624
0 2
0 22
cob=(7)
cfi=(103)
cfn=(1336)
calls=2 0 
0 504
0 2
0 4
cob=(7)
cfi=(103)
cfn=(1356)
calls=2 0 
0 172
0 2
0 2

fn=(3328)
0 931
cfn=(2064)
calls=133 0 
0 532
0 1596

fn=(3348)
0 12320
cfn=(2368)
calls=560 0 
0 458976
0 2800
cfn=(2368)
calls=560 0 
0 435120
0 7280
cfn=(3350)
calls=560 0 
0 3427078
0 5600
cfn=(1950)
calls=560 0 
0 110432
0 6160

fn=(3370)
0 71556
cfn=(1854)
calls=5963 0 
0 149075
0 83482
cfn=(1854)
calls=5963 0 
0 149075
0 23852
cfn=(1996)
calls=5963 0 
0 202742
0 47704

fn=(3382)
0 1909
cfn=(2368)
calls=83 0 
0 66815
0 415
cfn=(2368)
calls=83 0 
0 66975
0 1079
cfn=(3350)
calls=83 0 
0 533200
0 1162

fn=(3578)
0 30
cob=(7)
cfi=(103)
cfn=(3540)
calls=2 0 
0 328
0 2
0 8
cob=(7)
cfi=(103)
cfn=(3540)
calls=2 0 
0 328
0 2
0 8
cob=(7)
cfi=(103)
cfn=(3540)
calls=2 0 
0 328
0 2
0 8
cob=(7)
cfi=(103)
cfn=(3540)
calls=2 0 
0 328
0 2
0 24
cob=(7)
cfi=(103)
cfn=(3540)
calls=2 0 
0 328
0 2
0 12912
cob=(7)
cfi=(103)
cfn=(3540)
calls=2152 0 
0 352975
0 2152
0 10794
cfn=(3580)
calls=2 0 
0 6580
0 616
cfn=(3580)
calls=88 0 
0 477619
0 192
cob=(7)
cfi=(103)
cfn=(1282)
calls=2 0 
0 776
0 2
0 22
cob=(7)
cfi=(103)
cfn=(1336)
calls=2 0 
0 504
0 2
0 14
cob=(7)
cfi=(103)
cfn=(1356)
calls=2 0 
0 172
0 2
0 8
cob=(7)
cfi=(103)
cfn=(1282)
calls=2 0 
0 684
0 2
0 22
cob=(7)
cfi=(103)
cfn=(1336)
calls=2 0 
0 504
0 2
0 4
cob=(7)
cfi=(103)
cfn=(1356)
calls=2 0 
0 172
0 2
0 2

fn=(3648)
0 88
cob=(7)
cfi=(103)
cfn=(1282)
calls=4 0 
0 1552
0 4
0 4
cfn=(3650)
calls=4 0 
0 1420
0 8
cob=(7)
cfi=(103)
cfn=(1412)
calls=4 0 
0 216
0 4
0 12
cfn=(3652)
calls=4 0 
0 20
0 28
cfn=(1798)
calls=4 0 
0 112
0 40
cfn=(3654)
calls=4 0 
0 27909
0 20
cfn=(1844)
calls=4 0 
0 1411
0 112
cfn=(3318)
calls=4 0 
0 212
0 24
cfn=(3318)
calls=4 0 
0 212
0 24
cfn=(3318)
calls=4 0 
0 212
0 24
cfn=(3318)
calls=4 0 
0 216
0 24
cfn=(3318)
calls=4 0 
0 208
0 648
cfn=(3318)
calls=128 0 
0 15616
0 512
cfn=(3318)
calls=128 0 
0 15616
0 512
cfn=(3318)
calls=128 0 
0 15616
0 512
cfn=(3318)
calls=128 0 
0 15616
0 512
cfn=(3318)
calls=128 0 
0 15733
0 512
cfn=(3318)
calls=128 0 
0 15767
0 512
cfn=(3318)
calls=128 0 
0 15776
0 640
cfn=(3318)
calls=128 0 
0 15776
0 280
cfn=(2298)
calls=4 0 
0 146
0 44
cfn=(2366)
calls=4 0 
0 3264
0 520
cfn=(2366)
calls=104 0 
0 83156
0 71172
cfn=(1970)
calls=14040 0 
0 603720
0 56160
cfn=(1970)
calls=14040 0 
0 547560
0 84240
cfn=(3354)
calls=14040 0 
0 18972439
0 140400
cfn=(1970)
calls=14040 0 
0 603720
0 56160
cfn=(1970)
calls=14040 0 
0 547560
0 70200
cfn=(3354)
calls=14040 0 
0 19154320
0 31875
cfn=(3656)
calls=759 0 
0 6831
0 1211
cfn=(1942)
calls=4 0 
0 664
0 24
cob=(7)
cfi=(103)
cfn=(1282)
calls=4 0 
0 1652
0 4
0 4
cfn=(3650)
calls=4 0 
0 1420
0 3764
cfn=(3656)
calls=744 0 
0 6696
0 1176
cfn=(1970)
calls=108 0 
0 4644
0 432
cfn=(1970)
calls=108 0 
0 4212
0 540
cfn=(3354)
calls=108 0 
0 136232
0 1125
cfn=(3656)
calls=9 0 
0 81
0 9

fn=(3702)
0 36
cfn=(1942)
calls=4 0 
0 616
0 28
cfn=(1942)
calls=4 0 
0 704
0 28
cfn=(1942)
calls=4 0 
0 704
0 28
cfn=(1942)
calls=4 0 
0 716
0 28
cfn=(1942)
calls=4 0 
0 682
0 28
cfn=(1942)
calls=4 0 
0 782
0 28
cfn=(1942)
calls=4 0 
0 638
0 28
cfn=(1942)
calls=4 0 
0 704
0 28
cfn=(1942)
calls=4 0 
0 704
0 32
cfn=(1942)
calls=4 0 
0 704

ob=(1)
fl=(33) /build/glibc-OTsEL5/glibc-2.27/string/../sysdeps/x86_64/strcspn.S
fn=(100) strcspn
30 1
+7 1
+1 1
+2 1
+1 1
+1 1
+1 1
+1 33
+3 2
+7 1
+1 1
+1 1
+1 1
+2 1
+1 1
+1 1
+1 1
+2 1
+1 1
+1 1
+9 3
+12 1
+2 1
+1 1
+1 1
-4 11
+2 11
+1 11
+1 11
+2 12
+1 12
+1 12
+2 12
+1 12
+1 12
+2 12
+1 12
+1 12
+2 1
+1 1
+1 1
+2 1
+7 1
+4 1

fl=(6) /build/glibc-OTsEL5/glibc-2.27/elf/dl-lookup.c
fn=(188) _dl_lookup_symbol_x
790 22940
555 2294
790 9176
555 6882
-1 4588
+2 2294
-1 2294
+1 6882
-1 6882
+1 93612
-1 93612
+1 280836
-1 283130
793 2294
-1 2294
+4 2294
+4 2294
-8 2294
+1 2294
+7 9136
+5 6882
+6 6882
-7 25234
+15 72
-8 108
+2 29822
cfn=(190) do_lookup_x
calls=2294 338 
* 828848
+3 11434
+25 4588
+24 15932
+31 2276
+9 9104
+14 6828
+3 9104
+5 2276
+2 20682
-86 108
+17 18
+1 36
+59 2

fn=(10) _dl_setup_hash
939 21
+4 7
+4 14
+2 7
-1 7
+3 21
+1 7
+1 7
+3 7
-3 7
+7 7
-4 7
-1 7
+3 7
+2 7
-7 7
+7 7
+1 7

fn=(190)
338 16058
+1 2294
-1 13764
+6 4588
+12 2294
+30 2294
-41 2294
+41 2294
+35 4588
-65 11470
+14 22128
+8 14752
+1 22128
+3 7376
+1 14752
+4 14752
+3 14752
-5 7376
+5 22128
+3 51632
-99 5100
540 40002
+1 1905
cfi=(36) /build/glibc-OTsEL5/glibc-2.27/elf/dl-misc.c
cfn=(116) _dl_name_match_p
calls=635 282 
* 54125
* 2540
+3 15354
349 14788
+3 14788
+4 14908
+4 14752
+4 14752
+88 2
fi=(55) /build/glibc-OTsEL5/glibc-2.27/elf/../sysdeps/generic/ldsodefs.h
102 6828
fe=(6)
503 4552
+3 11756
-60 497
+2 1
-2 2
+64 4656
+12 12924
+2 2154
+24 18352
-1 36
397 7722
-1 5148
+2 5148
+2 2523
90 7569
375 2523
90 2523
374 2523
90 2523
400 5046
90 5046
413 10329
-10 28590
+2 9104
+2 4552
-1 6828
78 15932
+12 11380
+3 5692
cfi=(21) /build/glibc-OTsEL5/glibc-2.27/string/../sysdeps/x86_64/strcmp.S
cfn=(56) strcmp
calls=228 +51 
* 15061
* 684
+5 2276
-1 2276
+1 2276
+2 4548
+19 2274
+1 20466
+2 12
+1 8
452 22750
203 122
+2 244
-2 122
+2 244
+2 122
-2 366
cfi=(2)
cfn=(52)
calls=122 784 
* 244
+2 122
+1 122
+1 122
-2 122
+2 122
+2 242
+1 121
-1 605
+1 121
-1 121
+1 242
-1 242
+1 242
-1 1298
+24 426
+3 264
+1 264
-24 1012
+1 80
cfi=(21)
cfn=(56)
calls=40 -72 
* 2706
* 200
+2 80
+10 40
+1 240
+2 120
cfi=(2)
cfn=(54)
calls=40 790 
* 80
529 80
286 2
+9 3
cfi=(19)
cfn=(42) calloc
calls=1 92 
* 27
* 1
+1 1
-1 1
+1 1
+3 1
+2 3
-1 1
-6 1
+7 31
+3 2
-3 405
+3 162
+13 492
+5 492
cfi=(2)
cfn=(54)
calls=82 790 
* 164
+2 246
529 164
180 518
-2 168
+1 168
-3 332
+7 82
+1 82
+1 82
+1 82
-3 82
312 328
-69 1134
+7 4
cfi=(36)
cfn=(344) _dl_higher_prime_number
calls=2 +87 
* 149
+1 4
-1 2
+1 2
cfi=(19)
cfn=(42)
calls=2 92 
* 116
* 2
+2 2
-2 2
+2 2
+7 20
+1 276
+1 70
-88 70
+88 140
-88 70
+88 70
-88 70
+1 70
-1 70
+1 650
+3 28
+1 28
-3 168
+7 70
+1 70
+1 70
+1 140
+74 140
-74 22
+74 46
+6 14
cfi=(19)
cfn=(90)
calls=2 111 
* 8
+4 4
-1 2
-2 2
+3 4
-1 2
+1 2
-20 16
-10 132
-92 4
+2 10
+4 2
+1 3
+25 1736
-59 11350
cfi=(21)
cfn=(56)
calls=2270 +23 
* 63572
* 11350
+59 10
-25 4

fl=(17) /build/glibc-OTsEL5/glibc-2.27/elf/dl-object.c
fn=(38) _dl_new_object
59 72
+1 6
-1 6
+1 12
cfi=(13) /build/glibc-OTsEL5/glibc-2.27/string/../sysdeps/x86_64/multiarch/../strlen.S
cfn=(28) strlen
calls=6 +19 
* 114
+6 6
-6 12
+6 6
+7 6
-7 6
-6 6
+6 18
+2 12
+5 18
cfi=(19)
cfn=(42)
calls=6 +19 
* 228
* 6
+3 6
-3 6
+3 6
+4 6
+5 6
-6 6
+6 6
-5 6
+5 6
-5 6
+4 6
+1 12
-1 6
+1 6
cfi=(20) /build/glibc-OTsEL5/glibc-2.27/string/../sysdeps/x86_64/multiarch/memmove-vec-unaligned-erms.S
cfn=(48) memcpy
calls=6 +44 
* 71
+10 6
-10 6
+10 6
-10 6
+10 6
-8 6
+8 12
+1 6
-1 6
+1 18
+3 6
-3 6
+3 6
+9 6
-7 6
+4 6
+3 11
+2 2
-2 2
+2 30
-2 30
+18 12
-6 6
+1 6
+5 6
-6 6
+6 18
+2 5
+3 5
-3 10
+3 5
+4 15
+4 11
+8 1
+3 1
+3 2
-3 1
+3 1
-3 5
+3 10
-3 5
+3 5
+2 5
+21 5
-21 5
cfi=(13)
cfn=(28)
calls=5 -76 
* 170
+4 5
-4 10
+17 5
-13 15
+64 5
+4 54
100 17
+39 15
+70 15
cfi=(20)
cfn=(74) mempcpy
calls=5 -93 
* 84
* 84
+6 79
-1 79
+1 84
-1 5
+1 15
+5 10
-96 1
+7 4
+32 10
cfi=(19)
cfn=(46) malloc
calls=5 50 
* 90
* 5
+1 5
-1 10
+1 5

fn=(50) _dl_add_to_namespace_list
31 12
+2 6
-2 18
+2 12
cfi=(2)
cfn=(52)
calls=6 784 
* 12
+2 52
+3 60
+2 5
+2 5
+4 5
+4 5
-4 10
+1 5
+4 10
-4 5
+1 5
+3 5
-3 5
+2 5
cfi=(2)
cfn=(54)
calls=5 790 
* 10
-4 1
+4 1
-4 2
+1 1
+4 2
-4 1
+1 1
+3 1
-3 1
+2 1
cfi=(2)
cfn=(54)
calls=1 790 
* 2
-5 2

fl=(28) /build/glibc-OTsEL5/glibc-2.27/string/../sysdeps/x86_64/multiarch/memset-vec-unaligned-erms.S
fn=(76) memset
109 115
+2 23
+1 23
+1 9
+1 9
+2 5
+1 5
+2 5
+55 4
+1 4
+10 4
+1 4
+1 4
+1 4
+1 4
+1 4
+1 4
+1 4
+1 4
+1 4
+1 4
+1 4
+1 4
+1 4
+2 59
+1 59
+1 59
+1 59
+1 59
+1 59
+1 59
+1 4
+15 14
+1 14
+1 14
+1 6
+1 6
+1 2
+1 2
+24 8
+1 8
+2 8
+3 4
+1 4
+2 4
+3 2
+1 2
+2 2

fl=(42) /build/glibc-OTsEL5/glibc-2.27/misc/../sysdeps/unix/sysv/linux/mmap64.c
fn=(132) mmap
44 32
+3 16
-6 192
+6 16
+5 160
+2 112
-7 28

fl=(31) /build/glibc-OTsEL5/glibc-2.27/elf/dl-debug.c
fn=(92) _dl_debug_initialize
49 14
+5 12
+5 2
-1 1
+1 2
+1 2
-1 1
+5 1
-14 7
+4 14
+4 1
-1 1
+1 7

fn=(96) _dl_debug_state
74 2

fl=(35) /build/glibc-OTsEL5/glibc-2.27/setjmp/../sysdeps/x86_64/setjmp.S
fn=(110) __sigsetjmp
26 13
+9 13
+1 26
+1 13
+4 13
+1 13
+1 13
+1 13
+1 13
+2 26
+2 13
+1 13
+1 13
+2 26
+2 13
+4 13
+1 13

fl=(1) ???
fn=(0) 0x0000000000001090
0 2
cfi=(2)
cfn=(2) _dl_start
calls=1 444 
0 2314575
0 14
cfi=(91) /build/glibc-OTsEL5/glibc-2.27/elf/dl-init.c
cfn=(366) _dl_init
calls=1 79 
0 73480
0 3
cob=(8)
cfi=(115)
cfn=(696)
calls=1 0 
0 7662197235

fl=(37) /build/glibc-OTsEL5/glibc-2.27/io/../sysdeps/unix/sysv/linux/wordsize-64/lxstat.c
fn=(120) open
39 17
fi=(38) /build/glibc-OTsEL5/glibc-2.27/io/../sysdeps/unix/sysv/linux/open64.c
-3 17
+3 102
+8 119
+2 6
-2 33
+2 11
fe=(37)

fl=(39) /build/glibc-OTsEL5/glibc-2.27/io/../sysdeps/unix/sysv/linux/read.c
fn=(124) read
27 20
+1 5

fl=(111) /build/glibc-OTsEL5/glibc-2.27/elf/dl-open.c
fn=(546) _dl_find_dso_for_object
176 5
+4 6
+1 4
+1 24
+1 2
-2 15
+5 2
+4 7

fl=(9)
fn=(16) __GI___tunables_init
289 8
-9 3
150 4
-82 182
+6 59
-3 59
+3 5286
+4 118
+5 59
297 59
83 59
297 59
fi=(10) /build/glibc-OTsEL5/glibc-2.27/elf/dl-tunables.h
121 118
-1 60
+1 24
-1 8
+1 32
-1 40
fe=(9)
330 236
-12 6490
fi=(10)
120 2124
+1 2247
-1 162
fe=(9)
312 5251
68 118
364 8

fn=(26)
373 120
+4 20
-4 78
+9 3
+1 3
-6 17
+22 100
+2 20

fl=(7) /build/glibc-OTsEL5/glibc-2.27/elf/../elf/dl-sysdep.c
fn=(12) _dl_sysdep_start
88 8
+25 1
-1 1
+1 187
+6 1
-3 1
+1 1
-4 1
+3 1
+3 4
+1 2
-1 12
-29 1
-1 10
+30 2
+1 108
+3 1
-4 74
+62 1
-62 1
+63 1
-1 1
-62 3
+34 1
-34 2
+35 1
-35 2
+46 1
-46 1
+47 1
-1 1
-46 3
+40 1
-40 1
+41 1
-1 1
-40 3
+37 1
-37 2
+38 1
-38 3
+13 1
-13 2
+14 1
-14 2
+10 1
-10 2
+11 1
-11 2
+7 1
-7 4
224 1
cfi=(9)
cfn=(16)
calls=1 +65 
* 22873
fi=(11) /build/glibc-OTsEL5/glibc-2.27/elf/../sysdeps/unix/sysv/linux/dl-sysdep.c
35 2
cfi=(12) /build/glibc-OTsEL5/glibc-2.27/elf/../sysdeps/unix/sysv/linux/x86_64/brk.c
cfn=(22) brk
calls=1 -4 
* 11
fi=(8) /build/glibc-OTsEL5/glibc-2.27/elf/../sysdeps/x86/cpu-features.c
196 1
-12 1
+1 1
+11 1
+3 1
-3 1
+3 5
366 3
+1 1
+3 2
+1 1
+6 1
+5 2
-3 1
+3 1
-4 1
+4 1
cfi=(9)
cfn=(26)
calls=1 -9 
* 16
+2 4
cfi=(9)
cfn=(26)
calls=1 -11 
* 18
* 1
+2 3
-2 1
+2 1
cfi=(9)
cfn=(26)
calls=1 -13 
* 18
* 1
+2 3
-2 1
+2 1
cfi=(9)
cfn=(26)
calls=1 -15 
* 18
+12 1
-12 1
+11 1
-11 1
+12 1
fe=(7)
236 1
cfi=(13)
cfn=(28)
calls=1 79 
* 16
* 1
+2 2
cfi=(14) /build/glibc-OTsEL5/glibc-2.27/elf/../misc/sbrk.c
cfn=(30) sbrk
calls=1 32 
* 17
* 3
+12 3
+3 5
cfi=(2)
cfn=(32) dl_main
calls=1 870 
* 2289872
+1 1
+1 8
fi=(8)
404 3
+28 2
-9 3
+2 4
+3 4
+1 2
205 6
cfn=(24) get_common_indeces.constprop.1
calls=1 34 
* 87
+3 3
+97 4
+7 4
203 1
312 4
210 5
+1 7
+85 3
-79 2
fe=(7)

fn=(358) _dl_sysdep_start_cleanup
260 1

fl=(23) /build/glibc-OTsEL5/glibc-2.27/posix/../sysdeps/unix/syscall-template.S
fn=(64) uname
78 4
+1 1

fl=(34) /build/glibc-OTsEL5/glibc-2.27/elf/dl-error-skeleton.c
fn=(166) _dl_receive_error
226 3
+1 1
+1 1
+3 1
+1 1
+2 2
cfi=(2)
cfn=(168) version_check_doit
calls=1 621 
* 17236
+2 1
+1 1
+1 4

fn=(108) _dl_catch_exception
175 26
+15 13
-3 26
+4 13
-3 13
-13 13
+19 13
-3 13
+3 13
-19 13
+13 13
+2 13
+4 13
cfi=(35)
cfn=(110)
calls=13 26 
* 260
* 39
+2 39
cfi=(48) /build/glibc-OTsEL5/glibc-2.27/elf/dl-deps.c
cfn=(148) openaux
calls=12 60 
* 23400
cfi=(2)
cfn=(112) map_doit
calls=1 588 
* 2127
+2 13
-1 13
+1 26
-1 13
+1 13
+9 52

fn=(104) _dl_catch_error
213 6
+2 2
-2 1
+2 2
cfn=(108)
calls=1 -40 
* 2178
* 1
+1 2
+1 1
+1 1
-1 1
+1 1
+2 5

fl=(91)
fn=(366)
79 11
+5 1
-4 1
+1 1
+3 2
+8 2
+25 2
+1 12
+1 21
-89 21
+9 6
-3 12
+3 18
+5 15
+5 8
+9 24
cob=(2)
cfi=(18)
cfn=(464)
calls=1 -58 
* 6
cob=(2)
cfi=(18)
cfn=(454)
calls=1 -58 
* 6
cob=(2)
cfi=(18)
cfn=(400)
calls=1 -58 
* 6
cob=(3)
cfi=(93)
cfn=(378)
calls=1 -6 
* 216
* 4
+4 8
+6 8
+2 8
-2 4
+3 4
-1 4
+1 20
+1 16
cob=(7)
cfi=(103)
cfn=(468)
calls=1 -72 
* 12
cob=(4) /lib/x86_64-linux-gnu/libm-2.27.so
cfi=(102) ???
cfn=(458) 0x000000000000bd10
calls=1 -72 
* 17
cob=(6) /lib/x86_64-linux-gnu/libgcc_s.so.1
cfi=(101) ???
cfn=(404) __cpu_indicator_init
calls=1 -72 
* 167
cob=(3)
cfi=(99)
cfn=(392)
calls=1 488 
* 1773
* 44
cob=(7)
cfi=(103)
cfn=(668) 0x000000000008fa00
calls=1 -72 
* 50
cob=(7)
cfi=(103)
cfn=(642) 0x000000000008f940
calls=1 -72 
* 50
cob=(7)
cfi=(103)
cfn=(624) 0x000000000008f8c0
calls=1 -72 
* 34
cob=(7)
cfi=(103)
cfn=(606)
calls=1 -72 
* 34
cob=(7)
cfi=(103)
cfn=(602) 0x000000000008f800
calls=1 -72 
* 155
cob=(7)
cfi=(103)
cfn=(600)
calls=1 -72 
* 52
cob=(7)
cfi=(103)
cfn=(572) 0x000000000008f4e0
calls=1 -72 
* 75
cob=(7)
cfi=(103)
cfn=(526) 0x000000000008f460
calls=1 -72 
* 65699
cob=(7)
cfi=(103)
cfn=(504) 0x000000000008f440
calls=1 -72 
* 2190
cob=(7)
cfi=(103)
cfn=(474) 0x000000000008f3b0
calls=1 -72 
* 2506
cob=(6)
cfi=(101)
cfn=(448) 0x0000000000003170
calls=1 -72 
* 12
* 15
-1 30
+47 12
+7 8
-80 3
-5 3
-10 3
+57 2
-48 1
-3 2
+3 3
+5 3
+5 2
+9 7
cob=(2)
cfi=(18)
cfn=(368)
calls=1 -58 
* 6
* 1
+3 1
+1 2
+6 1
+2 2
-2 2
+3 8
+1 4
cob=(5) /usr/lib/valgrind/vgpreload_core-amd64-linux.so
cfi=(92) ???
cfn=(372) 0x0000000000000640
calls=1 -72 
* 17
-1 5

fl=(2)
fn=(54)
790 130
+1 130

fn=(112)
588 1
+2 1
-2 1
+3 2
-1 3
+1 3
cfi=(24) /build/glibc-OTsEL5/glibc-2.27/elf/dl-load.c
cfn=(114) _dl_map_object
calls=1 2080 
* 2113
* 1
+2 2

fn=(168)
621 2
+2 4
cfi=(53) /build/glibc-OTsEL5/glibc-2.27/elf/dl-version.c
cfn=(170) _dl_check_all_versions
calls=1 362 
* 17226
* 2
+4 2

fn=(32)
870 1
+17 1
-17 10
+17 1
+4 1
-21 1
2471 1
891 1
+1 1
2466 1
892 1
+5 1
2471 1
897 1
2464 2
+7 3
-4 1
+4 3
+2 2
cfi=(15) /build/glibc-OTsEL5/glibc-2.27/elf/dl-environ.c
cfn=(34) _dl_next_ld_env_entry
calls=1 29 
* 64
* 4
cfi=(15)
cfn=(34)
calls=2 29 
* 322
* 9
+4 6
-2 2
+2 42
+1 19
-1 57
+3 4
+6 14
+76 3
+1 4
cfi=(16) /build/glibc-OTsEL5/glibc-2.27/string/../sysdeps/x86_64/memcmp.S
cfn=(36) bcmp
calls=1 24 
* 31
* 2
-56 2
+7 4
cfi=(16)
cfn=(36)
calls=1 24 
* 36
* 2
+2 3
2635 3
+32 3
907 3
1108 7
cfi=(17)
cfn=(38)
calls=1 59 
* 230
+2 1
-2 1
+2 1
+1 1
+1 1
+5 2
-5 1
+1 2
+4 1
cfi=(17)
cfn=(50)
calls=1 31 
* 33
+1 2
879 1
1147 1
-3 1
-5 1
+1 1
+2 1
+5 5
+56 2
876 1
1166 1
+22 1
+15 2
-55 24
-1 27
+1 47
1250 3
+3 2
+2 2
+2 3
+13 3
+3 2
-2 1
+2 1
-2 3
cfi=(21)
cfn=(56)
calls=1 144 
* 50
* 2
+7 1
+3 1
-5 1
+3 1
-3 1
+5 1
+1 2
+4 2
+2 2
fi=(3) /build/glibc-OTsEL5/glibc-2.27/elf/get-dynamic-info.h
33 1
+9 2
+6 1
-2 1
+2 2
+15 1
+5 1
+3 1
+2 1
-3 1
-3 1
-3 1
-14 58
+13 24
+1 20
+10 5
-26 15
+16 23
+10 23
-26 69
+26 1
-26 3
+33 3
+20 3
+1 4
+1 4
+1 4
+2 4
+5 4
+1 4
+1 4
+6 3
+5 2
+7 2
+1 3
+18 3
+5 1
+2 1
-2 1
+2 1
+2 2
+2 2
+1 1
+2 3
+10 1
-8 3
+8 1
+5 2
+1 2
+2 2
fe=(2)
1293 2
cfi=(6)
cfn=(10)
calls=1 939 
* 23
+3 2
fi=(22) /build/glibc-OTsEL5/glibc-2.27/elf/setup-vdso.h
24 2
fe=(2)
1318 1
cfi=(11)
cfn=(62) _dl_discover_osversion
calls=1 45 
* 87
* 9
-6 5
1167 2
+9 1
-7 1
-3 1
+10 1
+18 2
-37 3
+1 1
-6 3
+1 1
fi=(3)
65 4
+3 4
fe=(2)
1203 2
-1 2
+1 4
-1 2
+2 4
+1 1
+3 2
+1 2
-1 2
+1 2
+1 2
+1 6
+1 2
+31 2
+1 2
+1 1
-6 2
+1 1
fi=(3)
71 4
+1 1
+1 3
fe=(2)
1323 2
cfi=(24)
cfn=(66) _dl_init_paths
calls=1 623 
* 1740
+3 3
cfi=(31)
cfn=(92)
calls=1 49 
* 17
+7 1
-7 1
+2 1
+5 1
+3 3
+1 1
+3 1
-3 3
+1 2
+3 1
+5 1
-7 1
+7 1
+1 5
+17 2
+1 2
+5 1
-3 3
+2 1
+1 2
+5 2
+1 5
-1 2
+3 2
+1 2
+5 2
+6 4
+1 1
-2 1
885 1
1391 1
1570 1
cfi=(32) /build/glibc-OTsEL5/glibc-2.27/elf/../elf/dl-tls.c
cfn=(94) _dl_count_modids
calls=1 113 
* 4
* 1
+8 3
+3 2
+4 3
+5 2
+1 1
cfi=(31)
cfn=(96)
calls=1 74 
* 1
+1 1
+4 2
+15 3
+4 1
-2 1
+2 2
+2 3
+1 1
-1 2
+1 1
cfn=(98) handle_ld_preload
calls=1 837 
* 2506
* 1
+1 4
+2 2
+10 3
cfi=(47) /build/glibc-OTsEL5/glibc-2.27/io/../sysdeps/unix/sysv/linux/access.c
cfn=(144) access
calls=1 27 
* 8
* 2
+77 1
-96 1
+96 3
+17 3
+1 1
-1 1
+1 2
-1 1
+1 5
cfi=(48)
cfn=(146) _dl_map_object_deps
calls=1 159 
* 27527
+1 4
+5 1
-3 2
+3 2
+1 7
-1 2
+1 18
-1 12
+4 3
+1 3
+1 1
+2 2
+1 5
-1 7
+1 15
-1 15
+47 2
+2 2
-1 1
-1 2
+2 4
cfi=(34)
cfn=(166)
calls=1 226 
* 17251
+10 1
+1 1
-1 1
+1 1
+1 1
cfn=(174) init_tls
calls=1 687 
* 598
* 1
+2 2
799 1
fi=(219) /build/glibc-OTsEL5/glibc-2.27/elf/../sysdeps/unix/sysv/linux/dl-osinfo.h
64 2
fe=(2)
801 1
fi=(219)
77 1
fe=(2)
810 1
+7 1
-5 1
1808 2
2038 3
2161 3
+7 1
+2 3
+1 1
-1 2
+2 16
+2 7
-2 14
+2 7
+5 14
+2 14
+6 7
+2 14
+1 48
cfi=(54) /build/glibc-OTsEL5/glibc-2.27/elf/dl-reloc.c
cfn=(180) _dl_relocate_object
calls=6 148 
* 2229983
+4 18
+1 4
cfi=(32)
cfn=(278) _dl_add_to_slotinfo
calls=2 887 
* 40
* 2
-12 1
+1 1
-3 2
+29 4
+2 1
+7 3
cfi=(32)
cfn=(356) _dl_allocate_tls_init
calls=1 437 
* 223
+3 2
-25 4
+2 2
+6 1
-6 1
+6 1
+26 3
+2 4
+15 1
+2 1
-2 2
+3 1
-3 1
+3 1
-3 1
+3 3
cfi=(54)
cfn=(180)
calls=1 148 
* 7718
+1 4
+2 2
+8 1
cfi=(7)
cfn=(358)
calls=1 260 
* 1
+4 2
+20 3
cfi=(31)
cfn=(92)
calls=1 49 
* 8
+1 1
-1 1
+2 1
cfi=(31)
cfn=(96)
calls=1 74 
* 1
+1 1
+4 1
cfi=(50) /build/glibc-OTsEL5/glibc-2.27/elf/dl-cache.c
cfn=(360) _dl_unload_cache
calls=1 326 
* 15
+5 8
2094 1
+13 1
-9 1
-4 1
+10 1
-6 1
+6 1
+3 1
1753 1
+1 1
-1 2
+1 1
+2 1
+2 3
+2 1
-4 1
+4 2
+14 4
+1 2
+1 3
-64 5
+1 1
-1 3
+4 3
+1 1
+1 2
+1 2
+32 2
2565 3

fn=(52)
784 130
+1 130

fn=(98)
837 8
+1 1
-1 1
-75 1
+86 1
-86 4
+80 2
+3 3
cfi=(33)
cfn=(100)
calls=1 30 
* 218
* 1
+1 3
+9 1
121 1
857 2
121 2
859 2
-97 5
-10 1
+4 1
+1 1
+1 1
+2 1
+2 1
cfi=(34)
cfn=(104)
calls=1 213 
* 2201
* 1
+1 3
+8 4
+71 2
+21 9
-15 4
cfi=(20)
cfn=(48)
calls=1 129 
* 18
+1 2

fn=(174)
687 1
-6 1
+2 2
+4 1
+10 4
cfi=(19)
cfn=(42)
calls=1 92 
* 27
* 1
+11 1
-15 1
+3 1
+6 1
+2 1
-11 1
+15 1
+2 1
-1 1
+1 24
+2 14
+4 2
+2 2
-2 2
-5 14
+9 2
+3 1
cfi=(32)
cfn=(176) _dl_determine_tlsoffset
calls=1 141 
* 98
+7 1
cfi=(32)
cfn=(178) _dl_allocate_tls_storage
calls=1 332 
* 375
+1 1
-1 1
+1 1
+6 1
+3 1
-3 1
+3 6
+3 1
+2 1
+1 3

fn=(2)
444 9
+19 4
fi=(3)
48 1
fe=(2)
463 1
fi=(5) /build/glibc-OTsEL5/glibc-2.27/elf/../sysdeps/x86_64/dl-machine.h
59 3
fi=(3)
-11 1
fe=(2)
489 1
-3 1
fi=(3)
48 1
+25 2
-3 1
-7 1
+5 1
+3 1
+2 1
-6 1
+3 1
-3 2
-3 16
+10 4
-26 12
+16 13
+10 13
-26 39
+26 1
-26 3
+2 36
+13 20
+2 4
+16 2
+20 4
+1 4
+1 4
+1 4
+2 4
+5 4
+1 4
+1 4
+6 3
+5 2
+7 3
+1 3
+8 3
+3 3
+4 2
+1 2
fe=(2)
500 2
393 1
507 1
393 1
cfi=(6)
cfn=(10)
calls=1 939 
* 23
+1 2
+1 2
+1 2
+1 2
+8 1
+9 1
-9 3
+9 1
-6 1
-3 1
+9 1
cfi=(7)
cfn=(12)
calls=1 88 
* 2313543
* 1
+9 4
+3 1
+4 1
-4 1
+4 1
532 9
-27 27
fi=(4) /build/glibc-OTsEL5/glibc-2.27/elf/do-rel.h
84 1
+27 1
-28 1
+28 2
+1 2
fi=(5)
540 2
fi=(4)
112 76
fi=(5)
540 76
+1 39
fi=(4)
111 39
fi=(5)
541 39
fi=(4)
111 39
fi=(5)
541 39
fi=(4)
111 39
+5 2
+8 1
fi=(5)
335 1
+87 1
fi=(4)
124 2
+12 1
+3 1
-3 1
+3 1
-3 1
fi=(5)
301 1
fi=(4)
137 1
fi=(5)
301 1
fi=(4)
137 1
fi=(5)
301 1
fi=(4)
136 8
+3 8
-3 8
+3 8
-3 8
fi=(5)
301 8
fi=(4)
137 8
fi=(5)
301 8
fi=(4)
137 8
fi=(5)
301 8
+9 27
+3 9
-3 18
+3 27
+22 54
fi=(3)
68 4
fi=(4)
+56 28
fi=(5)
354 27
fi=(3)
71 4
+1 1
+1 2
fe=(2)

fl=(13)
fn=(28)
79 29
+1 29
+1 29
+1 29
+1 29
+1 29
+1 29
+2 29
+2 29
+31 29
+1 29
+1 29
+1 29
+1 29
+1 14
+2 14
+4 15
+1 15
+1 15
+1 15
+1 15
+1 15
+1 15
+1 15
+1 15
+1 15
+1 15
+1 15
+5 120

fl=(14)
fn=(30)
32 4
+8 6
+4 2
+16 5

fl=(193)
fn=(3766)
30 8
+20 3
-3 6
+3 4
+3 2
cfi=(2)
cfn=(52)
calls=1 784 
* 2
+2 1
+3 2
+2 8
+8 1
-3 1
+8 1
-5 6
+7 14
+2 14
+2 14
+1 7
+1 7
+4 7
-12 21
+14 6
+1 4
+6 3
cfi=(52) /build/glibc-OTsEL5/glibc-2.27/elf/dl-sort-maps.c
cfn=(164) _dl_sort_maps
calls=1 -66 
* 748
+10 2
cfi=(2)
cfn=(54)
calls=1 790 
* 2
+5 6
+2 1
+2 3
-2 6
+2 18
+3 14
+3 21
+4 10
+11 5
+1 5
-1 5
+2 5
-2 5
+2 5
+1 35
+1 5
cob=(6)
cfi=(101)
cfn=(3866) 0x0000000000003130
calls=1 0 
* 127
cob=(4)
cfi=(102)
cfn=(3848) 0x000000000000bcd0
calls=1 0 
* 129
cob=(7)
cfi=(103)
cfn=(3808) 0x000000000008fb30
calls=1 0 
* 1783
cob=(5)
cfi=(92)
cfn=(3790) 0x0000000000000600
calls=1 0 
* 129
cob=(8)
cfi=(115)
cfn=(3768)
calls=1 0 
* 129
* 5
-1 15
+5 10
+1 15
cob=(2)
cfi=(18)
cfn=(3882)
calls=1 0 
* 3
cob=(2)
cfi=(18)
cfn=(3864)
calls=1 0 
* 3
cob=(2)
cfi=(18)
cfn=(3846)
calls=1 0 
* 3
cob=(2)
cfi=(18)
cfn=(3806)
calls=1 0 
* 3
cob=(2)
cfi=(18)
cfn=(3788)
calls=1 0 
* 3
+6 42
+16 14
-56 16
+62 6
+6 2
+7 8
-90 7
+26 6

fl=(41) /build/glibc-OTsEL5/glibc-2.27/io/../sysdeps/unix/sysv/linux/wordsize-64/fxstat.c
fn=(130) _fxstat
34 6
-1 6
+1 6
+1 36
+4 6

fl=(105) /build/glibc-OTsEL5/glibc-2.27/elf/../elf/dl-runtime.c
fn=(484) _dl_fixup
66 242
+6 242
-6 121
+3 242
+3 363
-4 121
+5 121
+2 121
-2 605
+2 121
-2 121
+2 121
+5 242
+4 242
+4 121
+7 121
-7 242
+4 242
+1 484
+2 484
+7 242
-1 121
+1 121
+10 1089
cfi=(6)
cfn=(188)
calls=121 790 
* 109915
* 121
+4 605
+10 847
+16 121
-8 121
+8 363
+4 363
fi=(5)
+96 121
fe=(105)
-92 363
fi=(127) /build/glibc-OTsEL5/glibc-2.27/elf/../sysdeps/x86_64/dl-irel.h
32 6
cob=(3)
cfi=(60)
cfn=(258)
calls=1 * 
* 8
cob=(3)
cfi=(56)
cfn=(240)
calls=1 +12 
* 16
cob=(3)
cfi=(69)
cfn=(226)
calls=1 +10 
* 18
cob=(3)
cfi=(60)
cfn=(250)
calls=1 * 
* 8
cob=(3)
cfi=(65)
cfn=(218)
calls=1 +1 
* 13
cob=(3)
cfi=(68)
cfn=(224)
calls=1 +6 
* 9
* 6
fe=(105)

fl=(24)
fn=(150) open_path
1932 32
+1 4
+6 4
-6 4
+6 4
+5 44
-7 4
-1 4
+8 28
+3 12
+9 16
+7 12
+1 4
-13 12
+12 4
cfi=(20)
cfn=(74)
calls=4 116 
* 48
* 4
+55 8
-22 24
-32 8
+32 33
-32 22
+3 64
+4 66
cfi=(20)
cfn=(74)
calls=11 116 
* 140
* 44
cfi=(20)
cfn=(74)
calls=11 116 
* 132
+3 22
+3 33
+3 99
cfn=(118) open_verify.constprop.7
calls=11 1598 
* 605
* 11
+2 55
+2 16
+89 36
-45 42
-64 42
+85 28
+7 4
-2 4
+2 12
+3 12
-13 8
-38 12
+2 6
-46 6
+25 16
+1 64
+6 16
+2 16
-2 16
+2 16
cfi=(49) /build/glibc-OTsEL5/glibc-2.27/io/../sysdeps/unix/sysv/linux/wordsize-64/xstat.c
cfn=(152) _xstat
calls=8 34 
* 101
* 8
+3 8
-3 8
+1 1
+2 1
-2 1
+2 7
-37 2
+37 7
-37 14

fn=(114)
2080 91
+8 13
-8 26
+8 13
+1 52
+3 254
+5 406
+2 174
cfi=(36)
cfn=(116)
calls=58 282 
* 5821
* 116
+4 100
+1 150
+3 28
+1 28
+1 28
-1 28
+1 28
cfi=(21)
cfn=(56)
calls=28 144 
* 787
* 56
2391 117
2125 15
+10 15
-53 5
+89 10
-2 5
+2 5
cfi=(29) /build/glibc-OTsEL5/glibc-2.27/string/../sysdeps/x86_64/multiarch/../strchr.S
cfn=(84) index
calls=5 24 
* 115
* 10
2322 5
cfn=(82) expand_dynamic_string_token
calls=1 320 
* 154
* 1
-2 1
+3 5
+4 9
cfn=(118)
calls=1 1598 
* 208
+3 2
-3 1
+3 3
+12 3
+46 1
+1 3
-1 1
+1 9
cfn=(126) _dl_map_object_from_fd
calls=1 808 
* 1347
-1 4
+1 12
-1 4
+1 36
cfn=(126)
calls=4 808 
* 6127
* 15
2171 4
+4 8
cfi=(13)
cfn=(28)
calls=4 79 
* 64
* 4
+2 4
-2 4
+2 4
+7 16
+36 48
cfn=(150)
calls=4 1932 
* 2136
+6 8
-6 4
+6 12
601 12
2314 8
+28 16
+2 8
-95 4
-14 4
+14 4
+2 12
+4 8
cfi=(50)
cfn=(154) _dl_load_cache_lookup
calls=4 187 
* 5356
+2 4
-2 4
+2 4
+4 8
+8 12
+23 40
cfn=(118)
calls=4 1598 
* 854
+4 8
-4 4
+4 12
+1 8
-88 28
601 12
2219 8
+1 8
-32 4
+1 8
-1 12
+8 28
-3 12
601 12
+9 12
2208 12

fn=(126)
808 55
+10 5
-10 5
+10 5
-10 15
+10 5
cfi=(31)
cfn=(92)
calls=5 49 
* 40
fi=(40) /build/glibc-OTsEL5/glibc-2.27/elf/../sysdeps/posix/dl-fileid.h
37 15
fe=(24)
818 5
fi=(40)
37 5
cfi=(41)
cfn=(130)
calls=5 -3 
* 50
* 10
+4 5
fe=(24)
834 5
fi=(40)
40 5
+1 5
fe=(24)
834 90
+1 40
fi=(40)
49 70
fe=(24)
1346 45
852 10
+24 20
+10 10
+22 20
+32 10
819 5
943 35
cfi=(17)
cfn=(38)
calls=5 59 
* 1686
+1 5
-1 5
+1 5
+11 10
+5 5
-5 5
+1 5
+5 5
-5 5
+1 5
+2 5
-2 5
+2 10
+1 15
+20 5
-2 5
+10 5
-8 30
+8 5
-8 15
+8 5
+97 5
982 5
-6 5
1085 5
981 5
-5 10
1085 15
-96 77
-1 234
+1 219
+6 10
+5 10
+1 20
+11 50
+5 80
+9 30
-1 30
+1 10
+1 20
+2 10
-2 10
+1 10
-1 10
+3 10
+4 10
-7 10
+3 10
-1 10
+5 10
+1 20
+5 10
-1 5
-14 5
+14 5
+1 30
+10 5
-10 10
-1 5
-14 5
+14 5
+1 30
+10 5
-44 2
+1 1
+46 6
+4 2
+1 2
+2 2
-1 2
-1 4
+1 2
+3 6
+1 2
+3 2
-3 2
+7 8
+6 2
cfi=(32)
cfn=(162) _dl_next_tls_modid
calls=2 51 
* 12
* 4
+1 2
+19 10
+1 10
+1 5
-6 10
+1 5
+8 20
956 5
1110 5
956 5
1110 5
+10 15
fi=(43) /build/glibc-OTsEL5/glibc-2.27/elf/./dl-map-segments.h
50 5
+6 5
fe=(24)
1120 20
fi=(43)
56 15
fe=(24)
1120 5
fi=(43)
50 5
fe=(24)
1120 10
fi=(43)
56 10
cfi=(42)
cfn=(132)
calls=5 -12 
* 185
+4 5
-4 5
+4 10
+3 10
+1 5
+2 5
-2 5
-1 5
+3 5
+14 10
fi=(45) /build/glibc-OTsEL5/glibc-2.27/elf/./dl-load.h
+10 20
+1 15
+2 20
fi=(43)
+11 40
+45 10
-59 50
+2 30
+2 40
cfi=(42)
cfn=(132)
calls=5 -50 
* 165
* 10
+16 5
+2 5
-2 5
+1 5
+2 5
-1 5
+1 5
-1 15
+8 10
+3 10
+8 35
cfi=(28)
cfn=(76)
calls=5 -22 
* 510
* 10
+6 10
+4 16
cfi=(42)
cfn=(132)
calls=2 -97 
* 66
+3 4
-71 50
cfi=(44) /build/glibc-OTsEL5/glibc-2.27/misc/../sysdeps/unix/syscall-template.S
cfn=(136) mprotect
calls=5 +5 
* 25
* 10
fi=(45)
+21 20
+2 4
-1 12
+1 4
-1 4
+1 8
-1 8
+3 16
fe=(24)
1132 20
+9 10
fi=(3)
42 5
fe=(24)
1141 5
fi=(3)
42 5
+6 5
-2 5
+2 10
+15 5
+5 5
+3 5
-1 5
-3 5
-3 114
+10 26
-26 78
+16 98
+10 98
-26 294
+26 5
-26 15
+2 258
+13 124
+2 20
+16 10
+20 17
+1 20
+1 20
+1 20
+2 20
+5 20
+1 19
+1 20
+6 15
+5 10
+7 10
+1 15
+18 15
+5 2
+2 2
-2 2
+2 2
+2 4
+2 4
+3 15
+10 1
-8 4
+8 1
+5 2
+3 10
fe=(24)
1148 10
+15 15
+19 10
+2 25
+54 15
+1 4
+3 4
cfi=(46) /build/glibc-OTsEL5/glibc-2.27/io/../sysdeps/unix/sysv/linux/close.c
cfn=(142) close
calls=2 27 
* 10
* 6
cfi=(46)
cfn=(142)
calls=3 27 
* 15
* 10
+9 10
+2 15
+2 5
-2 5
+2 5
+16 10
cfi=(6)
cfn=(10)
calls=5 939 
* 115
+4 10
+1 10
+17 10
+1 1
+8 1
-5 3
+5 5
-5 12
+5 4
+10 10
+10 15
cfi=(17)
cfn=(50)
calls=5 31 
* 235
+4 15
fi=(3)
68 20
+3 20
+1 5
+1 20
fe=(24)
369 8

fn=(118)
1598 176
+39 16
-39 48
+39 62
+31 64
cfi=(37)
cfn=(120)
calls=16 39 
* 289
+2 16
-2 16
+2 21
+10 5
+1 10
+5 30
cfi=(39)
cfn=(124)
calls=5 27 
* 25
+2 10
+2 5
+2 5
-2 5
+2 5
+6 10
+16 80
+74 10
+5 10
+2 20
+6 10
+11 10
+6 5
+1 5
+1 5
-2 15
+1 15
+21 205
+2 94
+13 15
+3 20
+1 5
+12 30
-3 42
+15 4
+3 2
+1 6
+1 2
-1 2
-1 2
+3 6
+1 6
1650 11
1918 144
1714 6
1871 30
+3 5
-4 5
+4 10
+5 2
+1 4
-55 6

fn=(66)
623 1
+13 2
-13 8
+13 3
cfi=(25) /build/glibc-OTsEL5/glibc-2.27/elf/dl-hwcaps.c
cfn=(68) _dl_important_hwcaps
calls=1 42 
* 711
+5 1
-5 1
+5 1
cfi=(19)
cfn=(46)
calls=1 50 
* 18
* 1
+1 1
-2 1
+2 2
+8 1
-1 1
+1 4
-1 3
+4 4
cfi=(19)
cfn=(46)
calls=1 50 
* 18
* 1
+2 1
-2 2
+2 1
+7 1
+10 1
-11 1
+12 1
+3 1
+1 1
-5 1
+3 1
+1 1
-1 1
+9 1
-20 1
+17 1
+3 1
-3 17
cfi=(28)
cfn=(76)
calls=4 109 
* 48
+3 27
-12 3
-2 3
+10 3
-7 3
-1 3
+4 3
-1 3
+1 3
+1 3
+3 3
+1 3
-4 3
+4 3
+14 1
-11 1
+6 1
+1 1
+5 2
+2 4
+2 3
+38 5
-19 1
-2 2
+2 2
+21 3
cfi=(13)
cfn=(28)
calls=1 79 
* 16
* 8
cfi=(20)
cfn=(48)
calls=1 129 
* 10
* 1
+5 4
-1 2
+2 56
-1 57
+5 1
cfi=(19)
cfn=(46)
calls=1 50 
* 18
* 1
+1 1
-2 1
+2 1
+6 7
cfn=(78) fillin_rpath
calls=1 389 
* 584
+3 3
+6 1
+4 8
-37 2

fn=(78)
389 7
+2 1
-2 9
+4 3
cfi=(19)
cfn=(80) strsep
calls=1 265 
* 238
* 3
cfi=(19)
cfn=(80)
calls=1 265 
* 6
* 6
+7 2
+2 3
cfn=(82)
calls=1 -82 
* 104
+4 1
-4 1
+4 1
+5 2
cfi=(13)
cfn=(28)
calls=1 79 
* 16
+1 2
+7 6
+9 17
+1 8
+57 2
cob=(2)
cfi=(18)
cfn=(88)
calls=1 0 
* 5
* 1
-39 2
+4 7
-1 1
cfi=(19)
cfn=(46)
calls=1 50 
* 18
* 1
+3 3
+5 1
+1 2
-2 2
+2 1
cfi=(20)
cfn=(74)
calls=1 116 
* 12
+3 1
-2 1
-1 1
+1 1
+2 1
+6 4
+1 17
+1 1
-1 3
+1 1
-1 14
+1 8
-1 1
+1 1
-1 3
+1 1
-1 2
+4 1
-1 1
+1 1
-1 1
+1 1
+8 1
-1 1
+4 3
-37 2
-28 1
+5 4
+66 1
+3 9
-15 2

fn=(82)
320 12
+10 4
-10 2
+10 2
cfi=(29)
cfn=(84)
calls=2 24 
* 70
* 4
+15 2
-11 2
+11 8
-11 2
cfi=(30) /build/glibc-OTsEL5/glibc-2.27/string/strdup.c
cfn=(86) strdup
calls=2 40 
* 150

fl=(25)
fn=(68)
42 4
+1 1
-1 8
+1 4
-1 1
+1 1
cfi=(9)
cfn=(26)
calls=1 373 
* 18
* 1
+3 3
-3 1
+12 6
+1 3
+1 1
-2 1
+2 1
-2 5
+1 3
+1 1
-2 1
+2 1
-2 5
+10 3
fi=(26) /build/glibc-OTsEL5/glibc-2.27/elf/../sysdeps/unix/sysv/linux/not-errno.h
-37 4
fe=(25)
131 4
-2 1
+17 6
+3 2
329 9
69 3
+77 1
+20 1
-19 1
+36 10
+1 3
-1 2
+1 3
fi=(27) /build/glibc-OTsEL5/glibc-2.27/elf/../sysdeps/x86/dl-hwcap.h
57 6
fe=(25)
186 1
+1 1
cfi=(13)
cfn=(28)
calls=1 79 
* 16
+1 1
-1 1
+1 3
-5 1
+5 1
-5 1
+5 2
-5 5
+8 3
+2 1
+1 6
+4 1
+4 1
-3 1
-1 1
+4 2
+3 4
+4 3
+1 1
-1 5
+1 3
+2 3
+2 2
-1 1
+1 1
-1 1
+2 2
+7 2
+6 11
+1 4
cfi=(19)
cfn=(46)
calls=1 50 
* 18
* 1
+1 1
-1 1
+1 3
+29 13
+3 4
+7 1
+10 12
-4 2
-3 1
+3 1
cfi=(20)
cfn=(74)
calls=1 116 
* 16
* 2
-3 1
+3 1
cfi=(20)
cfn=(74)
calls=1 116 
* 16
* 6
+3 7
+1 12
+1 4
cfi=(20)
cfn=(74)
calls=1 116 
* 14
-2 1
+2 2
-2 1
+5 6
cfi=(20)
cfn=(74)
calls=2 116 
* 28
+2 2
-2 4
+2 5
-7 3
+12 1
+1 2
-1 9
+1 14
-1 18
+5 10
+4 3
-4 12
+4 33
+1 12
-1 12
+1 24
-2 12
+1 24
-1 39
+4 6
+5 1
-2 1
+2 1
-1 1
-1 2
+2 1
-1 1
+1 4
+2 6
+1 2
+3 2
-6 5
+13 8
+1 1
-1 2
+3 2
-3 3
+1 3
-1 6
+3 6
+3 3
+2 2
-15 2
-6 3
-42 2

fl=(46)
fn=(142)
27 24

ob=(7)
fl=(103)
fn=(718)
0 2256
cob=(1)
cfi=(104)
cfn=(482)
calls=1 71 
0 74548
0 5
0 16
cfn=(724)
calls=1 0 
0 31
0 1
0 14
cfn=(724)
calls=1 0 
0 31
0 1
0 6
cob=(1)
cfi=(104)
cfn=(482)
calls=1 71 
0 742
0 5
0 15
cob=(1)
cfi=(104)
cfn=(482)
calls=1 71 
0 13873
0 5
0 3
cfn=(1110)
calls=1 0 
0 91
0 1
0 16
cfn=(1116)
calls=1 0 
0 1028
0 1
0 3
cfn=(1110)
calls=1 0 
0 91
0 1
0 14
cfn=(1116)
calls=1 0 
0 1028
0 1
0 3
cfn=(1110)
calls=1 0 
0 91
0 1
0 14
cfn=(1116)
calls=1 0 
0 1028
0 1
0 16
cfn=(724)
calls=1 0 
0 31
0 1
0 16
cfn=(724)
calls=1 0 
0 31
0 1
0 14
cfn=(724)
calls=1 0 
0 31
0 1
0 6
cfn=(1110)
calls=1 0 
0 91
0 1
0 15
cob=(1)
cfi=(104)
cfn=(482)
calls=1 71 
0 9507
0 5
0 3
cfn=(1110)
calls=1 0 
0 91
0 1
0 16
cfn=(1200) std::basic_ios<wchar_t, std::char_traits<wchar_t> >::init(std::basic_streambuf<wchar_t, std::char_traits<wchar_t> >*)
calls=1 0 
0 864
0 1
0 3
cfn=(1110)
calls=1 0 
0 91
0 1
0 14
cfn=(1200)
calls=1 0 
0 864
0 1
0 3
cfn=(1110)
calls=1 0 
0 91
0 1
0 14
cfn=(1200)
calls=1 0 
0 864
0 1
0 14

fn=(886) std::codecvt<wchar_t, char, __mbstate_t>::codecvt(unsigned long)
0 13
cfn=(756)
calls=1 0 
0 10
0 1
0 5

fn=(930) std::numpunct<char>::_M_initialize_numpunct(__locale_struct*)
0 420

fn=(1048) std::moneypunct<wchar_t, true>::_M_initialize_moneypunct(__locale_struct*, char const*)
0 131

fn=(1242)
0 20
cfn=(782)
calls=4 0 
0 24
0 4
0 44
cfn=(1152)
calls=4 0 
0 356
0 4
0 16

fn=(2190)
0 10096
cfn=(1828)
calls=5048 0 
0 387168
0 5048

fn=(2748)
0 28

fn=(2764)
0 105
cfn=(2770)
calls=6 0 
0 24
cob=(1)
cfi=(104)
cfn=(482)
calls=1 71 
0 799
0 11
0 49
cfn=(2776) std::__basic_file<char>::open(char const*, std::_Ios_Openmode, int)
calls=6 0 
0 2562
cob=(1)
cfi=(104)
cfn=(482)
calls=1 71 
0 3296
0 11
0 14
cfn=(2770)
calls=7 0 
0 28
0 7
0 28
cfn=(2804) std::basic_filebuf<char, std::char_traits<char> >::_M_allocate_internal_buffer()
calls=6 0 
0 90267
cob=(1)
cfi=(104)
cfn=(482)
calls=1 71 
0 405183
0 11
0 182

fn=(2816)
0 218244

fn=(3822)
0 6

fn=(3840) 0x000000000008fac0
0 5

fn=(474)
0 6
cob=(1)
cfi=(104)
cfn=(482)
calls=1 71 
0 728
0 5
0 7
cob=(1)
cfi=(104)
cfn=(482)
calls=1 71 
0 1667
0 5
0 3
cfn=(488) std::error_category::error_category()
calls=1 0 
0 5
0 1
0 7
cob=(3)
cfi=(106)
cfn=(496)
calls=1 65 
0 71
0 1

fn=(602)
0 6
cob=(3)
cfi=(106)
cfn=(496)
calls=1 65 
0 71
0 1
0 5
cob=(3)
cfi=(106)
cfn=(496)
calls=1 65 
0 71
0 1

fn=(726)
0 5
cob=(1)
cfi=(104)
cfn=(483)
calls=1 71 
0 73857
0 5
0 357

fn=(764) std::locale::facet::_S_create_c_locale(__locale_struct*&, char const*, __locale_struct*)
0 5
cob=(1)
cfi=(104)
cfn=(483)
calls=1 71 
0 1554
0 5
0 5

fn=(824) std::__cxx11::messages<char>::messages(unsigned long)
0 13
cfn=(756)
calls=1 0 
0 10
0 1
0 2
cfn=(744)
calls=1 0 
0 3
0 1
0 5

fn=(924)
0 21
cob=(1)
cfi=(104)
cfn=(483)
calls=1 71 
0 1415
0 5
0 7
cfn=(782)
calls=1 0 
0 15
0 1
0 8
cfn=(756)
calls=1 0 
0 10
0 1
0 7
cfn=(782)
calls=1 0 
0 15
0 1
0 12
cob=(1)
cfi=(104)
cfn=(483)
calls=1 71 
0 1214
0 5
0 6
cfn=(782)
calls=1 0 
0 15
0 1
0 12
cob=(1)
cfi=(104)
cfn=(483)
calls=1 71 
0 1222
0 5
0 6
cfn=(782)
calls=1 0 
0 15
0 1
0 13
cfn=(782)
calls=1 0 
0 15
0 1
0 13
cfn=(782)
calls=1 0 
0 15
0 1
0 13
cfn=(782)
calls=1 0 
0 15
0 1
0 6
cob=(1)
cfi=(104)
cfn=(483)
calls=1 71 
0 741
0 5
0 6
cfn=(782)
calls=1 0 
0 15
0 1
0 16
cob=(1)
cfi=(104)
cfn=(483)
calls=1 71 
0 1337
0 5
0 6
cfn=(782)
calls=1 0 
0 15
0 1
0 8
cfn=(756)
calls=1 0 
0 10
0 1
0 7
cfn=(782)
calls=1 0 
0 15
0 1
0 13
cob=(1)
cfi=(104)
cfn=(483)
calls=1 71 
0 1222
0 5
0 6
cfn=(782)
calls=1 0 
0 15
0 1
0 12
cob=(1)
cfi=(104)
cfn=(483)
calls=1 71 
0 1230
0 5
0 6
cfn=(782)
calls=1 0 
0 15
0 1
0 13
cfn=(782)
calls=1 0 
0 15
0 1
0 13
cfn=(782)
calls=1 0 
0 15
0 1
0 13
cfn=(782)
calls=1 0 
0 15
0 1
0 6
cob=(1)
cfi=(104)
cfn=(483)
calls=1 71 
0 709
0 5
0 5
cfn=(782)
calls=1 0 
0 15
0 1
0 5
cfn=(782)
calls=1 0 
0 6
0 1
0 4
cfn=(782)
calls=1 0 
0 6
0 1
0 4
cfn=(782)
calls=1 0 
0 6
0 1
0 4
cfn=(782)
calls=1 0 
0 6
0 1
0 5
cfn=(782)
calls=1 0 
0 6
0 1
0 5
cfn=(782)
calls=1 0 
0 6
0 1
0 41

fn=(966) std::moneypunct<char, true>::_M_initialize_moneypunct(__locale_struct*, char const*)
0 123

fn=(998) std::messages<char>::messages(unsigned long)
0 13
cfn=(756)
calls=1 0 
0 10
0 1
0 2
cfn=(744)
calls=1 0 
0 3
0 1
0 5

fn=(1034) std::moneypunct<wchar_t, false>::_M_initialize_moneypunct(__locale_struct*, char const*)
0 131

fn=(1080) std::messages<wchar_t>::messages(unsigned long)
0 13
cfn=(756)
calls=1 0 
0 10
0 1
0 2
cfn=(744)
calls=1 0 
0 3
0 1
0 5

fn=(1122) std::ios_base::_M_init()
0 308
cfn=(724)
calls=22 0 
0 682
0 22
0 66
cfn=(1128)
calls=21 0 
0 462
cob=(1)
cfi=(104)
cfn=(483)
calls=1 71 
0 689
0 26
0 44
cfn=(1134)
calls=21 0 
0 252
cob=(1)
cfi=(104)
cfn=(483)
calls=1 71 
0 687
0 26
0 154

fn=(1176)
0 3960

fn=(1288)
0 3347811

fn=(1290)
0 380160
cob=(3)
cfi=(129)
cfn=(1296)
calls=63359 31 
0 10734769
cob=(1)
cfi=(104)
cfn=(482)
calls=1 71 
0 3311
0 63364

fn=(1324)
0 1018899

fn=(1378)
0 487475
cfn=(1288)
calls=28675 0 
0 659525
0 28675
0 573460
cfn=(1380) std::num_put<char, std::ostreambuf_iterator<char, std::char_traits<char> > >::do_put(std::ostreambuf_iterator<char, std::char_traits<char> >, std::ios_base&, char, long) const
calls=28671 0 
0 10361250
0 36
cfn=(1380)
calls=4 0 
0 2417
0 114700
cfn=(1324)
calls=28675 0 
0 200725
0 28675
0 344152

fn=(1762)
0 3040
cob=(3)
cfi=(125)
cfn=(876)
calls=303 52 
0 6101
cob=(1)
cfi=(104)
cfn=(482)
calls=1 71 
0 1479
0 308
0 1216
cfn=(1282)
calls=303 0 
0 61199
cob=(1)
cfi=(104)
cfn=(482)
calls=1 71 
0 1378
0 308
0 1520

fn=(1774)
0 8
cfn=(1378)
calls=3 0 
0 1350
cob=(1)
cfi=(104)
cfn=(482)
calls=1 71 
0 1119
0 8

fn=(2210) std::num_put<char, std::ostreambuf_iterator<char, std::char_traits<char> > >::_M_pad(char, long, std::ios_base&, char*, char const*, int&) const
0 138645
cfn=(2212)
calls=10665 0 
0 811229
0 53325

fn=(2778) 0x00000000000b4740
0 63

fn=(2810)
0 49

fn=(2868)
0 84
cfn=(2770)
calls=7 0 
0 28
0 7
0 42
cfn=(2874) std::basic_filebuf<char, std::char_traits<char> >::_M_terminate_output()
calls=6 0 
0 566
cob=(1)
cfi=(104)
cfn=(482)
calls=1 71 
0 1059
0 11
0 42
cfn=(2880) std::basic_filebuf<char, std::char_traits<char> >::_M_destroy_internal_buffer()
calls=6 0 
0 943
cob=(1)
cfi=(104)
cfn=(482)
calls=1 71 
0 1232
0 11
0 105
cfn=(2886)
calls=6 0 
0 2394
cob=(1)
cfi=(104)
cfn=(482)
calls=1 71 
0 2667
0 11
0 91

fn=(2880)
0 63
cob=(2)
cfi=(18)
cfn=(2364)
calls=7 0 
0 961
0 77

fn=(3762) std::basic_ostream<wchar_t, std::char_traits<wchar_t> >::flush()
0 30
cfn=(3764)
calls=3 0 
0 213
0 15

fn=(3828)
0 4
cob=(1)
cfi=(104)
cfn=(482)
calls=1 71 
0 761
0 5

fn=(522) __cxa_guard_release
0 15

fn=(526)
0 9
cob=(1)
cfi=(104)
cfn=(482)
calls=1 71 
0 65677
0 5
0 8

fn=(1134)
0 432

fn=(1188)
0 90
cfn=(782)
calls=18 0 
0 108
0 18
0 234
cfn=(1152)
calls=18 0 
0 1602
0 18
0 72

fn=(1282)
0 1799424
cfn=(1288)
calls=99967 0 
0 2299241
cob=(1)
cfi=(104)
cfn=(482)
calls=1 71 
0 673
0 99972
0 1199616
cfn=(1324)
calls=99967 0 
0 699769
cob=(1)
cfi=(104)
cfn=(482)
calls=1 71 
0 649
0 99972
0 1699456
cfn=(2814)
calls=63988 0 
0 6097226
cfn=(1290)
calls=35980 0 
0 6765660
0 499840

fn=(1338)
0 66206
cob=(3)
cfi=(135)
cfn=(1344)
calls=9457 28 
0 1645518
cob=(1)
cfi=(104)
cfn=(482)
calls=1 71 
0 1639
0 9462

fn=(1406)
0 664078
cfn=(1412)
calls=332038 0 
0 38710683
cob=(1)
cfi=(104)
cfn=(482)
calls=1 71 
0 776
0 332043

fn=(1822)
0 657256
cfn=(1828)
calls=328627 0 
0 29675176
cob=(1)
cfi=(104)
cfn=(482)
calls=1 71 
0 2158
0 328632

fn=(2826) std::basic_filebuf<char, std::char_traits<char> >::sync()
0 24896
cfn=(2824)
calls=3112 0 
0 487896
0 18672

fn=(3540)
0 69104
cfn=(1288)
calls=4319 0 
0 99337
0 4319
0 38871
cfn=(2814)
calls=4319 0 
0 404301
0 17276
cfn=(1324)
calls=4319 0 
0 30233
0 4319
0 43190

fn=(510) std::future_category()
0 7
cob=(1)
cfi=(104)
cfn=(483)
calls=1 71 
0 698
0 5
0 4
cob=(1)
cfi=(104)
cfn=(483)
calls=1 71 
0 682
0 5
0 4
cob=(3)
cfi=(106)
cfn=(496)
calls=1 65 
0 71
0 1
0 3

fn=(572)
0 75

fn=(642)
0 50

fn=(750) std::ctype<char>::ctype(unsigned short const*, bool, unsigned long)
0 15
cob=(1)
cfi=(104)
cfn=(483)
calls=1 71 
0 3421
0 5
0 101

fn=(892) std::__cxx11::numpunct<wchar_t>::_M_initialize_numpunct(__locale_struct*)
0 350

fn=(904) std::__cxx11::moneypunct<wchar_t, true>::_M_initialize_moneypunct(__locale_struct*, char const*)
0 131

fn=(922) std::__cxx11::messages<wchar_t>::messages(unsigned long)
0 13
cfn=(756)
calls=1 0 
0 10
0 1
0 2
cfn=(744)
calls=1 0 
0 3
0 1
0 5

fn=(1116)
0 126
cfn=(1122)
calls=17 0 
0 1598
cob=(1)
cfi=(104)
cfn=(483)
calls=1 71 
0 2143
0 22
0 54
cfn=(1140)
calls=17 0 
0 15453
cob=(1)
cfi=(104)
cfn=(483)
calls=1 71 
0 10623
0 22
0 234

fn=(1154)
0 3660
cob=(3)
cfi=(128)
cfn=(1162)
calls=60 144 
0 3000
cob=(1)
cfi=(104)
cfn=(483)
calls=1 71 
0 1519
0 65
0 427

fn=(1168)
0 215
cfn=(782)
calls=43 0 
0 258
0 43
0 473
cfn=(1152)
calls=43 0 
0 7353
0 43
0 172

fn=(1218)
0 20
cfn=(782)
calls=4 0 
0 24
0 4
0 44
cfn=(1152)
calls=4 0 
0 356
0 4
0 16

fn=(1356)
0 125730
cfn=(2826)
calls=3112 0 
0 531464
cfn=(1358)
calls=9461 0 
0 673231
0 62865

fn=(1380)
0 86025
cfn=(1386) std::ostreambuf_iterator<char, std::char_traits<char> > std::num_put<char, std::ostreambuf_iterator<char, std::char_traits<char> > >::_M_insert_int<long>(std::ostreambuf_iterator<char, std::char_traits<char> >, std::ios_base&, char, long) const
calls=28674 0 
0 10247300
cob=(1)
cfi=(104)
cfn=(482)
calls=1 71 
0 1663
0 28679

fn=(1386)
0 602175
cfn=(1388)
calls=28675 0 
0 831575
0 554124
cfn=(1394)
calls=6059 0 
0 133298
0 180928
cfn=(1394)
calls=22616 0 
0 880753
0 831575
cfn=(2814)
calls=1320 0 
0 127186
cfn=(1290)
calls=27355 0 
0 4411472
0 626120
cfn=(2210)
calls=10664 0 
0 1000043
cob=(1)
cfi=(104)
cfn=(482)
calls=1 71 
0 4406
0 10669
0 53325

fn=(2754)
0 35
cfn=(782)
calls=7 0 
0 42
0 7
0 91
cfn=(1152)
calls=7 0 
0 623
0 7
0 28

fn=(2760)
0 35
cfn=(782)
calls=7 0 
0 42
0 7
0 77
cfn=(1152)
calls=7 0 
0 623
0 7
0 28

fn=(2804)
0 63
cob=(2)
cfi=(18)
cfn=(2806)
calls=7 0 
0 494277
0 28

fn=(2874)
0 118
cfn=(2824)
calls=2 0 
0 310
0 53
cfn=(2816)
calls=7 0 
0 21
0 105

fn=(488)
0 10

fn=(504)
0 3
cob=(1)
cfi=(104)
cfn=(482)
calls=1 71 
0 2178
0 5
0 4

fn=(516) __cxa_guard_acquire
0 31

fn=(624)
0 34

fn=(668)
0 50

fn=(744)
0 21

fn=(830) std::ctype<wchar_t>::ctype(unsigned long)
0 13
cfn=(756)
calls=1 0 
0 10
0 1
0 7
cob=(1)
cfi=(104)
cfn=(483)
calls=1 71 
0 27873
0 5

fn=(836) std::ctype<wchar_t>::_M_initialize_ctype()
0 10
cob=(1)
cfi=(104)
cfn=(483)
calls=1 71 
0 1527
0 5
0 770
cob=(3)
cfi=(119)
cfn=(848)
calls=127 31 
0 3175
cob=(1)
cfi=(104)
cfn=(483)
calls=1 71 
0 1527
0 132
0 260
cob=(1)
cfi=(104)
cfn=(483)
calls=1 71 
0 1489
0 5
0 510
cob=(3)
cfi=(120)
cfn=(854)
calls=255 33 
0 10344
0 255
0 1067
cfn=(866) std::ctype<wchar_t>::_M_convert_to_wmask(unsigned short) const
calls=7 0 
0 1609
cob=(1)
cfi=(104)
cfn=(483)
calls=1 71 
0 2474
0 12
0 95
cfn=(866)
calls=4 0 
0 1749
0 4
0 19
cob=(3)
cfi=(118)
cfn=(842)
calls=1 31 
0 21
0 1
0 2

fn=(866)
0 114
cob=(3)
cfi=(124)
cfn=(872)
calls=1 27 
0 147
0 1
0 11
cob=(3)
cfi=(124)
cfn=(872)
calls=1 27 
0 566
0 1
0 3
cob=(3)
cfi=(124)
cfn=(872)
calls=1 27 
0 201
0 1
0 3
cob=(3)
cfi=(124)
cfn=(872)
calls=1 27 
0 330
0 1
0 3
cob=(3)
cfi=(124)
cfn=(872)
calls=1 27 
0 388
0 1
0 3
cob=(3)
cfi=(124)
cfn=(872)
calls=1 27 
0 197
0 1
0 3
cob=(3)
cfi=(124)
cfn=(872)
calls=1 27 
0 628
0 1
0 3
cob=(1)
cfi=(104)
cfn=(483)
calls=1 71 
0 1646
0 5
0 3
cob=(3)
cfi=(124)
cfn=(872)
calls=1 27 
0 251
0 1
0 3
cob=(3)
cfi=(124)
cfn=(872)
calls=1 27 
0 504
0 1

fn=(1012) std::numpunct<wchar_t>::_M_initialize_numpunct(__locale_struct*)
0 350

fn=(1200)
0 28
cfn=(1122)
calls=4 0 
0 376
0 4
0 12
cfn=(1206)
calls=3 0 
0 2235
cob=(1)
cfi=(104)
cfn=(483)
calls=1 71 
0 8326
0 8
0 52

fn=(1388)
0 258300
cfn=(782)
calls=28700 0 
0 172200
0 28700
0 373100

fn=(2776)
0 49
cfn=(2778)
calls=7 0 
0 63
0 42
cfn=(2770)
calls=7 0 
0 28
0 7
0 35
cob=(3)
cfi=(159)
cfn=(2788)
calls=6 88 
0 2310
cob=(1)
cfi=(104)
cfn=(483)
calls=1 71 
0 2307
0 11
0 63

fn=(2886)
0 56
cfn=(2770)
calls=14 0 
0 56
0 14
0 56
cob=(3)
cfi=(163)
cfn=(2892)
calls=6 34 
0 2262
cob=(1)
cfi=(104)
cfn=(483)
calls=1 71 
0 1878
0 11
0 63

fn=(2932)
0 91

fn=(3522)
0 45
cfn=(1110)
calls=3 0 
0 273
0 3
0 39
cfn=(1116)
calls=3 0 
0 3084
0 3
0 24
cfn=(2742)
calls=2 0 
0 666
cob=(1)
cfi=(104)
cfn=(482)
calls=1 71 
0 1207
0 7
0 9
cfn=(1116)
calls=3 0 
0 3084
0 3
0 15
cfn=(2764)
calls=2 0 
0 3041
cob=(1)
cfi=(104)
cfn=(482)
calls=1 71 
0 3346
0 7
0 21
cfn=(2810)
calls=2 0 
0 14
cob=(1)
cfi=(104)
cfn=(482)
calls=1 71 
0 993
0 7
0 24

fn=(3568)
0 72
cfn=(2844)
calls=4 0 
0 40
0 4
0 56
cob=(3)
cfi=(187)
cfn=(3574)
calls=3 26 
0 27
cob=(1)
cfi=(104)
cfn=(483)
calls=1 71 
0 1466
0 8
0 56

fn=(3754)
0 1729

ob=(1)
fl=(46)
fn=(142)
28 6

fl=(47)
fn=(144)
27 7
+4 1

fl=(49)
fn=(152)
34 8
-1 8
+1 8
+1 48
+4 1
-4 28

fl=(21)
fn=(56)
144 4141
+1 4141
+2 4141
+1 4141
+21 4141
+1 4141
+1 3876
+1 3876
+1 3431
+1 3431
+1 3431
+1 3431
+21 3431
+1 3431
+1 3431
+1 3431
+1 3431
+1 3431
+1 3431
+5 90
+1 90
+9 90
+1 90
+1 90
+1 90
+1 90
+1 90
+1 90
+1 90
-7 710
+1 710
+1 710
+1 710
+1 710
+1 710
+1 710
+1 710
+1 653
+1 485
+1 485
+1 485
+2 485
+1 485
+1 485
+1 485
+1 485
+1 485
-5 168
+1 168
+1 168
+1 168
+1 168
+1 168
+10 147
+1 147
+1 147
+2 147
+6 147
+1 147
+1 147
+1 147
+1 147
+5 147
+2 138
+1 138
+1 276
+8 138
+1 138
+3 138
+1 138
+1 138
+1 138
+1 138
+1 138
-9 18
+1 18
+3 18
+1 18
+1 18
+1 18
+1 18
+1 18
+6 28
+1 28
+1 28
+3 28
+1 28
+1 28
+1 28
+1 28
+1 28
+5 18
+1 18
447 2
+1 2
+1 2
+1 2
+1 2
+2 2
+1 2
+1 2
+1 2
+1 2
+1 2
+1 2
+1 2
+3 2
+1 2
+1 2
+6 2
+1 2
+1 4
+4 2
+1 2
-1 2
+1 2
+3 4
+1 4
+1 4
+3 4
+1 4
+1 4
+6 4
+1 4
+1 4
+1 4
+1 4
+1 4
+7 2
+1 2
+2 2
+1 2
+2 2
+1 2
+1 2
+3 2
+1 2
+1 2
+6 2
+1 2
+1 2
+1 2
+1 2
+1 2
+7 2
+1 2
+1 2
+32 16
+1 16
+1 16
+1 16
+1 16
+2 16
+1 16
+1 16
+1 16
+1 16
+1 16
+1 16
+1 1
+4 1
+1 1
+1 1
+6 1
+1 1
+1 2
+4 1
+1 1
+3 1
+1 1
+1 1
+3 1
+1 1
+1 1
+6 1
+1 1
+1 1
+1 1
+1 1
+1 1
+72 10
+1 10
+1 10
+1 10
+1 10
+2 10
+1 10
+1 10
+1 10
+1 10
+1 10
+1 10
+1 9
+4 9
+1 9
+1 9
+6 9
+1 9
+1 18
+4 9
+1 9
+3 9
+1 9
+1 9
+3 9
+1 9
+1 9
+6 9
+1 9
+1 9
+1 9
+1 9
+1 9
+7 2
+1 2
+2 2
+1 2
+2 2
+1 2
+1 2
+3 2
+1 2
+1 2
+6 2
+1 2
+1 2
+1 2
+1 2
+1 2
+41 4
+1 4
+1 4
+1 4
+1 4
+2 4
+1 4
+1 4
+1 4
+1 4
+1 4
+1 4
+1 4
+4 4
+1 4
+1 4
+6 4
+1 4
+1 8
+4 4
+1 4
-1 1
+1 1
+3 5
+1 5
+1 5
+3 5
+1 5
+1 5
+6 5
+1 5
+1 5
+1 5
+1 5
+1 5
+7 1
+1 1
+2 1
+1 1
+2 1
+1 1
+1 1
+3 1
+1 1
+1 1
+6 1
+1 1
+1 1
+1 1
+1 1
+1 1
+7 1
+1 1
+1 1
+32 8
+1 8
+1 8
+1 8
+1 8
+2 8
+1 8
+1 8
+1 8
+1 8
+1 8
+1 8
+1 7
+4 7
+1 7
+1 7
+6 7
+1 7
+1 14
+4 7
+1 7
-1 3
+1 3
+3 10
+1 10
+1 10
+3 10
+1 10
+1 10
+6 10
+1 10
+1 10
+1 10
+1 10
+1 10
+7 6
+1 6
+2 6
+1 6
+2 6
+1 6
+1 6
+3 6
+1 6
+1 6
+6 6
+1 6
+1 6
+1 6
+1 6
+1 6
+7 3
+1 3
+1 3
+32 15
+1 15
+1 15
+1 15
+1 15
+2 15
+1 15
+1 15
+1 15
+1 15
+1 15
+1 15
+1 10
+4 10
+1 10
+1 10
+6 10
+1 10
+1 20
+4 10
+1 10
-1 3
+1 3
+3 13
+1 13
+1 13
+3 13
+1 13
+1 13
+6 13
+1 13
+1 13
+1 13
+1 13
+1 13
+7 4
+1 4
+2 4
+1 4
+2 4
+1 4
+1 4
+3 4
+1 4
+1 4
+6 4
+1 4
+1 4
+1 4
+1 4
+1 4
+7 3
+1 3
+1 3
+32 113
+1 113
+1 113
+1 113
+1 113
+2 113
+1 113
+1 113
+1 113
+1 113
+1 113
+1 113
+1 108
+4 108
+1 108
+1 108
+6 108
+1 108
+1 216
+4 108
+1 108
+3 108
+1 108
+1 108
+3 108
+1 108
+1 108
+6 108
+1 108
+1 108
+1 108
+1 108
+1 108
+7 3
+1 3
+2 3
+1 3
+2 3
+1 3
+1 3
+3 3
+1 3
+1 3
+6 3
+1 3
+1 3
+1 3
+1 3
+1 3
+41 17
+1 17
+1 17
+1 17
+1 17
+2 17
+1 17
+1 17
+1 17
+1 17
+1 17
+1 17
+1 12
+4 12
+1 12
+1 12
+6 12
+1 12
+1 24
+4 12
+1 12
-1 7
+1 7
+3 19
+1 19
+1 19
+3 19
+1 19
+1 19
+6 19
+1 19
+1 19
+1 19
+1 19
+1 19
+7 11
+1 11
+2 11
+1 11
+2 11
+1 11
+1 11
+3 11
+1 11
+1 11
+6 11
+1 11
+1 11
+1 11
+1 11
+1 11
+7 7
+1 7
+1 7
+4 1
+1 1
+1 1
+1 1
+7 1
+1 1
+1 1
+16 18
+1 18
+1 18
+1 18
+1 18
+2 18
+1 18
+1 18
+1 18
+1 18
+1 18
+1 18
+1 14
+4 14
+1 14
+1 14
+6 14
+1 14
+1 28
+4 14
+1 14
-1 6
+1 6
+3 20
+1 20
+1 20
+3 20
+1 20
+1 20
+6 20
+1 20
+1 20
+1 20
+1 20
+1 20
+7 11
+1 11
+2 11
+1 11
+2 11
+1 11
+1 11
+3 11
+1 11
+1 11
+6 11
+1 11
+1 11
+1 11
+1 11
+1 11
+7 6
+1 6
+1 6
+32 35
+1 35
+1 35
+1 35
+1 35
+2 35
+1 35
+1 35
+1 35
+1 35
+1 35
+1 35
+1 24
+4 24
+1 24
+1 24
+6 24
+1 24
+1 48
+4 24
+1 24
-1 7
+1 7
+3 31
+1 31
+1 31
+3 31
+1 31
+1 31
+6 31
+1 31
+1 31
+1 31
+1 31
+1 31
+7 8
+1 8
+2 8
+1 8
+2 8
+1 8
+1 8
+3 8
+1 8
+1 8
+6 8
+1 8
+1 8
+1 8
+1 8
+1 8
+7 7
+1 7
+1 7
+32 13
+1 13
+1 13
+1 13
+1 13
+2 13
+1 13
+1 13
+1 13
+1 13
+1 13
+1 13
+1 10
+4 10
+1 10
+1 10
+6 10
+1 10
+1 20
+4 10
+1 10
-1 4
+1 4
+3 14
+1 14
+1 14
+3 14
+1 14
+1 14
+6 14
+1 14
+1 14
+1 14
+1 14
+1 14
+7 10
+1 10
+2 10
+1 10
+2 10
+1 10
+1 10
+3 10
+1 10
+1 10
+6 10
+1 10
+1 10
+1 10
+1 10
+1 10
+7 4
+1 4
+1 4
+32 303
+1 303
+1 303
+1 303
+1 303
+2 303
+1 303
+1 303
+1 303
+1 303
+1 303
+1 303
+1 21
+4 21
+1 21
+1 21
+6 21
+1 21
+1 42
+4 21
+1 21
-1 7
+1 7
+3 28
+1 28
+1 28
+3 28
+1 28
+1 28
+6 28
+1 28
+1 28
+1 28
+1 28
+1 28
+7 13
+1 13
+2 13
+1 13
+2 13
+1 13
+1 13
+3 13
+1 13
+1 13
+6 13
+1 13
+1 13
+1 13
+1 13
+1 13
+7 7
+1 7
+1 7
+32 74
+1 74
+1 74
+1 74
+1 74
+2 74
+1 74
+1 74
+1 74
+1 74
+1 74
+1 74
+1 61
+4 61
+1 61
+1 61
+6 61
+1 61
+1 122
+4 61
+1 61
-1 7
+1 7
+3 68
+1 68
+1 68
+3 68
+1 68
+1 68
+6 68
+1 68
+1 68
+1 68
+1 68
+1 68
+7 11
+1 11
+2 11
+1 11
+2 11
+1 11
+1 11
+3 11
+1 11
+1 11
+6 11
+1 11
+1 11
+1 11
+1 11
+1 11
+7 7
+1 7
+1 7
+4 1
+1 1
+1 1
+1 1
+7 1
+1 1
+1 1
+16 25
+1 25
+1 25
+1 25
+1 25
+2 25
+1 25
+1 25
+1 25
+1 25
+1 25
+1 25
+2 12
+4 12
+1 12
+1 12
+6 12
+1 12
+2 24
+4 12
+1 12
-1 7
+1 7
+3 19
+1 19
+1 19
+3 19
+1 19
+1 19
+6 19
+1 19
+1 19
+1 19
+1 19
+1 19
+7 10
+1 10
+2 10
+1 10
+2 10
+1 10
+1 10
+3 10
+1 10
+1 10
+6 10
+1 10
+1 10
+1 10
+1 10
+1 10
+7 7
+1 7
+1 7
+34 433
+2 433
+1 433
+1 433
+1 433
-3 367
+1 367
+1 367
+1 367
+1 1455
+5 485
+6 485
+1 485
+8 485
+1 485
-16 3656
+6 3656
+1 3656
+8 3656
+1 3656

fl=(29)
fn=(84)
24 19
+1 19
+1 19
+1 19
+1 19
+1 19
+1 19
+1 19
+1 19
+1 19
+1 19
+1 19
+1 19
+1 19
+1 19
+1 19
+1 19
+1 15
+4 15
+1 15
+1 15
+1 15
+2 15
+4 4
+1 4
+1 4
+1 4
+1 4
+1 4
+1 4
+1 4
+1 4
+1 4
+1 4
+1 4
+1 4
+1 4
+1 4
+1 4
+1 4
+1 4
+1 4
+1 4
+1 4
+1 4
+1 4
+1 4
+52 4
+4 4
+1 4
+1 4
+1 4
+2 4

fl=(104)
fn=(482)
71 48
+3 48
+2 48
+10 48
+6 48
+1 48
+1 48
+1 48
+1 48
+1 48
+1 48
+4 48
+1 48
+3 48
+1 48
+2 48
+1 48
+1 48
+1 48
+1 48
+1 48
+2 48
+7 48
+1 48
+1 48
cfi=(105)
cfn=(484)
calls=48 -59 
* 44333
+1 48
+5 48
+1 48
+1 48
+2 48
+1 48
+1 48
+1 48
+1 48
+1 48
+1 48
+2 48
+2 48
+4 48
+3 48

fn=(483)
71 73
+3 73
+2 73
+10 73
+6 73
+1 73
+1 73
+1 73
+1 73
+1 73
+1 73
+4 73
+1 73
+3 73
+1 73
+2 73
+1 73
+1 73
+1 73
+1 73
+1 73
+2 73
+7 73
+1 73
+1 73
cfi=(105)
cfn=(484)
calls=73 -59 
* 74983
+1 73
+5 73
+1 73
+1 73
+2 73
+1 73
+1 73
+1 73
+1 73
+1 73
+1 73
+2 73
+2 73
+4 73
+3 73

fl=(19)
fn=(90)
111 12

fn=(42)
92 17
+8 17
-1 34
-3 17
+4 34
+3 17
cfn=(46)
calls=17 -53 
* 496
* 17

fn=(46)
50 159
+11 78
+3 39
-3 39
+3 78
-3 2
+3 1
-3 1
+3 150
-15 9
+20 12
+1 6
+2 3
+1 24
cfi=(42)
cfn=(132)
calls=3 -29 
* 105
+2 6
+2 9
+2 3
+3 3
-3 6
+4 3
+2 15
-2 37
-1 37
+3 74
-29 1
-1 1
+1 1
+1 2
-2 6

fn=(80)
265 4
+2 2
+1 4
+4 33
+7 84
-2 56
+13 1
+4 2
-7 14
-15 44

fl=(36)
fn=(156) _dl_sysdep_read_whole_file
44 2
+3 1
-3 3
+3 1
-3 3
+3 1
cfi=(37)
cfn=(120)
calls=1 -8 
* 16
+1 2
+2 5
cfi=(41)
cfn=(130)
calls=1 -16 
* 10
* 2
+2 1
+3 1
-3 1
+3 1
+13 2
cfi=(46)
cfn=(142)
calls=1 -41 
* 5
+3 7
-14 6
cfi=(42)
cfn=(132)
calls=1 -13 
* 35
* 2

fn=(116)
282 3795
+1 1518
cfi=(21)
cfn=(56)
calls=759 144 
* 22305
* 759
+1 759
-1 759
+3 759
+2 1518
+6 739
+1 3695
-3 755
-4 1510
+1 2325
cfi=(21)
cfn=(56)
calls=775 144 
* 23001
* 1550
+6 20
-11 20
+11 80

fn=(344)
337 2
+1 2
+4 16
+1 6
-1 16
+1 7
-1 48
+1 22
-3 17
+4 2
-4 4
+4 1
-4 3
+19 1
-16 2

fl=(52)
fn=(164)
28 16
+2 2
-2 2
+2 2
+92 10
-88 10
+1 4
-1 2
-1 2
+1 8
+1 2
cfi=(28)
cfn=(76)
calls=2 +74 
* 26
* 32
+4 4
+3 2
-3 4
+1 6
+2 2
-7 10
+4 20
+3 10
-3 20
+1 30
+2 10
+12 84
+2 30
+1 20
-1 60
+1 60
+2 210
+1 150
+58 60
cfi=(28)
cfn=(76)
calls=10 -9 
* 146
* 40
-28 120
-36 60
+61 64
-25 45
-44 24
+69 2
+7 16

fl=(11)
fn=(62)
45 4
+2 3
+85 5
-45 3
cfi=(23)
cfn=(64)
calls=1 -9 
* 5
* 1
+15 1
-15 1
+20 1
-1 1
+3 12
+4 3
-2 6
+2 10
+2 1
+1 2
-3 4
+7 3
-1 3
+4 3
-2 3
+2 10
+5 2

fl=(30)
fn=(86)
40 24
+1 6
cfi=(13)
cfn=(28)
calls=6 +38 
* 186
* 6
+1 12
cfi=(19)
cfn=(46)
calls=6 +8 
* 108
* 6
+2 12
+4 6
-1 12
+1 12
-1 12
cfi=(20)
cfn=(48)
calls=6 +82 
* 84

fl=(20)
fn=(74)
116 39
+1 39
+1 39
+13 39
+1 39
+1 7
+1 7
+5 4
+1 4
+1 4
+1 4
+5 4
267 32
+1 32
+1 12
+1 12
+1 7
+1 7
+1 5
+4 5
+22 20
+1 20
+1 20
+1 20
+1 20
+3 5
+1 5
+1 5
+1 5
+1 5
+3 2
+1 2
+1 2
+1 2
+1 2
+10 3
+1 3
+1 3
+1 3
+22 3
+1 3
+1 3
+1 3
+1 3
+1 3
+1 3
+1 3
+2 3

fn=(48)
129 47
+2 47
+1 47
+1 36
+1 36
+5 15
+1 15
+1 15
+1 15
+5 15
267 11
+1 11
+1 1
+1 1
+1 1
+1 1
+1 1
+1 1
+1 1
+2 1
+22 10
+1 10
+1 10
+1 10
+1 10
+24 21
+1 21
+1 19
+1 19
+2 9
+1 9
+1 9
+1 9
+1 9
+1 9
+1 9
+1 9
+1 9
+1 9
+1 9
+1 9
+1 9
+1 9
+1 9
+1 9
+2 9
+3 10
+1 10
+1 10
+1 10
+1 10
+1 10
+1 10
+1 10
+2 10
+3 2
+1 2
+2 2
+3 2
+1 2
+1 2
+1 2
+1 2
+2 2
+1 2
+3 2
+1 2
+2 2
+2 2
+2 2
+2 2
+8 2
+1 2
+1 2
+1 2
+1 2
+1 2
+1 2
+1 2
+1 2
+1 2
+1 2
+1 2
+1 2
-12 4
+1 4
+1 4
+1 4
+1 4
+1 4
+1 4
+1 4
+1 4
+1 4
+1 4
+1 4
+1 4
+2 2
+1 2
+1 2
+1 2
+2 2
+2 2

fl=(44)
fn=(362) munmap
78 4
+1 1

fn=(136)
78 48
+1 12

fl=(32)
fn=(94)
113 2
+1 2

fn=(356)
437 8
+1 1
-1 1
+1 1
+4 1
+6 2
-6 1
+6 1
+12 1
-15 1
+39 1
-24 1
-16 2
+21 9
+6 18
+3 2
+1 4
+6 6
+3 2
-2 2
+6 2
-6 2
+2 2
+4 2
-4 4
+3 2
-3 2
+1 2
+2 2
+4 4
+1 8
+2 4
+1 4
+12 2
-3 2
+3 4
cfi=(20)
cfn=(74)
calls=2 116 
* 25
* 10
cfi=(28)
cfn=(76)
calls=2 109 
* 45
* 14
-42 4
+52 1
+4 3
+3 8

fn=(176)
141 1
-6 5
+6 2
+3 2
+36 3
+2 4
-2 1
-2 1
-40 1
-1 1
-1 2
+69 4
+3 4
-3 10
+2 4
+10 2
-37 4
+25 2
-25 5
+2 2
+3 2
-1 2
+5 4
-4 2
-1 4
+3 4
+2 6
-9 5
+93 1
-53 1
+1 1
+52 1
-1 1
+1 4

fn=(178)
332 1
+2 1
-2 2
+13 1
+1 2
cfi=(19)
cfn=(46)
calls=1 50 
* 18
* 1
+1 3
+8 2
-69 1
+69 2
+1 1
+4 297
+19 1
-94 2
+1 2
cfi=(19)
cfn=(42)
calls=1 92 
* 27
* 1
+1 2
+3 1
+6 2
+89 5

fn=(278)
887 8
+9 2
-3 4
+8 14
+41 2
+1 2
+1 8

fn=(162)
51 8
+48 2
+4 2

fl=(48)
fn=(146)
159 1
-1 1
+1 1
-1 5
+1 1
-1 2
+1 1
-1 2
+1 1
-1 1
+1 1
-8 1
+8 2
-8 1
-6 1
+14 1
-8 1
+24 1
-32 1
+1 1
+1 1
+6 1
+24 2
-28 2
-2 1
+31 1
-33 3
+2 2
-1 1
+1 2
+6 3
+24 1
-24 1
+24 7
+4 1
+19 1
+2 2
-14 1
-1 1
+13 5
+11 1
+4 4
-4 6
+4 24
+12 21
+2 5
+8 5
-8 5
+6 5
-6 5
+6 5
+1 5
+4 5
-3 5
-3 5
+2 5
+4 20
+66 5
-98 5
+98 5
-66 10
+7 60
cfi=(29)
cfn=(84)
calls=12 24 
* 348
* 24
+4 36
-2 12
+2 12
cfi=(34)
cfn=(108)
calls=12 -74 
* 24012
* 12
+1 24
+9 12
+2 24
+5 5
+6 5
+2 5
-8 10
+3 5
+1 5
+1 5
+1 5
+4 25
+4 24
+1 24
-43 552
+1 276
+44 378
434 10
+2 15
+3 10
-1 5
cfi=(19)
cfn=(46)
calls=5 50 
* 90
* 5
+2 5
-2 5
+2 5
+3 5
+1 20
-1 5
+1 5
cfi=(20)
cfn=(48)
calls=5 129 
* 58
+1 25
cfi=(20)
cfn=(48)
calls=5 129 
* 58
+4 5
-1 5
+5 52
+7 6
+4 4
+11 3
-1 1
cfi=(19)
cfn=(46)
calls=1 50 
* 18
* 1
+3 1
-3 1
+3 4
+5 1
+1 1
-1 1
+3 2
-3 4
+9 2
+4 3
-10 3
-3 6
+9 12
+4 18
-10 18
+13 2
+51 2
+2 1
-1 1
+1 2
+35 7
cfi=(20)
cfn=(48)
calls=1 129 
* 18
+4 5
cfi=(52)
cfn=(164)
calls=1 28 
* 679
+3 1
+3 1
-1 1
+2 4
+7 3
+3 2
+3 8
225 8
-19 2
434 5
+27 2
214 46
+2 5
+2 20
+2 26
456 18
-1 7
+1 16
199 3
573 12

fn=(148)
60 24
+7 12
-4 36
+1 12
-1 12
+1 12
-1 60
cfi=(24)
cfn=(114)
calls=12 2080 
* 23196
* 12
+5 24

fl=(50)
fn=(154)
187 36
+8 8
+3 12
+45 15
+6 6
-6 1
+6 2
+11 4
-2 4
fi=(51) /build/glibc-OTsEL5/glibc-2.27/elf/../sysdeps/x86/dl-procinfo.h
39 4
fe=(50)
258 8
fi=(51)
39 12
+3 12
cfi=(21)
cfn=(56)
calls=4 144 
* 96
* 8
fe=(50)
264 16
cfi=(9)
cfn=(26)
calls=4 373 
* 72
* 4
fi=(26)
28 8
fe=(50)
264 4
fi=(26)
28 8
fe=(50)
266 8
fi=(26)
32 12
fe=(50)
270 8
+15 4
-15 4
+15 582
cfn=(160) _dl_cache_libcmp
calls=37 141 
* 2877
* 238
cfn=(160)
calls=4 141 
* 326
* 28
-84 4
cfi=(36)
cfn=(156)
calls=1 44 
* 107
+8 1
-8 1
+8 4
+1 7
+7 1
-3 1
+3 3
+3 1
+1 2
-1 1
+1 1
+1 8
+63 12
+16 8
+4 8
+8 12
cfi=(13)
cfn=(28)
calls=4 79 
* 136
* 8
+1 4
-1 16
+1 8
cfi=(20)
cfn=(48)
calls=4 129 
* 56
+1 8
cfi=(30)
cfn=(86)
calls=4 40 
* 336
+1 32
-19 8
-27 16
+1 12
-1 28
+15 64
fi=(51)
42 12
fe=(50)
297 3

fn=(160)
141 82
+1 90
+2 884
+20 434
+2 794
+4 180
+1 180
-29 360
+32 12
-28 8
+6 4
+2 4
-1 4
-1 8
+1 4
-1 4
+2 12
+2 12
-3 4
+3 4
+2 8
+9 111

fn=(360)
326 4
-1 1
+3 2
cfi=(44)
cfn=(362)
calls=1 78 
* 5
+1 1
+2 2

fl=(12)
fn=(22)
31 7
+8 1
-6 2
+7 1

fl=(54)
fn=(180)
148 70
+15 7
-15 14
+15 7
+1 35
+6 21
+6 28
+1 14
-19 12
+22 12
+7 7
-32 7
+32 7
+44 7
fi=(5)
76 7
fe=(54)
231 14
fi=(5)
76 21
fe=(54)
258 266
-99 5
fi=(5)
481 15
fe=(54)
159 10
+99 5
fi=(4)
48 5
fe=(54)
258 5
fi=(4)
47 5
+11 5
-11 5
+11 5
-11 5
+11 5
fe=(54)
258 2
-99 2
fi=(5)
481 6
fe=(54)
159 4
+99 2
fi=(4)
48 2
fe=(54)
258 2
fi=(4)
47 2
+11 2
-11 2
+11 2
-11 2
+11 2
fe=(54)
258 7
fi=(4)
48 7
fe=(54)
258 7
fi=(4)
47 7
+11 7
-11 7
+11 7
-11 7
+11 7
+26 9
+14 18
-15 18
+3 36
+12 9
+10 14
+10 27
+6 8
-3 16
+3 8
fi=(5)
491 6
fi=(4)
51 6
fi=(5)
491 6
fi=(4)
50 12
+77 13740
+12 6870
-3 10305
fi=(5)
276 3435
fi=(4)
139 3435
-2 3435
-1 3435
+1 3435
+1 3435
-1 6870
fi=(5)
276 3435
+21 6870
+4 6870
+7 13740
fi=(55)
102 10251
fi=(5)
308 47713
fi=(4)
138 2150
fi=(5)
308 4300
fi=(4)
138 2150
fi=(5)
308 2150
fi=(4)
138 2150
fi=(5)
308 4300
fi=(4)
138 18
fi=(5)
308 36
fi=(4)
138 18
fi=(5)
308 18
fi=(4)
138 18
fi=(5)
308 26052
cfi=(6)
cfn=(188)
calls=2168 790 
* 1705551
* 13008
+2 10251
+25 20610
fi=(4)
74 10
+1 14
+1 126
fi=(5)
551 63
+24 126
+2 63
cob=(4)
cfi=(82) /build/glibc-OTsEL5/glibc-2.27/math/../sysdeps/x86_64/fpu/multiarch/ifunc-sse4_1.h
cfn=(342) trunc
calls=1 29 
* 6
cob=(4)
cfi=(79) /build/glibc-OTsEL5/glibc-2.27/math/../sysdeps/x86_64/fpu/multiarch/ifunc-avx-fma4.h
cfn=(338) sin
calls=1 33 
* 8
cob=(4)
cfi=(79)
cfn=(334) __atan2_finite
calls=1 33 
* 8
cob=(4)
cfi=(82)
cfn=(332) truncf
calls=1 29 
* 6
cob=(4)
cfi=(78) /build/glibc-OTsEL5/glibc-2.27/math/../sysdeps/x86_64/fpu/multiarch/ifunc-fma.h
cfn=(330) exp2f@@GLIBC_2.27
calls=1 30 
* 8
cob=(4)
cfi=(83) /build/glibc-OTsEL5/glibc-2.27/math/../sysdeps/x86_64/fpu/multiarch/ifunc-fma4.h
cfn=(326) __asin_finite
calls=1 32 
* 8
cob=(4)
cfi=(82)
cfn=(324) floor
calls=1 29 
* 6
cob=(4)
cfi=(82)
cfn=(322) floorf
calls=1 29 
* 6
cob=(4)
cfi=(78)
cfn=(320) sinf
calls=1 30 
* 8
cob=(4)
cfi=(83)
cfn=(316) __acos_finite
calls=1 32 
* 8
cob=(4)
cfi=(82)
cfn=(314) rintf
calls=1 29 
* 6
cob=(4)
cfi=(79)
cfn=(310) __log_finite
calls=1 33 
* 8
cob=(4)
cfi=(78)
cfn=(308) log2f@@GLIBC_2.27
calls=1 30 
* 8
cob=(4)
cfi=(83)
cfn=(304) __pow_finite
calls=1 32 
* 8
cob=(4)
cfi=(82)
cfn=(302) ceil
calls=1 29 
* 6
cob=(4)
cfi=(82)
cfn=(300) ceilf
calls=1 29 
* 6
cob=(4)
cfi=(78)
cfn=(298) powf@@GLIBC_2.27
calls=1 30 
* 8
cob=(4)
cfi=(78)
cfn=(296) sincosf
calls=1 30 
* 8
cob=(4)
cfi=(82)
cfn=(294) rint
calls=1 29 
* 6
cob=(4)
cfi=(78)
cfn=(292) logf@@GLIBC_2.27
calls=1 30 
* 8
cob=(4)
cfi=(79)
cfn=(288) cos
calls=1 33 
* 8
cob=(4)
cfi=(78)
cfn=(286) expf@@GLIBC_2.27
calls=1 30 
* 8
cob=(4)
cfi=(79)
cfn=(282) __exp_finite
calls=1 33 
* 8
cob=(4)
cfi=(78)
cfn=(280) cosf
calls=1 30 
* 8
cob=(3)
cfi=(77)
cfn=(274)
calls=1 42 
* 77
cob=(3)
cfi=(58)
cfn=(270)
calls=1 32 
* 6
cob=(3)
cfi=(60)
cfn=(268)
calls=1 32 
* 8
cob=(3)
cfi=(57)
cfn=(266)
calls=1 33 
* 9
cob=(3)
cfi=(57)
cfn=(264)
calls=1 33 
* 9
cob=(3)
cfi=(70)
cfn=(262)
calls=1 30 
* 6
cob=(3)
cfi=(64)
cfn=(260)
calls=1 32 
* 8
cob=(3)
cfi=(60)
cfn=(258)
calls=1 32 
* 8
cob=(3)
cfi=(58)
cfn=(254)
calls=1 32 
* 6
cob=(3)
cfi=(60)
cfn=(252)
calls=1 32 
* 8
cob=(3)
cfi=(60)
cfn=(250)
calls=1 32 
* 8
cob=(3)
cfi=(74)
cfn=(248)
calls=1 40 
* 8
cob=(3)
cfi=(70)
cfn=(246)
calls=1 30 
* 6
cob=(3)
cfi=(73)
cfn=(244)
calls=2 32 
* 26
cob=(3)
cfi=(72)
cfn=(242)
calls=1 40 
* 7
cob=(3)
cfi=(56)
cfn=(240)
calls=1 44 
* 16
cob=(3)
cfi=(57)
cfn=(238)
calls=1 33 
* 9
cob=(3)
cfi=(58)
cfn=(234)
calls=1 32 
* 6
cob=(3)
cfi=(70)
cfn=(232)
calls=1 30 
* 6
cob=(3)
cfi=(60)
cfn=(230)
calls=2 32 
* 16
cob=(3)
cfi=(64)
cfn=(228)
calls=2 32 
* 16
cob=(3)
cfi=(69)
cfn=(226)
calls=1 42 
* 18
cob=(3)
cfi=(68)
cfn=(224)
calls=1 38 
* 9
cob=(3)
cfi=(67)
cfn=(222)
calls=1 38 
* 8
cob=(3)
cfi=(65)
cfn=(218)
calls=1 33 
* 13
cob=(3)
cfi=(56)
cfn=(216)
calls=1 44 
* 16
cob=(3)
cfi=(64)
cfn=(214)
calls=2 32 
* 16
cob=(3)
cfi=(60)
cfn=(212)
calls=1 32 
* 8
cob=(3)
cfi=(61)
cfn=(206)
calls=1 43 
* 77
cob=(3)
cfi=(60)
cfn=(204)
calls=1 32 
* 8
cob=(3)
cfi=(57)
cfn=(202)
calls=1 33 
* 9
cob=(3)
cfi=(58)
cfn=(198)
calls=1 32 
* 6
cob=(3)
cfi=(57)
cfn=(196)
calls=1 33 
* 9
cob=(3)
cfi=(56)
cfn=(194)
calls=2 44 
* 32
-26 63
+27 63
fi=(4)
75 197
fe=(54)
258 4
fi=(4)
75 24
fe=(54)
258 24
+3 28
+24 7
+3 14
+17 21
+8 35
+3 7
-3 7
+3 7
+4 14
+1 21
cfi=(44)
cfn=(136)
calls=7 78 
* 35
* 14
-14 56
fi=(5)
131 15
458 13576
fi=(4)
124 10305
+19 30
fi=(5)
430 54
+4 72
+5 18
+9 18
-9 36
+9 36
-72 6
+2 4
+9 6
-19 6
+1 12
497 54
+4 108
cfi=(20)
cfn=(48)
calls=18 129 
* 440
+2 54
+1 18
308 36
+5 18
-3 36
+3 3456
-3 6804
+3 10206
+3 85
+3 34
+1 51
+1 34
+4 17
+7 17
cob=(4)
cfi=(79)
cfn=(288)
calls=1 33 
* 8
cob=(3)
cfi=(57)
cfn=(202)
calls=1 33 
* 9
cob=(3)
cfi=(90)
cfn=(354)
calls=1 44 
* 16
cob=(3)
cfi=(56)
cfn=(194)
calls=1 44 
* 16
cob=(3)
cfi=(68)
cfn=(224)
calls=1 38 
* 9
cob=(3)
cfi=(57)
cfn=(266)
calls=1 33 
* 9
cob=(3)
cfi=(57)
cfn=(238)
calls=1 33 
* 9
cob=(3)
cfi=(61)
cfn=(206)
calls=1 43 
* 77
cob=(4)
cfi=(79)
cfn=(350) atan
calls=1 33 
* 8
cob=(3)
cfi=(56)
cfn=(240)
calls=1 44 
* 16
cob=(4)
cfi=(79)
cfn=(346) tan
calls=1 33 
* 8
cob=(3)
cfi=(69)
cfn=(226)
calls=1 42 
* 18
cob=(3)
cfi=(57)
cfn=(196)
calls=1 33 
* 9
cob=(3)
cfi=(67)
cfn=(222)
calls=1 38 
* 8
cob=(3)
cfi=(65)
cfn=(218)
calls=1 33 
* 13
cob=(3)
cfi=(60)
cfn=(250)
calls=1 32 
* 8
cob=(4)
cfi=(79)
cfn=(338)
calls=1 33 
* 8
* 51
-24 465
fi=(4)
61 10
-10 5
-1 10
fi=(5)
551 1780
+4 1780
+2 2670
+1 890
fi=(4)
61 2859
+2 3812
+2 193
+46 15
fi=(5)
541 14167
fi=(4)
111 14167
fi=(5)
541 14167
fi=(4)
111 14167
fi=(5)
541 14167
fi=(4)
111 14167
fi=(5)
535 14167
fi=(4)
112 28334
fi=(5)
535 28334
+5 28334
fi=(4)
50 1
160 1
51 1
160 4
+2 20
+9 10
-1 5
+1 5
-1 10
fi=(5)
276 5
fi=(4)
170 15
fi=(5)
276 5
+21 10
+4 10
+7 20
fi=(55)
102 15
fi=(5)
308 170
cfi=(6)
cfn=(188)
calls=5 790 
* 3092
* 35
+2 15
+25 30
fe=(54)
-77 10
fi=(5)
82 10
+4 15
+14 5
-8 5
+8 10
+20 10
+4 20
-2 10
458 20
fi=(4)
160 17
+14 2
fi=(5)
313 2
-3 4
+3 6
-5 44251
fe=(54)
180 3
fi=(5)
308 2510
fe=(54)

fl=(15)
fn=(34)
29 3
+3 10
+13 57
-13 171
+2 118
+1 18
+5 2
-3 2
+3 2
+2 2
+7 1

fl=(16)
fn=(36)
24 2
+1 2
+1 2
+1 2
+1 2
+1 2
+1 2
+1 2
+3 2
+1 2
+1 1
+1 1
+1 1
+1 1
+1 1
+1 1
+1 1
+2 2
+1 2
+1 1
+1 1
+1 1
+1 1
+1 1
+1 1
+1 1
+2 2
+1 2
+1 2
+1 2
+1 2
+1 2
+1 1
+1 1
+1 1
+2 1
+1 1
+1 1
+1 1
+1 1
+1 1
+29 2
+1 2
+15 2
+1 2

fl=(8)
fn=(24)
34 2
+4 4
+3 3
+4 1
-4 1
+4 1
-4 1
+3 1
+1 2
+1 4
+1 4
+1 3
+1 2
+7 2
+1 7
+7 3
+4 2
+2 4
+40 2
+4 4
+1 2
+3 1
+7 1
-8 1
+4 1
+2 1
-2 1
+4 2
+3 2
+50 3
74 2
+3 3
+3 1
-3 1
+3 1
+2 3
+2 2
+7 3
-5 3

fl=(53)
fn=(170)
362 5
+2 1
-2 3
+4 3
+2 42
cfn=(172) _dl_check_map_versions
calls=7 156 
* 17116
-2 7
+2 28
-2 14
+5 7

fn=(172)
156 49
+15 21
+2 35
+2 7
+1 7
+2 7
-3 7
+1 7
+2 7
+3 15
-16 5
-8 10
+28 5
-4 5
+4 10
+16 5
37 10
201 5
37 25
201 7
37 14
201 7
37 35
+1 54
-1 108
+2 198
cfi=(36)
cfn=(116)
calls=66 282 
* 5921
* 132
209 36
+5 12
-71 36
+71 24
-71 36
+79 12
-2 12
-2 24
+4 12
-4 84
+4 24
-2 24
-2 48
+4 24
-4 238
57 42
+8 42
-8 66
+8 66
+6 108
+16 36
+1 72
+2 36
+5 216
+14 818
+12 1119
+4 373
-30 746
225 144
+3 108
+5 24
-11 24
111 36
+3 144
cfi=(21)
cfn=(56)
calls=36 +30 
* 1448
* 168
237 48
+5 21
-43 7
+52 15
+3 20
+3 30
+3 15

ob=(7)
fl=(103)
fn=(3754)
0 3
cfn=(1356)
calls=1 0 
0 86
0 1
0 2
cfn=(1356)
calls=1 0 
0 86
0 1
0 2
cfn=(1356)
calls=1 0 
0 86
0 1
0 2
cob=(1)
cfi=(104)
cfn=(482)
calls=1 71 
0 992
0 5
0 2
cfn=(3762)
calls=1 0 
0 86
0 1
0 2
cfn=(3762)
calls=1 0 
0 86
0 1
0 2

fn=(3808)
0 3

ob=(1)
fl=(53)
fn=(172)
260 5
+4 5
-7 20
+3 15
+4 88
-7 352
+3 269
+8 18
+89 63
-83 24
cfi=(19)
cfn=(42)
calls=6 92 
* 224
* 6
+1 6
-2 6
+2 6
+13 6
+2 6
-5 6
+3 6
+2 6
-2 6
+2 6
+3 20
+4 36
+18 24
-15 72
+2 72
-2 36
+2 36
+2 36
+1 36
-1 72
+1 36
-1 36
+1 36
+1 36
-2 36
+2 72
+1 108
+3 108
+8 36
+5 7
-28 7
+33 18
+3 20
+4 93
+6 93
+1 93
+1 93
-1 279
+1 93
-1 93
+1 93
+1 93
+3 279
+4 93
-14 196
+10 15
-96 2
-86 2
-8 2
+94 2

ob=(7)
fl=(103)
fn=(3808)
0 6
cob=(2)
cfi=(18)
cfn=(3814)
calls=1 0 
0 1765
0 1
cfn=(3840)
calls=1 0 
0 5
0 3

fn=(3816)
0 4
cob=(1)
cfi=(104)
cfn=(482)
calls=1 71 
0 741
0 5

ob=(1)
fl=(53)
fn=(172)
251 1

ob=(5)
fl=(92)
fn=(372)
0 17

fn=(3790)
0 8
cob=(2)
cfi=(18)
cfn=(3796)
calls=1 0 
0 109
0 1
cfn=(3800) 0x0000000000000570
calls=1 0 
0 8
0 3

fn=(3800)
0 8

ob=(4)
fl=(83)
fn=(316)
32 2
-1 1
+1 2
-1 2
fi=(86) /build/glibc-OTsEL5/glibc-2.27/math/../sysdeps/x86_64/fpu/multiarch/e_asin.c
+2 1
fe=(83)

fn=(326)
32 2
-1 1
+1 2
-1 2
fi=(86)
-6 1
fe=(83)

fn=(304)
32 2
-1 1
+1 2
-1 2
fi=(84) /build/glibc-OTsEL5/glibc-2.27/math/../sysdeps/x86_64/fpu/multiarch/e_pow.c
-7 1
fe=(83)

fl=(79)
fn=(288)
33 4
-1 2
+1 4
-1 4
fi=(81) /build/glibc-OTsEL5/glibc-2.27/math/../sysdeps/x86_64/fpu/multiarch/s_sin.c
+2 2
fe=(79)

fn=(310)
33 2
-1 1
+1 2
-1 2
fi=(85) /build/glibc-OTsEL5/glibc-2.27/math/../sysdeps/x86_64/fpu/multiarch/e_log.c
-8 1
fe=(79)

fn=(350)
33 2
-1 1
+1 2
-1 2
fi=(89) /build/glibc-OTsEL5/glibc-2.27/math/../sysdeps/x86_64/fpu/multiarch/s_atan.c
-6 1
fe=(79)

fn=(282)
33 2
-1 1
+1 2
-1 2
fi=(80) /build/glibc-OTsEL5/glibc-2.27/math/../sysdeps/x86_64/fpu/multiarch/e_exp.c
-8 1
fe=(79)

fn=(338)
33 4
-1 2
+1 4
-1 4
fi=(81)
-5 2
fe=(79)

fn=(334)
33 2
-1 1
+1 2
-1 2
fi=(87) /build/glibc-OTsEL5/glibc-2.27/math/../sysdeps/x86_64/fpu/multiarch/e_atan2.c
-8 1
fe=(79)

fn=(346)
33 2
-1 1
+1 2
-1 2
fi=(88) /build/glibc-OTsEL5/glibc-2.27/math/../sysdeps/x86_64/fpu/multiarch/s_tan.c
-6 1
fe=(79)

fl=(78)
fn=(298)
30 1
-1 1
+1 2
-1 4

fn=(292)
30 1
-1 1
+1 2
-1 3
fi=(220) /build/glibc-OTsEL5/glibc-2.27/math/../sysdeps/x86_64/fpu/multiarch/e_logf.c
-3 1
fe=(78)

fn=(296)
30 1
-1 1
+1 2
-1 3
fi=(221) /build/glibc-OTsEL5/glibc-2.27/math/../sysdeps/x86_64/fpu/multiarch/s_sincosf.c
-3 1
fe=(78)

fn=(308)
30 1
-1 1
+1 2
-1 3
fi=(222) /build/glibc-OTsEL5/glibc-2.27/math/../sysdeps/x86_64/fpu/multiarch/e_log2f.c
-3 1
fe=(78)

fn=(330)
30 1
-1 1
+1 2
-1 3
fi=(223) /build/glibc-OTsEL5/glibc-2.27/math/../sysdeps/x86_64/fpu/multiarch/e_exp2f.c
-3 1
fe=(78)

fn=(280)
30 1
-1 1
+1 2
-1 3
fi=(224) /build/glibc-OTsEL5/glibc-2.27/math/../sysdeps/x86_64/fpu/multiarch/s_cosf.c
-3 1
fe=(78)

fn=(320)
30 1
-1 1
+1 2
-1 3
fi=(225) /build/glibc-OTsEL5/glibc-2.27/math/../sysdeps/x86_64/fpu/multiarch/s_sinf.c
-3 1
fe=(78)

fn=(286)
30 1
-1 1
+1 2
-1 3
fi=(226) /build/glibc-OTsEL5/glibc-2.27/math/../sysdeps/x86_64/fpu/multiarch/e_expf.c
-3 1
fe=(78)

fl=(102)
fn=(3848)
0 8
cob=(2)
cfi=(18)
cfn=(3854)
calls=1 0 
0 109
0 1
cfn=(3858) 0x000000000000bc40
calls=1 0 
0 8
0 3

fn=(3858)
0 8

fn=(458)
0 17

fl=(82)
fn=(324)
29 5
fi=(227) /build/glibc-OTsEL5/glibc-2.27/math/../sysdeps/x86_64/fpu/multiarch/s_floor.c
+1 1
fe=(82)

fn=(302)
29 5
fi=(228) /build/glibc-OTsEL5/glibc-2.27/math/../sysdeps/x86_64/fpu/multiarch/s_ceil.c
+1 1
fe=(82)

fn=(332)
29 5
fi=(229) /build/glibc-OTsEL5/glibc-2.27/math/../sysdeps/x86_64/fpu/multiarch/s_truncf.c
+1 1
fe=(82)

fn=(342)
29 5
fi=(230) /build/glibc-OTsEL5/glibc-2.27/math/../sysdeps/x86_64/fpu/multiarch/s_trunc.c
+1 1
fe=(82)

fn=(294)
29 5
fi=(231) /build/glibc-OTsEL5/glibc-2.27/math/../sysdeps/x86_64/fpu/multiarch/s_rint.c
+1 1
fe=(82)

fn=(300)
29 5
fi=(232) /build/glibc-OTsEL5/glibc-2.27/math/../sysdeps/x86_64/fpu/multiarch/s_ceilf.c
+1 1
fe=(82)

fn=(322)
29 5
fi=(233) /build/glibc-OTsEL5/glibc-2.27/math/../sysdeps/x86_64/fpu/multiarch/s_floorf.c
+1 1
fe=(82)

fn=(314)
29 5
fi=(234) /build/glibc-OTsEL5/glibc-2.27/math/../sysdeps/x86_64/fpu/multiarch/s_rintf.c
+1 1
fe=(82)

ob=(6)
fl=(101)
fn=(448)
0 12

fn=(406) 0x0000000000002b60
0 106

fn=(404)
0 45
cfn=(406)
calls=1 0 
0 106
0 16

fn=(3876) 0x00000000000030c0
0 5

fn=(3866)
0 9
cob=(2)
cfi=(18)
cfn=(3872)
calls=1 0 
0 109
0 1
cfn=(3876)
calls=1 0 
0 5
0 3

totals: 7664585309
