This is pdfTeX, Version 3.141592653-2.6-1.40.27 (TeX Live 2025/Homebrew) (preloaded format=pdflatex 2025.3.15)  3 JUL 2026 16:17
entering extended mode
 restricted \write18 enabled.
 %&-line parsing enabled.
**users_guide
(./users_guide.tex
LaTeX2e <2024-11-01> patch level 2
L3 programming layer <2025-01-18>

(/opt/homebrew/Cellar/texlive/20250308_1/share/texmf-dist/tex/latex/base/book.c
ls
Document Class: book 2024/06/29 v1.4n Standard LaTeX document class

(/opt/homebrew/Cellar/texlive/20250308_1/share/texmf-dist/tex/latex/base/bk10.c
lo
File: bk10.clo 2024/06/29 v1.4n Standard LaTeX file (size option)
)
\c@part=\count196
\c@chapter=\count197
\c@section=\count198
\c@subsection=\count199
\c@subsubsection=\count266
\c@paragraph=\count267
\c@subparagraph=\count268
\c@figure=\count269
\c@table=\count270
\abovecaptionskip=\skip49
\belowcaptionskip=\skip50
\bibindent=\dimen141
) (./header.tex
(/opt/homebrew/Cellar/texlive/20250308_1/share/texmf-dist/tex/latex/amsmath/ams
math.sty
Package: amsmath 2024/11/05 v2.17t AMS math features
\@mathmargin=\skip51

For additional information on amsmath, use the `?' option.

(/opt/homebrew/Cellar/texlive/20250308_1/share/texmf-dist/tex/latex/amsmath/ams
text.sty
Package: amstext 2021/08/26 v2.01 AMS text

(/opt/homebrew/Cellar/texlive/20250308_1/share/texmf-dist/tex/latex/amsmath/ams
gen.sty
File: amsgen.sty 1999/11/30 v2.0 generic functions
\@emptytoks=\toks17
\ex@=\dimen142
))
(/opt/homebrew/Cellar/texlive/20250308_1/share/texmf-dist/tex/latex/amsmath/ams
bsy.sty
Package: amsbsy 1999/11/29 v1.2d Bold Symbols
\pmbraise@=\dimen143
)
(/opt/homebrew/Cellar/texlive/20250308_1/share/texmf-dist/tex/latex/amsmath/ams
opn.sty
Package: amsopn 2022/04/08 v2.04 operator names
)
\inf@bad=\count271
LaTeX Info: Redefining \frac on input line 233.
\uproot@=\count272
\leftroot@=\count273
LaTeX Info: Redefining \overline on input line 398.
LaTeX Info: Redefining \colon on input line 409.
\classnum@=\count274
\DOTSCASE@=\count275
LaTeX Info: Redefining \ldots on input line 495.
LaTeX Info: Redefining \dots on input line 498.
LaTeX Info: Redefining \cdots on input line 619.
\Mathstrutbox@=\box52
\strutbox@=\box53
LaTeX Info: Redefining \big on input line 721.
LaTeX Info: Redefining \Big on input line 722.
LaTeX Info: Redefining \bigg on input line 723.
LaTeX Info: Redefining \Bigg on input line 724.
\big@size=\dimen144
LaTeX Font Info:    Redeclaring font encoding OML on input line 742.
LaTeX Font Info:    Redeclaring font encoding OMS on input line 743.
\macc@depth=\count276
LaTeX Info: Redefining \bmod on input line 904.
LaTeX Info: Redefining \pmod on input line 909.
LaTeX Info: Redefining \smash on input line 939.
LaTeX Info: Redefining \relbar on input line 969.
LaTeX Info: Redefining \Relbar on input line 970.
\c@MaxMatrixCols=\count277
\dotsspace@=\muskip17
\c@parentequation=\count278
\dspbrk@lvl=\count279
\tag@help=\toks18
\row@=\count280
\column@=\count281
\maxfields@=\count282
\andhelp@=\toks19
\eqnshift@=\dimen145
\alignsep@=\dimen146
\tagshift@=\dimen147
\tagwidth@=\dimen148
\totwidth@=\dimen149
\lineht@=\dimen150
\@envbody=\toks20
\multlinegap=\skip52
\multlinetaggap=\skip53
\mathdisplay@stack=\toks21
LaTeX Info: Redefining \[ on input line 2953.
LaTeX Info: Redefining \] on input line 2954.
)
(/opt/homebrew/Cellar/texlive/20250308_1/share/texmf-dist/tex/latex/amsfonts/am
ssymb.sty
Package: amssymb 2013/01/14 v3.01 AMS font symbols

(/opt/homebrew/Cellar/texlive/20250308_1/share/texmf-dist/tex/latex/amsfonts/am
sfonts.sty
Package: amsfonts 2013/01/14 v3.01 Basic AMSFonts support
\symAMSa=\mathgroup4
\symAMSb=\mathgroup5
LaTeX Font Info:    Redeclaring math symbol \hbar on input line 98.
LaTeX Font Info:    Overwriting math alphabet `\mathfrak' in version `bold'
(Font)                  U/euf/m/n --> U/euf/b/n on input line 106.
))
(/opt/homebrew/Cellar/texlive/20250308_1/share/texmf-dist/tex/latex/base/latexs
ym.sty
Package: latexsym 1998/08/17 v2.2e Standard LaTeX package (lasy symbols)
\symlasy=\mathgroup6
LaTeX Font Info:    Overwriting symbol font `lasy' in version `bold'
(Font)                  U/lasy/m/n --> U/lasy/b/n on input line 52.
)
(/opt/homebrew/Cellar/texlive/20250308_1/share/texmf-dist/tex/latex/tools/array
.sty
Package: array 2024/10/17 v2.6g Tabular extension package (FMi)
\col@sep=\dimen151
\ar@mcellbox=\box54
\extrarowheight=\dimen152
\NC@list=\toks22
\extratabsurround=\skip54
\backup@length=\skip55
\ar@cellbox=\box55
)
(/opt/homebrew/Cellar/texlive/20250308_1/share/texmf-dist/tex/latex/preprint/fu
llpage.sty
Package: fullpage 1999/02/23 1.1 (PWD)
\FP@margin=\skip56
)
(/opt/homebrew/Cellar/texlive/20250308_1/share/texmf-dist/tex/latex/pgf/fronten
dlayer/tikz.sty
(/opt/homebrew/Cellar/texlive/20250308_1/share/texmf-dist/tex/latex/pgf/basicla
yer/pgf.sty
(/opt/homebrew/Cellar/texlive/20250308_1/share/texmf-dist/tex/latex/pgf/utiliti
es/pgfrcs.sty
(/opt/homebrew/Cellar/texlive/20250308_1/share/texmf-dist/tex/generic/pgf/utili
ties/pgfutil-common.tex
\pgfutil@everybye=\toks23
\pgfutil@tempdima=\dimen153
\pgfutil@tempdimb=\dimen154
)
(/opt/homebrew/Cellar/texlive/20250308_1/share/texmf-dist/tex/generic/pgf/utili
ties/pgfutil-latex.def
\pgfutil@abb=\box56
)
(/opt/homebrew/Cellar/texlive/20250308_1/share/texmf-dist/tex/generic/pgf/utili
ties/pgfrcs.code.tex
(/opt/homebrew/Cellar/texlive/20250308_1/share/texmf-dist/tex/generic/pgf/pgf.r
evision.tex)
Package: pgfrcs 2023-01-15 v3.1.10 (3.1.10)
))
Package: pgf 2023-01-15 v3.1.10 (3.1.10)

(/opt/homebrew/Cellar/texlive/20250308_1/share/texmf-dist/tex/latex/pgf/basicla
yer/pgfcore.sty
(/opt/homebrew/Cellar/texlive/20250308_1/share/texmf-dist/tex/latex/graphics/gr
aphicx.sty
Package: graphicx 2021/09/16 v1.2d Enhanced LaTeX Graphics (DPC,SPQR)

(/opt/homebrew/Cellar/texlive/20250308_1/share/texmf-dist/tex/latex/graphics/ke
yval.sty
Package: keyval 2022/05/29 v1.15 key=value parser (DPC)
\KV@toks@=\toks24
)
(/opt/homebrew/Cellar/texlive/20250308_1/share/texmf-dist/tex/latex/graphics/gr
aphics.sty
Package: graphics 2024/08/06 v1.4g Standard LaTeX Graphics (DPC,SPQR)

(/opt/homebrew/Cellar/texlive/20250308_1/share/texmf-dist/tex/latex/graphics/tr
ig.sty
Package: trig 2023/12/02 v1.11 sin cos tan (DPC)
)
(/opt/homebrew/Cellar/texlive/20250308_1/share/texmf-dist/tex/latex/graphics-cf
g/graphics.cfg
File: graphics.cfg 2016/06/04 v1.11 sample graphics configuration
)
Package graphics Info: Driver file: pdftex.def on input line 106.

(/opt/homebrew/Cellar/texlive/20250308_1/share/texmf-dist/tex/latex/graphics-de
f/pdftex.def
File: pdftex.def 2024/04/13 v1.2c Graphics/color driver for pdftex
))
\Gin@req@height=\dimen155
\Gin@req@width=\dimen156
)
(/opt/homebrew/Cellar/texlive/20250308_1/share/texmf-dist/tex/latex/pgf/systeml
ayer/pgfsys.sty
(/opt/homebrew/Cellar/texlive/20250308_1/share/texmf-dist/tex/generic/pgf/syste
mlayer/pgfsys.code.tex
Package: pgfsys 2023-01-15 v3.1.10 (3.1.10)

(/opt/homebrew/Cellar/texlive/20250308_1/share/texmf-dist/tex/generic/pgf/utili
ties/pgfkeys.code.tex
\pgfkeys@pathtoks=\toks25
\pgfkeys@temptoks=\toks26

(/opt/homebrew/Cellar/texlive/20250308_1/share/texmf-dist/tex/generic/pgf/utili
ties/pgfkeyslibraryfiltered.code.tex
\pgfkeys@tmptoks=\toks27
))
\pgf@x=\dimen157
\pgf@y=\dimen158
\pgf@xa=\dimen159
\pgf@ya=\dimen160
\pgf@xb=\dimen161
\pgf@yb=\dimen162
\pgf@xc=\dimen163
\pgf@yc=\dimen164
\pgf@xd=\dimen165
\pgf@yd=\dimen166
\w@pgf@writea=\write3
\r@pgf@reada=\read2
\c@pgf@counta=\count283
\c@pgf@countb=\count284
\c@pgf@countc=\count285
\c@pgf@countd=\count286
\t@pgf@toka=\toks28
\t@pgf@tokb=\toks29
\t@pgf@tokc=\toks30
\pgf@sys@id@count=\count287

(/opt/homebrew/Cellar/texlive/20250308_1/share/texmf-dist/tex/generic/pgf/syste
mlayer/pgf.cfg
File: pgf.cfg 2023-01-15 v3.1.10 (3.1.10)
)
Driver file for pgf: pgfsys-pdftex.def

(/opt/homebrew/Cellar/texlive/20250308_1/share/texmf-dist/tex/generic/pgf/syste
mlayer/pgfsys-pdftex.def
File: pgfsys-pdftex.def 2023-01-15 v3.1.10 (3.1.10)

(/opt/homebrew/Cellar/texlive/20250308_1/share/texmf-dist/tex/generic/pgf/syste
mlayer/pgfsys-common-pdf.def
File: pgfsys-common-pdf.def 2023-01-15 v3.1.10 (3.1.10)
)))
(/opt/homebrew/Cellar/texlive/20250308_1/share/texmf-dist/tex/generic/pgf/syste
mlayer/pgfsyssoftpath.code.tex
File: pgfsyssoftpath.code.tex 2023-01-15 v3.1.10 (3.1.10)
\pgfsyssoftpath@smallbuffer@items=\count288
\pgfsyssoftpath@bigbuffer@items=\count289
)
(/opt/homebrew/Cellar/texlive/20250308_1/share/texmf-dist/tex/generic/pgf/syste
mlayer/pgfsysprotocol.code.tex
File: pgfsysprotocol.code.tex 2023-01-15 v3.1.10 (3.1.10)
))
(/opt/homebrew/Cellar/texlive/20250308_1/share/texmf-dist/tex/latex/xcolor/xcol
or.sty
Package: xcolor 2024/09/29 v3.02 LaTeX color extensions (UK)

(/opt/homebrew/Cellar/texlive/20250308_1/share/texmf-dist/tex/latex/graphics-cf
g/color.cfg
File: color.cfg 2016/01/02 v1.6 sample color configuration
)
Package xcolor Info: Driver file: pdftex.def on input line 274.

(/opt/homebrew/Cellar/texlive/20250308_1/share/texmf-dist/tex/latex/graphics/ma
thcolor.ltx)
Package xcolor Info: Model `cmy' substituted by `cmy0' on input line 1349.
Package xcolor Info: Model `hsb' substituted by `rgb' on input line 1353.
Package xcolor Info: Model `RGB' extended on input line 1365.
Package xcolor Info: Model `HTML' substituted by `rgb' on input line 1367.
Package xcolor Info: Model `Hsb' substituted by `hsb' on input line 1368.
Package xcolor Info: Model `tHsb' substituted by `hsb' on input line 1369.
Package xcolor Info: Model `HSB' substituted by `hsb' on input line 1370.
Package xcolor Info: Model `Gray' substituted by `gray' on input line 1371.
Package xcolor Info: Model `wave' substituted by `hsb' on input line 1372.
)
(/opt/homebrew/Cellar/texlive/20250308_1/share/texmf-dist/tex/generic/pgf/basic
layer/pgfcore.code.tex
Package: pgfcore 2023-01-15 v3.1.10 (3.1.10)

(/opt/homebrew/Cellar/texlive/20250308_1/share/texmf-dist/tex/generic/pgf/math/
pgfmath.code.tex
(/opt/homebrew/Cellar/texlive/20250308_1/share/texmf-dist/tex/generic/pgf/math/
pgfmathutil.code.tex)
(/opt/homebrew/Cellar/texlive/20250308_1/share/texmf-dist/tex/generic/pgf/math/
pgfmathparser.code.tex
\pgfmath@dimen=\dimen167
\pgfmath@count=\count290
\pgfmath@box=\box57
\pgfmath@toks=\toks31
\pgfmath@stack@operand=\toks32
\pgfmath@stack@operation=\toks33
)
(/opt/homebrew/Cellar/texlive/20250308_1/share/texmf-dist/tex/generic/pgf/math/
pgfmathfunctions.code.tex)
(/opt/homebrew/Cellar/texlive/20250308_1/share/texmf-dist/tex/generic/pgf/math/
pgfmathfunctions.basic.code.tex)
(/opt/homebrew/Cellar/texlive/20250308_1/share/texmf-dist/tex/generic/pgf/math/
pgfmathfunctions.trigonometric.code.tex)
(/opt/homebrew/Cellar/texlive/20250308_1/share/texmf-dist/tex/generic/pgf/math/
pgfmathfunctions.random.code.tex)
(/opt/homebrew/Cellar/texlive/20250308_1/share/texmf-dist/tex/generic/pgf/math/
pgfmathfunctions.comparison.code.tex)
(/opt/homebrew/Cellar/texlive/20250308_1/share/texmf-dist/tex/generic/pgf/math/
pgfmathfunctions.base.code.tex)
(/opt/homebrew/Cellar/texlive/20250308_1/share/texmf-dist/tex/generic/pgf/math/
pgfmathfunctions.round.code.tex)
(/opt/homebrew/Cellar/texlive/20250308_1/share/texmf-dist/tex/generic/pgf/math/
pgfmathfunctions.misc.code.tex)
(/opt/homebrew/Cellar/texlive/20250308_1/share/texmf-dist/tex/generic/pgf/math/
pgfmathfunctions.integerarithmetics.code.tex)
(/opt/homebrew/Cellar/texlive/20250308_1/share/texmf-dist/tex/generic/pgf/math/
pgfmathcalc.code.tex)
(/opt/homebrew/Cellar/texlive/20250308_1/share/texmf-dist/tex/generic/pgf/math/
pgfmathfloat.code.tex
\c@pgfmathroundto@lastzeros=\count291
))
(/opt/homebrew/Cellar/texlive/20250308_1/share/texmf-dist/tex/generic/pgf/math/
pgfint.code.tex)
(/opt/homebrew/Cellar/texlive/20250308_1/share/texmf-dist/tex/generic/pgf/basic
layer/pgfcorepoints.code.tex
File: pgfcorepoints.code.tex 2023-01-15 v3.1.10 (3.1.10)
\pgf@picminx=\dimen168
\pgf@picmaxx=\dimen169
\pgf@picminy=\dimen170
\pgf@picmaxy=\dimen171
\pgf@pathminx=\dimen172
\pgf@pathmaxx=\dimen173
\pgf@pathminy=\dimen174
\pgf@pathmaxy=\dimen175
\pgf@xx=\dimen176
\pgf@xy=\dimen177
\pgf@yx=\dimen178
\pgf@yy=\dimen179
\pgf@zx=\dimen180
\pgf@zy=\dimen181
)
(/opt/homebrew/Cellar/texlive/20250308_1/share/texmf-dist/tex/generic/pgf/basic
layer/pgfcorepathconstruct.code.tex
File: pgfcorepathconstruct.code.tex 2023-01-15 v3.1.10 (3.1.10)
\pgf@path@lastx=\dimen182
\pgf@path@lasty=\dimen183
)
(/opt/homebrew/Cellar/texlive/20250308_1/share/texmf-dist/tex/generic/pgf/basic
layer/pgfcorepathusage.code.tex
File: pgfcorepathusage.code.tex 2023-01-15 v3.1.10 (3.1.10)
\pgf@shorten@end@additional=\dimen184
\pgf@shorten@start@additional=\dimen185
)
(/opt/homebrew/Cellar/texlive/20250308_1/share/texmf-dist/tex/generic/pgf/basic
layer/pgfcorescopes.code.tex
File: pgfcorescopes.code.tex 2023-01-15 v3.1.10 (3.1.10)
\pgfpic=\box58
\pgf@hbox=\box59
\pgf@layerbox@main=\box60
\pgf@picture@serial@count=\count292
)
(/opt/homebrew/Cellar/texlive/20250308_1/share/texmf-dist/tex/generic/pgf/basic
layer/pgfcoregraphicstate.code.tex
File: pgfcoregraphicstate.code.tex 2023-01-15 v3.1.10 (3.1.10)
\pgflinewidth=\dimen186
)
(/opt/homebrew/Cellar/texlive/20250308_1/share/texmf-dist/tex/generic/pgf/basic
layer/pgfcoretransformations.code.tex
File: pgfcoretransformations.code.tex 2023-01-15 v3.1.10 (3.1.10)
\pgf@pt@x=\dimen187
\pgf@pt@y=\dimen188
\pgf@pt@temp=\dimen189
)
(/opt/homebrew/Cellar/texlive/20250308_1/share/texmf-dist/tex/generic/pgf/basic
layer/pgfcorequick.code.tex
File: pgfcorequick.code.tex 2023-01-15 v3.1.10 (3.1.10)
)
(/opt/homebrew/Cellar/texlive/20250308_1/share/texmf-dist/tex/generic/pgf/basic
layer/pgfcoreobjects.code.tex
File: pgfcoreobjects.code.tex 2023-01-15 v3.1.10 (3.1.10)
)
(/opt/homebrew/Cellar/texlive/20250308_1/share/texmf-dist/tex/generic/pgf/basic
layer/pgfcorepathprocessing.code.tex
File: pgfcorepathprocessing.code.tex 2023-01-15 v3.1.10 (3.1.10)
)
(/opt/homebrew/Cellar/texlive/20250308_1/share/texmf-dist/tex/generic/pgf/basic
layer/pgfcorearrows.code.tex
File: pgfcorearrows.code.tex 2023-01-15 v3.1.10 (3.1.10)
\pgfarrowsep=\dimen190
)
(/opt/homebrew/Cellar/texlive/20250308_1/share/texmf-dist/tex/generic/pgf/basic
layer/pgfcoreshade.code.tex
File: pgfcoreshade.code.tex 2023-01-15 v3.1.10 (3.1.10)
\pgf@max=\dimen191
\pgf@sys@shading@range@num=\count293
\pgf@shadingcount=\count294
)
(/opt/homebrew/Cellar/texlive/20250308_1/share/texmf-dist/tex/generic/pgf/basic
layer/pgfcoreimage.code.tex
File: pgfcoreimage.code.tex 2023-01-15 v3.1.10 (3.1.10)
)
(/opt/homebrew/Cellar/texlive/20250308_1/share/texmf-dist/tex/generic/pgf/basic
layer/pgfcoreexternal.code.tex
File: pgfcoreexternal.code.tex 2023-01-15 v3.1.10 (3.1.10)
\pgfexternal@startupbox=\box61
)
(/opt/homebrew/Cellar/texlive/20250308_1/share/texmf-dist/tex/generic/pgf/basic
layer/pgfcorelayers.code.tex
File: pgfcorelayers.code.tex 2023-01-15 v3.1.10 (3.1.10)
)
(/opt/homebrew/Cellar/texlive/20250308_1/share/texmf-dist/tex/generic/pgf/basic
layer/pgfcoretransparency.code.tex
File: pgfcoretransparency.code.tex 2023-01-15 v3.1.10 (3.1.10)
)
(/opt/homebrew/Cellar/texlive/20250308_1/share/texmf-dist/tex/generic/pgf/basic
layer/pgfcorepatterns.code.tex
File: pgfcorepatterns.code.tex 2023-01-15 v3.1.10 (3.1.10)
)
(/opt/homebrew/Cellar/texlive/20250308_1/share/texmf-dist/tex/generic/pgf/basic
layer/pgfcorerdf.code.tex
File: pgfcorerdf.code.tex 2023-01-15 v3.1.10 (3.1.10)
)))
(/opt/homebrew/Cellar/texlive/20250308_1/share/texmf-dist/tex/generic/pgf/modul
es/pgfmoduleshapes.code.tex
File: pgfmoduleshapes.code.tex 2023-01-15 v3.1.10 (3.1.10)
\pgfnodeparttextbox=\box62
)
(/opt/homebrew/Cellar/texlive/20250308_1/share/texmf-dist/tex/generic/pgf/modul
es/pgfmoduleplot.code.tex
File: pgfmoduleplot.code.tex 2023-01-15 v3.1.10 (3.1.10)
)
(/opt/homebrew/Cellar/texlive/20250308_1/share/texmf-dist/tex/latex/pgf/compati
bility/pgfcomp-version-0-65.sty
Package: pgfcomp-version-0-65 2023-01-15 v3.1.10 (3.1.10)
\pgf@nodesepstart=\dimen192
\pgf@nodesepend=\dimen193
)
(/opt/homebrew/Cellar/texlive/20250308_1/share/texmf-dist/tex/latex/pgf/compati
bility/pgfcomp-version-1-18.sty
Package: pgfcomp-version-1-18 2023-01-15 v3.1.10 (3.1.10)
))
(/opt/homebrew/Cellar/texlive/20250308_1/share/texmf-dist/tex/latex/pgf/utiliti
es/pgffor.sty
(/opt/homebrew/Cellar/texlive/20250308_1/share/texmf-dist/tex/latex/pgf/utiliti
es/pgfkeys.sty
(/opt/homebrew/Cellar/texlive/20250308_1/share/texmf-dist/tex/generic/pgf/utili
ties/pgfkeys.code.tex))
(/opt/homebrew/Cellar/texlive/20250308_1/share/texmf-dist/tex/latex/pgf/math/pg
fmath.sty
(/opt/homebrew/Cellar/texlive/20250308_1/share/texmf-dist/tex/generic/pgf/math/
pgfmath.code.tex))
(/opt/homebrew/Cellar/texlive/20250308_1/share/texmf-dist/tex/generic/pgf/utili
ties/pgffor.code.tex
Package: pgffor 2023-01-15 v3.1.10 (3.1.10)
\pgffor@iter=\dimen194
\pgffor@skip=\dimen195
\pgffor@stack=\toks34
\pgffor@toks=\toks35
))
(/opt/homebrew/Cellar/texlive/20250308_1/share/texmf-dist/tex/generic/pgf/front
endlayer/tikz/tikz.code.tex
Package: tikz 2023-01-15 v3.1.10 (3.1.10)

(/opt/homebrew/Cellar/texlive/20250308_1/share/texmf-dist/tex/generic/pgf/libra
ries/pgflibraryplothandlers.code.tex
File: pgflibraryplothandlers.code.tex 2023-01-15 v3.1.10 (3.1.10)
\pgf@plot@mark@count=\count295
\pgfplotmarksize=\dimen196
)
\tikz@lastx=\dimen197
\tikz@lasty=\dimen198
\tikz@lastxsaved=\dimen199
\tikz@lastysaved=\dimen256
\tikz@lastmovetox=\dimen257
\tikz@lastmovetoy=\dimen258
\tikzleveldistance=\dimen259
\tikzsiblingdistance=\dimen260
\tikz@figbox=\box63
\tikz@figbox@bg=\box64
\tikz@tempbox=\box65
\tikz@tempbox@bg=\box66
\tikztreelevel=\count296
\tikznumberofchildren=\count297
\tikznumberofcurrentchild=\count298
\tikz@fig@count=\count299

(/opt/homebrew/Cellar/texlive/20250308_1/share/texmf-dist/tex/generic/pgf/modul
es/pgfmodulematrix.code.tex
File: pgfmodulematrix.code.tex 2023-01-15 v3.1.10 (3.1.10)
\pgfmatrixcurrentrow=\count300
\pgfmatrixcurrentcolumn=\count301
\pgf@matrix@numberofcolumns=\count302
)
\tikz@expandcount=\count303

(/opt/homebrew/Cellar/texlive/20250308_1/share/texmf-dist/tex/generic/pgf/front
endlayer/tikz/libraries/tikzlibrarytopaths.code.tex
File: tikzlibrarytopaths.code.tex 2023-01-15 v3.1.10 (3.1.10)
)))
(/opt/homebrew/Cellar/texlive/20250308_1/share/texmf-dist/tex/latex/tools/enume
rate.sty
Package: enumerate 2023/07/04 v3.00 enumerate extensions (DPC)
\@enLab=\toks36
)
(/opt/homebrew/Cellar/texlive/20250308_1/share/texmf-dist/tex/latex/url/url.sty
\Urlmuskip=\muskip18
Package: url 2013/09/16  ver 3.4  Verb mode for urls, etc.
)
(/opt/homebrew/Cellar/texlive/20250308_1/share/texmf-dist/tex/latex/tools/multi
col.sty
Package: multicol 2024/09/14 v1.9i multicolumn formatting (FMi)
\c@tracingmulticols=\count304
\mult@box=\box67
\multicol@leftmargin=\dimen261
\c@unbalance=\count305
\c@collectmore=\count306
\doublecol@number=\count307
\multicoltolerance=\count308
\multicolpretolerance=\count309
\full@width=\dimen262
\page@free=\dimen263
\premulticols=\dimen264
\postmulticols=\dimen265
\multicolsep=\skip57
\multicolbaselineskip=\skip58
\partial@page=\box68
\last@line=\box69
\mc@boxedresult=\box70
\maxbalancingoverflow=\dimen266
\mult@rightbox=\box71
\mult@grightbox=\box72
\mult@firstbox=\box73
\mult@gfirstbox=\box74
\@tempa=\box75
\@tempa=\box76
\@tempa=\box77
\@tempa=\box78
\@tempa=\box79
\@tempa=\box80
\@tempa=\box81
\@tempa=\box82
\@tempa=\box83
\@tempa=\box84
\@tempa=\box85
\@tempa=\box86
\@tempa=\box87
\@tempa=\box88
\@tempa=\box89
\@tempa=\box90
\@tempa=\box91
\@tempa=\box92
\@tempa=\box93
\@tempa=\box94
\@tempa=\box95
\@tempa=\box96
\@tempa=\box97
\@tempa=\box98
\@tempa=\box99
\@tempa=\box100
\@tempa=\box101
\@tempa=\box102
\@tempa=\box103
\@tempa=\box104
\@tempa=\box105
\@tempa=\box106
\@tempa=\box107
\@tempa=\box108
\@tempa=\box109
\@tempa=\box110
\c@minrows=\count310
\c@columnbadness=\count311
\c@finalcolumnbadness=\count312
\last@try=\dimen267
\multicolovershoot=\dimen268
\multicolundershoot=\dimen269
\mult@nat@firstbox=\box111
\colbreak@box=\box112
\mc@col@check@num=\count313
)
(/opt/homebrew/Cellar/texlive/20250308_1/share/texmf-dist/tex/latex/tools/longt
able.sty
Package: longtable 2024-10-27 v4.22 Multi-page Table package (DPC)
\LTleft=\skip59
\LTright=\skip60
\LTpre=\skip61
\LTpost=\skip62
\LTchunksize=\count314
\LTcapwidth=\dimen270
\LT@head=\box113
\LT@firsthead=\box114
\LT@foot=\box115
\LT@lastfoot=\box116
\LT@gbox=\box117
\LT@cols=\count315
\LT@rows=\count316
\c@LT@tables=\count317
\c@LT@chunks=\count318
\LT@p@ftn=\toks37
)
(/opt/homebrew/Cellar/texlive/20250308_1/share/texmf-dist/tex/latex/graphics/ro
tating.sty
Package: rotating 2016/08/11 v2.16d rotated objects in LaTeX

(/opt/homebrew/Cellar/texlive/20250308_1/share/texmf-dist/tex/latex/base/ifthen
.sty
Package: ifthen 2024/03/16 v1.1e Standard LaTeX ifthen package (DPC)
)
\c@r@tfl@t=\count319
\rotFPtop=\skip63
\rotFPbot=\skip64
\rot@float@box=\box118
\rot@mess@toks=\toks38
)
(/opt/homebrew/Cellar/texlive/20250308_1/share/texmf-dist/tex/latex/algorithms/
algorithm.sty
Package: algorithm 2009/08/24 v0.1 Document Style `algorithm' - floating enviro
nment

(/opt/homebrew/Cellar/texlive/20250308_1/share/texmf-dist/tex/latex/float/float
.sty
Package: float 2001/11/08 v1.3d Float enhancements (AL)
\c@float@type=\count320
\float@exts=\toks39
\float@box=\box119
\@float@everytoks=\toks40
\@floatcapt=\box120
)
\@float@every@algorithm=\toks41
\c@algorithm=\count321
)
(/opt/homebrew/Cellar/texlive/20250308_1/share/texmf-dist/tex/latex/algorithmic
x/algpseudocode.sty
Package: algpseudocode 

(/opt/homebrew/Cellar/texlive/20250308_1/share/texmf-dist/tex/latex/algorithmic
x/algorithmicx.sty
Package: algorithmicx 2005/04/27 v1.2 Algorithmicx

Document Style algorithmicx 1.2 - a greatly improved `algorithmic' style
\c@ALG@line=\count322
\c@ALG@rem=\count323
\c@ALG@nested=\count324
\ALG@tlm=\skip65
\ALG@thistlm=\skip66
\c@ALG@Lnr=\count325
\c@ALG@blocknr=\count326
\c@ALG@storecount=\count327
\c@ALG@tmpcounter=\count328
\ALG@tmplength=\skip67
)
Document Style - pseudocode environments for use with the `algorithmicx' style
)
(/opt/homebrew/Cellar/texlive/20250308_1/share/texmf-dist/tex/latex/hyperref/hy
perref.sty
Package: hyperref 2024-11-05 v7.01l Hypertext links for LaTeX

(/opt/homebrew/Cellar/texlive/20250308_1/share/texmf-dist/tex/generic/iftex/ift
ex.sty
Package: iftex 2024/12/12 v1.0g TeX engine tests
)
(/opt/homebrew/Cellar/texlive/20250308_1/share/texmf-dist/tex/latex/kvsetkeys/k
vsetkeys.sty
Package: kvsetkeys 2022-10-05 v1.19 Key value parser (HO)
)
(/opt/homebrew/Cellar/texlive/20250308_1/share/texmf-dist/tex/generic/kvdefinek
eys/kvdefinekeys.sty
Package: kvdefinekeys 2019-12-19 v1.6 Define keys (HO)
)
(/opt/homebrew/Cellar/texlive/20250308_1/share/texmf-dist/tex/generic/pdfescape
/pdfescape.sty
Package: pdfescape 2019/12/09 v1.15 Implements pdfTeX's escape features (HO)

(/opt/homebrew/Cellar/texlive/20250308_1/share/texmf-dist/tex/generic/ltxcmds/l
txcmds.sty
Package: ltxcmds 2023-12-04 v1.26 LaTeX kernel commands for general use (HO)
)
(/opt/homebrew/Cellar/texlive/20250308_1/share/texmf-dist/tex/generic/pdftexcmd
s/pdftexcmds.sty
Package: pdftexcmds 2020-06-27 v0.33 Utility functions of pdfTeX for LuaTeX (HO
)

(/opt/homebrew/Cellar/texlive/20250308_1/share/texmf-dist/tex/generic/infwarerr
/infwarerr.sty
Package: infwarerr 2019/12/03 v1.5 Providing info/warning/error messages (HO)
)
Package pdftexcmds Info: \pdf@primitive is available.
Package pdftexcmds Info: \pdf@ifprimitive is available.
Package pdftexcmds Info: \pdfdraftmode found.
))
(/opt/homebrew/Cellar/texlive/20250308_1/share/texmf-dist/tex/latex/hycolor/hyc
olor.sty
Package: hycolor 2020-01-27 v1.10 Color options for hyperref/bookmark (HO)
)
(/opt/homebrew/Cellar/texlive/20250308_1/share/texmf-dist/tex/latex/hyperref/na
meref.sty
Package: nameref 2023-11-26 v2.56 Cross-referencing by name of section

(/opt/homebrew/Cellar/texlive/20250308_1/share/texmf-dist/tex/latex/refcount/re
fcount.sty
Package: refcount 2019/12/15 v3.6 Data extraction from label references (HO)
)
(/opt/homebrew/Cellar/texlive/20250308_1/share/texmf-dist/tex/generic/gettitles
tring/gettitlestring.sty
Package: gettitlestring 2019/12/15 v1.6 Cleanup title references (HO)

(/opt/homebrew/Cellar/texlive/20250308_1/share/texmf-dist/tex/latex/kvoptions/k
voptions.sty
Package: kvoptions 2022-06-15 v3.15 Key value format for package options (HO)
))
\c@section@level=\count329
)
(/opt/homebrew/Cellar/texlive/20250308_1/share/texmf-dist/tex/latex/etoolbox/et
oolbox.sty
Package: etoolbox 2025/02/11 v2.5l e-TeX tools for LaTeX (JAW)
\etb@tempcnta=\count330
)
(/opt/homebrew/Cellar/texlive/20250308_1/share/texmf-dist/tex/generic/stringenc
/stringenc.sty
Package: stringenc 2019/11/29 v1.12 Convert strings between diff. encodings (HO
)
)
\@linkdim=\dimen271
\Hy@linkcounter=\count331
\Hy@pagecounter=\count332

(/opt/homebrew/Cellar/texlive/20250308_1/share/texmf-dist/tex/latex/hyperref/pd
1enc.def
File: pd1enc.def 2024-11-05 v7.01l Hyperref: PDFDocEncoding definition (HO)
Now handling font encoding PD1 ...
... no UTF-8 mapping file for font encoding PD1
)
(/opt/homebrew/Cellar/texlive/20250308_1/share/texmf-dist/tex/generic/intcalc/i
ntcalc.sty
Package: intcalc 2019/12/15 v1.3 Expandable calculations with integers (HO)
)
\Hy@SavedSpaceFactor=\count333

(/opt/homebrew/Cellar/texlive/20250308_1/share/texmf-dist/tex/latex/hyperref/pu
enc.def
File: puenc.def 2024-11-05 v7.01l Hyperref: PDF Unicode definition (HO)
Now handling font encoding PU ...
... no UTF-8 mapping file for font encoding PU
)
Package hyperref Info: Hyper figures OFF on input line 4157.
Package hyperref Info: Link nesting OFF on input line 4162.
Package hyperref Info: Hyper index ON on input line 4165.
Package hyperref Info: Plain pages OFF on input line 4172.
Package hyperref Info: Backreferencing OFF on input line 4177.
Package hyperref Info: Implicit mode ON; LaTeX internals redefined.
Package hyperref Info: Bookmarks ON on input line 4424.
\c@Hy@tempcnt=\count334
LaTeX Info: Redefining \url on input line 4763.
\XeTeXLinkMargin=\dimen272

(/opt/homebrew/Cellar/texlive/20250308_1/share/texmf-dist/tex/generic/bitset/bi
tset.sty
Package: bitset 2019/12/09 v1.3 Handle bit-vector datatype (HO)

(/opt/homebrew/Cellar/texlive/20250308_1/share/texmf-dist/tex/generic/bigintcal
c/bigintcalc.sty
Package: bigintcalc 2019/12/15 v1.5 Expandable calculations on big integers (HO
)
))
\Fld@menulength=\count335
\Field@Width=\dimen273
\Fld@charsize=\dimen274
Package hyperref Info: Hyper figures OFF on input line 6042.
Package hyperref Info: Link nesting OFF on input line 6047.
Package hyperref Info: Hyper index ON on input line 6050.
Package hyperref Info: backreferencing OFF on input line 6057.
Package hyperref Info: Link coloring OFF on input line 6062.
Package hyperref Info: Link coloring with OCG OFF on input line 6067.
Package hyperref Info: PDF/A mode OFF on input line 6072.

(/opt/homebrew/Cellar/texlive/20250308_1/share/texmf-dist/tex/latex/base/atbegs
hi-ltx.sty
Package: atbegshi-ltx 2021/01/10 v1.0c Emulation of the original atbegshi
package with kernel methods
)
\Hy@abspage=\count336
\c@Item=\count337
\c@Hfootnote=\count338
)
Package hyperref Info: Driver (autodetected): hpdftex.

(/opt/homebrew/Cellar/texlive/20250308_1/share/texmf-dist/tex/latex/hyperref/hp
dftex.def
File: hpdftex.def 2024-11-05 v7.01l Hyperref driver for pdfTeX

(/opt/homebrew/Cellar/texlive/20250308_1/share/texmf-dist/tex/latex/base/atvery
end-ltx.sty
Package: atveryend-ltx 2020/08/19 v1.0a Emulation of the original atveryend pac
kage
with kernel methods
)
\Fld@listcount=\count339
\c@bookmark@seq@number=\count340

(/opt/homebrew/Cellar/texlive/20250308_1/share/texmf-dist/tex/latex/rerunfilech
eck/rerunfilecheck.sty
Package: rerunfilecheck 2022-07-10 v1.10 Rerun checks for auxiliary files (HO)

(/opt/homebrew/Cellar/texlive/20250308_1/share/texmf-dist/tex/generic/uniquecou
nter/uniquecounter.sty
Package: uniquecounter 2019/12/15 v1.4 Provide unlimited unique counter (HO)
)
Package uniquecounter Info: New unique counter `rerunfilecheck' on input line 2
85.
)
\Hy@SectionHShift=\skip68
)
(/opt/homebrew/Cellar/texlive/20250308_1/share/texmf-dist/tex/latex/listings/li
stings.sty
\lst@mode=\count341
\lst@gtempboxa=\box121
\lst@token=\toks42
\lst@length=\count342
\lst@currlwidth=\dimen275
\lst@column=\count343
\lst@pos=\count344
\lst@lostspace=\dimen276
\lst@width=\dimen277
\lst@newlines=\count345
\lst@lineno=\count346
\lst@maxwidth=\dimen278

(/opt/homebrew/Cellar/texlive/20250308_1/share/texmf-dist/tex/latex/listings/ls
tpatch.sty
File: lstpatch.sty 2024/09/23 1.10c (Carsten Heinz)
)
(/opt/homebrew/Cellar/texlive/20250308_1/share/texmf-dist/tex/latex/listings/ls
tmisc.sty
File: lstmisc.sty 2024/09/23 1.10c (Carsten Heinz)
\c@lstnumber=\count347
\lst@skipnumbers=\count348
\lst@framebox=\box122
)
(/opt/homebrew/Cellar/texlive/20250308_1/share/texmf-dist/tex/latex/listings/li
stings.cfg
File: listings.cfg 2024/09/23 1.10c listings configuration
))
Package: listings 2024/09/23 1.10c (Carsten Heinz)

(/opt/homebrew/Cellar/texlive/20250308_1/share/texmf-dist/tex/latex/mathtools/m
athtools.sty
Package: mathtools 2024/10/04 v1.31 mathematical typesetting tools

(/opt/homebrew/Cellar/texlive/20250308_1/share/texmf-dist/tex/latex/tools/calc.
sty
Package: calc 2023/07/08 v4.3 Infix arithmetic (KKT,FJ)
\calc@Acount=\count349
\calc@Bcount=\count350
\calc@Adimen=\dimen279
\calc@Bdimen=\dimen280
\calc@Askip=\skip69
\calc@Bskip=\skip70
LaTeX Info: Redefining \setlength on input line 80.
LaTeX Info: Redefining \addtolength on input line 81.
\calc@Ccount=\count351
\calc@Cskip=\skip71
)
(/opt/homebrew/Cellar/texlive/20250308_1/share/texmf-dist/tex/latex/mathtools/m
hsetup.sty
Package: mhsetup 2021/03/18 v1.4 programming setup (MH)
)
\g_MT_multlinerow_int=\count352
\l_MT_multwidth_dim=\dimen281
\origjot=\skip72
\l_MT_shortvdotswithinadjustabove_dim=\dimen282
\l_MT_shortvdotswithinadjustbelow_dim=\dimen283
\l_MT_above_intertext_sep=\dimen284
\l_MT_below_intertext_sep=\dimen285
\l_MT_above_shortintertext_sep=\dimen286
\l_MT_below_shortintertext_sep=\dimen287
\xmathstrut@box=\box123
\xmathstrut@dim=\dimen288
) (./maple.sty
Package: maple 2005/03/17 v1.16
Package: maple 2005/03/17 mapleMaple Latex Style Package -- 2005/03/17 maple
Defining Maple Utility Macros
\@MapleTabSize=\dimen289
\MapleListCorrection=\toks43
\AboveMapleSkip=\skip73
\BelowMapleSkip=\skip74
\LeftMapleSkip=\dimen290
\AboveMaplePlot=\skip75
\BelowMaplePlot=\skip76
\MaplePlotHeight=\dimen291
\MaplePlotWidth=\dimen292
\MaplePlotHeight@Fudge=\dimen293
\MaplePlotWidth@Fudge=\dimen294
\MapleSepLineWidth=\dimen295
\MapleTab=\count353
\MaplePromptString=\toks44
\MaplePromptSecondary=\toks45
\MapleSepLineHeight=\dimen296
\newleftskip=\skip77
\mapleinputbox=\box124
\maplebox=\box125
\Tab=\dimen297
\@inlinebox=\box126
\cellwidth=\dimen298
Defining Maple Plot Environemnts
 ...Defaults to "dvips" Driver 

(/opt/homebrew/Cellar/texlive/20250308_1/share/texmf-dist/tex/latex/graphics/ep
sfig.sty
Package: epsfig 2024/01/14 v1.7b (e)psfig emulation (SPQR)
\epsfxsize=\dimen299
\epsfysize=\dimen300
)
Defining Automatic Style Generation Macros
\maplettybox=\box127
Defining Maple Spreadsheet Environments
Maple Spreadsheet and Table Support
\multilinesep=\dimen301
\@linebuffer=\box128
\@currentline=\box129
\@linebufferwidth=\dimen302
\EndMultiLine=\toks46
\tindent=\skip78
)
(/opt/homebrew/Cellar/texlive/20250308_1/share/texmf-dist/tex/latex/base/inpute
nc.sty
Package: inputenc 2024/02/08 v1.3d Input encoding file
\inpenc@prehook=\toks47
\inpenc@posthook=\toks48
)
(/opt/homebrew/Cellar/texlive/20250308_1/share/texmf-dist/tex/latex/breqn/breqn
.sty
(/opt/homebrew/Cellar/texlive/20250308_1/share/texmf-dist/tex/latex/l3kernel/ex
pl3.sty
Package: expl3 2025-01-18 L3 programming layer (loader) 

(/opt/homebrew/Cellar/texlive/20250308_1/share/texmf-dist/tex/latex/l3backend/l
3backend-pdftex.def
File: l3backend-pdftex.def 2024-05-08 L3 backend support: PDF output (pdfTeX)
\l__color_backend_stack_int=\count354
\l__pdf_internal_box=\box130
))
Package: breqn 2021/10/28 v0.98l Breaking equations

(/opt/homebrew/Cellar/texlive/20250308_1/share/texmf-dist/tex/latex/breqn/flexi
sym.sty
Package: flexisym 2021/10/28 v0.98l Make math characters macros
LaTeX Info: Redefining \textprime on input line 299.
LaTeX Info: Redefining \not on input line 357.

(/opt/homebrew/Cellar/texlive/20250308_1/share/texmf-dist/tex/latex/breqn/cmbas
e.sym
File: cmbase.sym 2007/12/19 v0.92
LaTeX Info: Redefining \hbar on input line 324.
LaTeX Info: Redefining \surd on input line 326.
LaTeX Info: Redefining \angle on input line 334.
LaTeX Info: Redefining \neq on input line 335.
LaTeX Info: Redefining \mapsto on input line 336.
LaTeX Info: Redefining \cong on input line 337.
LaTeX Info: Redefining \notin on input line 340.
LaTeX Info: Redefining \rightleftharpoons on input line 341.
LaTeX Info: Redefining \doteq on input line 342.
LaTeX Info: Redefining \hookrightarrow on input line 343.
LaTeX Info: Redefining \hookleftarrow on input line 344.
LaTeX Info: Redefining \bowtie on input line 345.
LaTeX Info: Redefining \models on input line 346.
LaTeX Info: Redefining \Longrightarrow on input line 347.
LaTeX Info: Redefining \longrightarrow on input line 348.
LaTeX Info: Redefining \Longleftarrow on input line 349.
LaTeX Info: Redefining \longleftarrow on input line 350.
LaTeX Info: Redefining \longmapsto on input line 351.
LaTeX Info: Redefining \longleftrightarrow on input line 352.
LaTeX Info: Redefining \Longleftrightarrow on input line 353.
LaTeX Info: Redefining \cdots on input line 357.
LaTeX Info: Redefining \vdots on input line 360.
LaTeX Info: Redefining \ddots on input line 365.
)
(/opt/homebrew/Cellar/texlive/20250308_1/share/texmf-dist/tex/latex/breqn/maths
tyle.sty
Package: mathstyle 2021/10/28 v0.98l Tracking mathstyle implicitly
LaTeX Info: Redefining \displaystyle on input line 95.
LaTeX Info: Redefining \textstyle on input line 97.
LaTeX Info: Redefining \scriptstyle on input line 99.
LaTeX Info: Redefining \scriptscriptstyle on input line 101.
LaTeX Info: Redefining \genfrac on input line 149.
))
\inf@bad=\count355
\maxint=\count356
\listwidth=\dimen303
\eqnumsep=\dimen304
\eqmargin=\dimen305
\eqlinespacing=\skip79
\eqlineskip=\skip80
\eqlineskiplimit=\dimen306
\eqbinoffset=\muskip19
\eqdelimoffset=\muskip20
\eqindentstep=\dimen307
\eqstyle=\toks49
\eqbreakdepth=\count357
\eqinterlinepenalty=\count358
\intereqpenalty=\count359
\intereqskip=\skip81
\prerelpenalty=\count360
\prebinoppenalty=\count361
\Dmedmuskip=\muskip21
\Dthickmuskip=\muskip22
\eqleftskip=\skip82
\eqrightskip=\skip83
\eq@vspan=\skip84
\eq@binoffset=\muskip23
\EQ@box=\box131
\EQ@copy=\box132
\EQ@numbox=\box133
\eq@wdNum=\dimen308
\GRP@numbox=\box134
\grp@wdNum=\dimen309
\eq@lines=\count362
\eq@curline=\count363
\eq@badness=\count364
\EQ@vims=\count365
\eq@dp=\dimen310
\eq@wdL=\dimen311
\eq@wdT=\dimen312
\eq@wdMin=\dimen313
\grp@wdL=\dimen314
\grp@wdR=\dimen315
\grp@wdT=\dimen316
\eq@wdRmax=\dimen317
\eq@firstht=\dimen318
\eq@wdCond=\dimen319
\eq@indentstep=\dimen320
\eq@linewidth=\dimen321
\grp@linewidth=\dimen322
\eq@hshift=\dimen323
\eq@given@sidespace=\dimen324
\mathindent=\dimen325
\eq@final@linecount=\count366
\eq@wdR=\dimen326
\EQ@continue=\toks50
\lr@level=\count367
\GRP@queue=\toks51
\GRP@box=\box135
\GRP@wholebox=\box136
\darraycolsep=\skip85
\cur@row=\count368
\cur@col=\count369
\conditionsep=\skip86
)
(/opt/homebrew/Cellar/texlive/20250308_1/share/texmf-dist/tex/latex/mdframed/md
framed.sty
Package: mdframed 2013/07/01 1.9b: mdframed

(/opt/homebrew/Cellar/texlive/20250308_1/share/texmf-dist/tex/latex/l3packages/
xparse/xparse.sty
Package: xparse 2024-08-16 L3 Experimental document command parser
)
(/opt/homebrew/Cellar/texlive/20250308_1/share/texmf-dist/tex/latex/zref/zref-a
bspage.sty
Package: zref-abspage 2023-09-14 v2.35 Module abspage for zref (HO)

(/opt/homebrew/Cellar/texlive/20250308_1/share/texmf-dist/tex/latex/zref/zref-b
ase.sty
Package: zref-base 2023-09-14 v2.35 Module base for zref (HO)

(/opt/homebrew/Cellar/texlive/20250308_1/share/texmf-dist/tex/generic/etexcmds/
etexcmds.sty
Package: etexcmds 2019/12/15 v1.7 Avoid name clashes with e-TeX commands (HO)
)
(/opt/homebrew/Cellar/texlive/20250308_1/share/texmf-dist/tex/latex/auxhook/aux
hook.sty
Package: auxhook 2019-12-17 v1.6 Hooks for auxiliary files (HO)
)
Package zref Info: New property list: main on input line 767.
Package zref Info: New property: default on input line 768.
Package zref Info: New property: page on input line 769.
)
\c@abspage=\count370
Package zref Info: New property: abspage on input line 67.
)
(/opt/homebrew/Cellar/texlive/20250308_1/share/texmf-dist/tex/latex/needspace/n
eedspace.sty
Package: needspace 2010/09/12 v1.3d reserve vertical space
)
\mdf@templength=\skip87
\c@mdf@globalstyle@cnt=\count371
\mdf@skipabove@length=\skip88
\mdf@skipbelow@length=\skip89
\mdf@leftmargin@length=\skip90
\mdf@rightmargin@length=\skip91
\mdf@innerleftmargin@length=\skip92
\mdf@innerrightmargin@length=\skip93
\mdf@innertopmargin@length=\skip94
\mdf@innerbottommargin@length=\skip95
\mdf@splittopskip@length=\skip96
\mdf@splitbottomskip@length=\skip97
\mdf@outermargin@length=\skip98
\mdf@innermargin@length=\skip99
\mdf@linewidth@length=\skip100
\mdf@innerlinewidth@length=\skip101
\mdf@middlelinewidth@length=\skip102
\mdf@outerlinewidth@length=\skip103
\mdf@roundcorner@length=\skip104
\mdf@footenotedistance@length=\skip105
\mdf@userdefinedwidth@length=\skip106
\mdf@needspace@length=\skip107
\mdf@frametitleaboveskip@length=\skip108
\mdf@frametitlebelowskip@length=\skip109
\mdf@frametitlerulewidth@length=\skip110
\mdf@frametitleleftmargin@length=\skip111
\mdf@frametitlerightmargin@length=\skip112
\mdf@shadowsize@length=\skip113
\mdf@extratopheight@length=\skip114
\mdf@subtitleabovelinewidth@length=\skip115
\mdf@subtitlebelowlinewidth@length=\skip116
\mdf@subtitleaboveskip@length=\skip117
\mdf@subtitlebelowskip@length=\skip118
\mdf@subtitleinneraboveskip@length=\skip119
\mdf@subtitleinnerbelowskip@length=\skip120
\mdf@subsubtitleabovelinewidth@length=\skip121
\mdf@subsubtitlebelowlinewidth@length=\skip122
\mdf@subsubtitleaboveskip@length=\skip123
\mdf@subsubtitlebelowskip@length=\skip124
\mdf@subsubtitleinneraboveskip@length=\skip125
\mdf@subsubtitleinnerbelowskip@length=\skip126

(/opt/homebrew/Cellar/texlive/20250308_1/share/texmf-dist/tex/latex/mdframed/md
-frame-1.mdf
File: md-frame-1.mdf 2013/07/01\ 1.9b: md-frame-1
)
\mdf@frametitlebox=\box137
\mdf@footnotebox=\box138
\mdf@splitbox@one=\box139
\mdf@splitbox@two=\box140
\mdf@splitbox@save=\box141
\mdfsplitboxwidth=\skip127
\mdfsplitboxtotalwidth=\skip128
\mdfsplitboxheight=\skip129
\mdfsplitboxdepth=\skip130
\mdfsplitboxtotalheight=\skip131
\mdfframetitleboxwidth=\skip132
\mdfframetitleboxtotalwidth=\skip133
\mdfframetitleboxheight=\skip134
\mdfframetitleboxdepth=\skip135
\mdfframetitleboxtotalheight=\skip136
\mdffootnoteboxwidth=\skip137
\mdffootnoteboxtotalwidth=\skip138
\mdffootnoteboxheight=\skip139
\mdffootnoteboxdepth=\skip140
\mdffootnoteboxtotalheight=\skip141
\mdftotallinewidth=\skip142
\mdfboundingboxwidth=\skip143
\mdfboundingboxtotalwidth=\skip144
\mdfboundingboxheight=\skip145
\mdfboundingboxdepth=\skip146
\mdfboundingboxtotalheight=\skip147
\mdf@freevspace@length=\skip148
\mdf@horizontalwidthofbox@length=\skip149
\mdf@verticalmarginwhole@length=\skip150
\mdf@horizontalspaceofbox=\skip151
\mdfsubtitleheight=\skip152
\mdfsubsubtitleheight=\skip153
\c@mdfcountframes=\count372

****** mdframed patching \endmdf@trivlist

****** -- success******

\mdf@envdepth=\count373
\c@mdf@env@i=\count374
\c@mdf@env@ii=\count375
\c@mdf@zref@counter=\count376
Package zref Info: New property: mdf@pagevalue on input line 895.
)
(/opt/homebrew/Cellar/texlive/20250308_1/share/texmf-dist/tex/latex/tools/tabul
arx.sty
Package: tabularx 2023/12/11 v2.12a `tabularx' package (DPC)
\TX@col@width=\dimen327
\TX@old@table=\dimen328
\TX@old@col=\dimen329
\TX@target=\dimen330
\TX@delta=\dimen331
\TX@cols=\count377
\TX@ftn=\toks52
)
(/opt/homebrew/Cellar/texlive/20250308_1/share/texmf-dist/tex/latex/colortbl/co
lortbl.sty
Package: colortbl 2024/07/06 v1.0i Color table columns (DPC)
\everycr=\toks53
\minrowclearance=\skip154
\rownum=\count378
)
(/opt/homebrew/Cellar/texlive/20250308_1/share/texmf-dist/tex/latex/tcolorbox/t
colorbox.sty
Package: tcolorbox 2024/10/22 version 6.4.1 text color boxes

(/opt/homebrew/Cellar/texlive/20250308_1/share/texmf-dist/tex/latex/tools/verba
tim.sty
Package: verbatim 2024-01-22 v1.5x LaTeX2e package for verbatim enhancements
\every@verbatim=\toks54
\verbatim@line=\toks55
\verbatim@in@stream=\read3
)
(/opt/homebrew/Cellar/texlive/20250308_1/share/texmf-dist/tex/latex/environ/env
iron.sty
Package: environ 2014/05/04 v0.3 A new way to define environments

(/opt/homebrew/Cellar/texlive/20250308_1/share/texmf-dist/tex/latex/trimspaces/
trimspaces.sty
Package: trimspaces 2009/09/17 v1.1 Trim spaces around a token list
))
\tcb@titlebox=\box142
\tcb@upperbox=\box143
\tcb@lowerbox=\box144
\tcb@phantombox=\box145
\c@tcbbreakpart=\count379
\c@tcblayer=\count380
\c@tcolorbox@number=\count381
\l__tcobox_tmpa_box=\box146
\l__tcobox_tmpa_dim=\dimen332
\tcb@temp=\box147
\tcb@temp=\box148
\tcb@temp=\box149
\tcb@temp=\box150

(/opt/homebrew/Cellar/texlive/20250308_1/share/texmf-dist/tex/latex/tcolorbox/t
cbraster.code.tex
Library (tcolorbox): 'tcbraster.code.tex' version '6.4.1'
\c@tcbrastercolumn=\count382
\c@tcbrasterrow=\count383
\c@tcbrasternum=\count384
\c@tcbraster=\count385
)
(/opt/homebrew/Cellar/texlive/20250308_1/share/texmf-dist/tex/latex/tcolorbox/t
cbskins.code.tex
Library (tcolorbox): 'tcbskins.code.tex' version '6.4.1'

(/opt/homebrew/Cellar/texlive/20250308_1/share/texmf-dist/tex/latex/tikzfill/ti
kzfill.image.sty
Package: tikzfill.image 2023/08/08 v1.0.1 Image filling library for TikZ

(/opt/homebrew/Cellar/texlive/20250308_1/share/texmf-dist/tex/latex/tikzfill/ti
kzfill-common.sty
Package: tikzfill-common 2023/08/08 v1.0.1 Auxiliary code for tikzfill
)
(/opt/homebrew/Cellar/texlive/20250308_1/share/texmf-dist/tex/latex/tikzfill/ti
kzlibraryfill.image.code.tex
File: tikzlibraryfill.image.code.tex 2023/08/08 v1.0.1 Image filling library
\l__tikzfill_img_box=\box151
))
(/opt/homebrew/Cellar/texlive/20250308_1/share/texmf-dist/tex/latex/tcolorbox/t
cbskinsjigsaw.code.tex
Library (tcolorbox): 'tcbskinsjigsaw.code.tex' version '6.4.1'
))
(/opt/homebrew/Cellar/texlive/20250308_1/share/texmf-dist/tex/latex/tcolorbox/t
cbbreakable.code.tex
Library (tcolorbox): 'tcbbreakable.code.tex' version '6.4.1'

(/opt/homebrew/Cellar/texlive/20250308_1/share/texmf-dist/tex/latex/pdfcol/pdfc
ol.sty
Package: pdfcol 2022-09-21 v1.7 Handle new color stacks for pdfTeX (HO)
)
Package pdfcol Info: New color stack `tcb@breakable' = 1 on input line 23.
\tcb@testbox=\box152
\tcb@totalupperbox=\box153
\tcb@totallowerbox=\box154
)
(/opt/homebrew/Cellar/texlive/20250308_1/share/texmf-dist/tex/latex/tcolorbox/t
cbhooks.code.tex
Library (tcolorbox): 'tcbhooks.code.tex' version '6.4.1'
)
(/opt/homebrew/Cellar/texlive/20250308_1/share/texmf-dist/tex/latex/tcolorbox/t
cbtheorems.code.tex
Library (tcolorbox): 'tcbtheorems.code.tex' version '6.4.1'
)
(/opt/homebrew/Cellar/texlive/20250308_1/share/texmf-dist/tex/latex/tcolorbox/t
cbfitting.code.tex
Library (tcolorbox): 'tcbfitting.code.tex' version '6.4.1'
\tcbfitdim=\dimen333
\tcb@lowerfitdim=\dimen334
\tcb@upperfitdim=\dimen335
\tcb@cur@hbadness=\count386
)
(/opt/homebrew/Cellar/texlive/20250308_1/share/texmf-dist/tex/latex/tcolorbox/t
cblistingsutf8.code.tex
Library (tcolorbox): 'tcblistingsutf8.code.tex' version '6.4.1'

(/opt/homebrew/Cellar/texlive/20250308_1/share/texmf-dist/tex/latex/tcolorbox/t
cblistings.code.tex
Library (tcolorbox): 'tcblistings.code.tex' version '6.4.1'

(/opt/homebrew/Cellar/texlive/20250308_1/share/texmf-dist/tex/latex/tcolorbox/t
cblistingscore.code.tex
Library (tcolorbox): 'tcblistingscore.code.tex' version '6.4.1'

(/opt/homebrew/Cellar/texlive/20250308_1/share/texmf-dist/tex/latex/tcolorbox/t
cbprocessing.code.tex
Library (tcolorbox): 'tcbprocessing.code.tex' version '6.4.1'
)
\c@tcblisting=\count387
))
(/opt/homebrew/Cellar/texlive/20250308_1/share/texmf-dist/tex/latex/listingsutf
8/listingsutf8.sty
Package: listingsutf8 2019-12-10 v1.5 Allow UTF-8 in listings input (HO)
))
(/opt/homebrew/Cellar/texlive/20250308_1/share/texmf-dist/tex/latex/tcolorbox/t
cbexternal.code.tex
Library (tcolorbox): 'tcbexternal.code.tex' version '6.4.1'
)
(/opt/homebrew/Cellar/texlive/20250308_1/share/texmf-dist/tex/latex/tcolorbox/t
cbmagazine.code.tex
Library (tcolorbox): 'tcbmagazine.code.tex' version '6.4.1'
)
(/opt/homebrew/Cellar/texlive/20250308_1/share/texmf-dist/tex/latex/tcolorbox/t
cbvignette.code.tex
Library (tcolorbox): 'tcbvignette.code.tex' version '6.4.1'

(/opt/homebrew/Cellar/texlive/20250308_1/share/texmf-dist/tex/generic/pgf/front
endlayer/tikz/libraries/tikzlibraryfadings.code.tex
File: tikzlibraryfadings.code.tex 2023-01-15 v3.1.10 (3.1.10)

(/opt/homebrew/Cellar/texlive/20250308_1/share/texmf-dist/tex/generic/pgf/libra
ries/pgflibraryfadings.code.tex
File: pgflibraryfadings.code.tex 2023-01-15 v3.1.10 (3.1.10)
)))
(/opt/homebrew/Cellar/texlive/20250308_1/share/texmf-dist/tex/latex/tcolorbox/t
cbposter.code.tex
Library (tcolorbox): 'tcbposter.code.tex' version '6.4.1'
))
(/opt/homebrew/Cellar/texlive/20250308_1/share/texmf-dist/tex/latex/inconsolata
/inconsolata.sty
Package: inconsolata 2019/05/17 v1.12

`inconsolata-zi4' v1.12, 2019/05/17 Text macros for Inconsolata (msharpe)
(/opt/homebrew/Cellar/texlive/20250308_1/share/texmf-dist/tex/latex/base/textco
mp.sty
Package: textcomp 2024/04/24 v2.1b Standard LaTeX package
)
(/opt/homebrew/Cellar/texlive/20250308_1/share/texmf-dist/tex/latex/xkeyval/xke
yval.sty
Package: xkeyval 2022/06/16 v2.9 package option processing (HA)

(/opt/homebrew/Cellar/texlive/20250308_1/share/texmf-dist/tex/generic/xkeyval/x
keyval.tex
(/opt/homebrew/Cellar/texlive/20250308_1/share/texmf-dist/tex/generic/xkeyval/x
kvutils.tex
\XKV@toks=\toks56
\XKV@tempa@toks=\toks57
)
\XKV@depth=\count388
File: xkeyval.tex 2014/12/03 v2.7a key=value parser (HA)
))
\zifour@ocount=\count389
)
\c@ExampleCounter=\count390
) (./users_guide.aux)
\openout1 = `users_guide.aux'.

LaTeX Font Info:    Checking defaults for OML/cmm/m/it on input line 14.
LaTeX Font Info:    ... okay on input line 14.
LaTeX Font Info:    Checking defaults for OMS/cmsy/m/n on input line 14.
LaTeX Font Info:    ... okay on input line 14.
LaTeX Font Info:    Checking defaults for OT1/cmr/m/n on input line 14.
LaTeX Font Info:    ... okay on input line 14.
LaTeX Font Info:    Checking defaults for T1/cmr/m/n on input line 14.
LaTeX Font Info:    ... okay on input line 14.
LaTeX Font Info:    Checking defaults for TS1/cmr/m/n on input line 14.
LaTeX Font Info:    ... okay on input line 14.
LaTeX Font Info:    Checking defaults for OMX/cmex/m/n on input line 14.
LaTeX Font Info:    ... okay on input line 14.
LaTeX Font Info:    Checking defaults for U/cmr/m/n on input line 14.
LaTeX Font Info:    ... okay on input line 14.
LaTeX Font Info:    Checking defaults for PD1/pdf/m/n on input line 14.
LaTeX Font Info:    ... okay on input line 14.
LaTeX Font Info:    Checking defaults for PU/pdf/m/n on input line 14.
LaTeX Font Info:    ... okay on input line 14.

(/opt/homebrew/Cellar/texlive/20250308_1/share/texmf-dist/tex/context/base/mkii
/supp-pdf.mkii
[Loading MPS to PDF converter (version 2006.09.02).]
\scratchcounter=\count391
\scratchdimen=\dimen336
\scratchbox=\box155
\nofMPsegments=\count392
\nofMParguments=\count393
\everyMPshowfont=\toks58
\MPscratchCnt=\count394
\MPscratchDim=\dimen337
\MPnumerator=\count395
\makeMPintoPDFobject=\count396
\everyMPtoPDFconversion=\toks59
)
(/opt/homebrew/Cellar/texlive/20250308_1/share/texmf-dist/tex/latex/epstopdf-pk
g/epstopdf-base.sty
Package: epstopdf-base 2020-01-24 v2.11 Base part for package epstopdf
Package epstopdf-base Info: Redefining graphics rule for `.eps' on input line 4
85.

(/opt/homebrew/Cellar/texlive/20250308_1/share/texmf-dist/tex/latex/latexconfig
/epstopdf-sys.cfg
File: epstopdf-sys.cfg 2010/07/13 v1.3 Configuration of (r)epstopdf for TeX Liv
e
))
Package hyperref Info: Link coloring OFF on input line 14.
 (./users_guide.out) (./users_guide.out)
\@outlinefile=\write4
\openout4 = `users_guide.out'.

\c@lstlisting=\count397

(/opt/homebrew/Cellar/texlive/20250308_1/share/texmf-dist/tex/latex/upquote/upq
uote.sty
Package: upquote 2012/04/19 v1.3 upright-quote and grave-accent glyphs in verba
tim
)
LaTeX Font Info:    Trying to load font information for U+msa on input line 21.


(/opt/homebrew/Cellar/texlive/20250308_1/share/texmf-dist/tex/latex/amsfonts/um
sa.fd
File: umsa.fd 2013/01/14 v3.01 AMS symbols A
)
LaTeX Font Info:    Trying to load font information for U+msb on input line 21.


(/opt/homebrew/Cellar/texlive/20250308_1/share/texmf-dist/tex/latex/amsfonts/um
sb.fd
File: umsb.fd 2013/01/14 v3.01 AMS symbols B
)
LaTeX Font Info:    Trying to load font information for U+lasy on input line 21
.

(/opt/homebrew/Cellar/texlive/20250308_1/share/texmf-dist/tex/latex/base/ulasy.
fd
File: ulasy.fd 1998/08/17 v2.2e LaTeX symbol font definitions
)
<GRAPHICS/ORBITER_LOGO/orbiter_logo_with_subtitle.png, id=625, 1400.23125pt x 3
76.40625pt>
File: GRAPHICS/ORBITER_LOGO/orbiter_logo_with_subtitle.png Graphic file (type p
ng)
<use GRAPHICS/ORBITER_LOGO/orbiter_logo_with_subtitle.png>
Package pdftex.def Info: GRAPHICS/ORBITER_LOGO/orbiter_logo_with_subtitle.png  
used on input line 21.
(pdftex.def)             Requested size: 341.43306pt x 91.78096pt.


[1


{/opt/homebrew/Cellar/texlive/20250308_1/share/texmf-dist/fonts/map/pdftex/updm
ap/pdftex.map} <./GRAPHICS/ORBITER_LOGO/orbiter_logo_with_subtitle.png>]

[2

] (./users_guide.toc

[3]

[4]

[5]
Overfull \hbox (4.50002pt too wide) detected at line 145
 []\OT1/cmr/m/n/10 1370
 []

)
\tf@toc=\write5
\openout5 = `users_guide.toc'.



[6] (./users_guide.lot

[7


]

[8]

[9])
\tf@lot=\write6
\openout6 = `users_guide.lot'.



[10]
Chapter 1.
(./C01/chapter.tex (./C01/sec_1.tex
LaTeX Font Info:    Trying to load font information for OT1+zi4 on input line 2
3.

(/opt/homebrew/Cellar/texlive/20250308_1/share/texmf-dist/tex/latex/inconsolata
/ot1zi4.fd
File: ot1zi4.fd 2018/01/14 OT1/zi4 (Inconsolata)
)
LaTeX Font Info:    Font shape `OT1/zi4/m/n' will be
(Font)              scaled to size 10.0pt on input line 23.
)

[11


{/opt/homebrew/Cellar/texlive/20250308_1/share/texmf-dist/fonts/enc/dvips/incon
solata/i4-ot1-0.enc}] (./C01/sec_2.tex)

[12

] (./C01/sec_3.tex
Package mdframed Info: mdframed works in twoside mode on input line 39.
 (./GRAPHICS/LATEX/github.tex
<GRAPHICS/OTHER/github.png, id=1167, 949.5475pt x 232.87pt>
File: GRAPHICS/OTHER/github.png Graphic file (type png)
<use GRAPHICS/OTHER/github.png>
Package pdftex.def Info: GRAPHICS/OTHER/github.png  used on input line 2.
(pdftex.def)             Requested size: 341.43306pt x 83.73363pt.
)

[13

 <./GRAPHICS/OTHER/github.png>]

[14])

[15] (./C01/sec_4.tex)

[16

] (./C01/sec_5.tex
<GRAPHICS/OTHER/dir_tree.png, id=1188, 354.32375pt x 140.525pt>
File: GRAPHICS/OTHER/dir_tree.png Graphic file (type png)
<use GRAPHICS/OTHER/dir_tree.png>
Package pdftex.def Info: GRAPHICS/OTHER/dir_tree.png  used on input line 10.
(pdftex.def)             Requested size: 85.35826pt x 33.8532pt.


[17

 <./GRAPHICS/OTHER/dir_tree.png>]
Package mdframed Info: mdframed works in twoside mode on input line 208.

(./GRAPHICS/THE_MAKEFILE/EXTRACTS/test_orbiter_session_log.tex)
Package mdframed Info: You first box width is to small
 mdframed fixed it
(mdframed)              on input line 208.


[18])

[19] (./C01/sec_6.tex
(./GRAPHICS/THE_MAKEFILE/EXTRACTS/HAMMING_CODE_GENERATOR.tex)
(./GRAPHICS/THE_MAKEFILE/EXTRACTS/matrix_example2.tex)
Package mdframed Info: mdframed works in twoside mode on input line 57.

(./GRAPHICS/THE_MAKEFILE/EXTRACTS/test_orbiter_session_log.tex)
Package mdframed Info: You first box width is to small
 mdframed fixed it
(mdframed)              on input line 57.


[20

]

[21]))

[22



]
Chapter 2.
(./C02/chapter.tex (./C02/sec_1.tex
(./GRAPHICS/THE_MAKEFILE/EXTRACTS/test_orbiter_session.tex)
Package mdframed Info: mdframed works in twoside mode on input line 51.

(./GRAPHICS/LATEX/orbiter_welcome_message.tex
LaTeX Font Info:    Trying to load font information for TS1+zi4 on input line 3
.

(/opt/homebrew/Cellar/texlive/20250308_1/share/texmf-dist/tex/latex/inconsolata
/ts1zi4.fd
File: ts1zi4.fd 2018/01/14 TS1/zi4 (Inconsolata)
)
LaTeX Font Info:    Font shape `TS1/zi4/m/n' will be
(Font)              scaled to size 10.0pt on input line 3.
)

[23{/opt/homebrew/Cellar/texlive/20250308_1/share/texmf-dist/fonts/enc/dvips/in
consolata/i4-ts1.enc}] (./GRAPHICS/TABLES/COMMANDS/orbiter_session_ug.tex

LaTeX Warning: \verb may be unreliable inside tabularx on input line 29.

))

[24]

[25] (./C02/sec_2.tex (./GRAPHICS/TABLES/GENERAL/orbiter_objects_1_ug.tex
Underfull \hbox (badness 10000) in paragraph at lines 53--53
[]|\OT1/cmss/m/n/10 A non-degenerate or-thog-o-nal space
 []

) (./GRAPHICS/TABLES/GENERAL/orbiter_objects_2_ug.tex
Overfull \hbox (2.82425pt too wide) in paragraph at lines 57--57
[]|[]\OT1/zi4/m/n/10 -large_set_with_symmetry_assumption| 
 []


Overfull \hbox (7.82425pt too wide) in paragraph at lines 57--57
[]|[]\OT1/zi4/m/n/10 -poset_classification_report_options| 
 []

) (./GRAPHICS/TABLES/GENERAL/orbiter_activities1_ug.tex
Underfull \hbox (badness 10000) in paragraph at lines 35--35
[]|[]\OT1/zi4/m/n/10 -classification_of_cubic_surfaces_
 []

) (./GRAPHICS/TABLES/GENERAL/orbiter_activities2_ug.tex
Underfull \hbox (badness 10000) in paragraph at lines 43--43
[]|[]\OT1/zi4/m/n/10 -packing_with_symmetry_
 []


Underfull \hbox (badness 10000) in paragraph at lines 43--43
[]|[]\OT1/zi4/m/n/10 -large_set_with_symmetry_
 []


Underfull \hbox (badness 1082) in paragraph at lines 43--43
[]|\OT1/cmss/m/n/10 An ac-tiv-ity re-lated to a clas-si-fi-ca-tion of
 []

))

[26

]

[27]

[28]

[29] (./C02/sec_3.tex
Package mdframed Info: mdframed works in twoside mode on input line 13.
 (./GRAPHICS/RAILROAD/WRAPPER/rr_Grammar.tex
Underfull \hbox (badness 10000) in paragraph at lines 13--1

 []

<GRAPHICS/RAILROAD/diagram/Grammar.png, id=1492, 100.12407pt x 27.85406pt>
File: GRAPHICS/RAILROAD/diagram/Grammar.png Graphic file (type png)
<use GRAPHICS/RAILROAD/diagram/Grammar.png>
Package pdftex.def Info: GRAPHICS/RAILROAD/diagram/Grammar.png  used on input l
ine 3.
(pdftex.def)             Requested size: 100.12381pt x 27.85397pt.
)
Package mdframed Info: mdframed works in twoside mode on input line 18.
 (./GRAPHICS/RAILROAD/WRAPPER/rr_Program.tex
Underfull \hbox (badness 10000) in paragraph at lines 18--1

 []

<GRAPHICS/RAILROAD/diagram/Program.png, id=1493, 241.65282pt x 53.44969pt>
File: GRAPHICS/RAILROAD/diagram/Program.png Graphic file (type png)
<use GRAPHICS/RAILROAD/diagram/Program.png>
Package pdftex.def Info: GRAPHICS/RAILROAD/diagram/Program.png  used on input l
ine 3.
(pdftex.def)             Requested size: 241.65222pt x 53.44954pt.
)
Package mdframed Info: mdframed works in twoside mode on input line 24.
 (./GRAPHICS/RAILROAD/WRAPPER/rr_Setup.tex
Underfull \hbox (badness 10000) in paragraph at lines 24--1

 []

<GRAPHICS/RAILROAD/diagram/Setup.png, id=1494, 211.54031pt x 292.84406pt>
File: GRAPHICS/RAILROAD/diagram/Setup.png Graphic file (type png)
<use GRAPHICS/RAILROAD/diagram/Setup.png>
Package pdftex.def Info: GRAPHICS/RAILROAD/diagram/Setup.png  used on input lin
e 3.
(pdftex.def)             Requested size: 211.53978pt x 292.84334pt.
)

[30

 <./GRAPHICS/RAILROAD/diagram/Grammar.png> <./GRAPHICS/RAILROAD/diagram/Program
.png>]
Package mdframed Info: mdframed works in twoside mode on input line 41.
 (./GRAPHICS/RAILROAD/WRAPPER/rr_Verbosity.tex
Underfull \hbox (badness 10000) in paragraph at lines 41--1

 []

<GRAPHICS/RAILROAD/diagram/Verbosity.png, id=1501, 134.75343pt x 27.85406pt>
File: GRAPHICS/RAILROAD/diagram/Verbosity.png Graphic file (type png)
<use GRAPHICS/RAILROAD/diagram/Verbosity.png>
Package pdftex.def Info: GRAPHICS/RAILROAD/diagram/Verbosity.png  used on input
 line 3.
(pdftex.def)             Requested size: 134.7531pt x 27.85397pt.
)
Package mdframed Info: mdframed works in twoside mode on input line 49.
 (./GRAPHICS/RAILROAD/WRAPPER/rr_Integer.tex
Underfull \hbox (badness 10000) in paragraph at lines 49--1

 []

<GRAPHICS/RAILROAD/diagram/Integer.png, id=1502, 121.20282pt x 39.89906pt>
File: GRAPHICS/RAILROAD/diagram/Integer.png Graphic file (type png)
<use GRAPHICS/RAILROAD/diagram/Integer.png>
Package pdftex.def Info: GRAPHICS/RAILROAD/diagram/Integer.png  used on input l
ine 3.
(pdftex.def)             Requested size: 121.20251pt x 39.89894pt.
)
Package mdframed Info: mdframed works in twoside mode on input line 60.
 (./GRAPHICS/RAILROAD/WRAPPER/rr_SeedRandomGen.tex
Underfull \hbox (badness 10000) in paragraph at lines 60--1

 []

<GRAPHICS/RAILROAD/diagram/SeedRandomGen.png, id=1503, 152.82094pt x 27.85406pt
>
File: GRAPHICS/RAILROAD/diagram/SeedRandomGen.png Graphic file (type png)
<use GRAPHICS/RAILROAD/diagram/SeedRandomGen.png>
Package pdftex.def Info: GRAPHICS/RAILROAD/diagram/SeedRandomGen.png  used on i
nput line 3.
(pdftex.def)             Requested size: 152.82054pt x 27.85397pt.
)

[31 <./GRAPHICS/RAILROAD/diagram/Setup.png> <./GRAPHICS/RAILROAD/diagram/Verbos
ity.png> <./GRAPHICS/RAILROAD/diagram/Integer.png>]
Package mdframed Info: Not enough space on this page on input line 60.
Package mdframed Info: mdframed works in twoside mode on input line 70.

(./GRAPHICS/RAILROAD/WRAPPER/rr_MemoryDebug.tex
Underfull \hbox (badness 10000) in paragraph at lines 70--1

 []

<GRAPHICS/RAILROAD/diagram/MemoryDebug.png, id=1512, 208.52907pt x 27.85406pt>
File: GRAPHICS/RAILROAD/diagram/MemoryDebug.png Graphic file (type png)
<use GRAPHICS/RAILROAD/diagram/MemoryDebug.png>
Package pdftex.def Info: GRAPHICS/RAILROAD/diagram/MemoryDebug.png  used on inp
ut line 3.
(pdftex.def)             Requested size: 208.52855pt x 27.85397pt.
)
Package mdframed Info: mdframed works in twoside mode on input line 80.
 (./GRAPHICS/RAILROAD/WRAPPER/rr_CommandSequence.tex
Underfull \hbox (badness 10000) in paragraph at lines 80--1

 []

<GRAPHICS/RAILROAD/diagram/CommandSequence.png, id=1513, 137.7647pt x 42.91031p
t>
File: GRAPHICS/RAILROAD/diagram/CommandSequence.png Graphic file (type png)
<use GRAPHICS/RAILROAD/diagram/CommandSequence.png>
Package pdftex.def Info: GRAPHICS/RAILROAD/diagram/CommandSequence.png  used on
 input line 3.
(pdftex.def)             Requested size: 137.76434pt x 42.91019pt.
)
Package mdframed Info: mdframed works in twoside mode on input line 95.
 (./GRAPHICS/RAILROAD/WRAPPER/rr_Command.tex
Underfull \hbox (badness 10000) in paragraph at lines 95--1

 []

<GRAPHICS/RAILROAD/diagram/Command.png, id=1514, 145.29282pt x 127.22531pt>
File: GRAPHICS/RAILROAD/diagram/Command.png Graphic file (type png)
<use GRAPHICS/RAILROAD/diagram/Command.png>
Package pdftex.def Info: GRAPHICS/RAILROAD/diagram/Command.png  used on input l
ine 3.
(pdftex.def)             Requested size: 145.29245pt x 127.22499pt.
)

[32{/opt/homebrew/Cellar/texlive/20250308_1/share/texmf-dist/fonts/enc/dvips/cm
-super/cm-super-ts1.enc} <./GRAPHICS/RAILROAD/diagram/SeedRandomGen.png> <./GRA
PHICS/RAILROAD/diagram/MemoryDebug.png> <./GRAPHICS/RAILROAD/diagram/CommandSeq
uence.png>]
Package mdframed Info: mdframed works in twoside mode on input line 109.
 (./GRAPHICS/RAILROAD/WRAPPER/rr_Definition.tex
Underfull \hbox (badness 10000) in paragraph at lines 109--1

 []

<GRAPHICS/RAILROAD/diagram/Definition.png, id=1523, 330.48468pt x 27.85406pt>
File: GRAPHICS/RAILROAD/diagram/Definition.png Graphic file (type png)
<use GRAPHICS/RAILROAD/diagram/Definition.png>
Package pdftex.def Info: GRAPHICS/RAILROAD/diagram/Definition.png  used on inpu
t line 3.
(pdftex.def)             Requested size: 330.48387pt x 27.85397pt.
)
Package mdframed Info: mdframed works in twoside mode on input line 121.
 (./GRAPHICS/RAILROAD/WRAPPER/rr_Literal.tex
Underfull \hbox (badness 10000) in paragraph at lines 121--1

 []

<GRAPHICS/RAILROAD/diagram/Literal.png, id=1524, 213.04594pt x 219.06844pt>
File: GRAPHICS/RAILROAD/diagram/Literal.png Graphic file (type png)
<use GRAPHICS/RAILROAD/diagram/Literal.png>
Package pdftex.def Info: GRAPHICS/RAILROAD/diagram/Literal.png  used on input l
ine 3.
(pdftex.def)             Requested size: 213.04541pt x 219.06789pt.
)
Package mdframed Info: mdframed works in twoside mode on input line 132.
 (./GRAPHICS/RAILROAD/WRAPPER/rr_ObjectTypeAndArgs.tex
Underfull \hbox (badness 10000) in paragraph at lines 132--1

 []

<GRAPHICS/RAILROAD/diagram/ObjectTypeAndArgs.png, id=1525, 187.45032pt x 193.47
281pt>
File: GRAPHICS/RAILROAD/diagram/ObjectTypeAndArgs.png Graphic file (type png)
<use GRAPHICS/RAILROAD/diagram/ObjectTypeAndArgs.png>
Package pdftex.def Info: GRAPHICS/RAILROAD/diagram/ObjectTypeAndArgs.png  used 
on input line 3.
(pdftex.def)             Requested size: 187.44984pt x 193.47234pt.
)
Package mdframed Info: Not enough space on this page on input line 132.


[33 <./GRAPHICS/RAILROAD/diagram/Command.png> <./GRAPHICS/RAILROAD/diagram/Defi
nition.png> <./GRAPHICS/RAILROAD/diagram/Literal.png>]
Package mdframed Info: Not enough space on this page on input line 132.
Package mdframed Info: mdframed works in twoside mode on input line 156.

(./GRAPHICS/RAILROAD/WRAPPER/rr_DataStructure.tex
Underfull \hbox (badness 10000) in paragraph at lines 156--1

 []

<GRAPHICS/RAILROAD/diagram/DataStructure.png, id=1533, 136.25906pt x 127.22531p
t>
File: GRAPHICS/RAILROAD/diagram/DataStructure.png Graphic file (type png)
<use GRAPHICS/RAILROAD/diagram/DataStructure.png>
Package pdftex.def Info: GRAPHICS/RAILROAD/diagram/DataStructure.png  used on i
nput line 3.
(pdftex.def)             Requested size: 136.25871pt x 127.22499pt.
)
Package mdframed Info: mdframed works in twoside mode on input line 163.
 (./GRAPHICS/RAILROAD/WRAPPER/rr_AlgebraObject.tex
Underfull \hbox (badness 10000) in paragraph at lines 163--1

 []

<GRAPHICS/RAILROAD/diagram/AlgebraObject.png, id=1534, 259.7203pt x 325.96782pt
>
File: GRAPHICS/RAILROAD/diagram/AlgebraObject.png Graphic file (type png)
<use GRAPHICS/RAILROAD/diagram/AlgebraObject.png>
Package pdftex.def Info: GRAPHICS/RAILROAD/diagram/AlgebraObject.png  used on i
nput line 3.
(pdftex.def)             Requested size: 259.71967pt x 325.96701pt.
)
Package mdframed Info: Not enough space on this page on input line 163.


[34 <./GRAPHICS/RAILROAD/diagram/ObjectTypeAndArgs.png> <./GRAPHICS/RAILROAD/di
agram/DataStructure.png>]
Package mdframed Info: Not enough space on this page on input line 163.
Package mdframed Info: mdframed works in twoside mode on input line 214.
 (./GRAPHICS/RAILROAD/WRAPPER/rr_finite_field.tex
Underfull \hbox (badness 10000) in paragraph at lines 214--1

 []

<GRAPHICS/RAILROAD/diagram/finite_field.png, id=1549, 294.34969pt x 53.44969pt>

File: GRAPHICS/RAILROAD/diagram/finite_field.png Graphic file (type png)
<use GRAPHICS/RAILROAD/diagram/finite_field.png>
Package pdftex.def Info: GRAPHICS/RAILROAD/diagram/finite_field.png  used on in
put line 3.
(pdftex.def)             Requested size: 294.34895pt x 53.44954pt.
)

[35 <./GRAPHICS/RAILROAD/diagram/AlgebraObject.png>]
Package mdframed Info: Not enough space on this page on input line 214.
Package mdframed Info: mdframed works in twoside mode on input line 227.

(./GRAPHICS/RAILROAD/WRAPPER/rr_Assignment.tex
Underfull \hbox (badness 10000) in paragraph at lines 227--1

 []

<GRAPHICS/RAILROAD/diagram/Assignment.png, id=1565, 307.90031pt x 60.97781pt>
File: GRAPHICS/RAILROAD/diagram/Assignment.png Graphic file (type png)
<use GRAPHICS/RAILROAD/diagram/Assignment.png>
Package pdftex.def Info: GRAPHICS/RAILROAD/diagram/Assignment.png  used on inpu
t line 3.
(pdftex.def)             Requested size: 307.89955pt x 60.97765pt.
)
Package mdframed Info: mdframed works in twoside mode on input line 248.
 (./GRAPHICS/RAILROAD/WRAPPER/rr_Activity.tex
Underfull \hbox (badness 10000) in paragraph at lines 248--1

 []

<GRAPHICS/RAILROAD/diagram/Activity.png, id=1566, 371.13657pt x 60.97781pt>
File: GRAPHICS/RAILROAD/diagram/Activity.png Graphic file (type png)
<use GRAPHICS/RAILROAD/diagram/Activity.png>
Package pdftex.def Info: GRAPHICS/RAILROAD/diagram/Activity.png  used on input 
line 3.
(pdftex.def)             Requested size: 371.13565pt x 60.97765pt.
)
Package mdframed Info: mdframed works in twoside mode on input line 257.
 (./GRAPHICS/RAILROAD/WRAPPER/rr_ObjectActivity.tex
Underfull \hbox (badness 10000) in paragraph at lines 257--1

 []

<GRAPHICS/RAILROAD/diagram/ObjectActivity.png, id=1567, 191.9672pt x 160.34906p
t>
File: GRAPHICS/RAILROAD/diagram/ObjectActivity.png Graphic file (type png)
<use GRAPHICS/RAILROAD/diagram/ObjectActivity.png>
Package pdftex.def Info: GRAPHICS/RAILROAD/diagram/ObjectActivity.png  used on 
input line 3.
(pdftex.def)             Requested size: 191.96672pt x 160.34866pt.
)

[36 <./GRAPHICS/RAILROAD/diagram/finite_field.png> <./GRAPHICS/RAILROAD/diagram
/Assignment.png> <./GRAPHICS/RAILROAD/diagram/Activity.png>]
Package mdframed Info: mdframed works in twoside mode on input line 262.

(./GRAPHICS/RAILROAD/WRAPPER/rr_AlgebraActivity.tex
Underfull \hbox (badness 10000) in paragraph at lines 262--1

 []

<GRAPHICS/RAILROAD/diagram/AlgebraActivity.png, id=1575, 208.52907pt x 160.3490
6pt>
File: GRAPHICS/RAILROAD/diagram/AlgebraActivity.png Graphic file (type png)
<use GRAPHICS/RAILROAD/diagram/AlgebraActivity.png>
Package pdftex.def Info: GRAPHICS/RAILROAD/diagram/AlgebraActivity.png  used on
 input line 3.
(pdftex.def)             Requested size: 208.52855pt x 160.34866pt.
)
Package mdframed Info: mdframed works in twoside mode on input line 287.
 (./GRAPHICS/RAILROAD/WRAPPER/rr_GlobalCmd.tex
Underfull \hbox (badness 10000) in paragraph at lines 287--1

 []

<GRAPHICS/RAILROAD/diagram/GlobalCmd.png, id=1577, 187.45032pt x 259.7203pt>
File: GRAPHICS/RAILROAD/diagram/GlobalCmd.png Graphic file (type png)
<use GRAPHICS/RAILROAD/diagram/GlobalCmd.png>
Package pdftex.def Info: GRAPHICS/RAILROAD/diagram/GlobalCmd.png  used on input
 line 3.
(pdftex.def)             Requested size: 187.44984pt x 259.71967pt.
)

[37 <./GRAPHICS/RAILROAD/diagram/ObjectActivity.png> <./GRAPHICS/RAILROAD/diagr
am/AlgebraActivity.png>] (./GRAPHICS/THE_MAKEFILE/EXTRACTS/object_F_2.tex)
(./GRAPHICS/THE_MAKEFILE/EXTRACTS/object_PG_3_2.tex)

[38 <./GRAPHICS/RAILROAD/diagram/GlobalCmd.png>])

[39] (./C02/sec_4.tex (./GRAPHICS/TABLES/COMMANDS/set_builder_ug.tex
Underfull \hbox (badness 5359) in paragraph at lines 25--25
[]|\OT1/cmss/m/n/10 Apply the affine func-tion $\OML/cmm/m/it/10 ax \OT1/cmr/m/
n/10 + \OML/cmm/m/it/10 b$ \OT1/cmss/m/n/10 to
 []


Underfull \hbox (badness 1107) in paragraph at lines 25--25
\OT1/cmss/m/n/10 the el-e-ments $\OML/cmm/m/it/10 x$ \OT1/cmss/m/n/10 of a set 
spec-i-fied us-ing
 []


Underfull \hbox (badness 5359) in paragraph at lines 25--25
[]|\OT1/cmss/m/n/10 Apply the affine func-tion $\OML/cmm/m/it/10 ax \OT1/cmr/m/
n/10 + \OML/cmm/m/it/10 b$ \OT1/cmss/m/n/10 to
 []


Underfull \hbox (badness 1107) in paragraph at lines 25--25
\OT1/cmss/m/n/10 the el-e-ments $\OML/cmm/m/it/10 x$ \OT1/cmss/m/n/10 of a set 
spec-i-fied us-ing
 []

) (./GRAPHICS/THE_MAKEFILE/EXTRACTS/set_of_primes.tex)
(./GRAPHICS/THE_MAKEFILE/EXTRACTS/set_interval.tex))

[40

] (./C02/sec_5.tex (./GRAPHICS/TABLES/COMMANDS/vector_builder_ug.tex
Underfull \hbox (badness 10000) in paragraph at lines 45--45
[]|\OT1/cmss/m/n/10 nb[]rows
 []

) (./GRAPHICS/THE_MAKEFILE/EXTRACTS/vector_example1.tex)
(./GRAPHICS/THE_MAKEFILE/EXTRACTS/vector_example2.tex)
(./GRAPHICS/THE_MAKEFILE/EXTRACTS/vector_example_repeat.tex)

[41

]

[42] (./GRAPHICS/THE_MAKEFILE/EXTRACTS/vector_example_all_one_11.tex)
(./GRAPHICS/THE_MAKEFILE/EXTRACTS/vector_loop_8.tex)
(./GRAPHICS/THE_MAKEFILE/EXTRACTS/vector_loop_odd_16.tex)
(./GRAPHICS/THE_MAKEFILE/EXTRACTS/vector_concatenate.tex)

[43] (./GRAPHICS/THE_MAKEFILE/EXTRACTS/matrix_example1.tex)
(./GRAPHICS/THE_MAKEFILE/EXTRACTS/vector_example_sparse.tex)

[44] (./GRAPHICS/THE_MAKEFILE/EXTRACTS/HAMMING_CODE_GENERATOR.tex)
(./GRAPHICS/THE_MAKEFILE/EXTRACTS/matrix_example2.tex)
(./GRAPHICS/THE_MAKEFILE/EXTRACTS/CONWAY_GEN1.tex)

[45] (./GRAPHICS/THE_MAKEFILE/EXTRACTS/matrix_example_co_1.tex)
(./GRAPHICS/THE_MAKEFILE/EXTRACTS/vector_index_set.tex)
(./GRAPHICS/THE_MAKEFILE/EXTRACTS/vector_index_set.tex)
(./GRAPHICS/TABLES/COMMANDS/vector_activity_ug.tex)

[46])

[47] (./C02/sec_6.tex (./GRAPHICS/TABLES/COMMANDS/vector_ge_builder_ug.tex
Underfull \hbox (badness 10000) in paragraph at lines 15--15
[]|\OT1/cmss/m/n/10 fname col-
 []

) (./GRAPHICS/THE_MAKEFILE/EXTRACTS/CLASS_2A_REP.tex)
(./GRAPHICS/THE_MAKEFILE/EXTRACTS/Hirschfeld_Class_2A.tex)
(./GRAPHICS/THE_MAKEFILE/EXTRACTS/FILE_NAME_CLASS_2A.tex)
Underfull \vbox (badness 1635) has occurred while \output is active []



[48

] (./GRAPHICS/THE_MAKEFILE/EXTRACTS/surface_4_0_export_action.tex))

[49] (./C02/sec_7.tex (./GRAPHICS/TABLES/COMMANDS/symbolic_object_1_ug.tex)
(./GRAPHICS/TABLES/COMMANDS/symbolic_object_2_ug.tex)
(./GRAPHICS/TABLES/COMMANDS/symbolic_object_activity_ug.tex)
(./GRAPHICS/THE_MAKEFILE/EXTRACTS/symbolic_poly.tex)
(./GRAPHICS/THE_MAKEFILE/EXTRACTS/CRC32_ETHERNET_POLY.tex)
(./GRAPHICS/THE_MAKEFILE/EXTRACTS/symbolic_CRC32.tex)

[50

]

[51]

[52] (./GRAPHICS/THE_MAKEFILE/EXTRACTS/BCH_POLYNOMIAL_ALFA_F256.tex)
(./GRAPHICS/THE_MAKEFILE/EXTRACTS/symbolic_CRC_alfa.tex)

[53] (./GRAPHICS/THE_MAKEFILE/EXTRACTS/BCH_POLYNOMIAL_BRAVO_F256.tex)
(./GRAPHICS/THE_MAKEFILE/EXTRACTS/symbolic_CRC_bravo.tex)
(./GRAPHICS/THE_MAKEFILE/EXTRACTS/symbolic_test_5_expand.tex)

[54]
Package mdframed Info: mdframed works in twoside mode on input line 154.
 (./GRAPHICS/WRAPPERS/symbolic_test_5.tex
<GRAPHICS/SYMBOLIC_STUFF/TEST_5/M.pdf, id=1691, 107.0369pt x 41.06743pt>
File: GRAPHICS/SYMBOLIC_STUFF/TEST_5/M.pdf Graphic file (type pdf)
<use GRAPHICS/SYMBOLIC_STUFF/TEST_5/M.pdf>
Package pdftex.def Info: GRAPHICS/SYMBOLIC_STUFF/TEST_5/M.pdf  used on input li
ne 3.
(pdftex.def)             Requested size: 142.26378pt x 54.58575pt.
<GRAPHICS/SYMBOLIC_STUFF/TEST_5/M1.pdf, id=1692, 116.6488pt x 163.92944pt>
File: GRAPHICS/SYMBOLIC_STUFF/TEST_5/M1.pdf Graphic file (type pdf)
<use GRAPHICS/SYMBOLIC_STUFF/TEST_5/M1.pdf>
Package pdftex.def Info: GRAPHICS/SYMBOLIC_STUFF/TEST_5/M1.pdf  used on input l
ine 7.
(pdftex.def)             Requested size: 142.26378pt x 199.93858pt.
)
(./GRAPHICS/THE_MAKEFILE/EXTRACTS/test_expand_1.tex)

[55 <./GRAPHICS/SYMBOLIC_STUFF/TEST_5/M.pdf> <./GRAPHICS/SYMBOLIC_STUFF/TEST_5/
M1.pdf>] (./GRAPHICS/THE_MAKEFILE/EXTRACTS/test_expand_2.tex)
(./GRAPHICS/THE_MAKEFILE/EXTRACTS/test_expand_3.tex)

[56] (./GRAPHICS/THE_MAKEFILE/EXTRACTS/test_expand_4.tex)
Package mdframed Info: mdframed works in twoside mode on input line 225.

(./GRAPHICS/WRAPPERS/test_expand_4_before.tex
<GRAPHICS/SYMBOLIC_STUFF/TEST_EXPAND_4/fx_0.pdf, id=1714, 428.1857pt x 182.6132
4pt>
File: GRAPHICS/SYMBOLIC_STUFF/TEST_EXPAND_4/fx_0.pdf Graphic file (type pdf)
<use GRAPHICS/SYMBOLIC_STUFF/TEST_EXPAND_4/fx_0.pdf>
Package pdftex.def Info: GRAPHICS/SYMBOLIC_STUFF/TEST_EXPAND_4/fx_0.pdf  used o
n input line 3.
(pdftex.def)             Requested size: 426.79134pt x 182.0304pt.

Overfull \hbox (11.83633pt too wide) detected at line 5
[]
 []

)
Overfull \vbox (58.90045pt too high) detected at line 225
 []

Package mdframed Info: Box was splittet wrong
 starting loop to iterate the splitting point
(mdframed)              on input line 225.

Overfull \vbox (59.90045pt too high) detected at line 225
 []


Overfull \vbox (60.90045pt too high) detected at line 225
 []


Overfull \vbox (61.90045pt too high) detected at line 225
 []


Overfull \vbox (62.90045pt too high) detected at line 225
 []


Overfull \vbox (63.90045pt too high) detected at line 225
 []


Overfull \vbox (64.90045pt too high) detected at line 225
 []


Overfull \vbox (65.90045pt too high) detected at line 225
 []


Overfull \vbox (66.90045pt too high) detected at line 225
 []


Overfull \vbox (67.90045pt too high) detected at line 225
 []


Overfull \vbox (68.90045pt too high) detected at line 225
 []


Overfull \vbox (69.90045pt too high) detected at line 225
 []


Overfull \vbox (70.90045pt too high) detected at line 225
 []


Overfull \vbox (71.90045pt too high) detected at line 225
 []


Overfull \vbox (72.90045pt too high) detected at line 225
 []


Overfull \vbox (73.90045pt too high) detected at line 225
 []


Overfull \vbox (74.90045pt too high) detected at line 225
 []


Overfull \vbox (75.90045pt too high) detected at line 225
 []


Overfull \vbox (76.90045pt too high) detected at line 225
 []


Overfull \vbox (77.90045pt too high) detected at line 225
 []


Overfull \vbox (78.90045pt too high) detected at line 225
 []


Overfull \vbox (79.90045pt too high) detected at line 225
 []


Overfull \vbox (80.90045pt too high) detected at line 225
 []


Overfull \vbox (81.90045pt too high) detected at line 225
 []


Overfull \vbox (82.90045pt too high) detected at line 225
 []


Overfull \vbox (83.90045pt too high) detected at line 225
 []


Overfull \vbox (84.90045pt too high) detected at line 225
 []


Overfull \vbox (85.90045pt too high) detected at line 225
 []


Overfull \vbox (86.90045pt too high) detected at line 225
 []


Overfull \vbox (87.90045pt too high) detected at line 225
 []


Overfull \vbox (88.90045pt too high) detected at line 225
 []


Overfull \vbox (89.90045pt too high) detected at line 225
 []


Overfull \vbox (90.90045pt too high) detected at line 225
 []


Overfull \vbox (91.90045pt too high) detected at line 225
 []


Overfull \vbox (92.90045pt too high) detected at line 225
 []


Overfull \vbox (93.90045pt too high) detected at line 225
 []


Overfull \vbox (94.90045pt too high) detected at line 225
 []


Overfull \vbox (95.90045pt too high) detected at line 225
 []


Overfull \vbox (96.90045pt too high) detected at line 225
 []


Overfull \vbox (97.90045pt too high) detected at line 225
 []


Overfull \vbox (98.90045pt too high) detected at line 225
 []


Overfull \vbox (99.90045pt too high) detected at line 225
 []


Overfull \vbox (100.90045pt too high) detected at line 225
 []


Overfull \vbox (101.90045pt too high) detected at line 225
 []


Overfull \vbox (102.90045pt too high) detected at line 225
 []


Overfull \vbox (103.90045pt too high) detected at line 225
 []


Overfull \vbox (104.90045pt too high) detected at line 225
 []


Overfull \vbox (105.90045pt too high) detected at line 225
 []


Overfull \vbox (106.90045pt too high) detected at line 225
 []


Overfull \vbox (107.90045pt too high) detected at line 225
 []


Overfull \vbox (108.90045pt too high) detected at line 225
 []


Overfull \vbox (109.90045pt too high) detected at line 225
 []


Overfull \vbox (110.90045pt too high) detected at line 225
 []


Overfull \vbox (111.90045pt too high) detected at line 225
 []


Overfull \vbox (112.90045pt too high) detected at line 225
 []


Overfull \vbox (113.90045pt too high) detected at line 225
 []


Overfull \vbox (114.90045pt too high) detected at line 225
 []


Overfull \vbox (115.90045pt too high) detected at line 225
 []


Overfull \vbox (116.90045pt too high) detected at line 225
 []


Overfull \vbox (117.90045pt too high) detected at line 225
 []


Overfull \vbox (118.90045pt too high) detected at line 225
 []


Overfull \vbox (119.90045pt too high) detected at line 225
 []


Overfull \vbox (120.90045pt too high) detected at line 225
 []


Overfull \vbox (121.90045pt too high) detected at line 225
 []


Overfull \vbox (122.90045pt too high) detected at line 225
 []


Overfull \vbox (123.90045pt too high) detected at line 225
 []


Overfull \vbox (124.90045pt too high) detected at line 225
 []


Overfull \vbox (125.90045pt too high) detected at line 225
 []


Overfull \vbox (126.90045pt too high) detected at line 225
 []


Overfull \vbox (127.90045pt too high) detected at line 225
 []


Overfull \vbox (128.90045pt too high) detected at line 225
 []


Overfull \vbox (129.90045pt too high) detected at line 225
 []


Overfull \vbox (130.90045pt too high) detected at line 225
 []


Overfull \vbox (131.90045pt too high) detected at line 225
 []


Overfull \vbox (132.90045pt too high) detected at line 225
 []


Overfull \vbox (133.90045pt too high) detected at line 225
 []


Overfull \vbox (134.90045pt too high) detected at line 225
 []


Overfull \vbox (135.90045pt too high) detected at line 225
 []


Overfull \vbox (136.90045pt too high) detected at line 225
 []


Overfull \vbox (137.90045pt too high) detected at line 225
 []


Overfull \vbox (138.90045pt too high) detected at line 225
 []


Overfull \vbox (139.90045pt too high) detected at line 225
 []


Overfull \vbox (140.90045pt too high) detected at line 225
 []


Overfull \vbox (141.90045pt too high) detected at line 225
 []


Overfull \vbox (142.90045pt too high) detected at line 225
 []


Overfull \vbox (143.90045pt too high) detected at line 225
 []


Overfull \vbox (144.90045pt too high) detected at line 225
 []


Overfull \vbox (145.90045pt too high) detected at line 225
 []


Overfull \vbox (146.90045pt too high) detected at line 225
 []


Overfull \vbox (147.90045pt too high) detected at line 225
 []


Overfull \vbox (148.90045pt too high) detected at line 225
 []


Overfull \vbox (149.90045pt too high) detected at line 225
 []


Overfull \vbox (150.90045pt too high) detected at line 225
 []


Overfull \vbox (151.90045pt too high) detected at line 225
 []


Overfull \vbox (152.90045pt too high) detected at line 225
 []


Overfull \vbox (153.90045pt too high) detected at line 225
 []


Overfull \vbox (154.90045pt too high) detected at line 225
 []


Overfull \vbox (155.90045pt too high) detected at line 225
 []


Overfull \vbox (156.90045pt too high) detected at line 225
 []


Overfull \vbox (157.90045pt too high) detected at line 225
 []


Overfull \vbox (158.90045pt too high) detected at line 225
 []


Overfull \vbox (159.90045pt too high) detected at line 225
 []


Package mdframed Warning: correct box splittet fails
 It seems you are using a non splittable contents
(mdframed)                 on input line 225.

Package mdframed Info: You first box width is to small
 mdframed fixed it
(mdframed)              on input line 225.


[57]
Package mdframed Info: mdframed works in twoside mode on input line 227.
 (./GRAPHICS/WRAPPERS/test_expand_4_after.tex
<GRAPHICS/SYMBOLIC_STUFF/TEST_EXPAND_4/fx_0_efsxsfscsefsxsfscsefsxsfscsefsxsfsc
sefsxsfscsefsxsfscsc.pdf, id=1719, 116.01042pt x 308.39717pt>
File: GRAPHICS/SYMBOLIC_STUFF/TEST_EXPAND_4/fx_0_efsxsfscsefsxsfscsefsxsfscsefs
xsfscsefsxsfscsefsxsfscsc.pdf Graphic file (type pdf)
<use GRAPHICS/SYMBOLIC_STUFF/TEST_EXPAND_4/fx_0_efsxsfscsefsxsfscsefsxsfscsefsx
sfscsefsxsfscsefsxsfscsc.pdf>
Package pdftex.def Info: GRAPHICS/SYMBOLIC_STUFF/TEST_EXPAND_4/fx_0_efsxsfscsef
sxsfscsefsxsfscsefsxsfscsefsxsfscsefsxsfscsc.pdf  used on input line 3.
(pdftex.def)             Requested size: 142.26378pt x 378.2204pt.
)
Overfull \vbox (7.20525pt too high) detected at line 227
 []

Package mdframed Info: Box was splittet wrong
 starting loop to iterate the splitting point
(mdframed)              on input line 227.

Overfull \vbox (8.20525pt too high) detected at line 227
 []


Overfull \vbox (9.20525pt too high) detected at line 227
 []


Overfull \vbox (10.20525pt too high) detected at line 227
 []


Overfull \vbox (11.20525pt too high) detected at line 227
 []


Overfull \vbox (12.20525pt too high) detected at line 227
 []


Overfull \vbox (13.20525pt too high) detected at line 227
 []


Overfull \vbox (14.20525pt too high) detected at line 227
 []


Overfull \vbox (15.20525pt too high) detected at line 227
 []


Overfull \vbox (16.20525pt too high) detected at line 227
 []


Overfull \vbox (17.20525pt too high) detected at line 227
 []


Overfull \vbox (18.20525pt too high) detected at line 227
 []


Overfull \vbox (19.20525pt too high) detected at line 227
 []


Overfull \vbox (20.20525pt too high) detected at line 227
 []


Overfull \vbox (21.20525pt too high) detected at line 227
 []


Overfull \vbox (22.20525pt too high) detected at line 227
 []


Overfull \vbox (23.20525pt too high) detected at line 227
 []


Overfull \vbox (24.20525pt too high) detected at line 227
 []


Overfull \vbox (25.20525pt too high) detected at line 227
 []


Overfull \vbox (26.20525pt too high) detected at line 227
 []


Overfull \vbox (27.20525pt too high) detected at line 227
 []


Overfull \vbox (28.20525pt too high) detected at line 227
 []


Overfull \vbox (29.20525pt too high) detected at line 227
 []


Overfull \vbox (30.20525pt too high) detected at line 227
 []


Overfull \vbox (31.20525pt too high) detected at line 227
 []


Overfull \vbox (32.20525pt too high) detected at line 227
 []


Overfull \vbox (33.20525pt too high) detected at line 227
 []


Overfull \vbox (34.20525pt too high) detected at line 227
 []


Overfull \vbox (35.20525pt too high) detected at line 227
 []


Overfull \vbox (36.20525pt too high) detected at line 227
 []


Overfull \vbox (37.20525pt too high) detected at line 227
 []


Overfull \vbox (38.20525pt too high) detected at line 227
 []


Overfull \vbox (39.20525pt too high) detected at line 227
 []


Overfull \vbox (40.20525pt too high) detected at line 227
 []


Overfull \vbox (41.20525pt too high) detected at line 227
 []


Overfull \vbox (42.20525pt too high) detected at line 227
 []


Overfull \vbox (43.20525pt too high) detected at line 227
 []


Overfull \vbox (44.20525pt too high) detected at line 227
 []


Overfull \vbox (45.20525pt too high) detected at line 227
 []


Overfull \vbox (46.20525pt too high) detected at line 227
 []


Overfull \vbox (47.20525pt too high) detected at line 227
 []


Overfull \vbox (48.20525pt too high) detected at line 227
 []


Overfull \vbox (49.20525pt too high) detected at line 227
 []


Overfull \vbox (50.20525pt too high) detected at line 227
 []


Overfull \vbox (51.20525pt too high) detected at line 227
 []


Overfull \vbox (52.20525pt too high) detected at line 227
 []


Overfull \vbox (53.20525pt too high) detected at line 227
 []


Overfull \vbox (54.20525pt too high) detected at line 227
 []


Overfull \vbox (55.20525pt too high) detected at line 227
 []


Overfull \vbox (56.20525pt too high) detected at line 227
 []


Overfull \vbox (57.20525pt too high) detected at line 227
 []


Overfull \vbox (58.20525pt too high) detected at line 227
 []


Overfull \vbox (59.20525pt too high) detected at line 227
 []


Overfull \vbox (60.20525pt too high) detected at line 227
 []


Overfull \vbox (61.20525pt too high) detected at line 227
 []


Overfull \vbox (62.20525pt too high) detected at line 227
 []


Overfull \vbox (63.20525pt too high) detected at line 227
 []


Overfull \vbox (64.20525pt too high) detected at line 227
 []


Overfull \vbox (65.20525pt too high) detected at line 227
 []


Overfull \vbox (66.20525pt too high) detected at line 227
 []


Overfull \vbox (67.20525pt too high) detected at line 227
 []


Overfull \vbox (68.20525pt too high) detected at line 227
 []


Overfull \vbox (69.20525pt too high) detected at line 227
 []


Overfull \vbox (70.20525pt too high) detected at line 227
 []


Overfull \vbox (71.20525pt too high) detected at line 227
 []


Overfull \vbox (72.20525pt too high) detected at line 227
 []


Overfull \vbox (73.20525pt too high) detected at line 227
 []


Overfull \vbox (74.20525pt too high) detected at line 227
 []


Overfull \vbox (75.20525pt too high) detected at line 227
 []


Overfull \vbox (76.20525pt too high) detected at line 227
 []


Overfull \vbox (77.20525pt too high) detected at line 227
 []


Overfull \vbox (78.20525pt too high) detected at line 227
 []


Overfull \vbox (79.20525pt too high) detected at line 227
 []


Overfull \vbox (80.20525pt too high) detected at line 227
 []


Overfull \vbox (81.20525pt too high) detected at line 227
 []


Overfull \vbox (82.20525pt too high) detected at line 227
 []


Overfull \vbox (83.20525pt too high) detected at line 227
 []


Overfull \vbox (84.20525pt too high) detected at line 227
 []


Overfull \vbox (85.20525pt too high) detected at line 227
 []


Overfull \vbox (86.20525pt too high) detected at line 227
 []


Overfull \vbox (87.20525pt too high) detected at line 227
 []


Overfull \vbox (88.20525pt too high) detected at line 227
 []


Overfull \vbox (89.20525pt too high) detected at line 227
 []


Overfull \vbox (90.20525pt too high) detected at line 227
 []


Overfull \vbox (91.20525pt too high) detected at line 227
 []


Overfull \vbox (92.20525pt too high) detected at line 227
 []


Overfull \vbox (93.20525pt too high) detected at line 227
 []


Overfull \vbox (94.20525pt too high) detected at line 227
 []


Overfull \vbox (95.20525pt too high) detected at line 227
 []


Overfull \vbox (96.20525pt too high) detected at line 227
 []


Overfull \vbox (97.20525pt too high) detected at line 227
 []


Overfull \vbox (98.20525pt too high) detected at line 227
 []


Overfull \vbox (99.20525pt too high) detected at line 227
 []


Overfull \vbox (100.20525pt too high) detected at line 227
 []


Overfull \vbox (101.20525pt too high) detected at line 227
 []


Overfull \vbox (102.20525pt too high) detected at line 227
 []


Overfull \vbox (103.20525pt too high) detected at line 227
 []


Overfull \vbox (104.20525pt too high) detected at line 227
 []


Overfull \vbox (105.20525pt too high) detected at line 227
 []


Overfull \vbox (106.20525pt too high) detected at line 227
 []


Overfull \vbox (107.20525pt too high) detected at line 227
 []


Overfull \vbox (108.20525pt too high) detected at line 227
 []


Package mdframed Warning: correct box splittet fails
 It seems you are using a non splittable contents
(mdframed)                 on input line 227.

Package mdframed Info: You first box width is to small
 mdframed fixed it
(mdframed)              on input line 227.


[58 <./GRAPHICS/SYMBOLIC_STUFF/TEST_EXPAND_4/fx_0.pdf>]
(./GRAPHICS/THE_MAKEFILE/EXTRACTS/symbolic_objects_building_on_earlier_objects.
tex)

[59 <./GRAPHICS/SYMBOLIC_STUFF/TEST_EXPAND_4/fx_0_efsxsfscsefsxsfscsefsxsfscsef
sxsfscsefsxsfscsefsxsfscsc.pdf>]
(./GRAPHICS/THE_MAKEFILE/EXTRACTS/symbolic_objects_self_referential_1.tex)
(./GRAPHICS/THE_MAKEFILE/EXTRACTS/symbolic_objects_self_referential_2.tex)
(./GRAPHICS/THE_MAKEFILE/EXTRACTS/VANDERMONDE_4X4_FORMULA.tex)

[60] (./GRAPHICS/THE_MAKEFILE/EXTRACTS/symbolic_matrix1.tex)
(./GRAPHICS/THE_MAKEFILE/EXTRACTS/symbolic_matrix_2x2.tex)
(./GRAPHICS/THE_MAKEFILE/EXTRACTS/symbolic_determinant_2x2.tex)

[61] (./GRAPHICS/THE_MAKEFILE/EXTRACTS/symbolic_determinant_3x3.tex)
(./GRAPHICS/THE_MAKEFILE/EXTRACTS/symbolic_determinant_vandermonde.tex)

[62]
Underfull \hbox (badness 10000) in paragraph at lines 377--388

 []

(./GRAPHICS/THE_MAKEFILE/EXTRACTS/symbolic_characteristic_polynomial_2x2.tex)

[63]
(./GRAPHICS/THE_MAKEFILE/EXTRACTS/symbolic_characteristic_polynomial_3x3.tex)
(./GRAPHICS/THE_MAKEFILE/EXTRACTS/symbolic_object1.tex)

[64] (./GRAPHICS/THE_MAKEFILE/EXTRACTS/symbolic_object1_evaluate.tex)
Package mdframed Info: mdframed works in twoside mode on input line 482.

(./GRAPHICS/WRAPPERS/symbolic_maple_1.tex
(./GRAPHICS/SYMBOLIC_STUFF/symbolic_object1_body.tex
LaTeX Font Info:    Font shape `U/lasy/b/n' in size <7> not available
(Font)              Font shape `U/lasy/m/n' tried instead on input line 9.
LaTeX Font Info:    Font shape `U/lasy/b/n' in size <5> not available
(Font)              Font shape `U/lasy/m/n' tried instead on input line 9.
))
(./GRAPHICS/THE_MAKEFILE/EXTRACTS/ECKARDT_SURFACE_EQN.tex)
(./GRAPHICS/THE_MAKEFILE/EXTRACTS/symbolic_Eckardt_surface.tex)

[65] (./GRAPHICS/THE_MAKEFILE/EXTRACTS/symbolic_Eckardt_surface_q13_a3_b1.tex)
(./GRAPHICS/THE_MAKEFILE/EXTRACTS/F_abcd_eqn.tex)

[66] (./GRAPHICS/THE_MAKEFILE/EXTRACTS/symbolic_Fabcd.tex)
(./GRAPHICS/THE_MAKEFILE/EXTRACTS/symbolic_Fabcd_expand.tex)

[67] (./GRAPHICS/THE_MAKEFILE/EXTRACTS/symbolic_Fabcd_q31_E18.tex)
Overfull \hbox (4.5504pt too wide) detected at line 593
\OML/cmm/m/it/10 M\OT1/cmr/m/n/10 2 = []
 []


Underfull \vbox (badness 2229) has occurred while \output is active []



[68]
(./GRAPHICS/THE_MAKEFILE/EXTRACTS/symbolic_Fabcd_q31_E18_with_implicit_substitu
tion.tex)
(./GRAPHICS/THE_MAKEFILE/EXTRACTS/symbolic_Fabcd_q31_E18_with_implicit_substitu
tion_do_not_simplify.tex)

[69]
Underfull \hbox (badness 10000) in paragraph at lines 625--651

 []

)

[70])
Chapter 3.
(./C03/chapter.tex (./C03/sec_1.tex
(./GRAPHICS/TABLES/COMMANDS/finite_field_ug.tex)
(./GRAPHICS/THE_MAKEFILE/EXTRACTS/F_2.tex)
(./GRAPHICS/TABLES/COMMANDS/finite_field_activities_ug.tex
Underfull \hbox (badness 10000) in paragraph at lines 39--39
[]|\OT1/cmss/m/n/10 label
 []


Underfull \hbox (badness 10000) in paragraph at lines 39--39
\OT1/cmss/m/n/10 managed-
 []


Underfull \hbox (badness 3954) in paragraph at lines 39--39
\OT1/cmss/m/n/10 vars for-mula
 []

) (./GRAPHICS/THE_MAKEFILE/EXTRACTS/F_7.tex)
Package mdframed Info: mdframed works in twoside mode on input line 32.

(./GRAPHICS/LATEX/report_finite_field_7.tex
Underfull \hbox (badness 10000) in paragraph at lines 1--2

 []


Underfull \hbox (badness 10000) in paragraph at lines 46--54

 []

)
Package mdframed Info: Not enough space on this page on input line 32.


[71


]
Package mdframed Info: Not enough space on this page on input line 32.


[72]

[73] (./GRAPHICS/THE_MAKEFILE/EXTRACTS/F_7_tables.tex)
Package mdframed Info: mdframed works in twoside mode on input line 39.

(./GRAPHICS/WRAPPERS/GF_q7_tables_draw.tex
<GRAPHICS/F7/GF_q7_table_add_draw.png, id=1808, 210.7875pt x 210.7875pt>
File: GRAPHICS/F7/GF_q7_table_add_draw.png Graphic file (type png)
<use GRAPHICS/F7/GF_q7_table_add_draw.png>
Package pdftex.def Info: GRAPHICS/F7/GF_q7_table_add_draw.png  used on input li
ne 2.
(pdftex.def)             Requested size: 142.26378pt x 142.26578pt.
<GRAPHICS/F7/GF_q7_table_mul_draw.png, id=1809, 210.7875pt x 210.7875pt>
File: GRAPHICS/F7/GF_q7_table_mul_draw.png Graphic file (type png)
<use GRAPHICS/F7/GF_q7_table_mul_draw.png>
Package pdftex.def Info: GRAPHICS/F7/GF_q7_table_mul_draw.png  used on input li
ne 3.
(pdftex.def)             Requested size: 142.26378pt x 142.26578pt.
)

[74 <./GRAPHICS/F7/GF_q7_table_add_draw.png> <./GRAPHICS/F7/GF_q7_table_mul_dra
w.png>]
(./GRAPHICS/THE_MAKEFILE/EXTRACTS/F_11_product_of_all_nonzero_elements.tex)
(./GRAPHICS/THE_MAKEFILE/EXTRACTS/F_7_vandermonde.tex)
Package mdframed Info: mdframed works in twoside mode on input line 76.

(./GRAPHICS/LATEX/report_finite_field_7_vandermonde.tex)
Package mdframed Info: mdframed works in twoside mode on input line 101.

(./GRAPHICS/WRAPPERS/GF_q7_tables_reordered_draw.tex
<GRAPHICS/GF/GF_q7_multiplication_table_reordered_draw.png, id=1819, 180.675pt 
x 180.675pt>
File: GRAPHICS/GF/GF_q7_multiplication_table_reordered_draw.png Graphic file (t
ype png)
<use GRAPHICS/GF/GF_q7_multiplication_table_reordered_draw.png>
Package pdftex.def Info: GRAPHICS/GF/GF_q7_multiplication_table_reordered_draw.
png  used on input line 2.
(pdftex.def)             Requested size: 142.26378pt x 142.26576pt.
File: GRAPHICS/GF/GF_q7_multiplication_table_reordered_draw.png Graphic file (t
ype png)
<use GRAPHICS/GF/GF_q7_multiplication_table_reordered_draw.png>
Package pdftex.def Info: GRAPHICS/GF/GF_q7_multiplication_table_reordered_draw.
png  used on input line 4.
(pdftex.def)             Requested size: 142.26378pt x 142.26576pt.
)

[75]
Package mdframed Info: Not enough space on this page on input line 101.
 (./GRAPHICS/THE_MAKEFILE/EXTRACTS/F_101_wo.tex))

[76 <./GRAPHICS/GF/GF_q7_multiplication_table_reordered_draw.png>]
(./C03/sec_2.tex

[77

] (./GRAPHICS/TABLES/COMMANDS/finite_field_activities_2_ug.tex)
(./GRAPHICS/TABLES/GENERAL/table_of_irreducible_polynomials_ug.tex

[78]) (./GRAPHICS/THE_MAKEFILE/EXTRACTS/F_4.tex)
(./GRAPHICS/THE_MAKEFILE/EXTRACTS/F_4_tables.tex)

[79]
Package mdframed Info: mdframed works in twoside mode on input line 197.
 (./GRAPHICS/WRAPPERS/F4_tables_add_mult.tex
<GRAPHICS/F4/GF_q4_table_add_draw.png, id=1846, 120.45pt x 120.45pt>
File: GRAPHICS/F4/GF_q4_table_add_draw.png Graphic file (type png)
<use GRAPHICS/F4/GF_q4_table_add_draw.png>
Package pdftex.def Info: GRAPHICS/F4/GF_q4_table_add_draw.png  used on input li
ne 2.
(pdftex.def)             Requested size: 142.26378pt x 142.27678pt.
<GRAPHICS/F4/GF_q4_table_mul_draw.png, id=1847, 120.45pt x 120.45pt>
File: GRAPHICS/F4/GF_q4_table_mul_draw.png Graphic file (type png)
<use GRAPHICS/F4/GF_q4_table_mul_draw.png>
Package pdftex.def Info: GRAPHICS/F4/GF_q4_table_mul_draw.png  used on input li
ne 3.
(pdftex.def)             Requested size: 142.26378pt x 142.27678pt.
)
(./GRAPHICS/THE_MAKEFILE/EXTRACTS/F_16.tex)

[80 <./GRAPHICS/F4/GF_q4_table_add_draw.png> <./GRAPHICS/F4/GF_q4_table_mul_dra
w.png>]
Package mdframed Info: mdframed works in twoside mode on input line 208.
 (./GRAPHICS/WRAPPERS/cheat_sheet_GF16.tex
<GRAPHICS/GF/cheat_sheet_GF16.png, id=1854, 861.2175pt x 551.05875pt>
File: GRAPHICS/GF/cheat_sheet_GF16.png Graphic file (type png)
<use GRAPHICS/GF/cheat_sheet_GF16.png>
Package pdftex.def Info: GRAPHICS/GF/cheat_sheet_GF16.png  used on input line 2
.
(pdftex.def)             Requested size: 398.33858pt x 254.8859pt.
)
(./GRAPHICS/THE_MAKEFILE/EXTRACTS/F_16_tables.tex)

[81 <./GRAPHICS/GF/cheat_sheet_GF16.png>]
Package mdframed Info: mdframed works in twoside mode on input line 218.

(./GRAPHICS/WRAPPERS/cheat_sheet_GF16_add_mul_draw.tex
<GRAPHICS/F16/GF_q16_table_add_draw.png, id=1860, 481.8pt x 481.8pt>
File: GRAPHICS/F16/GF_q16_table_add_draw.png Graphic file (type png)
<use GRAPHICS/F16/GF_q16_table_add_draw.png>
Package pdftex.def Info: GRAPHICS/F16/GF_q16_table_add_draw.png  used on input 
line 2.
(pdftex.def)             Requested size: 142.26378pt x 142.26208pt.
<GRAPHICS/F16/GF_q16_table_mul_draw.png, id=1861, 481.8pt x 481.8pt>
File: GRAPHICS/F16/GF_q16_table_mul_draw.png Graphic file (type png)
<use GRAPHICS/F16/GF_q16_table_mul_draw.png>
Package pdftex.def Info: GRAPHICS/F16/GF_q16_table_mul_draw.png  used on input 
line 3.
(pdftex.def)             Requested size: 142.26378pt x 142.26208pt.
)
Package mdframed Info: mdframed works in twoside mode on input line 236.

(./GRAPHICS/LATEX/subfields_of_GF64.tex)
Package mdframed Info: mdframed works in twoside mode on input line 247.

(./GRAPHICS/WRAPPERS/GF_q9_tables_draw.tex
<GRAPHICS/GF/GF_q9_addition_table_draw.png, id=1864, 271.0125pt x 271.0125pt>
File: GRAPHICS/GF/GF_q9_addition_table_draw.png Graphic file (type png)
<use GRAPHICS/GF/GF_q9_addition_table_draw.png>
Package pdftex.def Info: GRAPHICS/GF/GF_q9_addition_table_draw.png  used on inp
ut line 7.
(pdftex.def)             Requested size: 170.71652pt x 170.72223pt.
<GRAPHICS/GF/GF_q9_multiplication_table_draw.png, id=1865, 240.9pt x 240.9pt>
File: GRAPHICS/GF/GF_q9_multiplication_table_draw.png Graphic file (type png)
<use GRAPHICS/GF/GF_q9_multiplication_table_draw.png>
Package pdftex.def Info: GRAPHICS/GF/GF_q9_multiplication_table_draw.png  used 
on input line 9.
(pdftex.def)             Requested size: 170.71652pt x 170.72038pt.
)
Overfull \vbox (30.55971pt too high) detected at line 247
 []

Package mdframed Info: Box was splittet wrong
 starting loop to iterate the splitting point
(mdframed)              on input line 247.

Overfull \vbox (31.55971pt too high) detected at line 247
 []


Overfull \vbox (32.55971pt too high) detected at line 247
 []


Overfull \vbox (33.55971pt too high) detected at line 247
 []


Overfull \vbox (34.55971pt too high) detected at line 247
 []


Overfull \vbox (35.55971pt too high) detected at line 247
 []


Overfull \vbox (36.55971pt too high) detected at line 247
 []


Overfull \vbox (37.55971pt too high) detected at line 247
 []


Overfull \vbox (38.55971pt too high) detected at line 247
 []


Overfull \vbox (39.55971pt too high) detected at line 247
 []


Overfull \vbox (40.55971pt too high) detected at line 247
 []


Overfull \vbox (41.55971pt too high) detected at line 247
 []


Overfull \vbox (42.55971pt too high) detected at line 247
 []


Overfull \vbox (43.55971pt too high) detected at line 247
 []


Overfull \vbox (44.55971pt too high) detected at line 247
 []


Overfull \vbox (45.55971pt too high) detected at line 247
 []


Overfull \vbox (46.55971pt too high) detected at line 247
 []


Overfull \vbox (47.55971pt too high) detected at line 247
 []


Overfull \vbox (48.55971pt too high) detected at line 247
 []


Overfull \vbox (49.55971pt too high) detected at line 247
 []


Overfull \vbox (50.55971pt too high) detected at line 247
 []


Overfull \vbox (51.55971pt too high) detected at line 247
 []


Overfull \vbox (52.55971pt too high) detected at line 247
 []


Overfull \vbox (53.55971pt too high) detected at line 247
 []


Overfull \vbox (54.55971pt too high) detected at line 247
 []


Overfull \vbox (55.55971pt too high) detected at line 247
 []


Overfull \vbox (56.55971pt too high) detected at line 247
 []


Overfull \vbox (57.55971pt too high) detected at line 247
 []


Overfull \vbox (58.55971pt too high) detected at line 247
 []


Overfull \vbox (59.55971pt too high) detected at line 247
 []


Overfull \vbox (60.55971pt too high) detected at line 247
 []


Overfull \vbox (61.55971pt too high) detected at line 247
 []


Overfull \vbox (62.55971pt too high) detected at line 247
 []


Overfull \vbox (63.55971pt too high) detected at line 247
 []


Overfull \vbox (64.55971pt too high) detected at line 247
 []


Overfull \vbox (65.55971pt too high) detected at line 247
 []


Overfull \vbox (66.55971pt too high) detected at line 247
 []


Overfull \vbox (67.55971pt too high) detected at line 247
 []


Overfull \vbox (68.55971pt too high) detected at line 247
 []


Overfull \vbox (69.55971pt too high) detected at line 247
 []


Overfull \vbox (70.55971pt too high) detected at line 247
 []


Overfull \vbox (71.55971pt too high) detected at line 247
 []


Overfull \vbox (72.55971pt too high) detected at line 247
 []


Overfull \vbox (73.55971pt too high) detected at line 247
 []


Overfull \vbox (74.55971pt too high) detected at line 247
 []


Overfull \vbox (75.55971pt too high) detected at line 247
 []


Overfull \vbox (76.55971pt too high) detected at line 247
 []


Overfull \vbox (77.55971pt too high) detected at line 247
 []


Overfull \vbox (78.55971pt too high) detected at line 247
 []


Overfull \vbox (79.55971pt too high) detected at line 247
 []


Overfull \vbox (80.55971pt too high) detected at line 247
 []


Overfull \vbox (81.55971pt too high) detected at line 247
 []


Overfull \vbox (82.55971pt too high) detected at line 247
 []


Overfull \vbox (83.55971pt too high) detected at line 247
 []


Overfull \vbox (84.55971pt too high) detected at line 247
 []


Overfull \vbox (85.55971pt too high) detected at line 247
 []


Overfull \vbox (86.55971pt too high) detected at line 247
 []


Overfull \vbox (87.55971pt too high) detected at line 247
 []


Overfull \vbox (88.55971pt too high) detected at line 247
 []


Overfull \vbox (89.55971pt too high) detected at line 247
 []


Overfull \vbox (90.55971pt too high) detected at line 247
 []


Overfull \vbox (91.55971pt too high) detected at line 247
 []


Overfull \vbox (92.55971pt too high) detected at line 247
 []


Overfull \vbox (93.55971pt too high) detected at line 247
 []


Overfull \vbox (94.55971pt too high) detected at line 247
 []


Overfull \vbox (95.55971pt too high) detected at line 247
 []


Overfull \vbox (96.55971pt too high) detected at line 247
 []


Overfull \vbox (97.55971pt too high) detected at line 247
 []


Overfull \vbox (98.55971pt too high) detected at line 247
 []


Overfull \vbox (99.55971pt too high) detected at line 247
 []


Overfull \vbox (100.55971pt too high) detected at line 247
 []


Overfull \vbox (101.55971pt too high) detected at line 247
 []


Overfull \vbox (102.55971pt too high) detected at line 247
 []


Overfull \vbox (103.55971pt too high) detected at line 247
 []


Overfull \vbox (104.55971pt too high) detected at line 247
 []


Overfull \vbox (105.55971pt too high) detected at line 247
 []


Overfull \vbox (106.55971pt too high) detected at line 247
 []


Overfull \vbox (107.55971pt too high) detected at line 247
 []


Overfull \vbox (108.55971pt too high) detected at line 247
 []


Overfull \vbox (109.55971pt too high) detected at line 247
 []


Overfull \vbox (110.55971pt too high) detected at line 247
 []


Overfull \vbox (111.55971pt too high) detected at line 247
 []


Overfull \vbox (112.55971pt too high) detected at line 247
 []


Overfull \vbox (113.55971pt too high) detected at line 247
 []


Overfull \vbox (114.55971pt too high) detected at line 247
 []


Overfull \vbox (115.55971pt too high) detected at line 247
 []


Overfull \vbox (116.55971pt too high) detected at line 247
 []


Overfull \vbox (117.55971pt too high) detected at line 247
 []


Overfull \vbox (118.55971pt too high) detected at line 247
 []


Overfull \vbox (119.55971pt too high) detected at line 247
 []


Overfull \vbox (120.55971pt too high) detected at line 247
 []


Overfull \vbox (121.55971pt too high) detected at line 247
 []


Overfull \vbox (122.55971pt too high) detected at line 247
 []


Overfull \vbox (123.55971pt too high) detected at line 247
 []


Overfull \vbox (124.55971pt too high) detected at line 247
 []


Overfull \vbox (125.55971pt too high) detected at line 247
 []


Overfull \vbox (126.55971pt too high) detected at line 247
 []


Overfull \vbox (127.55971pt too high) detected at line 247
 []


Overfull \vbox (128.55971pt too high) detected at line 247
 []


Overfull \vbox (129.55971pt too high) detected at line 247
 []


Overfull \vbox (130.55971pt too high) detected at line 247
 []


Overfull \vbox (131.55971pt too high) detected at line 247
 []


Package mdframed Warning: correct box splittet fails
 It seems you are using a non splittable contents
(mdframed)                 on input line 247.

Package mdframed Info: You first box width is to small
 mdframed fixed it
(mdframed)              on input line 247.


[82 <./GRAPHICS/F16/GF_q16_table_add_draw.png> <./GRAPHICS/F16/GF_q16_table_mul
_draw.png>]
Package mdframed Info: mdframed works in twoside mode on input line 260.
 (./GRAPHICS/WRAPPERS/GF_q9_tables_reordered_draw.tex
<GRAPHICS/GF/GF_q9_addition_table_reordered_draw.png, id=1873, 271.0125pt x 271
.0125pt>
File: GRAPHICS/GF/GF_q9_addition_table_reordered_draw.png Graphic file (type pn
g)
<use GRAPHICS/GF/GF_q9_addition_table_reordered_draw.png>
Package pdftex.def Info: GRAPHICS/GF/GF_q9_addition_table_reordered_draw.png  u
sed on input line 2.
(pdftex.def)             Requested size: 156.49014pt x 156.49675pt.
<GRAPHICS/GF/GF_q9_multiplication_table_reordered_draw.png, id=1874, 240.9pt x 
240.9pt>
File: GRAPHICS/GF/GF_q9_multiplication_table_reordered_draw.png Graphic file (t
ype png)
<use GRAPHICS/GF/GF_q9_multiplication_table_reordered_draw.png>
Package pdftex.def Info: GRAPHICS/GF/GF_q9_multiplication_table_reordered_draw.
png  used on input line 4.
(pdftex.def)             Requested size: 156.49014pt x 156.49492pt.
)
(./GRAPHICS/THE_MAKEFILE/EXTRACTS/nth_roots_63.tex)

[83 <./GRAPHICS/GF/GF_q9_addition_table_draw.png> <./GRAPHICS/GF/GF_q9_multipli
cation_table_draw.png> <./GRAPHICS/GF/GF_q9_addition_table_reordered_draw.png> 
<./GRAPHICS/GF/GF_q9_multiplication_table_reordered_draw.png>]
Package mdframed Info: mdframed works in twoside mode on input line 272.

(./GRAPHICS/LATEX/Nth_roots_q2_n63.tex)
(./GRAPHICS/THE_MAKEFILE/EXTRACTS/F8_F2_field_reduction.tex)

[84]
Package mdframed Info: mdframed works in twoside mode on input line 282.
 (./GRAPHICS/WRAPPERS/field_reduction_F8_to_F2.tex
<GRAPHICS/F8/F8_to_F2_draw.png, id=1884, 722.7pt x 90.3375pt>
File: GRAPHICS/F8/F8_to_F2_draw.png Graphic file (type png)
<use GRAPHICS/F8/F8_to_F2_draw.png>
Package pdftex.def Info: GRAPHICS/F8/F8_to_F2_draw.png  used on input line 2.
(pdftex.def)             Requested size: 426.79134pt x 53.34966pt.

Overfull \hbox (1.83633pt too wide) detected at line 3
[]
 []

) (./GRAPHICS/THE_MAKEFILE/EXTRACTS/F_4096.tex)
Package mdframed Info: mdframed works in twoside mode on input line 328.

(./GRAPHICS/WRAPPERS/table_subfields_GF64.tex)
Package mdframed Info: Not enough space on this page on input line 328.


[85 <./GRAPHICS/F8/F8_to_F2_draw.png>]
Package mdframed Info: Not enough space on this page on input line 328.
Package mdframed Info: mdframed works in twoside mode on input line 333.

(./GRAPHICS/WRAPPERS/subfields_GF64_detailed.tex
Underfull \hbox (badness 10000) in paragraph at lines 1--5

 []


Underfull \hbox (badness 10000) in paragraph at lines 22--26

 []


Underfull \hbox (badness 10000) in paragraph at lines 44--48

 []


Underfull \hbox (badness 10000) in paragraph at lines 67--71

 []


Underfull \hbox (badness 10000) in paragraph at lines 91--95

 []

)
Package mdframed Info: Box was splittet wrong
 starting loop to iterate the splitting point
(mdframed)              on input line 333.


[86] (./GRAPHICS/THE_MAKEFILE/EXTRACTS/F_4489.tex)
Underfull \vbox (badness 7451) has occurred while \output is active []



[87])

[88] (./C03/sec_3.tex
(./GRAPHICS/TABLES/COMMANDS/finite_field_activities_linear_algebra_ug.tex)
(./GRAPHICS/THE_MAKEFILE/EXTRACTS/RREF.tex)
Package mdframed Info: mdframed works in twoside mode on input line 20.
 (./GRAPHICS/WRAPPERS/rref_1.tex)
(./GRAPHICS/THE_MAKEFILE/EXTRACTS/V7_VANDERMONDE_EXTENDED.tex)

[89

] (./GRAPHICS/THE_MAKEFILE/EXTRACTS/RREF_V7.tex)
Package mdframed Info: mdframed works in twoside mode on input line 41.

(./GRAPHICS/WRAPPERS/rref_long.tex
Underfull \hbox (badness 10000) in paragraph at lines 1--2

 []


Underfull \hbox (badness 10000) in paragraph at lines 14--16

 []


Underfull \hbox (badness 10000) in paragraph at lines 28--30

 []


Underfull \hbox (badness 10000) in paragraph at lines 44--45

 []


Underfull \hbox (badness 10000) in paragraph at lines 47--48

 []

)
Package mdframed Info: Box was splittet wrong
 starting loop to iterate the splitting point
(mdframed)              on input line 41.


[90] (./GRAPHICS/THE_MAKEFILE/EXTRACTS/nullspace.tex)
Package mdframed Info: mdframed works in twoside mode on input line 57.

(./GRAPHICS/WRAPPERS/rref_3.tex)
(./GRAPHICS/THE_MAKEFILE/EXTRACTS/eigenstuff.tex)

[91] (./GRAPHICS/THE_MAKEFILE/EXTRACTS/classes_GL_3_2.tex)
Package mdframed Info: mdframed works in twoside mode on input line 98.

(./GRAPHICS/WRAPPERS/conjugacy_classes_GL_3_2.tex
Underfull \hbox (badness 10000) in paragraph at lines 2--3

 []

)
Underfull \hbox (badness 10000) in paragraph at lines 119--98

 []



[92])

[93] (./C03/sec_4.tex
(./GRAPHICS/TABLES/COMMANDS/finite_field_activities_summary_1_ug.tex
Underfull \hbox (badness 10000) in paragraph at lines 25--25
[]|[]\OT1/zi4/m/n/10 -algebraic_normal_form_of_
 []

) (./GRAPHICS/TABLES/COMMANDS/finite_field_activities_summary_2_ug.tex)
(./GRAPHICS/THE_MAKEFILE/EXTRACTS/normal_basis_2_3.tex)

[94

] (./GRAPHICS/THE_MAKEFILE/EXTRACTS/F_64_over_F8_field_reduction.tex)

[95]
Package mdframed Info: mdframed works in twoside mode on input line 78.
 (./GRAPHICS/WRAPPERS/field_reduction_F64_to_F8.tex
<GRAPHICS/FIELD_REDUCTION/F64_over_F8_draw.png, id=1945, 481.8pt x 481.8pt>
File: GRAPHICS/FIELD_REDUCTION/F64_over_F8_draw.png Graphic file (type png)
<use GRAPHICS/FIELD_REDUCTION/F64_over_F8_draw.png>
Package pdftex.def Info: GRAPHICS/FIELD_REDUCTION/F64_over_F8_draw.png  used on
 input line 2.
(pdftex.def)             Requested size: 227.62204pt x 227.62228pt.
)
Package mdframed Info: mdframed works in twoside mode on input line 85.

(./GRAPHICS/WRAPPERS/field_reduction_F64_to_F4_and_F2.tex
<GRAPHICS/FIELD_REDUCTION/F64_over_F4_draw.png, id=1946, 722.7pt x 722.7pt>
File: GRAPHICS/FIELD_REDUCTION/F64_over_F4_draw.png Graphic file (type png)
<use GRAPHICS/FIELD_REDUCTION/F64_over_F4_draw.png>
Package pdftex.def Info: GRAPHICS/FIELD_REDUCTION/F64_over_F4_draw.png  used on
 input line 2.
(pdftex.def)             Requested size: 199.16928pt x 199.16766pt.
<GRAPHICS/FIELD_REDUCTION/F64_over_F2_draw.png, id=1947, 1445.4pt x 1445.4pt>
File: GRAPHICS/FIELD_REDUCTION/F64_over_F2_draw.png Graphic file (type png)
<use GRAPHICS/FIELD_REDUCTION/F64_over_F2_draw.png>
Package pdftex.def Info: GRAPHICS/FIELD_REDUCTION/F64_over_F2_draw.png  used on
 input line 4.
(pdftex.def)             Requested size: 199.16928pt x 199.15665pt.
)
Overfull \vbox (21.16559pt too high) detected at line 85
 []

Package mdframed Info: Box was splittet wrong
 starting loop to iterate the splitting point
(mdframed)              on input line 85.

Overfull \vbox (22.16559pt too high) detected at line 85
 []


Overfull \vbox (23.16559pt too high) detected at line 85
 []


Overfull \vbox (24.16559pt too high) detected at line 85
 []


Overfull \vbox (25.16559pt too high) detected at line 85
 []


Overfull \vbox (26.16559pt too high) detected at line 85
 []


Overfull \vbox (27.16559pt too high) detected at line 85
 []


Overfull \vbox (28.16559pt too high) detected at line 85
 []


Overfull \vbox (29.16559pt too high) detected at line 85
 []


Overfull \vbox (30.16559pt too high) detected at line 85
 []


Overfull \vbox (31.16559pt too high) detected at line 85
 []


Overfull \vbox (32.16559pt too high) detected at line 85
 []


Overfull \vbox (33.16559pt too high) detected at line 85
 []


Overfull \vbox (34.16559pt too high) detected at line 85
 []


Overfull \vbox (35.16559pt too high) detected at line 85
 []


Overfull \vbox (36.16559pt too high) detected at line 85
 []


Overfull \vbox (37.16559pt too high) detected at line 85
 []


Overfull \vbox (38.16559pt too high) detected at line 85
 []


Overfull \vbox (39.16559pt too high) detected at line 85
 []


Overfull \vbox (40.16559pt too high) detected at line 85
 []


Overfull \vbox (41.16559pt too high) detected at line 85
 []


Overfull \vbox (42.16559pt too high) detected at line 85
 []


Overfull \vbox (43.16559pt too high) detected at line 85
 []


Overfull \vbox (44.16559pt too high) detected at line 85
 []


Overfull \vbox (45.16559pt too high) detected at line 85
 []


Overfull \vbox (46.16559pt too high) detected at line 85
 []


Overfull \vbox (47.16559pt too high) detected at line 85
 []


Overfull \vbox (48.16559pt too high) detected at line 85
 []


Overfull \vbox (49.16559pt too high) detected at line 85
 []


Overfull \vbox (50.16559pt too high) detected at line 85
 []


Overfull \vbox (51.16559pt too high) detected at line 85
 []


Overfull \vbox (52.16559pt too high) detected at line 85
 []


Overfull \vbox (53.16559pt too high) detected at line 85
 []


Overfull \vbox (54.16559pt too high) detected at line 85
 []


Overfull \vbox (55.16559pt too high) detected at line 85
 []


Overfull \vbox (56.16559pt too high) detected at line 85
 []


Overfull \vbox (57.16559pt too high) detected at line 85
 []


Overfull \vbox (58.16559pt too high) detected at line 85
 []


Overfull \vbox (59.16559pt too high) detected at line 85
 []


Overfull \vbox (60.16559pt too high) detected at line 85
 []


Overfull \vbox (61.16559pt too high) detected at line 85
 []


Overfull \vbox (62.16559pt too high) detected at line 85
 []


Overfull \vbox (63.16559pt too high) detected at line 85
 []


Overfull \vbox (64.16559pt too high) detected at line 85
 []


Overfull \vbox (65.16559pt too high) detected at line 85
 []


Overfull \vbox (66.16559pt too high) detected at line 85
 []


Overfull \vbox (67.16559pt too high) detected at line 85
 []


Overfull \vbox (68.16559pt too high) detected at line 85
 []


Overfull \vbox (69.16559pt too high) detected at line 85
 []


Overfull \vbox (70.16559pt too high) detected at line 85
 []


Overfull \vbox (71.16559pt too high) detected at line 85
 []


Overfull \vbox (72.16559pt too high) detected at line 85
 []


Overfull \vbox (73.16559pt too high) detected at line 85
 []


Overfull \vbox (74.16559pt too high) detected at line 85
 []


Overfull \vbox (75.16559pt too high) detected at line 85
 []


Overfull \vbox (76.16559pt too high) detected at line 85
 []


Overfull \vbox (77.16559pt too high) detected at line 85
 []


Overfull \vbox (78.16559pt too high) detected at line 85
 []


Overfull \vbox (79.16559pt too high) detected at line 85
 []


Overfull \vbox (80.16559pt too high) detected at line 85
 []


Overfull \vbox (81.16559pt too high) detected at line 85
 []


Overfull \vbox (82.16559pt too high) detected at line 85
 []


Overfull \vbox (83.16559pt too high) detected at line 85
 []


Overfull \vbox (84.16559pt too high) detected at line 85
 []


Overfull \vbox (85.16559pt too high) detected at line 85
 []


Overfull \vbox (86.16559pt too high) detected at line 85
 []


Overfull \vbox (87.16559pt too high) detected at line 85
 []


Overfull \vbox (88.16559pt too high) detected at line 85
 []


Overfull \vbox (89.16559pt too high) detected at line 85
 []


Overfull \vbox (90.16559pt too high) detected at line 85
 []


Overfull \vbox (91.16559pt too high) detected at line 85
 []


Overfull \vbox (92.16559pt too high) detected at line 85
 []


Overfull \vbox (93.16559pt too high) detected at line 85
 []


Overfull \vbox (94.16559pt too high) detected at line 85
 []


Overfull \vbox (95.16559pt too high) detected at line 85
 []


Overfull \vbox (96.16559pt too high) detected at line 85
 []


Overfull \vbox (97.16559pt too high) detected at line 85
 []


Overfull \vbox (98.16559pt too high) detected at line 85
 []


Overfull \vbox (99.16559pt too high) detected at line 85
 []


Overfull \vbox (100.16559pt too high) detected at line 85
 []


Overfull \vbox (101.16559pt too high) detected at line 85
 []


Overfull \vbox (102.16559pt too high) detected at line 85
 []


Overfull \vbox (103.16559pt too high) detected at line 85
 []


Overfull \vbox (104.16559pt too high) detected at line 85
 []


Overfull \vbox (105.16559pt too high) detected at line 85
 []


Overfull \vbox (106.16559pt too high) detected at line 85
 []


Overfull \vbox (107.16559pt too high) detected at line 85
 []


Overfull \vbox (108.16559pt too high) detected at line 85
 []


Overfull \vbox (109.16559pt too high) detected at line 85
 []


Overfull \vbox (110.16559pt too high) detected at line 85
 []


Overfull \vbox (111.16559pt too high) detected at line 85
 []


Overfull \vbox (112.16559pt too high) detected at line 85
 []


Overfull \vbox (113.16559pt too high) detected at line 85
 []


Overfull \vbox (114.16559pt too high) detected at line 85
 []


Overfull \vbox (115.16559pt too high) detected at line 85
 []


Overfull \vbox (116.16559pt too high) detected at line 85
 []


Overfull \vbox (117.16559pt too high) detected at line 85
 []


Overfull \vbox (118.16559pt too high) detected at line 85
 []


Overfull \vbox (119.16559pt too high) detected at line 85
 []


Overfull \vbox (120.16559pt too high) detected at line 85
 []


Overfull \vbox (121.16559pt too high) detected at line 85
 []


Overfull \vbox (122.16559pt too high) detected at line 85
 []


Package mdframed Warning: correct box splittet fails
 It seems you are using a non splittable contents
(mdframed)                 on input line 85.

Package mdframed Info: You first box width is to small
 mdframed fixed it
(mdframed)              on input line 85.


[96 <./GRAPHICS/FIELD_REDUCTION/F64_over_F8_draw.png>]
(./GRAPHICS/THE_MAKEFILE/EXTRACTS/F_8_Nth_roots_21.tex)
Package mdframed Info: mdframed works in twoside mode on input line 116.

(./GRAPHICS/WRAPPERS/nth_roots_21_over_F8.tex)

[97 <./GRAPHICS/FIELD_REDUCTION/F64_over_F4_draw.png> <./GRAPHICS/FIELD_REDUCTI
ON/F64_over_F2_draw.png>]
Package mdframed Info: Box was splittet wrong
 starting loop to iterate the splitting point
(mdframed)              on input line 116.


[98] (./GRAPHICS/THE_MAKEFILE/EXTRACTS/F_8_vandermonde.tex)
Package mdframed Info: mdframed works in twoside mode on input line 131.

(./GRAPHICS/WRAPPERS/F8_vandermonde.tex)
Overfull \vbox (2.05766pt too high) detected at line 131
 []

Package mdframed Info: Box was splittet wrong
 starting loop to iterate the splitting point
(mdframed)              on input line 131.

Overfull \vbox (3.05766pt too high) detected at line 131
 []


Overfull \vbox (4.05766pt too high) detected at line 131
 []


Overfull \vbox (5.05766pt too high) detected at line 131
 []


Overfull \vbox (6.05766pt too high) detected at line 131
 []


Overfull \vbox (7.05766pt too high) detected at line 131
 []


Overfull \vbox (8.05766pt too high) detected at line 131
 []


Overfull \vbox (9.05766pt too high) detected at line 131
 []


Overfull \vbox (10.05766pt too high) detected at line 131
 []


Overfull \vbox (11.05766pt too high) detected at line 131
 []


Overfull \vbox (12.05766pt too high) detected at line 131
 []


Overfull \vbox (13.05766pt too high) detected at line 131
 []


Overfull \vbox (14.05766pt too high) detected at line 131
 []


Overfull \vbox (15.05766pt too high) detected at line 131
 []


Overfull \vbox (16.05766pt too high) detected at line 131
 []


Overfull \vbox (17.05766pt too high) detected at line 131
 []


Overfull \vbox (18.05766pt too high) detected at line 131
 []


Overfull \vbox (19.05766pt too high) detected at line 131
 []


Overfull \vbox (20.05766pt too high) detected at line 131
 []


Overfull \vbox (21.05766pt too high) detected at line 131
 []


Overfull \vbox (22.05766pt too high) detected at line 131
 []


Overfull \vbox (23.05766pt too high) detected at line 131
 []


Overfull \vbox (24.05766pt too high) detected at line 131
 []


Overfull \vbox (25.05766pt too high) detected at line 131
 []


Overfull \vbox (26.05766pt too high) detected at line 131
 []


Overfull \vbox (27.05766pt too high) detected at line 131
 []


Overfull \vbox (28.05766pt too high) detected at line 131
 []


Overfull \vbox (29.05766pt too high) detected at line 131
 []


Overfull \vbox (30.05766pt too high) detected at line 131
 []


Overfull \vbox (31.05766pt too high) detected at line 131
 []


Overfull \vbox (32.05766pt too high) detected at line 131
 []


Overfull \vbox (33.05766pt too high) detected at line 131
 []


Overfull \vbox (34.05766pt too high) detected at line 131
 []


Overfull \vbox (35.05766pt too high) detected at line 131
 []


Overfull \vbox (36.05766pt too high) detected at line 131
 []


Overfull \vbox (37.05766pt too high) detected at line 131
 []


Overfull \vbox (38.05766pt too high) detected at line 131
 []


Overfull \vbox (39.05766pt too high) detected at line 131
 []


Overfull \vbox (40.05766pt too high) detected at line 131
 []


Overfull \vbox (41.05766pt too high) detected at line 131
 []


Overfull \vbox (42.05766pt too high) detected at line 131
 []


Overfull \vbox (43.05766pt too high) detected at line 131
 []


Overfull \vbox (44.05766pt too high) detected at line 131
 []


Overfull \vbox (45.05766pt too high) detected at line 131
 []


Overfull \vbox (46.05766pt too high) detected at line 131
 []


Overfull \vbox (47.05766pt too high) detected at line 131
 []


Overfull \vbox (48.05766pt too high) detected at line 131
 []


Overfull \vbox (49.05766pt too high) detected at line 131
 []


Overfull \vbox (50.05766pt too high) detected at line 131
 []


Overfull \vbox (51.05766pt too high) detected at line 131
 []


Overfull \vbox (52.05766pt too high) detected at line 131
 []


Overfull \vbox (53.05766pt too high) detected at line 131
 []


Overfull \vbox (54.05766pt too high) detected at line 131
 []


Overfull \vbox (55.05766pt too high) detected at line 131
 []


Overfull \vbox (56.05766pt too high) detected at line 131
 []


Overfull \vbox (57.05766pt too high) detected at line 131
 []


Overfull \vbox (58.05766pt too high) detected at line 131
 []


Overfull \vbox (59.05766pt too high) detected at line 131
 []


Overfull \vbox (60.05766pt too high) detected at line 131
 []


Overfull \vbox (61.05766pt too high) detected at line 131
 []


Overfull \vbox (62.05766pt too high) detected at line 131
 []


Overfull \vbox (63.05766pt too high) detected at line 131
 []


Overfull \vbox (64.05766pt too high) detected at line 131
 []


Overfull \vbox (65.05766pt too high) detected at line 131
 []


Overfull \vbox (66.05766pt too high) detected at line 131
 []


Overfull \vbox (67.05766pt too high) detected at line 131
 []


Overfull \vbox (68.05766pt too high) detected at line 131
 []


Overfull \vbox (69.05766pt too high) detected at line 131
 []


Overfull \vbox (70.05766pt too high) detected at line 131
 []


Overfull \vbox (71.05766pt too high) detected at line 131
 []


Overfull \vbox (72.05766pt too high) detected at line 131
 []


Overfull \vbox (73.05766pt too high) detected at line 131
 []


Overfull \vbox (74.05766pt too high) detected at line 131
 []


Overfull \vbox (75.05766pt too high) detected at line 131
 []


Overfull \vbox (76.05766pt too high) detected at line 131
 []


Overfull \vbox (77.05766pt too high) detected at line 131
 []


Overfull \vbox (78.05766pt too high) detected at line 131
 []


Overfull \vbox (79.05766pt too high) detected at line 131
 []


Overfull \vbox (80.05766pt too high) detected at line 131
 []


Overfull \vbox (81.05766pt too high) detected at line 131
 []


Overfull \vbox (82.05766pt too high) detected at line 131
 []


Overfull \vbox (83.05766pt too high) detected at line 131
 []


Overfull \vbox (84.05766pt too high) detected at line 131
 []


Overfull \vbox (85.05766pt too high) detected at line 131
 []


Overfull \vbox (86.05766pt too high) detected at line 131
 []


Overfull \vbox (87.05766pt too high) detected at line 131
 []


Overfull \vbox (88.05766pt too high) detected at line 131
 []


Overfull \vbox (89.05766pt too high) detected at line 131
 []


Overfull \vbox (90.05766pt too high) detected at line 131
 []


Overfull \vbox (91.05766pt too high) detected at line 131
 []


Overfull \vbox (92.05766pt too high) detected at line 131
 []


Overfull \vbox (93.05766pt too high) detected at line 131
 []


Overfull \vbox (94.05766pt too high) detected at line 131
 []


Overfull \vbox (95.05766pt too high) detected at line 131
 []


Overfull \vbox (96.05766pt too high) detected at line 131
 []


Overfull \vbox (97.05766pt too high) detected at line 131
 []


Overfull \vbox (98.05766pt too high) detected at line 131
 []


Overfull \vbox (99.05766pt too high) detected at line 131
 []


Overfull \vbox (100.05766pt too high) detected at line 131
 []


Overfull \vbox (101.05766pt too high) detected at line 131
 []


Overfull \vbox (102.05766pt too high) detected at line 131
 []


Overfull \vbox (103.05766pt too high) detected at line 131
 []


Package mdframed Warning: correct box splittet fails
 It seems you are using a non splittable contents
(mdframed)                 on input line 131.

Package mdframed Info: You first box width is to small
 mdframed fixed it
(mdframed)              on input line 131.


[99] (./GRAPHICS/THE_MAKEFILE/EXTRACTS/F_512_vandermonde.tex)
(./GRAPHICS/THE_MAKEFILE/EXTRACTS/SRC.tex)
(./GRAPHICS/THE_MAKEFILE/EXTRACTS/NTT_k4_q17.cpp.tex)

[100] (./GRAPHICS/THE_MAKEFILE/EXTRACTS/F_17_NTT_compile.tex))

[101])

[102


]
Chapter 4.
(./C04/chapter.tex (./C04/sec_1.tex
(./GRAPHICS/TABLES/COMMANDS/projective_space_with_action_ug.tex)
(./GRAPHICS/THE_MAKEFILE/EXTRACTS/PG_3_2_easy.tex)

[103] (./GRAPHICS/THE_MAKEFILE/EXTRACTS/PG_2_4.tex)
Package mdframed Info: mdframed works in twoside mode on input line 52.

(./GRAPHICS/WRAPPERS/PG_2_4.tex
<GRAPHICS/PG/PG_2_4.png, id=1985, 343.2825pt x 323.2075pt>
File: GRAPHICS/PG/PG_2_4.png Graphic file (type png)
<use GRAPHICS/PG/PG_2_4.png>
Package pdftex.def Info: GRAPHICS/PG/PG_2_4.png  used on input line 2.
(pdftex.def)             Requested size: 170.71652pt x 160.73042pt.
)
Package mdframed Info: mdframed works in twoside mode on input line 61.
 (./GRAPHICS/LATEX/report_PG_2_4.tex
Underfull \hbox (badness 10000) in paragraph at lines 1--3

 []


Underfull \hbox (badness 10000) in paragraph at lines 3--24

 []


Underfull \hbox (badness 10000) in paragraph at lines 25--27

 []


Underfull \hbox (badness 10000) in paragraph at lines 27--34

 []


Underfull \hbox (badness 10000) in paragraph at lines 35--38

 []


Underfull \hbox (badness 10000) in paragraph at lines 38--59

 []


Underfull \hbox (badness 10000) in paragraph at lines 60--63

 []


Underfull \hbox (badness 10000) in paragraph at lines 63--210

 []

)

[104 <./GRAPHICS/PG/PG_2_4.png>] (./GRAPHICS/THE_MAKEFILE/EXTRACTS/PG_3_2.tex)
Underfull \vbox (badness 10000) has occurred while \output is active []



[105]
Package mdframed Info: mdframed works in twoside mode on input line 74.
 (./GRAPHICS/LATEX/report_PG_3_2.tex
Underfull \hbox (badness 10000) in paragraph at lines 2--13

 []


Underfull \hbox (badness 10000) in paragraph at lines 14--16

 []


Underfull \hbox (badness 10000) in paragraph at lines 16--31

 []


Underfull \hbox (badness 10000) in paragraph at lines 32--34

 []


Underfull \hbox (badness 10000) in paragraph at lines 34--49

 []


Underfull \hbox (badness 10000) in paragraph at lines 53--223

 []


Underfull \hbox (badness 10000) in paragraph at lines 225--253

 []

)

[106]

[107])

[108] (./C04/sec_2.tex (./GRAPHICS/TABLES/OTHER/rank_points_small.tex)

[109

] (./GRAPHICS/THE_MAKEFILE/EXTRACTS/PG_2_4_rank_point.tex)
(./GRAPHICS/THE_MAKEFILE/EXTRACTS/PG_2_4_unrank_point.tex)
(./GRAPHICS/THE_MAKEFILE/EXTRACTS/PG_2_4_print_points.tex)

[110] (./GRAPHICS/TABLES/OTHER/rank_lines_small.tex)
(./GRAPHICS/THE_MAKEFILE/EXTRACTS/PG_2_2_rank_lines.tex)

[111] (./GRAPHICS/THE_MAKEFILE/EXTRACTS/PG_2_2_unrank_lines.tex))

[112] (./C04/sec_3.tex (./GRAPHICS/THE_MAKEFILE/EXTRACTS/PG_2_16.tex)
Package mdframed Info: mdframed works in twoside mode on input line 29.

(./GRAPHICS/WRAPPERS/PG_2_16_incma_draw.tex
<GRAPHICS/PG/PG_2_16.png, id=2040, 622.325pt x 615.29875pt>
File: GRAPHICS/PG/PG_2_16.png Graphic file (type png)
<use GRAPHICS/PG/PG_2_16.png>
Package pdftex.def Info: GRAPHICS/PG/PG_2_16.png  used on input line 2.
(pdftex.def)             Requested size: 256.0748pt x 253.18481pt.
)

[113

 <./GRAPHICS/PG/PG_2_16.png>]
(./GRAPHICS/THE_MAKEFILE/EXTRACTS/PG_2_8_incidence_matrix.tex)
Package mdframed Info: mdframed works in twoside mode on input line 50.

(./GRAPHICS/WRAPPERS/PG_n2_q8_incidence_matrix_draw.tex
<GRAPHICS/PG/PG_n2_q8_incidence_matrix_draw.png, id=2048, 1099.10625pt x 1099.1
0625pt>
File: GRAPHICS/PG/PG_n2_q8_incidence_matrix_draw.png Graphic file (type png)
<use GRAPHICS/PG/PG_n2_q8_incidence_matrix_draw.png>
Package pdftex.def Info: GRAPHICS/PG/PG_n2_q8_incidence_matrix_draw.png  used o
n input line 2.
(pdftex.def)             Requested size: 369.88582pt x 369.88417pt.
)
Overfull \vbox (92.37302pt too high) detected at line 50
 []

Package mdframed Info: Box was splittet wrong
 starting loop to iterate the splitting point
(mdframed)              on input line 50.

Overfull \vbox (93.37302pt too high) detected at line 50
 []


Overfull \vbox (94.37302pt too high) detected at line 50
 []


Overfull \vbox (95.37302pt too high) detected at line 50
 []


Overfull \vbox (96.37302pt too high) detected at line 50
 []


Overfull \vbox (97.37302pt too high) detected at line 50
 []


Overfull \vbox (98.37302pt too high) detected at line 50
 []


Overfull \vbox (99.37302pt too high) detected at line 50
 []


Overfull \vbox (100.37302pt too high) detected at line 50
 []


Overfull \vbox (101.37302pt too high) detected at line 50
 []


Overfull \vbox (102.37302pt too high) detected at line 50
 []


Overfull \vbox (103.37302pt too high) detected at line 50
 []


Overfull \vbox (104.37302pt too high) detected at line 50
 []


Overfull \vbox (105.37302pt too high) detected at line 50
 []


Overfull \vbox (106.37302pt too high) detected at line 50
 []


Overfull \vbox (107.37302pt too high) detected at line 50
 []


Overfull \vbox (108.37302pt too high) detected at line 50
 []


Overfull \vbox (109.37302pt too high) detected at line 50
 []


Overfull \vbox (110.37302pt too high) detected at line 50
 []


Overfull \vbox (111.37302pt too high) detected at line 50
 []


Overfull \vbox (112.37302pt too high) detected at line 50
 []


Overfull \vbox (113.37302pt too high) detected at line 50
 []


Overfull \vbox (114.37302pt too high) detected at line 50
 []


Overfull \vbox (115.37302pt too high) detected at line 50
 []


Overfull \vbox (116.37302pt too high) detected at line 50
 []


Overfull \vbox (117.37302pt too high) detected at line 50
 []


Overfull \vbox (118.37302pt too high) detected at line 50
 []


Overfull \vbox (119.37302pt too high) detected at line 50
 []


Overfull \vbox (120.37302pt too high) detected at line 50
 []


Overfull \vbox (121.37302pt too high) detected at line 50
 []


Overfull \vbox (122.37302pt too high) detected at line 50
 []


Overfull \vbox (123.37302pt too high) detected at line 50
 []


Overfull \vbox (124.37302pt too high) detected at line 50
 []


Overfull \vbox (125.37302pt too high) detected at line 50
 []


Overfull \vbox (126.37302pt too high) detected at line 50
 []


Overfull \vbox (127.37302pt too high) detected at line 50
 []


Overfull \vbox (128.37302pt too high) detected at line 50
 []


Overfull \vbox (129.37302pt too high) detected at line 50
 []


Overfull \vbox (130.37302pt too high) detected at line 50
 []


Overfull \vbox (131.37302pt too high) detected at line 50
 []


Overfull \vbox (132.37302pt too high) detected at line 50
 []


Overfull \vbox (133.37302pt too high) detected at line 50
 []


Overfull \vbox (134.37302pt too high) detected at line 50
 []


Overfull \vbox (135.37302pt too high) detected at line 50
 []


Overfull \vbox (136.37302pt too high) detected at line 50
 []


Overfull \vbox (137.37302pt too high) detected at line 50
 []


Overfull \vbox (138.37302pt too high) detected at line 50
 []


Overfull \vbox (139.37302pt too high) detected at line 50
 []


Overfull \vbox (140.37302pt too high) detected at line 50
 []


Overfull \vbox (141.37302pt too high) detected at line 50
 []


Overfull \vbox (142.37302pt too high) detected at line 50
 []


Overfull \vbox (143.37302pt too high) detected at line 50
 []


Overfull \vbox (144.37302pt too high) detected at line 50
 []


Overfull \vbox (145.37302pt too high) detected at line 50
 []


Overfull \vbox (146.37302pt too high) detected at line 50
 []


Overfull \vbox (147.37302pt too high) detected at line 50
 []


Overfull \vbox (148.37302pt too high) detected at line 50
 []


Overfull \vbox (149.37302pt too high) detected at line 50
 []


Overfull \vbox (150.37302pt too high) detected at line 50
 []


Overfull \vbox (151.37302pt too high) detected at line 50
 []


Overfull \vbox (152.37302pt too high) detected at line 50
 []


Overfull \vbox (153.37302pt too high) detected at line 50
 []


Overfull \vbox (154.37302pt too high) detected at line 50
 []


Overfull \vbox (155.37302pt too high) detected at line 50
 []


Overfull \vbox (156.37302pt too high) detected at line 50
 []


Overfull \vbox (157.37302pt too high) detected at line 50
 []


Overfull \vbox (158.37302pt too high) detected at line 50
 []


Overfull \vbox (159.37302pt too high) detected at line 50
 []


Overfull \vbox (160.37302pt too high) detected at line 50
 []


Overfull \vbox (161.37302pt too high) detected at line 50
 []


Overfull \vbox (162.37302pt too high) detected at line 50
 []


Overfull \vbox (163.37302pt too high) detected at line 50
 []


Overfull \vbox (164.37302pt too high) detected at line 50
 []


Overfull \vbox (165.37302pt too high) detected at line 50
 []


Overfull \vbox (166.37302pt too high) detected at line 50
 []


Overfull \vbox (167.37302pt too high) detected at line 50
 []


Overfull \vbox (168.37302pt too high) detected at line 50
 []


Overfull \vbox (169.37302pt too high) detected at line 50
 []


Overfull \vbox (170.37302pt too high) detected at line 50
 []


Overfull \vbox (171.37302pt too high) detected at line 50
 []


Overfull \vbox (172.37302pt too high) detected at line 50
 []


Overfull \vbox (173.37302pt too high) detected at line 50
 []


Overfull \vbox (174.37302pt too high) detected at line 50
 []


Overfull \vbox (175.37302pt too high) detected at line 50
 []


Overfull \vbox (176.37302pt too high) detected at line 50
 []


Overfull \vbox (177.37302pt too high) detected at line 50
 []


Overfull \vbox (178.37302pt too high) detected at line 50
 []


Overfull \vbox (179.37302pt too high) detected at line 50
 []


Overfull \vbox (180.37302pt too high) detected at line 50
 []


Overfull \vbox (181.37302pt too high) detected at line 50
 []


Overfull \vbox (182.37302pt too high) detected at line 50
 []


Overfull \vbox (183.37302pt too high) detected at line 50
 []


Overfull \vbox (184.37302pt too high) detected at line 50
 []


Overfull \vbox (185.37302pt too high) detected at line 50
 []


Overfull \vbox (186.37302pt too high) detected at line 50
 []


Overfull \vbox (187.37302pt too high) detected at line 50
 []


Overfull \vbox (188.37302pt too high) detected at line 50
 []


Overfull \vbox (189.37302pt too high) detected at line 50
 []


Overfull \vbox (190.37302pt too high) detected at line 50
 []


Overfull \vbox (191.37302pt too high) detected at line 50
 []


Overfull \vbox (192.37302pt too high) detected at line 50
 []


Overfull \vbox (193.37302pt too high) detected at line 50
 []


Package mdframed Warning: correct box splittet fails
 It seems you are using a non splittable contents
(mdframed)                 on input line 50.

Package mdframed Info: You first box width is to small
 mdframed fixed it
(mdframed)              on input line 50.


[114] (./GRAPHICS/THE_MAKEFILE/EXTRACTS/PG_2_4_with_decomposition.tex)

[115 <./GRAPHICS/PG/PG_n2_q8_incidence_matrix_draw.png>]
Package mdframed Info: mdframed works in twoside mode on input line 72.

(./GRAPHICS/LATEX/report_PG_2_4_singer.tex
Underfull \hbox (badness 10000) in paragraph at lines 20--30

 []


Underfull \hbox (badness 10000) in paragraph at lines 36--40

 []

) (./GRAPHICS/THE_MAKEFILE/EXTRACTS/PG_2_4_incma_cyclic.tex)
Package mdframed Info: mdframed works in twoside mode on input line 83.

(./GRAPHICS/WRAPPERS/PG_2_4_incma_cyclic.tex
<GRAPHICS/PG/PG_2_4_singer_incma_cyclic_draw.png, id=2058, 632.3625pt x 632.362
5pt>
File: GRAPHICS/PG/PG_2_4_singer_incma_cyclic_draw.png Graphic file (type png)
<use GRAPHICS/PG/PG_2_4_singer_incma_cyclic_draw.png>
Package pdftex.def Info: GRAPHICS/PG/PG_2_4_singer_incma_cyclic_draw.png  used 
on input line 2.
(pdftex.def)             Requested size: 256.0748pt x 256.07646pt.
)

[116]
Package mdframed Info: Not enough space on this page on input line 83.
 (./GRAPHICS/THE_MAKEFILE/EXTRACTS/PG_2_4_incma_singer_sub_3.tex)
Package mdframed Info: mdframed works in twoside mode on input line 101.

(./GRAPHICS/WRAPPERS/PG_2_4_incma_tactical.tex
<GRAPHICS/PG/PG_2_4_singer_incma_subgroup_index_3_draw.png, id=2063, 632.3625pt
 x 632.3625pt>
File: GRAPHICS/PG/PG_2_4_singer_incma_subgroup_index_3_draw.png Graphic file (t
ype png)
<use GRAPHICS/PG/PG_2_4_singer_incma_subgroup_index_3_draw.png>
Package pdftex.def Info: GRAPHICS/PG/PG_2_4_singer_incma_subgroup_index_3_draw.
png  used on input line 2.
(pdftex.def)             Requested size: 256.0748pt x 256.07646pt.
)
Overfull \vbox (213.18619pt too high) detected at line 101
 []

Package mdframed Info: Box was splittet wrong
 starting loop to iterate the splitting point
(mdframed)              on input line 101.

Overfull \vbox (214.18619pt too high) detected at line 101
 []


Overfull \vbox (215.18619pt too high) detected at line 101
 []


Overfull \vbox (216.18619pt too high) detected at line 101
 []


Overfull \vbox (217.18619pt too high) detected at line 101
 []


Overfull \vbox (218.18619pt too high) detected at line 101
 []


Overfull \vbox (219.18619pt too high) detected at line 101
 []


Overfull \vbox (220.18619pt too high) detected at line 101
 []


Overfull \vbox (221.18619pt too high) detected at line 101
 []


Overfull \vbox (222.18619pt too high) detected at line 101
 []


Overfull \vbox (223.18619pt too high) detected at line 101
 []


Overfull \vbox (224.18619pt too high) detected at line 101
 []


Overfull \vbox (225.18619pt too high) detected at line 101
 []


Overfull \vbox (226.18619pt too high) detected at line 101
 []


Overfull \vbox (227.18619pt too high) detected at line 101
 []


Overfull \vbox (228.18619pt too high) detected at line 101
 []


Overfull \vbox (229.18619pt too high) detected at line 101
 []


Overfull \vbox (230.18619pt too high) detected at line 101
 []


Overfull \vbox (231.18619pt too high) detected at line 101
 []


Overfull \vbox (232.18619pt too high) detected at line 101
 []


Overfull \vbox (233.18619pt too high) detected at line 101
 []


Overfull \vbox (234.18619pt too high) detected at line 101
 []


Overfull \vbox (235.18619pt too high) detected at line 101
 []


Overfull \vbox (236.18619pt too high) detected at line 101
 []


Overfull \vbox (237.18619pt too high) detected at line 101
 []


Overfull \vbox (238.18619pt too high) detected at line 101
 []


Overfull \vbox (239.18619pt too high) detected at line 101
 []


Overfull \vbox (240.18619pt too high) detected at line 101
 []


Overfull \vbox (241.18619pt too high) detected at line 101
 []


Overfull \vbox (242.18619pt too high) detected at line 101
 []


Overfull \vbox (243.18619pt too high) detected at line 101
 []


Overfull \vbox (244.18619pt too high) detected at line 101
 []


Overfull \vbox (245.18619pt too high) detected at line 101
 []


Overfull \vbox (246.18619pt too high) detected at line 101
 []


Overfull \vbox (247.18619pt too high) detected at line 101
 []


Overfull \vbox (248.18619pt too high) detected at line 101
 []


Overfull \vbox (249.18619pt too high) detected at line 101
 []


Overfull \vbox (250.18619pt too high) detected at line 101
 []


Overfull \vbox (251.18619pt too high) detected at line 101
 []


Overfull \vbox (252.18619pt too high) detected at line 101
 []


Overfull \vbox (253.18619pt too high) detected at line 101
 []


Overfull \vbox (254.18619pt too high) detected at line 101
 []


Overfull \vbox (255.18619pt too high) detected at line 101
 []


Overfull \vbox (256.18619pt too high) detected at line 101
 []


Overfull \vbox (257.18619pt too high) detected at line 101
 []


Overfull \vbox (258.18619pt too high) detected at line 101
 []


Overfull \vbox (259.18619pt too high) detected at line 101
 []


Overfull \vbox (260.18619pt too high) detected at line 101
 []


Overfull \vbox (261.18619pt too high) detected at line 101
 []


Overfull \vbox (262.18619pt too high) detected at line 101
 []


Overfull \vbox (263.18619pt too high) detected at line 101
 []


Overfull \vbox (264.18619pt too high) detected at line 101
 []


Overfull \vbox (265.18619pt too high) detected at line 101
 []


Overfull \vbox (266.18619pt too high) detected at line 101
 []


Overfull \vbox (267.18619pt too high) detected at line 101
 []


Overfull \vbox (268.18619pt too high) detected at line 101
 []


Overfull \vbox (269.18619pt too high) detected at line 101
 []


Overfull \vbox (270.18619pt too high) detected at line 101
 []


Overfull \vbox (271.18619pt too high) detected at line 101
 []


Overfull \vbox (272.18619pt too high) detected at line 101
 []


Overfull \vbox (273.18619pt too high) detected at line 101
 []


Overfull \vbox (274.18619pt too high) detected at line 101
 []


Overfull \vbox (275.18619pt too high) detected at line 101
 []


Overfull \vbox (276.18619pt too high) detected at line 101
 []


Overfull \vbox (277.18619pt too high) detected at line 101
 []


Overfull \vbox (278.18619pt too high) detected at line 101
 []


Overfull \vbox (279.18619pt too high) detected at line 101
 []


Overfull \vbox (280.18619pt too high) detected at line 101
 []


Overfull \vbox (281.18619pt too high) detected at line 101
 []


Overfull \vbox (282.18619pt too high) detected at line 101
 []


Overfull \vbox (283.18619pt too high) detected at line 101
 []


Overfull \vbox (284.18619pt too high) detected at line 101
 []


Overfull \vbox (285.18619pt too high) detected at line 101
 []


Overfull \vbox (286.18619pt too high) detected at line 101
 []


Overfull \vbox (287.18619pt too high) detected at line 101
 []


Overfull \vbox (288.18619pt too high) detected at line 101
 []


Overfull \vbox (289.18619pt too high) detected at line 101
 []


Overfull \vbox (290.18619pt too high) detected at line 101
 []


Overfull \vbox (291.18619pt too high) detected at line 101
 []


Overfull \vbox (292.18619pt too high) detected at line 101
 []


Overfull \vbox (293.18619pt too high) detected at line 101
 []


Overfull \vbox (294.18619pt too high) detected at line 101
 []


Overfull \vbox (295.18619pt too high) detected at line 101
 []


Overfull \vbox (296.18619pt too high) detected at line 101
 []


Overfull \vbox (297.18619pt too high) detected at line 101
 []


Overfull \vbox (298.18619pt too high) detected at line 101
 []


Overfull \vbox (299.18619pt too high) detected at line 101
 []


Overfull \vbox (300.18619pt too high) detected at line 101
 []


Overfull \vbox (301.18619pt too high) detected at line 101
 []


Overfull \vbox (302.18619pt too high) detected at line 101
 []


Overfull \vbox (303.18619pt too high) detected at line 101
 []


Overfull \vbox (304.18619pt too high) detected at line 101
 []


Overfull \vbox (305.18619pt too high) detected at line 101
 []


Overfull \vbox (306.18619pt too high) detected at line 101
 []


Overfull \vbox (307.18619pt too high) detected at line 101
 []


Overfull \vbox (308.18619pt too high) detected at line 101
 []


Overfull \vbox (309.18619pt too high) detected at line 101
 []


Overfull \vbox (310.18619pt too high) detected at line 101
 []


Overfull \vbox (311.18619pt too high) detected at line 101
 []


Overfull \vbox (312.18619pt too high) detected at line 101
 []


Overfull \vbox (313.18619pt too high) detected at line 101
 []


Overfull \vbox (314.18619pt too high) detected at line 101
 []


Package mdframed Warning: correct box splittet fails
 It seems you are using a non splittable contents
(mdframed)                 on input line 101.

Package mdframed Info: You first box width is to small
 mdframed fixed it
(mdframed)              on input line 101.


[117 <./GRAPHICS/PG/PG_2_4_singer_incma_cyclic_draw.png>])

[118 <./GRAPHICS/PG/PG_2_4_singer_incma_subgroup_index_3_draw.png>]
(./C04/sec_4.tex (./GRAPHICS/TABLES/COMMANDS/projective_space_activity_1_ug.tex

Underfull \hbox (badness 10000) in paragraph at lines 45--45
[]|[]\OT1/zi4/m/n/10 -export_restricted_point_line_
 []


Underfull \hbox (badness 10000) in paragraph at lines 45--45
[]|[]\OT1/zi4/m/n/10 -export_cubic_surface_
 []


Underfull \hbox (badness 10000) in paragraph at lines 45--45
[]|[]\OT1/zi4/m/n/10 -export_cubic_surface_
 []


Underfull \hbox (badness 10000) in paragraph at lines 45--45
[]\OT1/zi4/m/n/10 line_tritangent_plane_
 []


Underfull \hbox (badness 10000) in paragraph at lines 45--45
[]|[]\OT1/zi4/m/n/10 -table_of_cubic_surfaces_
 []


Underfull \hbox (badness 10000) in paragraph at lines 45--45
[]|\OT1/cmss/m/n/10 label $\OML/cmm/m/it/10 m$ $n$
 []


Underfull \hbox (badness 2951) in paragraph at lines 45--45
[]|\OT1/cmss/m/n/10 eqn pa-ram-e-
 []


Underfull \hbox (badness 10000) in paragraph at lines 45--45
[]|\OT1/cmss/m/n/10 power elt
 []

) (./GRAPHICS/TABLES/COMMANDS/projective_space_activity_2_ug.tex
Underfull \hbox (badness 10000) in paragraph at lines 27--27
[]|\OT1/cmss/m/n/10 options
 []


Underfull \hbox (badness 10000) in paragraph at lines 27--27
[]|$\OML/cmm/m/it/10 k$ \OT1/cmss/m/n/10 fname-
 []


Underfull \hbox (badness 10000) in paragraph at lines 27--27
\OT1/cmss/m/n/10 mask $\OML/cmm/m/it/10 N$
 []


Underfull \hbox (badness 10000) in paragraph at lines 27--27
\OT1/cmss/m/n/10 col-label
 []


Underfull \hbox (badness 10000) in paragraph at lines 27--27
[]|[]\OT1/zi4/m/n/10 -arc_with_given_set_as_
 []


Underfull \hbox (badness 10000) in paragraph at lines 27--27
[]|[]\OT1/zi4/m/n/10 -arc_with_two_given_sets_
 []


Underfull \hbox (badness 10000) in paragraph at lines 27--27
[]|[]\OT1/zi4/m/n/10 -arc_with_three_given_sets_
 []

) (./GRAPHICS/TABLES/COMMANDS/projective_space_activity_3_ug.tex
Underfull \hbox (badness 10000) in paragraph at lines 37--37
[]|[]\OT1/zi4/m/n/10 -move_two_lines_in_
 []


Underfull \hbox (badness 10000) in paragraph at lines 37--37
[]|[]\OT1/zi4/m/n/10 -move_two_lines_in_
 []


Underfull \hbox (badness 2261) in paragraph at lines 37--37
[]|$\OML/cmm/m/it/10 t\OT1/cmr/m/n/10 1$ $\OML/cmm/m/it/10 t\OT1/cmr/m/n/10 2$ 
$\OML/cmm/m/it/10 R$ $C$
 []


Underfull \hbox (badness 10000) in paragraph at lines 37--37
[]|[]\OT1/zi4/m/n/10 -plane_intersection_type_
 []

) (./GRAPHICS/TABLES/COMMANDS/projective_space_activity_4_ug.tex
Underfull \hbox (badness 10000) in paragraph at lines 21--21
[]|[]\OT1/zi4/m/n/10 -classify_surfaces_through_
 []


Underfull \hbox (badness 10000) in paragraph at lines 21--21
[]|[]\OT1/zi4/m/n/10 -classify_surfaces_through_
 []


Underfull \hbox (badness 5637) in paragraph at lines 21--21
\OT1/cmss/m/n/10 tion []9.4[]. To be used in con-junc-
 []


Underfull \hbox (badness 3179) in paragraph at lines 21--21
\OT1/cmss/m/n/10 tion with []\OT1/zi4/m/n/10 -classify_surfaces_through_
 []


Underfull \hbox (badness 10000) in paragraph at lines 21--21
[]|\OT1/cmss/m/n/10 For []\OT1/zi4/m/n/10 -classify_surfaces_through_
 []


Underfull \hbox (badness 10000) in paragraph at lines 21--21
[]|\OT1/cmss/m/n/10 For []\OT1/zi4/m/n/10 -classify_surfaces_through_
 []


Underfull \hbox (badness 10000) in paragraph at lines 21--21
[]|\OT1/cmss/m/n/10 For []\OT1/zi4/m/n/10 -classify_surfaces_through_
 []

) (./GRAPHICS/TABLES/COMMANDS/global_projective_ug.tex
Underfull \hbox (badness 1400) in paragraph at lines 23--23
[]|$\OML/cmm/m/it/10 ^^O$ $N$ $b$ $t[]$
 []

) (./GRAPHICS/THE_MAKEFILE/EXTRACTS/fixed_objects_2A.tex)
Package mdframed Info: mdframed works in twoside mode on input line 46.

(./GRAPHICS/LATEX/fix_structure_2A.tex
Underfull \hbox (badness 10000) in paragraph at lines 12--714

 []

)
Package mdframed Info: Box was splittet wrong
 starting loop to iterate the splitting point
(mdframed)              on input line 46.


[119

]

[120]

[121]

[122]

[123]

[124]

[125]
Underfull \vbox (badness 10000) has occurred while \output is active []



[126] (./GRAPHICS/THE_MAKEFILE/EXTRACTS/H1_LABEL.tex)
(./GRAPHICS/THE_MAKEFILE/EXTRACTS/H1_GENS.tex)
(./GRAPHICS/THE_MAKEFILE/EXTRACTS/fix_structure_G1.tex)
Package mdframed Info: mdframed works in twoside mode on input line 91.

(./GRAPHICS/LATEX/PGGL_4_4_Subgroup_H1_4_decomp.tex
Underfull \hbox (badness 10000) in paragraph at lines 1--4

 []


Underfull \hbox (badness 10000) in paragraph at lines 13--17

 []

)

[127] (./GRAPHICS/THE_MAKEFILE/EXTRACTS/trans.tex)
Package mdframed Info: mdframed works in twoside mode on input line 140.

(./GRAPHICS/LATEX/transvection_PG_3_16.tex)

Package mdframed Warning: You got a bad break
(mdframed)                because the last box will be empty
(mdframed)                you have to change it manually
(mdframed)                by changing the text, the space
(mdframed)                or something else on input line 140.


Overfull \vbox (10.16646pt too high) detected at line 140
 []

Package mdframed Info: Box was splittet wrong
 starting loop to iterate the splitting point
(mdframed)              on input line 140.

Overfull \vbox (11.16646pt too high) detected at line 140
 []


Overfull \vbox (12.16646pt too high) detected at line 140
 []


Overfull \vbox (13.16646pt too high) detected at line 140
 []


Overfull \vbox (14.16646pt too high) detected at line 140
 []


Overfull \vbox (15.16646pt too high) detected at line 140
 []


Overfull \vbox (16.16646pt too high) detected at line 140
 []


Overfull \vbox (17.16646pt too high) detected at line 140
 []


Overfull \vbox (18.16646pt too high) detected at line 140
 []


Overfull \vbox (19.16646pt too high) detected at line 140
 []


Overfull \vbox (20.16646pt too high) detected at line 140
 []


Overfull \vbox (21.16646pt too high) detected at line 140
 []


Overfull \vbox (22.16646pt too high) detected at line 140
 []


Overfull \vbox (23.16646pt too high) detected at line 140
 []


Overfull \vbox (24.16646pt too high) detected at line 140
 []


Overfull \vbox (25.16646pt too high) detected at line 140
 []


Overfull \vbox (26.16646pt too high) detected at line 140
 []


Overfull \vbox (27.16646pt too high) detected at line 140
 []


Overfull \vbox (28.16646pt too high) detected at line 140
 []


Overfull \vbox (29.16646pt too high) detected at line 140
 []


Overfull \vbox (30.16646pt too high) detected at line 140
 []


Overfull \vbox (31.16646pt too high) detected at line 140
 []


Overfull \vbox (32.16646pt too high) detected at line 140
 []


Overfull \vbox (33.16646pt too high) detected at line 140
 []


Overfull \vbox (34.16646pt too high) detected at line 140
 []


Overfull \vbox (35.16646pt too high) detected at line 140
 []


Overfull \vbox (36.16646pt too high) detected at line 140
 []


Overfull \vbox (37.16646pt too high) detected at line 140
 []


Overfull \vbox (38.16646pt too high) detected at line 140
 []


Overfull \vbox (39.16646pt too high) detected at line 140
 []


Overfull \vbox (40.16646pt too high) detected at line 140
 []


Overfull \vbox (41.16646pt too high) detected at line 140
 []


Overfull \vbox (42.16646pt too high) detected at line 140
 []


Overfull \vbox (43.16646pt too high) detected at line 140
 []


Overfull \vbox (44.16646pt too high) detected at line 140
 []


Overfull \vbox (45.16646pt too high) detected at line 140
 []


Overfull \vbox (46.16646pt too high) detected at line 140
 []


Overfull \vbox (47.16646pt too high) detected at line 140
 []


Overfull \vbox (48.16646pt too high) detected at line 140
 []


Overfull \vbox (49.16646pt too high) detected at line 140
 []


Overfull \vbox (50.16646pt too high) detected at line 140
 []


Overfull \vbox (51.16646pt too high) detected at line 140
 []


Overfull \vbox (52.16646pt too high) detected at line 140
 []


Overfull \vbox (53.16646pt too high) detected at line 140
 []


Overfull \vbox (54.16646pt too high) detected at line 140
 []


Overfull \vbox (55.16646pt too high) detected at line 140
 []


Overfull \vbox (56.16646pt too high) detected at line 140
 []


Overfull \vbox (57.16646pt too high) detected at line 140
 []


Overfull \vbox (58.16646pt too high) detected at line 140
 []


Overfull \vbox (59.16646pt too high) detected at line 140
 []


Overfull \vbox (60.16646pt too high) detected at line 140
 []


Overfull \vbox (61.16646pt too high) detected at line 140
 []


Overfull \vbox (62.16646pt too high) detected at line 140
 []


Overfull \vbox (63.16646pt too high) detected at line 140
 []


Overfull \vbox (64.16646pt too high) detected at line 140
 []


Overfull \vbox (65.16646pt too high) detected at line 140
 []


Overfull \vbox (66.16646pt too high) detected at line 140
 []


Overfull \vbox (67.16646pt too high) detected at line 140
 []


Overfull \vbox (68.16646pt too high) detected at line 140
 []


Overfull \vbox (69.16646pt too high) detected at line 140
 []


Overfull \vbox (70.16646pt too high) detected at line 140
 []


Overfull \vbox (71.16646pt too high) detected at line 140
 []


Overfull \vbox (72.16646pt too high) detected at line 140
 []


Overfull \vbox (73.16646pt too high) detected at line 140
 []


Overfull \vbox (74.16646pt too high) detected at line 140
 []


Overfull \vbox (75.16646pt too high) detected at line 140
 []


Overfull \vbox (76.16646pt too high) detected at line 140
 []


Overfull \vbox (77.16646pt too high) detected at line 140
 []


Overfull \vbox (78.16646pt too high) detected at line 140
 []


Overfull \vbox (79.16646pt too high) detected at line 140
 []


Overfull \vbox (80.16646pt too high) detected at line 140
 []


Overfull \vbox (81.16646pt too high) detected at line 140
 []


Overfull \vbox (82.16646pt too high) detected at line 140
 []


Overfull \vbox (83.16646pt too high) detected at line 140
 []


Overfull \vbox (84.16646pt too high) detected at line 140
 []


Overfull \vbox (85.16646pt too high) detected at line 140
 []


Overfull \vbox (86.16646pt too high) detected at line 140
 []


Overfull \vbox (87.16646pt too high) detected at line 140
 []


Overfull \vbox (88.16646pt too high) detected at line 140
 []


Overfull \vbox (89.16646pt too high) detected at line 140
 []


Overfull \vbox (90.16646pt too high) detected at line 140
 []


Overfull \vbox (91.16646pt too high) detected at line 140
 []


Overfull \vbox (92.16646pt too high) detected at line 140
 []


Overfull \vbox (93.16646pt too high) detected at line 140
 []


Overfull \vbox (94.16646pt too high) detected at line 140
 []


Overfull \vbox (95.16646pt too high) detected at line 140
 []


Overfull \vbox (96.16646pt too high) detected at line 140
 []


Overfull \vbox (97.16646pt too high) detected at line 140
 []


Overfull \vbox (98.16646pt too high) detected at line 140
 []


Overfull \vbox (99.16646pt too high) detected at line 140
 []


Overfull \vbox (100.16646pt too high) detected at line 140
 []


Overfull \vbox (101.16646pt too high) detected at line 140
 []


Overfull \vbox (102.16646pt too high) detected at line 140
 []


Overfull \vbox (103.16646pt too high) detected at line 140
 []


Overfull \vbox (104.16646pt too high) detected at line 140
 []


Overfull \vbox (105.16646pt too high) detected at line 140
 []


Overfull \vbox (106.16646pt too high) detected at line 140
 []


Overfull \vbox (107.16646pt too high) detected at line 140
 []


Overfull \vbox (108.16646pt too high) detected at line 140
 []


Overfull \vbox (109.16646pt too high) detected at line 140
 []


Overfull \vbox (110.16646pt too high) detected at line 140
 []


Overfull \vbox (111.16646pt too high) detected at line 140
 []


Package mdframed Warning: correct box splittet fails
 It seems you are using a non splittable contents
(mdframed)                 on input line 140.

Package mdframed Info: You first box width is to small
 mdframed fixed it
(mdframed)              on input line 140.


[128])

[129] (./C04/sec_5.tex (./GRAPHICS/TABLES/COMMANDS/geometric_object_1_ug.tex
Underfull \hbox (badness 4518) in paragraph at lines 51--51
[]|\OT1/cmss/m/n/10 Create the Her-mi-tian va-ri-ety given by
 []


Underfull \hbox (badness 1412) in paragraph at lines 51--51
[]|\OT1/cmss/m/n/10 Create the cus-p-i-dal cu-bic $\OT1/cmr/m/n/10 (\OML/cmm/m/
it/10 s[]; ts[]; t[]\OT1/cmr/m/n/10 )$ \OT1/cmss/m/n/10 in
 []

) (./GRAPHICS/TABLES/COMMANDS/geometric_object_2_ug.tex
Underfull \hbox (badness 4084) in paragraph at lines 33--33
[]|\OT1/cmss/m/n/10 Create the de-sar-gue-sian line spread in
 []


Underfull \hbox (badness 10000) in paragraph at lines 33--33
[]|\OT1/cmss/m/n/10 lab[]ascii
 []


Underfull \hbox (badness 10000) in paragraph at lines 33--33
\OT1/cmss/m/n/10 lab[]tex $\OML/cmm/m/it/10 d$
 []

) (./GRAPHICS/THE_MAKEFILE/EXTRACTS/elliptic_quadric_ovoid_q8.tex)
(./GRAPHICS/THE_MAKEFILE/EXTRACTS/ovoid_ST_q8.tex)
(./GRAPHICS/THE_MAKEFILE/EXTRACTS/Baer_PG_2_4.tex)

[130

]

[131]

[132] (./GRAPHICS/THE_MAKEFILE/EXTRACTS/Baer_PG_3_4.tex)
(./GRAPHICS/THE_MAKEFILE/EXTRACTS/BLT_database_5_0.tex)
(./GRAPHICS/THE_MAKEFILE/EXTRACTS/BLT_database_7_0_print.tex)

[133]
Package mdframed Info: mdframed works in twoside mode on input line 53.
 (./GRAPHICS/LATEX/BLT_7_0.tex)
Underfull \hbox (badness 10000) in paragraph at lines 1--53

 []

)

[134])
Chapter 5.
(./C05/chapter.tex (./C05/sec_1.tex

[135


] (./GRAPHICS/TABLES/COMMANDS/permutation_group_ug.tex
Underfull \hbox (badness 2318) in paragraph at lines 23--23
[]|\OT1/cmss/m/n/10 lab1 lab2 $\OML/cmm/m/it/10 n$
 []


Underfull \hbox (badness 3780) in paragraph at lines 23--23
[]|\OT1/cmss/m/n/10 lab or-der $\OML/cmm/m/it/10 k$
 []

) (./GRAPHICS/THE_MAKEFILE/EXTRACTS/Cyclic_6.tex)

[136] (./GRAPHICS/THE_MAKEFILE/EXTRACTS/Cyclic_6_from_generator.tex)
(./GRAPHICS/THE_MAKEFILE/EXTRACTS/Cyclic_6_group_table.tex)

[137]
Package mdframed Info: mdframed works in twoside mode on input line 165.
 (./GRAPHICS/WRAPPERS/Perm6_group_table_draw.tex
<GRAPHICS/CYCLIC_6/Perm6_group_table_draw.png, id=2212, 225.84375pt x 225.84375
pt>
File: GRAPHICS/CYCLIC_6/Perm6_group_table_draw.png Graphic file (type png)
<use GRAPHICS/CYCLIC_6/Perm6_group_table_draw.png>
Package pdftex.def Info: GRAPHICS/CYCLIC_6/Perm6_group_table_draw.png  used on 
input line 2.
(pdftex.def)             Requested size: 170.72636pt x 170.71652pt.
)
(./GRAPHICS/THE_MAKEFILE/EXTRACTS/Symmetric_3.tex)
Package mdframed Info: mdframed works in twoside mode on input line 179.

(./GRAPHICS/LATEX/report_group_sym_3.tex)
Package mdframed Info: You first box width is to small
 mdframed fixed it
(mdframed)              on input line 179.


[138 <./GRAPHICS/CYCLIC_6/Perm6_group_table_draw.png>]
(./GRAPHICS/THE_MAKEFILE/EXTRACTS/Symmetric_3_group_table.tex)

[139]
Package mdframed Info: mdframed works in twoside mode on input line 189.
 (./GRAPHICS/WRAPPERS/Perm3_group_table_draw.tex
<GRAPHICS/PERM3/Perm3_group_table_draw.png, id=2225, 225.84375pt x 225.84375pt>

File: GRAPHICS/PERM3/Perm3_group_table_draw.png Graphic file (type png)
<use GRAPHICS/PERM3/Perm3_group_table_draw.png>
Package pdftex.def Info: GRAPHICS/PERM3/Perm3_group_table_draw.png  used on inp
ut line 2.
(pdftex.def)             Requested size: 170.72636pt x 170.71652pt.
)
(./GRAPHICS/THE_MAKEFILE/EXTRACTS/Symmetric_3_elements.tex)

[140 <./GRAPHICS/PERM3/Perm3_group_table_draw.png>]
Package mdframed Info: mdframed works in twoside mode on input line 202.

(./GRAPHICS/WRAPPERS/Sym3_elts_matrix_draw.tex
<GRAPHICS/PERM3/Sym3_elts_matrix_draw.png, id=2230, 112.92188pt x 225.84375pt>
File: GRAPHICS/PERM3/Sym3_elts_matrix_draw.png Graphic file (type png)
<use GRAPHICS/PERM3/Sym3_elts_matrix_draw.png>
Package pdftex.def Info: GRAPHICS/PERM3/Sym3_elts_matrix_draw.png  used on inpu
t line 2.
(pdftex.def)             Requested size: 85.36317pt x 170.71652pt.
)
(./GRAPHICS/THE_MAKEFILE/EXTRACTS/Elementary_abelian_8.tex)
(./GRAPHICS/THE_MAKEFILE/EXTRACTS/Group_8_1.tex)

[141 <./GRAPHICS/PERM3/Sym3_elts_matrix_draw.png>]
(./GRAPHICS/THE_MAKEFILE/EXTRACTS/Group_8_2.tex)
Underfull \vbox (badness 7907) has occurred while \output is active []



[142] (./GRAPHICS/THE_MAKEFILE/EXTRACTS/Group_8_3.tex)
(./GRAPHICS/THE_MAKEFILE/EXTRACTS/Group_8_4.tex)

[143] (./GRAPHICS/THE_MAKEFILE/EXTRACTS/Group_8_5.tex)
Package mdframed Info: mdframed works in twoside mode on input line 235.

(./GRAPHICS/WRAPPERS/Sym_8_groups_of_order8_group_tables_draw.tex
<GRAPHICS/GROUPS_ORDER_8/Sym_8_Subgroup_G1_8_group_table_draw.png, id=2243, 301
.125pt x 301.125pt>
File: GRAPHICS/GROUPS_ORDER_8/Sym_8_Subgroup_G1_8_group_table_draw.png Graphic 
file (type png)
<use GRAPHICS/GROUPS_ORDER_8/Sym_8_Subgroup_G1_8_group_table_draw.png>
Package pdftex.def Info: GRAPHICS/GROUPS_ORDER_8/Sym_8_Subgroup_G1_8_group_tabl
e_draw.png  used on input line 3.
(pdftex.def)             Requested size: 128.0374pt x 128.04305pt.
<GRAPHICS/GROUPS_ORDER_8/Sym_6_Subgroup_G2_8_group_table_draw.png, id=2244, 301
.125pt x 301.125pt>
File: GRAPHICS/GROUPS_ORDER_8/Sym_6_Subgroup_G2_8_group_table_draw.png Graphic 
file (type png)
<use GRAPHICS/GROUPS_ORDER_8/Sym_6_Subgroup_G2_8_group_table_draw.png>
Package pdftex.def Info: GRAPHICS/GROUPS_ORDER_8/Sym_6_Subgroup_G2_8_group_tabl
e_draw.png  used on input line 4.
(pdftex.def)             Requested size: 128.0374pt x 128.04305pt.
<GRAPHICS/GROUPS_ORDER_8/Sym_6_Subgroup_G3_8_group_table_draw.png, id=2245, 301
.125pt x 301.125pt>
File: GRAPHICS/GROUPS_ORDER_8/Sym_6_Subgroup_G3_8_group_table_draw.png Graphic 
file (type png)
<use GRAPHICS/GROUPS_ORDER_8/Sym_6_Subgroup_G3_8_group_table_draw.png>
Package pdftex.def Info: GRAPHICS/GROUPS_ORDER_8/Sym_6_Subgroup_G3_8_group_tabl
e_draw.png  used on input line 5.
(pdftex.def)             Requested size: 128.0374pt x 128.04305pt.
<GRAPHICS/GROUPS_ORDER_8/Sym_4_Subgroup_G4_8_group_table_draw.png, id=2246, 301
.125pt x 301.125pt>
File: GRAPHICS/GROUPS_ORDER_8/Sym_4_Subgroup_G4_8_group_table_draw.png Graphic 
file (type png)
<use GRAPHICS/GROUPS_ORDER_8/Sym_4_Subgroup_G4_8_group_table_draw.png>
Package pdftex.def Info: GRAPHICS/GROUPS_ORDER_8/Sym_4_Subgroup_G4_8_group_tabl
e_draw.png  used on input line 6.
(pdftex.def)             Requested size: 128.0374pt x 128.04305pt.
<GRAPHICS/GROUPS_ORDER_8/Sym_8_Subgroup_G5_8_group_table_draw.png, id=2247, 301
.125pt x 301.125pt>
File: GRAPHICS/GROUPS_ORDER_8/Sym_8_Subgroup_G5_8_group_table_draw.png Graphic 
file (type png)
<use GRAPHICS/GROUPS_ORDER_8/Sym_8_Subgroup_G5_8_group_table_draw.png>
Package pdftex.def Info: GRAPHICS/GROUPS_ORDER_8/Sym_8_Subgroup_G5_8_group_tabl
e_draw.png  used on input line 7.
(pdftex.def)             Requested size: 128.0374pt x 128.04305pt.
)
Overfull \vbox (123.67624pt too high) detected at line 235
 []

Package mdframed Info: Box was splittet wrong
 starting loop to iterate the splitting point
(mdframed)              on input line 235.

Overfull \vbox (124.67624pt too high) detected at line 235
 []


Overfull \vbox (125.67624pt too high) detected at line 235
 []


Overfull \vbox (126.67624pt too high) detected at line 235
 []


Overfull \vbox (127.67624pt too high) detected at line 235
 []


Overfull \vbox (128.67624pt too high) detected at line 235
 []


Overfull \vbox (129.67624pt too high) detected at line 235
 []


Overfull \vbox (130.67624pt too high) detected at line 235
 []


Overfull \vbox (131.67624pt too high) detected at line 235
 []


Overfull \vbox (132.67624pt too high) detected at line 235
 []


Overfull \vbox (133.67624pt too high) detected at line 235
 []


Overfull \vbox (134.67624pt too high) detected at line 235
 []


Overfull \vbox (135.67624pt too high) detected at line 235
 []


Overfull \vbox (136.67624pt too high) detected at line 235
 []


Overfull \vbox (137.67624pt too high) detected at line 235
 []


Overfull \vbox (138.67624pt too high) detected at line 235
 []


Overfull \vbox (139.67624pt too high) detected at line 235
 []


Overfull \vbox (140.67624pt too high) detected at line 235
 []


Overfull \vbox (141.67624pt too high) detected at line 235
 []


Overfull \vbox (142.67624pt too high) detected at line 235
 []


Overfull \vbox (143.67624pt too high) detected at line 235
 []


Overfull \vbox (144.67624pt too high) detected at line 235
 []


Overfull \vbox (145.67624pt too high) detected at line 235
 []


Overfull \vbox (146.67624pt too high) detected at line 235
 []


Overfull \vbox (147.67624pt too high) detected at line 235
 []


Overfull \vbox (148.67624pt too high) detected at line 235
 []


Overfull \vbox (149.67624pt too high) detected at line 235
 []


Overfull \vbox (150.67624pt too high) detected at line 235
 []


Overfull \vbox (151.67624pt too high) detected at line 235
 []


Overfull \vbox (152.67624pt too high) detected at line 235
 []


Overfull \vbox (153.67624pt too high) detected at line 235
 []


Overfull \vbox (154.67624pt too high) detected at line 235
 []


Overfull \vbox (155.67624pt too high) detected at line 235
 []


Overfull \vbox (156.67624pt too high) detected at line 235
 []


Overfull \vbox (157.67624pt too high) detected at line 235
 []


Overfull \vbox (158.67624pt too high) detected at line 235
 []


Overfull \vbox (159.67624pt too high) detected at line 235
 []


Overfull \vbox (160.67624pt too high) detected at line 235
 []


Overfull \vbox (161.67624pt too high) detected at line 235
 []


Overfull \vbox (162.67624pt too high) detected at line 235
 []


Overfull \vbox (163.67624pt too high) detected at line 235
 []


Overfull \vbox (164.67624pt too high) detected at line 235
 []


Overfull \vbox (165.67624pt too high) detected at line 235
 []


Overfull \vbox (166.67624pt too high) detected at line 235
 []


Overfull \vbox (167.67624pt too high) detected at line 235
 []


Overfull \vbox (168.67624pt too high) detected at line 235
 []


Overfull \vbox (169.67624pt too high) detected at line 235
 []


Overfull \vbox (170.67624pt too high) detected at line 235
 []


Overfull \vbox (171.67624pt too high) detected at line 235
 []


Overfull \vbox (172.67624pt too high) detected at line 235
 []


Overfull \vbox (173.67624pt too high) detected at line 235
 []


Overfull \vbox (174.67624pt too high) detected at line 235
 []


Overfull \vbox (175.67624pt too high) detected at line 235
 []


Overfull \vbox (176.67624pt too high) detected at line 235
 []


Overfull \vbox (177.67624pt too high) detected at line 235
 []


Overfull \vbox (178.67624pt too high) detected at line 235
 []


Overfull \vbox (179.67624pt too high) detected at line 235
 []


Overfull \vbox (180.67624pt too high) detected at line 235
 []


Overfull \vbox (181.67624pt too high) detected at line 235
 []


Overfull \vbox (182.67624pt too high) detected at line 235
 []


Overfull \vbox (183.67624pt too high) detected at line 235
 []


Overfull \vbox (184.67624pt too high) detected at line 235
 []


Overfull \vbox (185.67624pt too high) detected at line 235
 []


Overfull \vbox (186.67624pt too high) detected at line 235
 []


Overfull \vbox (187.67624pt too high) detected at line 235
 []


Overfull \vbox (188.67624pt too high) detected at line 235
 []


Overfull \vbox (189.67624pt too high) detected at line 235
 []


Overfull \vbox (190.67624pt too high) detected at line 235
 []


Overfull \vbox (191.67624pt too high) detected at line 235
 []


Overfull \vbox (192.67624pt too high) detected at line 235
 []


Overfull \vbox (193.67624pt too high) detected at line 235
 []


Overfull \vbox (194.67624pt too high) detected at line 235
 []


Overfull \vbox (195.67624pt too high) detected at line 235
 []


Overfull \vbox (196.67624pt too high) detected at line 235
 []


Overfull \vbox (197.67624pt too high) detected at line 235
 []


Overfull \vbox (198.67624pt too high) detected at line 235
 []


Overfull \vbox (199.67624pt too high) detected at line 235
 []


Overfull \vbox (200.67624pt too high) detected at line 235
 []


Overfull \vbox (201.67624pt too high) detected at line 235
 []


Overfull \vbox (202.67624pt too high) detected at line 235
 []


Overfull \vbox (203.67624pt too high) detected at line 235
 []


Overfull \vbox (204.67624pt too high) detected at line 235
 []


Overfull \vbox (205.67624pt too high) detected at line 235
 []


Overfull \vbox (206.67624pt too high) detected at line 235
 []


Overfull \vbox (207.67624pt too high) detected at line 235
 []


Overfull \vbox (208.67624pt too high) detected at line 235
 []


Overfull \vbox (209.67624pt too high) detected at line 235
 []


Overfull \vbox (210.67624pt too high) detected at line 235
 []


Overfull \vbox (211.67624pt too high) detected at line 235
 []


Overfull \vbox (212.67624pt too high) detected at line 235
 []


Overfull \vbox (213.67624pt too high) detected at line 235
 []


Overfull \vbox (214.67624pt too high) detected at line 235
 []


Overfull \vbox (215.67624pt too high) detected at line 235
 []


Overfull \vbox (216.67624pt too high) detected at line 235
 []


Overfull \vbox (217.67624pt too high) detected at line 235
 []


Overfull \vbox (218.67624pt too high) detected at line 235
 []


Overfull \vbox (219.67624pt too high) detected at line 235
 []


Overfull \vbox (220.67624pt too high) detected at line 235
 []


Overfull \vbox (221.67624pt too high) detected at line 235
 []


Overfull \vbox (222.67624pt too high) detected at line 235
 []


Overfull \vbox (223.67624pt too high) detected at line 235
 []


Overfull \vbox (224.67624pt too high) detected at line 235
 []


Package mdframed Warning: correct box splittet fails
 It seems you are using a non splittable contents
(mdframed)                 on input line 235.

Package mdframed Info: You first box width is to small
 mdframed fixed it
(mdframed)              on input line 235.


[144] (./GRAPHICS/THE_MAKEFILE/EXTRACTS/GENERATORS_M12.tex)
(./GRAPHICS/THE_MAKEFILE/EXTRACTS/Group_M12.tex)

[145 <./GRAPHICS/GROUPS_ORDER_8/Sym_8_Subgroup_G1_8_group_table_draw.png> <./GR
APHICS/GROUPS_ORDER_8/Sym_6_Subgroup_G2_8_group_table_draw.png> <./GRAPHICS/GRO
UPS_ORDER_8/Sym_6_Subgroup_G3_8_group_table_draw.png> <./GRAPHICS/GROUPS_ORDER_
8/Sym_4_Subgroup_G4_8_group_table_draw.png> <./GRAPHICS/GROUPS_ORDER_8/Sym_8_Su
bgroup_G5_8_group_table_draw.png>])

[146] (./C05/sec_2.tex (./GRAPHICS/TABLES/COMMANDS/linear_group_1_ug.tex)
(./GRAPHICS/TABLES/COMMANDS/linear_group_2_ug.tex
Underfull \hbox (badness 1917) in paragraph at lines 53--53
[]|\OT1/cmss/m/n/10 Create the sub-group of type sym-plec-tic
 []

)

[147

]

[148] (./GRAPHICS/TABLES/GENERAL/basic_actions_ug.tex
(/opt/homebrew/Cellar/texlive/20250308_1/share/texmf-dist/tex/latex/amsfonts/ue
uf.fd)) (./GRAPHICS/THE_MAKEFILE/EXTRACTS/GL_2_3_elements_dense.tex)

[149]
Package mdframed Info: mdframed works in twoside mode on input line 162.
 (./GRAPHICS/LATEX/GL_2_3_elements_dense.tex)

[150] (./GRAPHICS/THE_MAKEFILE/EXTRACTS/PGL_2_3_elements_dense.tex)
Package mdframed Info: mdframed works in twoside mode on input line 177.

(./GRAPHICS/LATEX/PGL_2_3_elements_dense.tex)
(./GRAPHICS/THE_MAKEFILE/EXTRACTS/PGL_2_17.tex)

[151] (./GRAPHICS/THE_MAKEFILE/EXTRACTS/PSL_2_17.tex)
(./GRAPHICS/THE_MAKEFILE/EXTRACTS/PGL_4_2.tex)
(./GRAPHICS/THE_MAKEFILE/EXTRACTS/PGL_4_2_with_field.tex)

[152] (./GRAPHICS/THE_MAKEFILE/EXTRACTS/PGL_4_2_report.tex)
Package mdframed Info: mdframed works in twoside mode on input line 230.

(./GRAPHICS/LATEX/report_group_PGL_4_2.tex
Underfull \hbox (badness 10000) in paragraph at lines 61--68

 []


Underfull \hbox (badness 10000) in paragraph at lines 69--72

 []


Underfull \hbox (badness 10000) in paragraph at lines 72--88

 []


Underfull \hbox (badness 10000) in paragraph at lines 89--99

 []


Underfull \hbox (badness 10000) in paragraph at lines 101--102

 []


Underfull \hbox (badness 10000) in paragraph at lines 131--134

 []


Underfull \hbox (badness 10000) in paragraph at lines 200--208

 []

(./GRAPHICS/PGL_4_2/PGL_4_2_sims_0.tex) (./GRAPHICS/PGL_4_2/PGL_4_2_sims_1.tex)
(./GRAPHICS/PGL_4_2/PGL_4_2_sims_2.tex) (./GRAPHICS/PGL_4_2/PGL_4_2_sims_3.tex)

Underfull \hbox (badness 10000) in paragraph at lines 257--261

 []

LaTeX Font Info:    Font shape `OT1/zi4/m/n' will be
(Font)              scaled to size 9.0pt on input line 261.

Underfull \hbox (badness 10000) in paragraph at lines 270--271

 []


Underfull \hbox (badness 10000) in paragraph at lines 280--281

 []


Underfull \hbox (badness 10000) in paragraph at lines 292--298

 []

)

[153]

[154]

[155]

[156]
Package mdframed Info: Box was splittet wrong
 starting loop to iterate the splitting point
(mdframed)              on input line 230.


[157] (./GRAPHICS/THE_MAKEFILE/EXTRACTS/PGL_4_2_export.tex)
(./GRAPHICS/THE_MAKEFILE/EXTRACTS/PGL_4_2_generated.tex)
Package mdframed Info: mdframed works in twoside mode on input line 252.

(./GRAPHICS/LATEX/PGL_4_2_gens_csv.tex)

[158] (./GRAPHICS/THE_MAKEFILE/EXTRACTS/L_5_3.tex)
(./GRAPHICS/THE_MAKEFILE/EXTRACTS/L_4_5.tex)
(./GRAPHICS/THE_MAKEFILE/EXTRACTS/PGL_4_5.tex)

[159] (./GRAPHICS/THE_MAKEFILE/EXTRACTS/PGGL_3_4.tex)
(./GRAPHICS/THE_MAKEFILE/EXTRACTS/PGGL_3_8.tex)

[160] (./GRAPHICS/THE_MAKEFILE/EXTRACTS/AGL_1_27.tex)
(./GRAPHICS/THE_MAKEFILE/EXTRACTS/AGGL_2_27.tex)
(./GRAPHICS/THE_MAKEFILE/EXTRACTS/SP_4_2.tex)

[161] (./GRAPHICS/THE_MAKEFILE/EXTRACTS/PSP_4_4.tex)
(./GRAPHICS/THE_MAKEFILE/EXTRACTS/PGO_5_2.tex)

[162]
Package mdframed Info: mdframed works in twoside mode on input line 379.
 (./GRAPHICS/LATEX/report_group_PGO_5_2.tex
Underfull \hbox (badness 10000) in paragraph at lines 67--74

 []


Underfull \hbox (badness 10000) in paragraph at lines 75--78

 []


Underfull \hbox (badness 10000) in paragraph at lines 78--94

 []


Underfull \hbox (badness 10000) in paragraph at lines 95--105

 []


Underfull \hbox (badness 10000) in paragraph at lines 107--108

 []


Underfull \hbox (badness 10000) in paragraph at lines 137--140

 []


Underfull \hbox (badness 10000) in paragraph at lines 212--220

 []

(./GRAPHICS/PGO_5_2/PGO_5_2_sims_0.tex) (./GRAPHICS/PGO_5_2/PGO_5_2_sims_1.tex)
(./GRAPHICS/PGO_5_2/PGO_5_2_sims_2.tex) (./GRAPHICS/PGO_5_2/PGO_5_2_sims_3.tex)
(./GRAPHICS/PGO_5_2/PGO_5_2_sims_4.tex) (./GRAPHICS/PGO_5_2/PGO_5_2_sims_5.tex)

Underfull \hbox (badness 10000) in paragraph at lines 289--293

 []


Underfull \hbox (badness 10000) in paragraph at lines 302--303

 []


Underfull \hbox (badness 10000) in paragraph at lines 305--306

 []

)
Underfull \hbox (badness 10000) in paragraph at lines 317--379

 []



[163]

[164]

[165]

[166] (./GRAPHICS/THE_MAKEFILE/EXTRACTS/PGGO_5_4.tex)

[167] (./GRAPHICS/THE_MAKEFILE/EXTRACTS/PGOp_6_2.tex)
(./GRAPHICS/THE_MAKEFILE/EXTRACTS/PGOm_6_2.tex)

[168] (./GRAPHICS/THE_MAKEFILE/EXTRACTS/PSP_6_2.tex)
(./GRAPHICS/THE_MAKEFILE/EXTRACTS/PGO_7_2.tex)
(./GRAPHICS/THE_MAKEFILE/EXTRACTS/NullPolarity_6_2.tex)

[169] (./GRAPHICS/THE_MAKEFILE/EXTRACTS/M24_matrix_group.tex))

[170] (./C05/sec_3.tex (./GRAPHICS/TABLES/COMMANDS/subgroups_ug.tex)
(./GRAPHICS/THE_MAKEFILE/EXTRACTS/GEN_C13.tex)
(./GRAPHICS/THE_MAKEFILE/EXTRACTS/C13.tex)

[171

] (./GRAPHICS/THE_MAKEFILE/EXTRACTS/C13_generated.tex)
Package mdframed Info: mdframed works in twoside mode on input line 56.

(./GRAPHICS/LATEX/report_subgroup_C13.tex (./GRAPHICS/OTHER/C13_sims_0.tex))
Underfull \hbox (badness 10000) in paragraph at lines 19--56

 []

Package mdframed Info: You first box width is to small
 mdframed fixed it
(mdframed)              on input line 56.


[172]
Package mdframed Info: mdframed works in twoside mode on input line 65.
 (./GRAPHICS/LATEX/C13_elts.tex)

[173] (./GRAPHICS/THE_MAKEFILE/EXTRACTS/C13_as_subgroup.tex)
(./GRAPHICS/THE_MAKEFILE/EXTRACTS/J1.tex)
(./GRAPHICS/THE_MAKEFILE/EXTRACTS/PGL_3_11_singer.tex)

[174] (./GRAPHICS/THE_MAKEFILE/EXTRACTS/PGL_3_11_singer_and_frobenius.tex)

[175] (./GRAPHICS/THE_MAKEFILE/EXTRACTS/Sym3_in_PGL_2_3_group_table.tex)
Package mdframed Info: mdframed works in twoside mode on input line 204.

(./GRAPHICS/WRAPPERS/Sym3_in_PGL_2_3.tex
<GRAPHICS/GROUP_THEORY/SUBGROUPS/PGL_2_3_group_table_order_6.pdf, id=2433, 120.
81837pt x 118.20662pt>
File: GRAPHICS/GROUP_THEORY/SUBGROUPS/PGL_2_3_group_table_order_6.pdf Graphic f
ile (type pdf)
<use GRAPHICS/GROUP_THEORY/SUBGROUPS/PGL_2_3_group_table_order_6.pdf>
Package pdftex.def Info: GRAPHICS/GROUP_THEORY/SUBGROUPS/PGL_2_3_group_table_or
der_6.pdf  used on input line 2.
(pdftex.def)             Requested size: 256.0748pt x 250.54991pt.
)
Overfull \vbox (55.62788pt too high) detected at line 204
 []

Package mdframed Info: Box was splittet wrong
 starting loop to iterate the splitting point
(mdframed)              on input line 204.

Overfull \vbox (56.62788pt too high) detected at line 204
 []


Overfull \vbox (57.62788pt too high) detected at line 204
 []


Overfull \vbox (58.62788pt too high) detected at line 204
 []


Overfull \vbox (59.62788pt too high) detected at line 204
 []


Overfull \vbox (60.62788pt too high) detected at line 204
 []


Overfull \vbox (61.62788pt too high) detected at line 204
 []


Overfull \vbox (62.62788pt too high) detected at line 204
 []


Overfull \vbox (63.62788pt too high) detected at line 204
 []


Overfull \vbox (64.62788pt too high) detected at line 204
 []


Overfull \vbox (65.62788pt too high) detected at line 204
 []


Overfull \vbox (66.62788pt too high) detected at line 204
 []


Overfull \vbox (67.62788pt too high) detected at line 204
 []


Overfull \vbox (68.62788pt too high) detected at line 204
 []


Overfull \vbox (69.62788pt too high) detected at line 204
 []


Overfull \vbox (70.62788pt too high) detected at line 204
 []


Overfull \vbox (71.62788pt too high) detected at line 204
 []


Overfull \vbox (72.62788pt too high) detected at line 204
 []


Overfull \vbox (73.62788pt too high) detected at line 204
 []


Overfull \vbox (74.62788pt too high) detected at line 204
 []


Overfull \vbox (75.62788pt too high) detected at line 204
 []


Overfull \vbox (76.62788pt too high) detected at line 204
 []


Overfull \vbox (77.62788pt too high) detected at line 204
 []


Overfull \vbox (78.62788pt too high) detected at line 204
 []


Overfull \vbox (79.62788pt too high) detected at line 204
 []


Overfull \vbox (80.62788pt too high) detected at line 204
 []


Overfull \vbox (81.62788pt too high) detected at line 204
 []


Overfull \vbox (82.62788pt too high) detected at line 204
 []


Overfull \vbox (83.62788pt too high) detected at line 204
 []


Overfull \vbox (84.62788pt too high) detected at line 204
 []


Overfull \vbox (85.62788pt too high) detected at line 204
 []


Overfull \vbox (86.62788pt too high) detected at line 204
 []


Overfull \vbox (87.62788pt too high) detected at line 204
 []


Overfull \vbox (88.62788pt too high) detected at line 204
 []


Overfull \vbox (89.62788pt too high) detected at line 204
 []


Overfull \vbox (90.62788pt too high) detected at line 204
 []


Overfull \vbox (91.62788pt too high) detected at line 204
 []


Overfull \vbox (92.62788pt too high) detected at line 204
 []


Overfull \vbox (93.62788pt too high) detected at line 204
 []


Overfull \vbox (94.62788pt too high) detected at line 204
 []


Overfull \vbox (95.62788pt too high) detected at line 204
 []


Overfull \vbox (96.62788pt too high) detected at line 204
 []


Overfull \vbox (97.62788pt too high) detected at line 204
 []


Overfull \vbox (98.62788pt too high) detected at line 204
 []


Overfull \vbox (99.62788pt too high) detected at line 204
 []


Overfull \vbox (100.62788pt too high) detected at line 204
 []


Overfull \vbox (101.62788pt too high) detected at line 204
 []


Overfull \vbox (102.62788pt too high) detected at line 204
 []


Overfull \vbox (103.62788pt too high) detected at line 204
 []


Overfull \vbox (104.62788pt too high) detected at line 204
 []


Overfull \vbox (105.62788pt too high) detected at line 204
 []


Overfull \vbox (106.62788pt too high) detected at line 204
 []


Overfull \vbox (107.62788pt too high) detected at line 204
 []


Overfull \vbox (108.62788pt too high) detected at line 204
 []


Overfull \vbox (109.62788pt too high) detected at line 204
 []


Overfull \vbox (110.62788pt too high) detected at line 204
 []


Overfull \vbox (111.62788pt too high) detected at line 204
 []


Overfull \vbox (112.62788pt too high) detected at line 204
 []


Overfull \vbox (113.62788pt too high) detected at line 204
 []


Overfull \vbox (114.62788pt too high) detected at line 204
 []


Overfull \vbox (115.62788pt too high) detected at line 204
 []


Overfull \vbox (116.62788pt too high) detected at line 204
 []


Overfull \vbox (117.62788pt too high) detected at line 204
 []


Overfull \vbox (118.62788pt too high) detected at line 204
 []


Overfull \vbox (119.62788pt too high) detected at line 204
 []


Overfull \vbox (120.62788pt too high) detected at line 204
 []


Overfull \vbox (121.62788pt too high) detected at line 204
 []


Overfull \vbox (122.62788pt too high) detected at line 204
 []


Overfull \vbox (123.62788pt too high) detected at line 204
 []


Overfull \vbox (124.62788pt too high) detected at line 204
 []


Overfull \vbox (125.62788pt too high) detected at line 204
 []


Overfull \vbox (126.62788pt too high) detected at line 204
 []


Overfull \vbox (127.62788pt too high) detected at line 204
 []


Overfull \vbox (128.62788pt too high) detected at line 204
 []


Overfull \vbox (129.62788pt too high) detected at line 204
 []


Overfull \vbox (130.62788pt too high) detected at line 204
 []


Overfull \vbox (131.62788pt too high) detected at line 204
 []


Overfull \vbox (132.62788pt too high) detected at line 204
 []


Overfull \vbox (133.62788pt too high) detected at line 204
 []


Overfull \vbox (134.62788pt too high) detected at line 204
 []


Overfull \vbox (135.62788pt too high) detected at line 204
 []


Overfull \vbox (136.62788pt too high) detected at line 204
 []


Overfull \vbox (137.62788pt too high) detected at line 204
 []


Overfull \vbox (138.62788pt too high) detected at line 204
 []


Overfull \vbox (139.62788pt too high) detected at line 204
 []


Overfull \vbox (140.62788pt too high) detected at line 204
 []


Overfull \vbox (141.62788pt too high) detected at line 204
 []


Overfull \vbox (142.62788pt too high) detected at line 204
 []


Overfull \vbox (143.62788pt too high) detected at line 204
 []


Overfull \vbox (144.62788pt too high) detected at line 204
 []


Overfull \vbox (145.62788pt too high) detected at line 204
 []


Overfull \vbox (146.62788pt too high) detected at line 204
 []


Overfull \vbox (147.62788pt too high) detected at line 204
 []


Overfull \vbox (148.62788pt too high) detected at line 204
 []


Overfull \vbox (149.62788pt too high) detected at line 204
 []


Overfull \vbox (150.62788pt too high) detected at line 204
 []


Overfull \vbox (151.62788pt too high) detected at line 204
 []


Overfull \vbox (152.62788pt too high) detected at line 204
 []


Overfull \vbox (153.62788pt too high) detected at line 204
 []


Overfull \vbox (154.62788pt too high) detected at line 204
 []


Overfull \vbox (155.62788pt too high) detected at line 204
 []


Overfull \vbox (156.62788pt too high) detected at line 204
 []


Package mdframed Warning: correct box splittet fails
 It seems you are using a non splittable contents
(mdframed)                 on input line 204.

Package mdframed Info: You first box width is to small
 mdframed fixed it
(mdframed)              on input line 204.


[176] (./GRAPHICS/THE_MAKEFILE/EXTRACTS/Sym3_in_PGL_2_3_report.tex)

[177 <./GRAPHICS/GROUP_THEORY/SUBGROUPS/PGL_2_3_group_table_order_6.pdf>]
Package mdframed Info: mdframed works in twoside mode on input line 217.

(./GRAPHICS/WRAPPERS/Sym3_in_PGL_2_3_tree.tex
<GRAPHICS/GROUP_THEORY/SUBGROUPS/PGL_2_3_Subgroup_Sym3_6_elements_tree_draw.pdf
, id=2449, 255.65814pt x 144.61429pt>
File: GRAPHICS/GROUP_THEORY/SUBGROUPS/PGL_2_3_Subgroup_Sym3_6_elements_tree_dra
w.pdf Graphic file (type pdf)
<use GRAPHICS/GROUP_THEORY/SUBGROUPS/PGL_2_3_Subgroup_Sym3_6_elements_tree_draw
.pdf>
Package pdftex.def Info: GRAPHICS/GROUP_THEORY/SUBGROUPS/PGL_2_3_Subgroup_Sym3_
6_elements_tree_draw.pdf  used on input line 2.
(pdftex.def)             Requested size: 256.0748pt x 144.85002pt.
)
Package mdframed Info: mdframed works in twoside mode on input line 221.

(./GRAPHICS/LATEX/Sym3_in_PGL_2_3_elements.tex)
Underfull \hbox (badness 10000) in paragraph at lines 65--221

 []



[178 <./GRAPHICS/GROUP_THEORY/SUBGROUPS/PGL_2_3_Subgroup_Sym3_6_elements_tree_d
raw.pdf>] (./GRAPHICS/THE_MAKEFILE/EXTRACTS/quaternion.tex)

[179]
Package mdframed Info: mdframed works in twoside mode on input line 260.
 (./GRAPHICS/LATEX/report_subgroup_quaternion.tex)

[180]
Package mdframed Info: mdframed works in twoside mode on input line 264.
 (./GRAPHICS/LATEX/report_group_quaternion_table.tex)
(./GRAPHICS/THE_MAKEFILE/EXTRACTS/cube_group.tex)
(./GRAPHICS/THE_MAKEFILE/EXTRACTS/tetra_group.tex)

[181] (./GRAPHICS/THE_MAKEFILE/EXTRACTS/GENERATORS_HESSE_GROUP.tex)
(./GRAPHICS/THE_MAKEFILE/EXTRACTS/Hesse_group.tex)

[182] (./GRAPHICS/THE_MAKEFILE/EXTRACTS/GENERATORS_WEYL_GROUP_E8.tex)
(./GRAPHICS/THE_MAKEFILE/EXTRACTS/Weyl_E8.tex)

[183] (./GRAPHICS/THE_MAKEFILE/EXTRACTS/test_subgroup.tex)
(./GRAPHICS/THE_MAKEFILE/EXTRACTS/coset_reps.tex)
Package mdframed Info: mdframed works in twoside mode on input line 325.

(./GRAPHICS/LATEX/report_group_coset_reps_36.tex)

[184] (./GRAPHICS/THE_MAKEFILE/EXTRACTS/coset_reps_read.tex)
(./GRAPHICS/THE_MAKEFILE/EXTRACTS/SP_6_2_point_stab_subgroup.tex)

[185] (./GRAPHICS/THE_MAKEFILE/EXTRACTS/PGOp_6_2_report.tex)
(./GRAPHICS/THE_MAKEFILE/EXTRACTS/PGOm_6_2_report.tex)
(./GRAPHICS/THE_MAKEFILE/EXTRACTS/PGOm_6_2_export_magma.tex)

[186] (./GRAPHICS/THE_MAKEFILE/EXTRACTS/PGOp_6_2_point_stab_subgroup.tex)
(./GRAPHICS/THE_MAKEFILE/EXTRACTS/PGOp_6_2_GENS.tex)
(./GRAPHICS/THE_MAKEFILE/EXTRACTS/PGOp_6_2_linear.tex)

[187] (./GRAPHICS/THE_MAKEFILE/EXTRACTS/PGOp_6_2_linear_stab_6.tex))

[188] (./C05/sec_4.tex (./GRAPHICS/TABLES/COMMANDS/group_modification_ug.tex
Underfull \hbox (badness 10000) in paragraph at lines 53--53
[]|[]\OT1/zi4/m/n/10 -action_on_self_by_
 []


Underfull \hbox (badness 1178) in paragraph at lines 53--53
\OT1/cmss/m/n/10 ac-tions given in list (comma sep-a-rated).
 []


Underfull \hbox (badness 1400) in paragraph at lines 53--53
\OT1/cmss/m/n/10 ju-gacy class of sub-groups in the lat-tice
 []


Underfull \hbox (badness 3942) in paragraph at lines 53--53
\OT1/cmss/m/n/10 of sub-groups. The con-ju-gacy classes
 []


Underfull \hbox (badness 1360) in paragraph at lines 53--53
\OT1/cmss/m/n/10 of sub-groups must have been com-puted
 []


Underfull \hbox (badness 1226) in paragraph at lines 53--53
\OT1/cmss/m/n/10 be-fore us-ing the group the-o-retic ac-tiv-ity
 []


LaTeX Warning: Float too large for page by 0.14061pt on input line 55.

) (./GRAPHICS/THE_MAKEFILE/EXTRACTS/Cyclic_6_aut.tex)
(./GRAPHICS/THE_MAKEFILE/EXTRACTS/Elementary_abelian_8_aut.tex)

[189

]

[190] (./GRAPHICS/THE_MAKEFILE/EXTRACTS/Symmetric_4_on_pairs.tex)
(./GRAPHICS/THE_MAKEFILE/EXTRACTS/Alternating_5.tex)

[191] (./GRAPHICS/THE_MAKEFILE/EXTRACTS/Alternating_5_derived.tex)

[192] (./GRAPHICS/THE_MAKEFILE/EXTRACTS/direct_product_AGL.tex)
(./GRAPHICS/THE_MAKEFILE/EXTRACTS/PGLstar_3_2.tex)

[193] (./GRAPHICS/THE_MAKEFILE/EXTRACTS/PGLstar_3_2_restrict.tex)
(./GRAPHICS/THE_MAKEFILE/EXTRACTS/PGGLstar_3_4.tex)

[194] (./GRAPHICS/THE_MAKEFILE/EXTRACTS/PGLstar_4_2.tex)
(./GRAPHICS/THE_MAKEFILE/EXTRACTS/Group_M11.tex)

[195] (./GRAPHICS/THE_MAKEFILE/EXTRACTS/SURFACE_Q13_STAB_GENS.tex)
(./GRAPHICS/THE_MAKEFILE/EXTRACTS/surface_q13_Eckardt_on_tritangent_planes.tex)


[196] (./GRAPHICS/THE_MAKEFILE/EXTRACTS/Hirschfeld_stab_projectivity_group.tex)


[197] (./GRAPHICS/THE_MAKEFILE/EXTRACTS/Hirschfeld_stab_field_reduction.tex)
(./GRAPHICS/THE_MAKEFILE/EXTRACTS/on_planes.tex)

[198] (./GRAPHICS/THE_MAKEFILE/EXTRACTS/on_planes_restricted.tex)

[199] (./GRAPHICS/TABLES/COMMANDS/special_actions_ug.tex)
(./GRAPHICS/THE_MAKEFILE/EXTRACTS/T3_on_tensors.tex)
Package mdframed Info: mdframed works in twoside mode on input line 304.

(./GRAPHICS/LATEX/report_group_T3_on_tensor.tex
Underfull \hbox (badness 10000) in paragraph at lines 2--4

 []


Underfull \hbox (badness 10000) in paragraph at lines 5--6

 []


Underfull \hbox (badness 10000) in paragraph at lines 183--193

 []

)
Package mdframed Info: You first box width is to small
 mdframed fixed it
(mdframed)              on input line 304.


[200] (./GRAPHICS/THE_MAKEFILE/EXTRACTS/T3r1.tex)
Underfull \vbox (badness 10000) has occurred while \output is active []



[201]
Package mdframed Info: mdframed works in twoside mode on input line 312.
 (./GRAPHICS/LATEX/report_group_T3_on_tensor_rank_one.tex
Underfull \hbox (badness 10000) in paragraph at lines 2--4

 []


Underfull \hbox (badness 10000) in paragraph at lines 5--8

 []


Underfull \hbox (badness 10000) in paragraph at lines 8--36

 []

)
Underfull \hbox (badness 10000) in paragraph at lines 214--312

 []



[202] (./GRAPHICS/THE_MAKEFILE/EXTRACTS/PGL_4_2_wedge.tex)
(./GRAPHICS/THE_MAKEFILE/EXTRACTS/PGL_4_2_wd.tex)

[203] (./GRAPHICS/THE_MAKEFILE/EXTRACTS/M24_perm_group.tex)
(./GRAPHICS/THE_MAKEFILE/EXTRACTS/M22_bar.tex)

[204] (./GRAPHICS/THE_MAKEFILE/EXTRACTS/CURVE_Q13_F0_CLEAN2_EQUATION.tex)
(./GRAPHICS/THE_MAKEFILE/EXTRACTS/curve_q13_f0_clean2_variety_make_group.tex)
Underfull \vbox (badness 1087) has occurred while \output is active []



[205] (./GRAPHICS/THE_MAKEFILE/EXTRACTS/conic_group_q5.tex)
Underfull \vbox (badness 7814) has occurred while \output is active []



[206] (./GRAPHICS/THE_MAKEFILE/EXTRACTS/group_of_Hirschfeld_surface_q4.tex)

[207] (./GRAPHICS/THE_MAKEFILE/EXTRACTS/Higman_Sims_on_176_points.tex)

[208] (./GRAPHICS/THE_MAKEFILE/EXTRACTS/HERMITIAN_SURFACE_Q9_EQUATION.tex)
(./GRAPHICS/THE_MAKEFILE/EXTRACTS/HERMITIAN_SURFACE_Q9_POINTS.tex)
(./GRAPHICS/THE_MAKEFILE/EXTRACTS/group_U_4_3.tex)

[209]
Underfull \vbox (badness 10000) has occurred while \output is active []



[210])

[211] (./C05/sec_5.tex
(./GRAPHICS/TABLES/COMMANDS/group_theoretic_activity_1_ug.tex
Underfull \hbox (badness 10000) in paragraph at lines 61--61
[]|[]\OT1/zi4/m/n/10 -permutation_representation_
 []


LaTeX Warning: Float too large for page by 56.42975pt on input line 63.

) (./GRAPHICS/TABLES/COMMANDS/group_theoretic_activity_2_ug.tex
Underfull \hbox (badness 10000) in paragraph at lines 55--55
[]|\OT1/cmss/m/n/10 fname col-
 []


Underfull \hbox (badness 10000) in paragraph at lines 55--55
[]|\OT1/cmss/m/n/10 fname col-
 []


Underfull \hbox (badness 10000) in paragraph at lines 55--55
\OT1/cmss/m/n/10 umn go
 []


Underfull \hbox (badness 1400) in paragraph at lines 55--55
\OT1/cmss/m/n/10 out-put de-pends on the cho-sen sta-bi-lizer
 []


Underfull \hbox (badness 1163) in paragraph at lines 55--55
\OT1/cmss/m/n/10 given group el-e-ment (must be a ma-trix
 []

) (./GRAPHICS/TABLES/COMMANDS/group_theoretic_activity_3_ug.tex
Underfull \hbox (badness 10000) in paragraph at lines 35--35
[]|[]\OT1/zi4/m/n/10 -group_of_automorphisms_
 []


Underfull \hbox (badness 5245) in paragraph at lines 35--35
[]|\OT1/cmss/m/n/10 label v im-
 []


Underfull \hbox (badness 10000) in paragraph at lines 35--35
[]|[]\OT1/zi4/m/n/10 -reverse_isomorphism_exterior_
 []


Underfull \hbox (badness 10000) in paragraph at lines 35--35
[]|[]\OT1/zi4/m/n/10 -subgroup_lattice_
 []


Underfull \hbox (badness 10000) in paragraph at lines 35--35
[]|[]\OT1/zi4/m/n/10 -subgroup_lattice_
 []


Underfull \hbox (badness 10000) in paragraph at lines 35--35
[]|\OT1/cmss/m/n/10 orb1global
 []


Underfull \hbox (badness 10000) in paragraph at lines 35--35
\OT1/cmss/m/n/10 gidx
 []

) (./GRAPHICS/TABLES/COMMANDS/group_theoretic_activity_4_ug.tex
Underfull \hbox (badness 10000) in paragraph at lines 29--29
[]|[]\OT1/zi4/m/n/10 -subgroup_lattice_create_flag_
 []


Underfull \hbox (badness 10000) in paragraph at lines 29--29
[]|\OT1/cmss/m/n/10 Pidx Qidx
 []


Underfull \hbox (badness 10000) in paragraph at lines 29--29
[]|[]\OT1/zi4/m/n/10 -subgroup_lattice_
 []


Underfull \hbox (badness 10000) in paragraph at lines 29--29
[]|\OT1/cmss/m/n/10 control $\OML/cmm/m/it/10 d$
 []

) (./GRAPHICS/TABLES/COMMANDS/group_theoretic_activity_5_ug.tex
Underfull \hbox (badness 10000) in paragraph at lines 17--17
[]|\OT1/cmss/m/n/10 order sub-
 []


Underfull \hbox (badness 6592) in paragraph at lines 17--17
[]|\OT1/cmss/m/n/10 file col-label
 []

) (./GRAPHICS/TABLES/COMMANDS/element_processing_ug.tex)
(./GRAPHICS/THE_MAKEFILE/EXTRACTS/PGL_3_2_order_invariant.tex)
Package mdframed Info: mdframed works in twoside mode on input line 26.

(./GRAPHICS/LATEX/PGL_3_2_order_invariant.tex
Underfull \hbox (badness 10000) in paragraph at lines 2--4

 []

) (./GRAPHICS/THE_MAKEFILE/EXTRACTS/PGL_3_2_elements.tex)
(./GRAPHICS/THE_MAKEFILE/EXTRACTS/Sym_3_elements.tex)

[212

]

[213]

[214]

[215]

[216]

[217]
Package mdframed Info: mdframed works in twoside mode on input line 53.
 (./GRAPHICS/LATEX/report_group_elements_Sym3.tex
Underfull \hbox (badness 10000) in paragraph at lines 19--24

 []

) (./GRAPHICS/THE_MAKEFILE/EXTRACTS/Sym_3_make_element_tree.tex)

[218]
Package mdframed Info: mdframed works in twoside mode on input line 64.
 (./GRAPHICS/WRAPPERS/sym_3_elements_tree.tex
<GRAPHICS/PERM3/sym_3_tree.png, id=2682, 494.84875pt x 261.97874pt>
File: GRAPHICS/PERM3/sym_3_tree.png Graphic file (type png)
<use GRAPHICS/PERM3/sym_3_tree.png>
Package pdftex.def Info: GRAPHICS/PERM3/sym_3_tree.png  used on input line 2.
(pdftex.def)             Requested size: 312.9803pt x 165.69507pt.
)
(./GRAPHICS/THE_MAKEFILE/EXTRACTS/Cycle_12_power.tex)
Package mdframed Info: mdframed works in twoside mode on input line 82.

(./GRAPHICS/LATEX/report_group_element_powers.tex)

[219 <./GRAPHICS/PERM3/sym_3_tree.png>]
Package mdframed Info: Not enough space on this page on input line 82.

(./GRAPHICS/THE_MAKEFILE/EXTRACTS/PGL_3_4_singer.tex)
Package mdframed Info: mdframed works in twoside mode on input line 97.

(./GRAPHICS/LATEX/report_group_singer.tex)
(./GRAPHICS/THE_MAKEFILE/EXTRACTS/GL_2_8_multiply.tex)

[220]
Package mdframed Info: mdframed works in twoside mode on input line 115.
 (./GRAPHICS/LATEX/report_group_multiply_GL_2_8.tex)
Underfull \hbox (badness 10000) in paragraph at lines 22--115

 []

(./GRAPHICS/THE_MAKEFILE/EXTRACTS/GL_2_7_multiply.tex)
Package mdframed Info: mdframed works in twoside mode on input line 123.

(./GRAPHICS/LATEX/report_group_multiply_GL_2_7.tex)
Underfull \hbox (badness 10000) in paragraph at lines 22--123

 []

(./GRAPHICS/THE_MAKEFILE/EXTRACTS/GL_2_7_inv.tex)

[221]
Package mdframed Info: mdframed works in twoside mode on input line 130.
 (./GRAPHICS/LATEX/report_group_inverse_GL_2_7.tex)
Underfull \hbox (badness 10000) in paragraph at lines 17--130

 []

(./GRAPHICS/THE_MAKEFILE/EXTRACTS/GL_2_7_power.tex)
Package mdframed Info: mdframed works in twoside mode on input line 138.

(./GRAPHICS/LATEX/report_group_power_GL_2_7.tex)
Underfull \hbox (badness 10000) in paragraph at lines 17--138

 []

(./GRAPHICS/THE_MAKEFILE/EXTRACTS/PGGL_4_4_small_generating_set.tex)

[222] (./GRAPHICS/THE_MAKEFILE/EXTRACTS/on_planes.tex)
Package mdframed Info: mdframed works in twoside mode on input line 165.

(./GRAPHICS/LATEX/report_group_on_planes.tex)
Underfull \hbox (badness 10000) in paragraph at lines 19--165

 []



[223] (./GRAPHICS/THE_MAKEFILE/EXTRACTS/PGL_4_2_random_element.tex)
Package mdframed Info: mdframed works in twoside mode on input line 180.

(./GRAPHICS/WRAPPERS/random_element.tex
<GRAPHICS/GROUP_THEORY/RANDOM_ELEMENT/r1.png, id=2706, 873.2625pt x 253.94875pt
>
File: GRAPHICS/GROUP_THEORY/RANDOM_ELEMENT/r1.png Graphic file (type png)
<use GRAPHICS/GROUP_THEORY/RANDOM_ELEMENT/r1.png>
Package pdftex.def Info: GRAPHICS/GROUP_THEORY/RANDOM_ELEMENT/r1.png  used on i
nput line 2.
(pdftex.def)             Requested size: 426.79134pt x 124.11047pt.

Overfull \hbox (1.83633pt too wide) detected at line 3
[]
 []

) (./GRAPHICS/THE_MAKEFILE/EXTRACTS/PGL_2_3_subgroup_lattice.tex)

[224 <./GRAPHICS/GROUP_THEORY/RANDOM_ELEMENT/r1.png>]
(./GRAPHICS/THE_MAKEFILE/EXTRACTS/PGL_2_3_subgroup_lattice_load_and_draw_by_gro
ups.tex)
Package mdframed Info: mdframed works in twoside mode on input line 232.
 (./GRAPHICS/WRAPPERS/sgl_PGL_2_3_by_groups.tex
<GRAPHICS/SUBGROUP_LATTICE/PGL_2_3_drawing.pdf, id=2720, 415.8737pt x 360.04514
pt>
File: GRAPHICS/SUBGROUP_LATTICE/PGL_2_3_drawing.pdf Graphic file (type pdf)
<use GRAPHICS/SUBGROUP_LATTICE/PGL_2_3_drawing.pdf>
Package pdftex.def Info: GRAPHICS/SUBGROUP_LATTICE/PGL_2_3_drawing.pdf  used on
 input line 2.
(pdftex.def)             Requested size: 341.43306pt x 295.61798pt.
)
Overfull \vbox (192.7701pt too high) detected at line 232
 []

Package mdframed Info: Box was splittet wrong
 starting loop to iterate the splitting point
(mdframed)              on input line 232.

Overfull \vbox (193.7701pt too high) detected at line 232
 []


Overfull \vbox (194.7701pt too high) detected at line 232
 []


Overfull \vbox (195.7701pt too high) detected at line 232
 []


Overfull \vbox (196.7701pt too high) detected at line 232
 []


Overfull \vbox (197.7701pt too high) detected at line 232
 []


Overfull \vbox (198.7701pt too high) detected at line 232
 []


Overfull \vbox (199.7701pt too high) detected at line 232
 []


Overfull \vbox (200.7701pt too high) detected at line 232
 []


Overfull \vbox (201.7701pt too high) detected at line 232
 []


Overfull \vbox (202.7701pt too high) detected at line 232
 []


Overfull \vbox (203.7701pt too high) detected at line 232
 []


Overfull \vbox (204.7701pt too high) detected at line 232
 []


Overfull \vbox (205.7701pt too high) detected at line 232
 []


Overfull \vbox (206.7701pt too high) detected at line 232
 []


Overfull \vbox (207.7701pt too high) detected at line 232
 []


Overfull \vbox (208.7701pt too high) detected at line 232
 []


Overfull \vbox (209.7701pt too high) detected at line 232
 []


Overfull \vbox (210.7701pt too high) detected at line 232
 []


Overfull \vbox (211.7701pt too high) detected at line 232
 []


Overfull \vbox (212.7701pt too high) detected at line 232
 []


Overfull \vbox (213.7701pt too high) detected at line 232
 []


Overfull \vbox (214.7701pt too high) detected at line 232
 []


Overfull \vbox (215.7701pt too high) detected at line 232
 []


Overfull \vbox (216.7701pt too high) detected at line 232
 []


Overfull \vbox (217.7701pt too high) detected at line 232
 []


Overfull \vbox (218.7701pt too high) detected at line 232
 []


Overfull \vbox (219.7701pt too high) detected at line 232
 []


Overfull \vbox (220.7701pt too high) detected at line 232
 []


Overfull \vbox (221.7701pt too high) detected at line 232
 []


Overfull \vbox (222.7701pt too high) detected at line 232
 []


Overfull \vbox (223.7701pt too high) detected at line 232
 []


Overfull \vbox (224.7701pt too high) detected at line 232
 []


Overfull \vbox (225.7701pt too high) detected at line 232
 []


Overfull \vbox (226.7701pt too high) detected at line 232
 []


Overfull \vbox (227.7701pt too high) detected at line 232
 []


Overfull \vbox (228.7701pt too high) detected at line 232
 []


Overfull \vbox (229.7701pt too high) detected at line 232
 []


Overfull \vbox (230.7701pt too high) detected at line 232
 []


Overfull \vbox (231.7701pt too high) detected at line 232
 []


Overfull \vbox (232.7701pt too high) detected at line 232
 []


Overfull \vbox (233.7701pt too high) detected at line 232
 []


Overfull \vbox (234.7701pt too high) detected at line 232
 []


Overfull \vbox (235.7701pt too high) detected at line 232
 []


Overfull \vbox (236.7701pt too high) detected at line 232
 []


Overfull \vbox (237.7701pt too high) detected at line 232
 []


Overfull \vbox (238.7701pt too high) detected at line 232
 []


Overfull \vbox (239.7701pt too high) detected at line 232
 []


Overfull \vbox (240.7701pt too high) detected at line 232
 []


Overfull \vbox (241.7701pt too high) detected at line 232
 []


Overfull \vbox (242.7701pt too high) detected at line 232
 []


Overfull \vbox (243.7701pt too high) detected at line 232
 []


Overfull \vbox (244.7701pt too high) detected at line 232
 []


Overfull \vbox (245.7701pt too high) detected at line 232
 []


Overfull \vbox (246.7701pt too high) detected at line 232
 []


Overfull \vbox (247.7701pt too high) detected at line 232
 []


Overfull \vbox (248.7701pt too high) detected at line 232
 []


Overfull \vbox (249.7701pt too high) detected at line 232
 []


Overfull \vbox (250.7701pt too high) detected at line 232
 []


Overfull \vbox (251.7701pt too high) detected at line 232
 []


Overfull \vbox (252.7701pt too high) detected at line 232
 []


Overfull \vbox (253.7701pt too high) detected at line 232
 []


Overfull \vbox (254.7701pt too high) detected at line 232
 []


Overfull \vbox (255.7701pt too high) detected at line 232
 []


Overfull \vbox (256.7701pt too high) detected at line 232
 []


Overfull \vbox (257.7701pt too high) detected at line 232
 []


Overfull \vbox (258.7701pt too high) detected at line 232
 []


Overfull \vbox (259.7701pt too high) detected at line 232
 []


Overfull \vbox (260.7701pt too high) detected at line 232
 []


Overfull \vbox (261.7701pt too high) detected at line 232
 []


Overfull \vbox (262.7701pt too high) detected at line 232
 []


Overfull \vbox (263.7701pt too high) detected at line 232
 []


Overfull \vbox (264.7701pt too high) detected at line 232
 []


Overfull \vbox (265.7701pt too high) detected at line 232
 []


Overfull \vbox (266.7701pt too high) detected at line 232
 []


Overfull \vbox (267.7701pt too high) detected at line 232
 []


Overfull \vbox (268.7701pt too high) detected at line 232
 []


Overfull \vbox (269.7701pt too high) detected at line 232
 []


Overfull \vbox (270.7701pt too high) detected at line 232
 []


Overfull \vbox (271.7701pt too high) detected at line 232
 []


Overfull \vbox (272.7701pt too high) detected at line 232
 []


Overfull \vbox (273.7701pt too high) detected at line 232
 []


Overfull \vbox (274.7701pt too high) detected at line 232
 []


Overfull \vbox (275.7701pt too high) detected at line 232
 []


Overfull \vbox (276.7701pt too high) detected at line 232
 []


Overfull \vbox (277.7701pt too high) detected at line 232
 []


Overfull \vbox (278.7701pt too high) detected at line 232
 []


Overfull \vbox (279.7701pt too high) detected at line 232
 []


Overfull \vbox (280.7701pt too high) detected at line 232
 []


Overfull \vbox (281.7701pt too high) detected at line 232
 []


Overfull \vbox (282.7701pt too high) detected at line 232
 []


Overfull \vbox (283.7701pt too high) detected at line 232
 []


Overfull \vbox (284.7701pt too high) detected at line 232
 []


Overfull \vbox (285.7701pt too high) detected at line 232
 []


Overfull \vbox (286.7701pt too high) detected at line 232
 []


Overfull \vbox (287.7701pt too high) detected at line 232
 []


Overfull \vbox (288.7701pt too high) detected at line 232
 []


Overfull \vbox (289.7701pt too high) detected at line 232
 []


Overfull \vbox (290.7701pt too high) detected at line 232
 []


Overfull \vbox (291.7701pt too high) detected at line 232
 []


Overfull \vbox (292.7701pt too high) detected at line 232
 []


Overfull \vbox (293.7701pt too high) detected at line 232
 []


Package mdframed Warning: correct box splittet fails
 It seems you are using a non splittable contents
(mdframed)                 on input line 232.

Package mdframed Info: You first box width is to small
 mdframed fixed it
(mdframed)              on input line 232.


[225]
(./GRAPHICS/THE_MAKEFILE/EXTRACTS/PGL_2_3_subgroup_lattice_load_and_draw_by_orb
its.tex)

Package amsmath Warning: Foreign command \atop;
(amsmath)                \frac or \genfrac should be used instead
(amsmath)                 on input line 246.



[226 <./GRAPHICS/SUBGROUP_LATTICE/PGL_2_3_drawing.pdf>]
Package mdframed Info: mdframed works in twoside mode on input line 251.

(./GRAPHICS/WRAPPERS/sgl_PGL_2_3_by_orbits.tex
<GRAPHICS/SUBGROUP_LATTICE/PGL_2_3_drawing_by_orbits.pdf, id=2735, 341.99669pt 
x 360.53595pt>
File: GRAPHICS/SUBGROUP_LATTICE/PGL_2_3_drawing_by_orbits.pdf Graphic file (typ
e pdf)
<use GRAPHICS/SUBGROUP_LATTICE/PGL_2_3_drawing_by_orbits.pdf>
Package pdftex.def Info: GRAPHICS/SUBGROUP_LATTICE/PGL_2_3_drawing_by_orbits.pd
f  used on input line 2.
(pdftex.def)             Requested size: 341.43306pt x 359.96841pt.
)
(./GRAPHICS/THE_MAKEFILE/EXTRACTS/PGL_3_13_2B_RNF.tex)

[227 <./GRAPHICS/SUBGROUP_LATTICE/PGL_2_3_drawing_by_orbits.pdf>])

[228] (./C05/sec_6.tex
(./GRAPHICS/TABLES/COMMANDS/group_theoretic_activity_magma_ug.tex)
(./GRAPHICS/THE_MAKEFILE/EXTRACTS/PSP_4_4_export_magma.tex)
(./GRAPHICS/THE_MAKEFILE/EXTRACTS/PGGL_2_4_export_magma.tex)

[229

] (./GRAPHICS/THE_MAKEFILE/EXTRACTS/HIRSCHFELD_STAB_GENERATORS.tex)
(./GRAPHICS/THE_MAKEFILE/EXTRACTS/Hirschfeld_stab_export_magma.tex)
Underfull \vbox (badness 2351) has occurred while \output is active []



[230]
Package mdframed Info: mdframed works in twoside mode on input line 92.
 (./GRAPHICS/WRAPPERS/magma_Hirschfeld_group.tex
(./GRAPHICS/THE_MAKEFILE/EXTRACTS/PGGL_4_4_Subgroup_Hirschfeld_Stab_51840_gener
ators.magma.tex
LaTeX Font Info:    Trying to load font information for OML+zi4 on input line 8
.
LaTeX Font Info:    No file OMLzi4.fd. on input line 8.


LaTeX Font Warning: Font shape `OML/zi4/m/n' undefined
(Font)              using `OML/cmm/m/it' instead
(Font)              for symbol `textless' on input line 8.

LaTeX Font Info:    Trying to load font information for OMS+zi4 on input line 8
.
LaTeX Font Info:    No file OMSzi4.fd. on input line 8.

LaTeX Font Warning: Font shape `OMS/zi4/m/n' undefined
(Font)              using `OMS/cmsy/m/n' instead
(Font)              for symbol `textbar' on input line 8.

))
Package mdframed Info: You first box width is to small
 mdframed fixed it
(mdframed)              on input line 92.


[231]
(./GRAPHICS/THE_MAKEFILE/EXTRACTS/Hirschfeld_stab_subgroup_lattice_magma.tex)
(./GRAPHICS/THE_MAKEFILE/EXTRACTS/PGGL_2_4_classes.tex)

[232]
Package mdframed Info: mdframed works in twoside mode on input line 121.
 (./GRAPHICS/LATEX/magma_classes_PGGL2_4.tex
Underfull \hbox (badness 10000) in paragraph at lines 9--10

 []

) (./GRAPHICS/THE_MAKEFILE/EXTRACTS/Hirschfeld_stab_classes.tex)
Underfull \vbox (badness 10000) has occurred while \output is active []



[233] (./GRAPHICS/THE_MAKEFILE/EXTRACTS/PGGL_2_4_cent_2A.tex)

[234]
Package mdframed Info: mdframed works in twoside mode on input line 163.
 (./GRAPHICS/LATEX/magma_centralizer_PGGL_4_2_class_2A.tex)
Underfull \hbox (badness 10000) in paragraph at lines 96--163

 []

(./GRAPHICS/THE_MAKEFILE/EXTRACTS/GENERATORS_H5.tex)

[235] (./GRAPHICS/THE_MAKEFILE/EXTRACTS/Normalizer_of_H5.tex)
Package mdframed Info: mdframed works in twoside mode on input line 192.

(./GRAPHICS/LATEX/magma_normalizer_H5.tex)
Underfull \hbox (badness 10000) in paragraph at lines 22--192

 []


Underfull \vbox (badness 10000) has occurred while \output is active []



[236] (./GRAPHICS/THE_MAKEFILE/EXTRACTS/Normalizer_of_Z22_in_PGL_2_9.tex)
Package mdframed Info: mdframed works in twoside mode on input line 226.

(./GRAPHICS/LATEX/magma_normalizer_Z22.tex)
Underfull \hbox (badness 10000) in paragraph at lines 53--226

 []

(./GRAPHICS/THE_MAKEFILE/EXTRACTS/PGOm_6_2_classes.tex)

[237] (./GRAPHICS/THE_MAKEFILE/EXTRACTS/PGOM_6_2_CLASS_2A_REP.tex)
(./GRAPHICS/THE_MAKEFILE/EXTRACTS/PGOm_6_2_Class_2A.tex)
(./GRAPHICS/THE_MAKEFILE/EXTRACTS/FILE_NAME_PGOM_6_2_CLASS_2A.tex)
(./GRAPHICS/THE_MAKEFILE/EXTRACTS/PGOm_6_2_Class_2A_print.tex)

[238] (./GRAPHICS/THE_MAKEFILE/EXTRACTS/PGOM_6_2_CLASS_2A_REP_CLEAN.tex)
(./GRAPHICS/THE_MAKEFILE/EXTRACTS/PGOm_6_2_Class_2A_centralizer.tex)
(./GRAPHICS/THE_MAKEFILE/EXTRACTS/PGOM_6_2_CLASS_2A_CENTRALIZER_GENS.tex)

[239]
(./GRAPHICS/THE_MAKEFILE/EXTRACTS/PGOm_6_2_Class_2A_centralizer_recover.tex))

[240] (./C05/sec_7.tex
(./GRAPHICS/TABLES/COMMANDS/group_theoretic_activity_gap_ug.tex)
(./GRAPHICS/THE_MAKEFILE/EXTRACTS/Hirschfeld_stab_export_gap.tex)
Package mdframed Info: mdframed works in twoside mode on input line 30.

(./GRAPHICS/LATEX/Hirschfeld_stab_fining.tex)

[241

]
Package mdframed Info: mdframed works in twoside mode on input line 35.
 (./GRAPHICS/LATEX/Hirschfeld_stab_fining_gap_output.tex)

[242] (./GRAPHICS/THE_MAKEFILE/EXTRACTS/Cyclic_6_canonical_image.tex)
Package mdframed Info: mdframed works in twoside mode on input line 50.

(./GRAPHICS/LATEX/minimal_image_cyclic_6_command.tex)
Package mdframed Info: mdframed works in twoside mode on input line 52.

(./GRAPHICS/LATEX/minimal_image_cyclic_6_gap_output.tex)
(./GRAPHICS/THE_MAKEFILE/EXTRACTS/EDGE_CURVE_Q17_AS_POINTS.tex)
(./GRAPHICS/THE_MAKEFILE/EXTRACTS/Edge_qurve_q17_canonical_image.tex)

[243]
Package mdframed Info: mdframed works in twoside mode on input line 79.
 (./GRAPHICS/LATEX/minimal_image_PSL_3_17_gap_output.tex))

[244] (./C05/sec_8.tex
Package mdframed Info: mdframed works in twoside mode on input line 23.
 (./GRAPHICS/LATEX/U_3_3_magma.tex)
Package mdframed Info: mdframed works in twoside mode on input line 34.

(./GRAPHICS/LATEX/magma_poly_F9.tex)
Package mdframed Info: mdframed works in twoside mode on input line 37.
 (./GRAPHICS/LATEX/magma_poly_F9_out.tex)
(./GRAPHICS/THE_MAKEFILE/EXTRACTS/U_3_3.tex)

[245

] (./GRAPHICS/THE_MAKEFILE/EXTRACTS/CONWAY_GEN1.tex)
(./GRAPHICS/THE_MAKEFILE/EXTRACTS/CONWAY_GEN2.tex)
Underfull \vbox (badness 1117) has occurred while \output is active []



[246] (./GRAPHICS/THE_MAKEFILE/EXTRACTS/Co3.tex)

[247] (./GRAPHICS/THE_MAKEFILE/EXTRACTS/Ree_gen1.tex)
(./GRAPHICS/THE_MAKEFILE/EXTRACTS/Ree_gen2.tex)
(./GRAPHICS/THE_MAKEFILE/EXTRACTS/Ree_27.tex)
(./GRAPHICS/THE_MAKEFILE/EXTRACTS/HIGMAN_SIMS_NB_GENS.tex)
Underfull \vbox (badness 1163) has occurred while \output is active []



[248] (./GRAPHICS/THE_MAKEFILE/EXTRACTS/HIGMAN_SIMS_GO.tex)
(./GRAPHICS/THE_MAKEFILE/EXTRACTS/Higman_Sims_group.tex)
(./GRAPHICS/THE_MAKEFILE/EXTRACTS/Higman_Sims_group_classes.tex)

[249] (./GRAPHICS/THE_MAKEFILE/EXTRACTS/Higman_Sims_group_subgroup_lattice.tex)
(./GRAPHICS/THE_MAKEFILE/EXTRACTS/Higman_Sims_subgroup_176a.tex)

[250] (./GRAPHICS/THE_MAKEFILE/EXTRACTS/Higman_Sims_subgroup_176b.tex)
(./GRAPHICS/THE_MAKEFILE/EXTRACTS/Butler12_PSP_6_2_conjugate.tex)

[251]
(./GRAPHICS/THE_MAKEFILE/EXTRACTS/Hirschfeld_surface_get_subfield_subgroup.tex)


[252])

[253] (./C05/sec_9.tex (./GRAPHICS/TABLES/COMMANDS/vector_ge_activity_ug.tex)
(./GRAPHICS/THE_MAKEFILE/EXTRACTS/PGGL_2_4_classes_reps.tex)
(./GRAPHICS/THE_MAKEFILE/EXTRACTS/PGL_4_4_classes_reps.tex)

[254

]

[255] (./GRAPHICS/THE_MAKEFILE/EXTRACTS/PGGL_4_4_classes_reps.tex)
(./GRAPHICS/THE_MAKEFILE/EXTRACTS/Sym_6_generators.tex)

[256]
Package mdframed Info: mdframed works in twoside mode on input line 53.
 (./GRAPHICS/LATEX/Sym_6_generators.tex)
Underfull \hbox (badness 10000) in paragraph at lines 24--53

 []

(./GRAPHICS/THE_MAKEFILE/EXTRACTS/Sym_6_elements.tex)

[257] (./GRAPHICS/THE_MAKEFILE/EXTRACTS/GL_2_3_RNF_elements.tex)
Package mdframed Info: mdframed works in twoside mode on input line 95.

(./GRAPHICS/LATEX/GL_2_3_RNF_elements.tex)

[258]
Package mdframed Info: Not enough space on this page on input line 95.

(./GRAPHICS/THE_MAKEFILE/EXTRACTS/PGL_4_2_orthogonal_reflections_report_vector_
ge.tex)

[259]
Package mdframed Info: mdframed works in twoside mode on input line 116.
 (./GRAPHICS/LATEX/PGL_4_2_orthogonal_reflections_cut.tex
Underfull \hbox (badness 10000) in paragraph at lines 51--54

 []


Underfull \hbox (badness 10000) in paragraph at lines 58--59

 []


Underfull \hbox (badness 10000) in paragraph at lines 62--66

 []

)

[260])

[261])

[262


]
Chapter 6.
(./C06/chapter.tex (./C06/sec_1.tex
(./GRAPHICS/TABLES/COMMANDS/finite_field_activities_polynomials_ug.tex
Underfull \hbox (badness 1701) in paragraph at lines 25--25
[]|$\OML/cmm/m/it/10 A\OT1/cmr/m/n/10 (\OML/cmm/m/it/10 X\OT1/cmr/m/n/10 )$ $\O
ML/cmm/m/it/10 B\OT1/cmr/m/n/10 (\OML/cmm/m/it/10 X\OT1/cmr/m/n/10 )$
 []


Underfull \hbox (badness 10000) in paragraph at lines 25--25
[]|[]\OT1/zi4/m/n/10 -make_table_of_irreducible_
 []

) (./GRAPHICS/THE_MAKEFILE/EXTRACTS/poly_division.tex)
(./GRAPHICS/THE_MAKEFILE/EXTRACTS/poly_division2.tex)

[263]

[264] (./GRAPHICS/THE_MAKEFILE/EXTRACTS/poly_gcd.tex)
(./GRAPHICS/THE_MAKEFILE/EXTRACTS/poly_mult_mod1.tex)
(./GRAPHICS/THE_MAKEFILE/EXTRACTS/poly_mult_mod2.tex)

[265] (./GRAPHICS/THE_MAKEFILE/EXTRACTS/poly_mult_mod_F4.tex)
(./GRAPHICS/THE_MAKEFILE/EXTRACTS/mult_polynomials_2_5_7.tex)

[266] (./GRAPHICS/THE_MAKEFILE/EXTRACTS/polynomial_division_ranked_2_27_13.tex)
(./GRAPHICS/THE_MAKEFILE/EXTRACTS/mult_polynomials_1024_999_997.tex)
(./GRAPHICS/THE_MAKEFILE/EXTRACTS/polynomial_division_ranked_2_349147_1033.tex)


[267] (./GRAPHICS/THE_MAKEFILE/EXTRACTS/CRC32_SPARSE.tex)
(./GRAPHICS/THE_MAKEFILE/EXTRACTS/TWO_TO_THE_32_MINUS_2.tex)
(./GRAPHICS/THE_MAKEFILE/EXTRACTS/power_mod_inverse.tex)
(./GRAPHICS/THE_MAKEFILE/EXTRACTS/INVERSE_SPARSE.tex)
(./GRAPHICS/THE_MAKEFILE/EXTRACTS/mult_mod_to_get_one.tex)

[268] (./GRAPHICS/THE_MAKEFILE/EXTRACTS/Berlekamp_matrix_2_3.tex)
(./GRAPHICS/THE_MAKEFILE/EXTRACTS/irred_3_4.tex)
Package mdframed Info: mdframed works in twoside mode on input line 215.

(./GRAPHICS/LATEX/ring_theory_irred_poly_3_4.tex)
Underfull \hbox (badness 10000) in paragraph at lines 2--215

 []



[269] (./GRAPHICS/THE_MAKEFILE/EXTRACTS/F2_get_primitive_poly_of_deg_10.tex)
(./GRAPHICS/THE_MAKEFILE/EXTRACTS/F2_get_primitive_poly_range_2_10.tex)
Package mdframed Info: mdframed works in twoside mode on input line 236.

(./GRAPHICS/LATEX/ring_theory_irred_poly_q2.tex)

[270])

[271] (./C06/sec_2.tex (./GRAPHICS/TABLES/COMMANDS/polynomial_ring_ug.tex
Underfull \hbox (badness 10000) in paragraph at lines 21--21
[]|\OT1/cmss/m/n/10 label-txt
 []

) (./GRAPHICS/TABLES/COMMANDS/polynomial_ring_activity_ug.tex
Underfull \hbox (badness 10000) in paragraph at lines 27--27
[]|\OT1/cmss/m/n/10 label[]txt
 []


Underfull \hbox (badness 10000) in paragraph at lines 27--27
\OT1/cmss/m/n/10 la-bel[]tex
 []


Underfull \hbox (badness 10000) in paragraph at lines 27--27
[]|\OT1/cmss/m/n/10 label[]txt
 []


Underfull \hbox (badness 10000) in paragraph at lines 27--27
\OT1/cmss/m/n/10 la-bel[]tex
 []


Underfull \hbox (badness 10000) in paragraph at lines 27--27
[]|\OT1/cmss/m/n/10 label[]txt
 []


Underfull \hbox (badness 10000) in paragraph at lines 27--27
\OT1/cmss/m/n/10 la-bel[]tex
 []


Underfull \hbox (badness 10000) in paragraph at lines 27--27
\OT1/cmss/m/n/10 eqn[]algebraic
 []


Underfull \hbox (badness 10000) in paragraph at lines 27--27
\OT1/cmss/m/n/10 params
 []

) (./GRAPHICS/TABLES/OTHER/monomials_PG_2_partition.tex)
(./GRAPHICS/TABLES/OTHER/monomials_PG_3_partition.tex
Overfull \hbox (4.61206pt too wide) detected at line 75
[]
 []

) (./GRAPHICS/THE_MAKEFILE/EXTRACTS/polynomial_ring_degree3_vars4_q13.tex)

[272

]

[273]

[274]

[275] (./GRAPHICS/THE_MAKEFILE/EXTRACTS/parse_homogeneous_polynomial.tex)
(./GRAPHICS/THE_MAKEFILE/EXTRACTS/EDGE_CURVE_EQUATION_ALGEBRAIC.tex)
(./GRAPHICS/THE_MAKEFILE/EXTRACTS/parse_homogeneous_polynomial_with_parameters.
tex)

[276] (./GRAPHICS/THE_MAKEFILE/EXTRACTS/permutation_polynomial_F5.tex)

[277] (./GRAPHICS/THE_MAKEFILE/EXTRACTS/conic_variety.tex)

[278] (./GRAPHICS/THE_MAKEFILE/EXTRACTS/ideal_of_conic.tex)
(./GRAPHICS/THE_MAKEFILE/EXTRACTS/QC_Q27_FO159_COEFFS.tex)
(./GRAPHICS/THE_MAKEFILE/EXTRACTS/QC_Q27_FO388_COEFFS.tex)
(./GRAPHICS/THE_MAKEFILE/EXTRACTS/QC_Q27_FO388_TRANS.tex)
(./GRAPHICS/THE_MAKEFILE/EXTRACTS/quartic_curve_q27_fo338_apply_transformation.
tex)

[279])

[280])
Chapter 7.
(./C07/chapter.tex (./C07/sec_1.tex
(./GRAPHICS/THE_MAKEFILE/EXTRACTS/GR_3_2_2.tex)
Package mdframed Info: mdframed works in twoside mode on input line 47.

(./GRAPHICS/LATEX/report_Gr_3_2_2.tex
Underfull \hbox (badness 10000) in paragraph at lines 2--51

 []

)

[281


] (./GRAPHICS/THE_MAKEFILE/EXTRACTS/PG_3_3_rank_lines.tex)
(./GRAPHICS/THE_MAKEFILE/EXTRACTS/PG_3_5_unrank_lines.tex)

[282] (./GRAPHICS/THE_MAKEFILE/EXTRACTS/planes_in_pencil.tex))

[283] (./C07/sec_2.tex (./GRAPHICS/THE_MAKEFILE/EXTRACTS/GR_4_2_2.tex)
Package mdframed Info: mdframed works in twoside mode on input line 13.

(./GRAPHICS/LATEX/report_Gr_4_2_2.tex
Underfull \hbox (badness 10000) in paragraph at lines 3--36

 []

)
Package mdframed Info: mdframed works in twoside mode on input line 30.
 (./GRAPHICS/LATEX/report_Op_5_2.tex
Underfull \hbox (badness 10000) in paragraph at lines 2--35

 []

))

[284

] (./C07/sec_3.tex (./GRAPHICS/TABLES/GENERAL/table_quadrics_ug.tex)
(./GRAPHICS/TABLES/COMMANDS/orthogonal_space_with_action_ug.tex)
(./GRAPHICS/THE_MAKEFILE/EXTRACTS/Op_4_2.tex)

[285

] (./GRAPHICS/THE_MAKEFILE/EXTRACTS/O_5_2_incidence_matrix.csv.tex)
Package mdframed Info: mdframed works in twoside mode on input line 57.

(./GRAPHICS/WRAPPERS/O_5_2_incma.tex
<GRAPHICS/PGO_5_2/O_5_2_incidence_matrix_draw.png, id=3039, 225.84375pt x 225.8
4375pt>
File: GRAPHICS/PGO_5_2/O_5_2_incidence_matrix_draw.png Graphic file (type png)
<use GRAPHICS/PGO_5_2/O_5_2_incidence_matrix_draw.png>
Package pdftex.def Info: GRAPHICS/PGO_5_2/O_5_2_incidence_matrix_draw.png  used
 on input line 2.
(pdftex.def)             Requested size: 199.16928pt x 199.18076pt.
)
Overfull \vbox (96.48843pt too high) detected at line 57
 []

Package mdframed Info: Box was splittet wrong
 starting loop to iterate the splitting point
(mdframed)              on input line 57.

Overfull \vbox (97.48843pt too high) detected at line 57
 []


Overfull \vbox (98.48843pt too high) detected at line 57
 []


Overfull \vbox (99.48843pt too high) detected at line 57
 []


Overfull \vbox (100.48843pt too high) detected at line 57
 []


Overfull \vbox (101.48843pt too high) detected at line 57
 []


Overfull \vbox (102.48843pt too high) detected at line 57
 []


Overfull \vbox (103.48843pt too high) detected at line 57
 []


Overfull \vbox (104.48843pt too high) detected at line 57
 []


Overfull \vbox (105.48843pt too high) detected at line 57
 []


Overfull \vbox (106.48843pt too high) detected at line 57
 []


Overfull \vbox (107.48843pt too high) detected at line 57
 []


Overfull \vbox (108.48843pt too high) detected at line 57
 []


Overfull \vbox (109.48843pt too high) detected at line 57
 []


Overfull \vbox (110.48843pt too high) detected at line 57
 []


Overfull \vbox (111.48843pt too high) detected at line 57
 []


Overfull \vbox (112.48843pt too high) detected at line 57
 []


Overfull \vbox (113.48843pt too high) detected at line 57
 []


Overfull \vbox (114.48843pt too high) detected at line 57
 []


Overfull \vbox (115.48843pt too high) detected at line 57
 []


Overfull \vbox (116.48843pt too high) detected at line 57
 []


Overfull \vbox (117.48843pt too high) detected at line 57
 []


Overfull \vbox (118.48843pt too high) detected at line 57
 []


Overfull \vbox (119.48843pt too high) detected at line 57
 []


Overfull \vbox (120.48843pt too high) detected at line 57
 []


Overfull \vbox (121.48843pt too high) detected at line 57
 []


Overfull \vbox (122.48843pt too high) detected at line 57
 []


Overfull \vbox (123.48843pt too high) detected at line 57
 []


Overfull \vbox (124.48843pt too high) detected at line 57
 []


Overfull \vbox (125.48843pt too high) detected at line 57
 []


Overfull \vbox (126.48843pt too high) detected at line 57
 []


Overfull \vbox (127.48843pt too high) detected at line 57
 []


Overfull \vbox (128.48843pt too high) detected at line 57
 []


Overfull \vbox (129.48843pt too high) detected at line 57
 []


Overfull \vbox (130.48843pt too high) detected at line 57
 []


Overfull \vbox (131.48843pt too high) detected at line 57
 []


Overfull \vbox (132.48843pt too high) detected at line 57
 []


Overfull \vbox (133.48843pt too high) detected at line 57
 []


Overfull \vbox (134.48843pt too high) detected at line 57
 []


Overfull \vbox (135.48843pt too high) detected at line 57
 []


Overfull \vbox (136.48843pt too high) detected at line 57
 []


Overfull \vbox (137.48843pt too high) detected at line 57
 []


Overfull \vbox (138.48843pt too high) detected at line 57
 []


Overfull \vbox (139.48843pt too high) detected at line 57
 []


Overfull \vbox (140.48843pt too high) detected at line 57
 []


Overfull \vbox (141.48843pt too high) detected at line 57
 []


Overfull \vbox (142.48843pt too high) detected at line 57
 []


Overfull \vbox (143.48843pt too high) detected at line 57
 []


Overfull \vbox (144.48843pt too high) detected at line 57
 []


Overfull \vbox (145.48843pt too high) detected at line 57
 []


Overfull \vbox (146.48843pt too high) detected at line 57
 []


Overfull \vbox (147.48843pt too high) detected at line 57
 []


Overfull \vbox (148.48843pt too high) detected at line 57
 []


Overfull \vbox (149.48843pt too high) detected at line 57
 []


Overfull \vbox (150.48843pt too high) detected at line 57
 []


Overfull \vbox (151.48843pt too high) detected at line 57
 []


Overfull \vbox (152.48843pt too high) detected at line 57
 []


Overfull \vbox (153.48843pt too high) detected at line 57
 []


Overfull \vbox (154.48843pt too high) detected at line 57
 []


Overfull \vbox (155.48843pt too high) detected at line 57
 []


Overfull \vbox (156.48843pt too high) detected at line 57
 []


Overfull \vbox (157.48843pt too high) detected at line 57
 []


Overfull \vbox (158.48843pt too high) detected at line 57
 []


Overfull \vbox (159.48843pt too high) detected at line 57
 []


Overfull \vbox (160.48843pt too high) detected at line 57
 []


Overfull \vbox (161.48843pt too high) detected at line 57
 []


Overfull \vbox (162.48843pt too high) detected at line 57
 []


Overfull \vbox (163.48843pt too high) detected at line 57
 []


Overfull \vbox (164.48843pt too high) detected at line 57
 []


Overfull \vbox (165.48843pt too high) detected at line 57
 []


Overfull \vbox (166.48843pt too high) detected at line 57
 []


Overfull \vbox (167.48843pt too high) detected at line 57
 []


Overfull \vbox (168.48843pt too high) detected at line 57
 []


Overfull \vbox (169.48843pt too high) detected at line 57
 []


Overfull \vbox (170.48843pt too high) detected at line 57
 []


Overfull \vbox (171.48843pt too high) detected at line 57
 []


Overfull \vbox (172.48843pt too high) detected at line 57
 []


Overfull \vbox (173.48843pt too high) detected at line 57
 []


Overfull \vbox (174.48843pt too high) detected at line 57
 []


Overfull \vbox (175.48843pt too high) detected at line 57
 []


Overfull \vbox (176.48843pt too high) detected at line 57
 []


Overfull \vbox (177.48843pt too high) detected at line 57
 []


Overfull \vbox (178.48843pt too high) detected at line 57
 []


Overfull \vbox (179.48843pt too high) detected at line 57
 []


Overfull \vbox (180.48843pt too high) detected at line 57
 []


Overfull \vbox (181.48843pt too high) detected at line 57
 []


Overfull \vbox (182.48843pt too high) detected at line 57
 []


Overfull \vbox (183.48843pt too high) detected at line 57
 []


Overfull \vbox (184.48843pt too high) detected at line 57
 []


Overfull \vbox (185.48843pt too high) detected at line 57
 []


Overfull \vbox (186.48843pt too high) detected at line 57
 []


Overfull \vbox (187.48843pt too high) detected at line 57
 []


Overfull \vbox (188.48843pt too high) detected at line 57
 []


Overfull \vbox (189.48843pt too high) detected at line 57
 []


Overfull \vbox (190.48843pt too high) detected at line 57
 []


Overfull \vbox (191.48843pt too high) detected at line 57
 []


Overfull \vbox (192.48843pt too high) detected at line 57
 []


Overfull \vbox (193.48843pt too high) detected at line 57
 []


Overfull \vbox (194.48843pt too high) detected at line 57
 []


Overfull \vbox (195.48843pt too high) detected at line 57
 []


Overfull \vbox (196.48843pt too high) detected at line 57
 []


Overfull \vbox (197.48843pt too high) detected at line 57
 []


Package mdframed Warning: correct box splittet fails
 It seems you are using a non splittable contents
(mdframed)                 on input line 57.

Package mdframed Info: You first box width is to small
 mdframed fixed it
(mdframed)              on input line 57.


[286] (./GRAPHICS/TABLES/COMMANDS/orthogonal_space_activity_ug.tex
Overfull \hbox (3.59787pt too wide) in paragraph at lines 39--39
[]|[]\OT1/zi4/m/n/10 -intersect_with_subspace_given_by_base| 
 []


LaTeX Warning: Float too large for page by 12.94025pt on input line 41.

) (./GRAPHICS/THE_MAKEFILE/EXTRACTS/Op_6_2.tex)
Package mdframed Info: mdframed works in twoside mode on input line 99.

(./GRAPHICS/LATEX/report_Op_6_2.tex)
Underfull \hbox (badness 10000) in paragraph at lines 27--99

 []

Package mdframed Info: Not enough space on this page on input line 99.


[287 <./GRAPHICS/PGO_5_2/O_5_2_incidence_matrix_draw.png>]

[288]
Package mdframed Info: Not enough space on this page on input line 99.


[289] (./GRAPHICS/THE_MAKEFILE/EXTRACTS/Op_6_64_line_rank.tex)
(./GRAPHICS/THE_MAKEFILE/EXTRACTS/Op_6_64_report.tex)
Package mdframed Info: mdframed works in twoside mode on input line 130.

(./GRAPHICS/LATEX/report_Op_6_64.tex)
Underfull \hbox (badness 10000) in paragraph at lines 31--130

 []



[290]
Package mdframed Info: Not enough space on this page on input line 130.
 (./GRAPHICS/THE_MAKEFILE/EXTRACTS/elliptic_quadric_subspace.tex)

[291] (./GRAPHICS/THE_MAKEFILE/EXTRACTS/BLT_database_7_1.tex)
(./GRAPHICS/THE_MAKEFILE/EXTRACTS/BLT_database_7_1_print.tex)
Package mdframed Info: mdframed works in twoside mode on input line 200.

(./GRAPHICS/LATEX/report_BLT_q7.tex)
Underfull \hbox (badness 10000) in paragraph at lines 1--200

 []



[292] (./GRAPHICS/THE_MAKEFILE/EXTRACTS/Doily_W_2.tex)
(./GRAPHICS/THE_MAKEFILE/EXTRACTS/ORTHOGONAL_OP_6_2_POINTS_OFF.tex)
(./GRAPHICS/THE_MAKEFILE/EXTRACTS/Op_6_2_orthogonal_reflections.tex)

[293]
Package mdframed Info: mdframed works in twoside mode on input line 230.
 (./GRAPHICS/LATEX/PGO_6_2_orthogonal_reflections.tex)
Underfull \hbox (badness 10000) in paragraph at lines 391--230

 []



[294]

[295]

[296]

[297]

[298]
(./GRAPHICS/THE_MAKEFILE/EXTRACTS/Op_6_2_create_Siegel_transformation_2B.tex)

[299]
Package mdframed Info: mdframed works in twoside mode on input line 249.
 (./GRAPHICS/LATEX/siegel1.tex
Underfull \hbox (badness 10000) in paragraph at lines 1--2

 []

)
Underfull \hbox (badness 10000) in paragraph at lines 17--249

 []

(./GRAPHICS/THE_MAKEFILE/EXTRACTS/Op_6_2_create_Siegel_transformation_2C.tex)

[300]
Package mdframed Info: mdframed works in twoside mode on input line 271.
 (./GRAPHICS/LATEX/siegel2.tex)
Underfull \hbox (badness 10000) in paragraph at lines 13--271

 []


(./GRAPHICS/THE_MAKEFILE/EXTRACTS/Op_6_2_Siegel_transformation_expand_class_2A.
tex)

[301]
(./GRAPHICS/THE_MAKEFILE/EXTRACTS/Op_6_2_Siegel_transformation_expand_class_2C.
tex)
(./GRAPHICS/THE_MAKEFILE/EXTRACTS/Op_6_2_make_all_Siegel_transformations.tex)

[302]
(./GRAPHICS/THE_MAKEFILE/EXTRACTS/Op_6_2_all_Siegel_transformations_tally.tex))


[303] (./C07/sec_4.tex (./GRAPHICS/THE_MAKEFILE/EXTRACTS/H_2_4.tex)
Underfull \hbox (badness 10000) in paragraph at lines 11--12

 []

Package mdframed Info: mdframed works in twoside mode on input line 12.
(./GRAPHICS/LATEX/report_Hermitian_2_4.tex
Underfull \hbox (badness 10000) in paragraph at lines 1--3

 []


Underfull \hbox (badness 10000) in paragraph at lines 3--13

 []

)
Underfull \hbox (badness 10000) in paragraph at lines 14--12

 []

(./GRAPHICS/THE_MAKEFILE/EXTRACTS/H_3_4.tex)
Package mdframed Info: mdframed works in twoside mode on input line 26.

(./GRAPHICS/LATEX/report_Hermitian_3_4.tex
Underfull \hbox (badness 10000) in paragraph at lines 1--3

 []


Underfull \hbox (badness 10000) in paragraph at lines 3--49

 []

)
Underfull \hbox (badness 10000) in paragraph at lines 50--26

 []



[304

]
Package mdframed Info: Not enough space on this page on input line 26.
)

[305] (./C07/sec_5.tex (./GRAPHICS/TABLES/COMMANDS/variety_ug.tex
Underfull \hbox (badness 10000) in paragraph at lines 35--35
[]|\OT1/cmss/m/n/10 label
 []


Underfull \hbox (badness 10000) in paragraph at lines 35--35
\OT1/cmss/m/n/10 lable[]tex
 []


Underfull \hbox (badness 10000) in paragraph at lines 35--35
\OT1/cmss/m/n/10 pa-ram-e-
 []

)

[306

] (./GRAPHICS/THE_MAKEFILE/EXTRACTS/conic_variety_q13.tex)
(./GRAPHICS/THE_MAKEFILE/EXTRACTS/Op_6_eqn.tex)

[307] (./GRAPHICS/THE_MAKEFILE/EXTRACTS/Op_6_2_variety.tex)
(./GRAPHICS/THE_MAKEFILE/EXTRACTS/CURVE_Q13_F0_CLEAN2_EQUATION.tex)
(./GRAPHICS/THE_MAKEFILE/EXTRACTS/curve_q13_f0.tex)

[308] (./GRAPHICS/THE_MAKEFILE/EXTRACTS/HIRSCHFELD_EQUATION_XYZW.tex)
(./GRAPHICS/THE_MAKEFILE/EXTRACTS/Hirschfeld_q2.tex)

[309] (./GRAPHICS/THE_MAKEFILE/EXTRACTS/CURVE_Q13_FLAG_1_EQN.tex)
(./GRAPHICS/THE_MAKEFILE/EXTRACTS/CURVE_Q13_FLAG_1_POINTS.tex)
(./GRAPHICS/THE_MAKEFILE/EXTRACTS/CURVE_Q13_FLAG_1_BITANGENTS.tex)
(./GRAPHICS/THE_MAKEFILE/EXTRACTS/CURVE_Q13_FLAG_1_TRANS_1.tex)
(./GRAPHICS/THE_MAKEFILE/EXTRACTS/CURVE_Q13_FLAG_1_TRANS_2.tex)
(./GRAPHICS/THE_MAKEFILE/EXTRACTS/quartic_curve_q13_f1_apply_transformation.tex
)

[310]
(./GRAPHICS/THE_MAKEFILE/EXTRACTS/QUARTIC_CURVE_Q13_FLAG_0_EQN_COEFFICIENTS.tex
) (./GRAPHICS/THE_MAKEFILE/EXTRACTS/QUARTIC_CURVE_Q13_FLAG_0_TRANS.tex)
(./GRAPHICS/THE_MAKEFILE/EXTRACTS/quartic_curve_q13_f0_apply_transformation.tex
)

[311] (./GRAPHICS/THE_MAKEFILE/EXTRACTS/cubic_eqn_q3_0.tex)

[312])

[313] (./C07/sec_6.tex (./GRAPHICS/TABLES/COMMANDS/variety_activity_ug.tex)
(./GRAPHICS/THE_MAKEFILE/EXTRACTS/conic_variety_q13_report.tex)

[314

]
Package mdframed Info: mdframed works in twoside mode on input line 20.
 (./GRAPHICS/LATEX/PG_2_13_conic.tex
Underfull \hbox (badness 10000) in paragraph at lines 10--12

 []


Underfull \hbox (badness 10000) in paragraph at lines 29--33

 []


Underfull \hbox (badness 10000) in paragraph at lines 33--48

 []

) (./GRAPHICS/THE_MAKEFILE/EXTRACTS/Op_6_2_group.tex)

[315] (./GRAPHICS/THE_MAKEFILE/EXTRACTS/CURVE_Q13_F0_CLEAN2_EQUATION.tex)
(./GRAPHICS/THE_MAKEFILE/EXTRACTS/curve_q13_f0_clean2_variety_compute_group.tex
)

[316] (./GRAPHICS/THE_MAKEFILE/EXTRACTS/BARTH_EQUATION_GENERAL.tex)
(./GRAPHICS/THE_MAKEFILE/EXTRACTS/Barth_sextic_mod_11.tex)

[317] (./GRAPHICS/THE_MAKEFILE/EXTRACTS/Hirschfeld_q2_group.tex)

[318] (./GRAPHICS/THE_MAKEFILE/EXTRACTS/variety_Dickson36_9lines_q4_group.tex)
(./GRAPHICS/THE_MAKEFILE/EXTRACTS/QC_Q27_FO159_COEFFS.tex)
(./GRAPHICS/THE_MAKEFILE/EXTRACTS/QC_Q27_FO388_COEFFS.tex)

[319]
(./GRAPHICS/THE_MAKEFILE/EXTRACTS/quartic_curve_q27_fo159_fo338_test_isomorphis
m.tex)

[320] (./GRAPHICS/THE_MAKEFILE/EXTRACTS/QC_Q9_COEFFS.tex)
(./GRAPHICS/THE_MAKEFILE/EXTRACTS/QC_Q9_HERMITIAN_COEFFS.tex)
(./GRAPHICS/THE_MAKEFILE/EXTRACTS/quartic_curve_q9_hermitian_fo0_test_isomorphi
sm.tex) (./GRAPHICS/THE_MAKEFILE/EXTRACTS/QC_Q9_ORBITER_CATALOGUE_0_AF.tex)

[321]
(./GRAPHICS/THE_MAKEFILE/EXTRACTS/quartic_curve_q9_hermitian_and_OCN0_test_isom
orphism.tex) (./GRAPHICS/THE_MAKEFILE/EXTRACTS/QUARTIC_CURVE_Q9_CLEAN.tex)
(./GRAPHICS/THE_MAKEFILE/EXTRACTS/QC_Q9_CLEAN_LINES.tex)
Underfull \vbox (badness 3343) has occurred while \output is active []



[322] (./GRAPHICS/THE_MAKEFILE/EXTRACTS/QC_Q9_TRANSFORM_CLEAN_TO_HERMITIAN.tex)
(./GRAPHICS/THE_MAKEFILE/EXTRACTS/quartic_curve_q9_Hermitian_transform.tex))

[323] (./C07/sec_7.tex (./GRAPHICS/THE_MAKEFILE/EXTRACTS/CREMONA_MAP_Y0.tex)
(./GRAPHICS/THE_MAKEFILE/EXTRACTS/CREMONA_MAP_Y1.tex)
(./GRAPHICS/THE_MAKEFILE/EXTRACTS/CREMONA_MAP_Y2.tex)
(./GRAPHICS/THE_MAKEFILE/EXTRACTS/CREMONA_MAP_Y3.tex)
(./GRAPHICS/THE_MAKEFILE/EXTRACTS/Cremona_map.tex)

[324

] (./GRAPHICS/TABLES/COMMANDS/mapping_ug.tex)
(./GRAPHICS/THE_MAKEFILE/EXTRACTS/Veronese_1_3_q7.tex)

[325]
Package mdframed Info: mdframed works in twoside mode on input line 61.
 (./GRAPHICS/LATEX/Veronese_1_3_q7.tex))

[326])
Chapter 8.
(./C08/chapter.tex (./C08/sec_1.tex
(./GRAPHICS/TABLES/COMMANDS/orbits_create1_ug.tex)
(./GRAPHICS/TABLES/COMMANDS/orbits_create2_ug.tex)
(./GRAPHICS/TABLES/COMMANDS/orbits_activity_ug.tex)
(./GRAPHICS/THE_MAKEFILE/EXTRACTS/orbits_PGL_4_2_on_points_draw_tree.tex)

[327


]

[328]

[329]
(./GRAPHICS/THE_MAKEFILE/EXTRACTS/orbits_PGL_4_2_on_points_export_trees.tex)
Package mdframed Info: mdframed works in twoside mode on input line 44.

(./GRAPHICS/WRAPPERS/PGL_4_2_schreier_tree_drawing.tex
<GRAPHICS/ORBITS/PGL_4_2_on_points.png, id=3281, 792.9625pt x 577.15625pt>
File: GRAPHICS/ORBITS/PGL_4_2_on_points.png Graphic file (type png)
<use GRAPHICS/ORBITS/PGL_4_2_on_points.png>
Package pdftex.def Info: GRAPHICS/ORBITS/PGL_4_2_on_points.png  used on input l
ine 2.
(pdftex.def)             Requested size: 312.9803pt x 227.80249pt.
)

[330]
Package mdframed Info: Not enough space on this page on input line 44.
 (./GRAPHICS/THE_MAKEFILE/EXTRACTS/DD_PP4_orbit.tex)
Package mdframed Info: mdframed works in twoside mode on input line 66.

(./GRAPHICS/WRAPPERS/schreier_tree_wreath_drawing.tex
<GRAPHICS/OTHER/schreier_tree_wreath3_on_rank1_tensors.png, id=3288, 946.53625p
t x 653.44125pt>
File: GRAPHICS/OTHER/schreier_tree_wreath3_on_rank1_tensors.png Graphic file (t
ype png)
<use GRAPHICS/OTHER/schreier_tree_wreath3_on_rank1_tensors.png>
Package pdftex.def Info: GRAPHICS/OTHER/schreier_tree_wreath3_on_rank1_tensors.
png  used on input line 2.
(pdftex.def)             Requested size: 312.9803pt x 216.06502pt.
)

[331 <./GRAPHICS/ORBITS/PGL_4_2_on_points.png>]
Package mdframed Info: Not enough space on this page on input line 66.

(./GRAPHICS/THE_MAKEFILE/EXTRACTS/T3r1_orbits.tex)
(./GRAPHICS/THE_MAKEFILE/EXTRACTS/poly_orbits_d3_n2_q2_compute.tex)

[332 <./GRAPHICS/OTHER/schreier_tree_wreath3_on_rank1_tensors.png>]
Package mdframed Info: mdframed works in twoside mode on input line 86.

(./GRAPHICS/WRAPPERS/poly_orbits_d3_n2_q2_table.tex
<GRAPHICS/ORBITS/poly_orbits_d3_n2_q2_table.png, id=3300, 913.4125pt x 600.2425
pt>
File: GRAPHICS/ORBITS/poly_orbits_d3_n2_q2_table.png Graphic file (type png)
<use GRAPHICS/ORBITS/poly_orbits_d3_n2_q2_table.png>
Package pdftex.def Info: GRAPHICS/ORBITS/poly_orbits_d3_n2_q2_table.png  used o
n input line 2.
(pdftex.def)             Requested size: 369.88582pt x 243.06024pt.
)

[333 <./GRAPHICS/ORBITS/poly_orbits_d3_n2_q2_table.png>]
(./GRAPHICS/THE_MAKEFILE/EXTRACTS/poly_orbits_d3_n3_q2.csv.tex))

[334] (./C08/sec_2.tex
Package mdframed Info: mdframed works in twoside mode on input line 14.
 (./GRAPHICS/WRAPPERS/subset_lattice_4.tex
<GRAPHICS/POSETS/subset_lattice_4.png, id=3313, 760.8425pt x 650.43pt>
File: GRAPHICS/POSETS/subset_lattice_4.png Graphic file (type png)
<use GRAPHICS/POSETS/subset_lattice_4.png>
Package pdftex.def Info: GRAPHICS/POSETS/subset_lattice_4.png  used on input li
ne 2.
(pdftex.def)             Requested size: 256.0748pt x 218.92012pt.
)
Package mdframed Info: mdframed works in twoside mode on input line 49.

(./GRAPHICS/LATEX/V_3_2.tex
<GRAPHICS/POSETS/V_3_2.png, id=3316, 928.46875pt x 729.72626pt>
File: GRAPHICS/POSETS/V_3_2.png Graphic file (type png)
<use GRAPHICS/POSETS/V_3_2.png>
Package pdftex.def Info: GRAPHICS/POSETS/V_3_2.png  used on input line 2.
(pdftex.def)             Requested size: 256.0748pt x 201.25992pt.
)
Overfull \vbox (101.45271pt too high) detected at line 49
 []

Package mdframed Info: Box was splittet wrong
 starting loop to iterate the splitting point
(mdframed)              on input line 49.

Overfull \vbox (102.45271pt too high) detected at line 49
 []


Overfull \vbox (103.45271pt too high) detected at line 49
 []


Overfull \vbox (104.45271pt too high) detected at line 49
 []


Overfull \vbox (105.45271pt too high) detected at line 49
 []


Overfull \vbox (106.45271pt too high) detected at line 49
 []


Overfull \vbox (107.45271pt too high) detected at line 49
 []


Overfull \vbox (108.45271pt too high) detected at line 49
 []


Overfull \vbox (109.45271pt too high) detected at line 49
 []


Overfull \vbox (110.45271pt too high) detected at line 49
 []


Overfull \vbox (111.45271pt too high) detected at line 49
 []


Overfull \vbox (112.45271pt too high) detected at line 49
 []


Overfull \vbox (113.45271pt too high) detected at line 49
 []


Overfull \vbox (114.45271pt too high) detected at line 49
 []


Overfull \vbox (115.45271pt too high) detected at line 49
 []


Overfull \vbox (116.45271pt too high) detected at line 49
 []


Overfull \vbox (117.45271pt too high) detected at line 49
 []


Overfull \vbox (118.45271pt too high) detected at line 49
 []


Overfull \vbox (119.45271pt too high) detected at line 49
 []


Overfull \vbox (120.45271pt too high) detected at line 49
 []


Overfull \vbox (121.45271pt too high) detected at line 49
 []


Overfull \vbox (122.45271pt too high) detected at line 49
 []


Overfull \vbox (123.45271pt too high) detected at line 49
 []


Overfull \vbox (124.45271pt too high) detected at line 49
 []


Overfull \vbox (125.45271pt too high) detected at line 49
 []


Overfull \vbox (126.45271pt too high) detected at line 49
 []


Overfull \vbox (127.45271pt too high) detected at line 49
 []


Overfull \vbox (128.45271pt too high) detected at line 49
 []


Overfull \vbox (129.45271pt too high) detected at line 49
 []


Overfull \vbox (130.45271pt too high) detected at line 49
 []


Overfull \vbox (131.45271pt too high) detected at line 49
 []


Overfull \vbox (132.45271pt too high) detected at line 49
 []


Overfull \vbox (133.45271pt too high) detected at line 49
 []


Overfull \vbox (134.45271pt too high) detected at line 49
 []


Overfull \vbox (135.45271pt too high) detected at line 49
 []


Overfull \vbox (136.45271pt too high) detected at line 49
 []


Overfull \vbox (137.45271pt too high) detected at line 49
 []


Overfull \vbox (138.45271pt too high) detected at line 49
 []


Overfull \vbox (139.45271pt too high) detected at line 49
 []


Overfull \vbox (140.45271pt too high) detected at line 49
 []


Overfull \vbox (141.45271pt too high) detected at line 49
 []


Overfull \vbox (142.45271pt too high) detected at line 49
 []


Overfull \vbox (143.45271pt too high) detected at line 49
 []


Overfull \vbox (144.45271pt too high) detected at line 49
 []


Overfull \vbox (145.45271pt too high) detected at line 49
 []


Overfull \vbox (146.45271pt too high) detected at line 49
 []


Overfull \vbox (147.45271pt too high) detected at line 49
 []


Overfull \vbox (148.45271pt too high) detected at line 49
 []


Overfull \vbox (149.45271pt too high) detected at line 49
 []


Overfull \vbox (150.45271pt too high) detected at line 49
 []


Overfull \vbox (151.45271pt too high) detected at line 49
 []


Overfull \vbox (152.45271pt too high) detected at line 49
 []


Overfull \vbox (153.45271pt too high) detected at line 49
 []


Overfull \vbox (154.45271pt too high) detected at line 49
 []


Overfull \vbox (155.45271pt too high) detected at line 49
 []


Overfull \vbox (156.45271pt too high) detected at line 49
 []


Overfull \vbox (157.45271pt too high) detected at line 49
 []


Overfull \vbox (158.45271pt too high) detected at line 49
 []


Overfull \vbox (159.45271pt too high) detected at line 49
 []


Overfull \vbox (160.45271pt too high) detected at line 49
 []


Overfull \vbox (161.45271pt too high) detected at line 49
 []


Overfull \vbox (162.45271pt too high) detected at line 49
 []


Overfull \vbox (163.45271pt too high) detected at line 49
 []


Overfull \vbox (164.45271pt too high) detected at line 49
 []


Overfull \vbox (165.45271pt too high) detected at line 49
 []


Overfull \vbox (166.45271pt too high) detected at line 49
 []


Overfull \vbox (167.45271pt too high) detected at line 49
 []


Overfull \vbox (168.45271pt too high) detected at line 49
 []


Overfull \vbox (169.45271pt too high) detected at line 49
 []


Overfull \vbox (170.45271pt too high) detected at line 49
 []


Overfull \vbox (171.45271pt too high) detected at line 49
 []


Overfull \vbox (172.45271pt too high) detected at line 49
 []


Overfull \vbox (173.45271pt too high) detected at line 49
 []


Overfull \vbox (174.45271pt too high) detected at line 49
 []


Overfull \vbox (175.45271pt too high) detected at line 49
 []


Overfull \vbox (176.45271pt too high) detected at line 49
 []


Overfull \vbox (177.45271pt too high) detected at line 49
 []


Overfull \vbox (178.45271pt too high) detected at line 49
 []


Overfull \vbox (179.45271pt too high) detected at line 49
 []


Overfull \vbox (180.45271pt too high) detected at line 49
 []


Overfull \vbox (181.45271pt too high) detected at line 49
 []


Overfull \vbox (182.45271pt too high) detected at line 49
 []


Overfull \vbox (183.45271pt too high) detected at line 49
 []


Overfull \vbox (184.45271pt too high) detected at line 49
 []


Overfull \vbox (185.45271pt too high) detected at line 49
 []


Overfull \vbox (186.45271pt too high) detected at line 49
 []


Overfull \vbox (187.45271pt too high) detected at line 49
 []


Overfull \vbox (188.45271pt too high) detected at line 49
 []


Overfull \vbox (189.45271pt too high) detected at line 49
 []


Overfull \vbox (190.45271pt too high) detected at line 49
 []


Overfull \vbox (191.45271pt too high) detected at line 49
 []


Overfull \vbox (192.45271pt too high) detected at line 49
 []


Overfull \vbox (193.45271pt too high) detected at line 49
 []


Overfull \vbox (194.45271pt too high) detected at line 49
 []


Overfull \vbox (195.45271pt too high) detected at line 49
 []


Overfull \vbox (196.45271pt too high) detected at line 49
 []


Overfull \vbox (197.45271pt too high) detected at line 49
 []


Overfull \vbox (198.45271pt too high) detected at line 49
 []


Overfull \vbox (199.45271pt too high) detected at line 49
 []


Overfull \vbox (200.45271pt too high) detected at line 49
 []


Overfull \vbox (201.45271pt too high) detected at line 49
 []


Overfull \vbox (202.45271pt too high) detected at line 49
 []


Package mdframed Warning: correct box splittet fails
 It seems you are using a non splittable contents
(mdframed)                 on input line 49.

Package mdframed Info: You first box width is to small
 mdframed fixed it
(mdframed)              on input line 49.


[335

 <./GRAPHICS/POSETS/subset_lattice_4.png>]
(./GRAPHICS/TABLES/COMMANDS/poset_classification_control_ug.tex)
(./GRAPHICS/TABLES/COMMANDS/poset_classification_activity_1_ug.tex)
(./GRAPHICS/TABLES/COMMANDS/poset_classification_activity_2_ug.tex
Underfull \hbox (badness 10000) in paragraph at lines 17--17
[]|[]\OT1/zi4/m/n/10 -test_multi_edge_in_
 []

) (./GRAPHICS/TABLES/COMMANDS/poset_classification_report_options_ug.tex
Underfull \hbox (badness 10000) in paragraph at lines 31--31
[]|[]\OT1/zi4/m/n/10 -select_orbits_by_stabilizer_order_
 []

))

[336 <./GRAPHICS/POSETS/V_3_2.png>]

[337]

[338]

[339] (./C08/sec_3.tex
(./GRAPHICS/THE_MAKEFILE/EXTRACTS/poset_of_subsets_under_C6.tex)

[340

]
Package mdframed Info: mdframed works in twoside mode on input line 29.
 (./GRAPHICS/WRAPPERS/poset_of_subsets_under_C6.tex
<GRAPHICS/POSET_CLASSIFICATION/C6/poset_C6_poset_full_lvl_6_draw.pdf, id=3369, 
440.99454pt x 419.55745pt>
File: GRAPHICS/POSET_CLASSIFICATION/C6/poset_C6_poset_full_lvl_6_draw.pdf Graph
ic file (type pdf)
<use GRAPHICS/POSET_CLASSIFICATION/C6/poset_C6_poset_full_lvl_6_draw.pdf>
Package pdftex.def Info: GRAPHICS/POSET_CLASSIFICATION/C6/poset_C6_poset_full_l
vl_6_draw.pdf  used on input line 2.
(pdftex.def)             Requested size: 398.33858pt x 378.99382pt.
)

[341 <./GRAPHICS/POSET_CLASSIFICATION/C6/poset_C6_poset_full_lvl_6_draw.pdf>]
(./GRAPHICS/THE_MAKEFILE/EXTRACTS/orbits_on_subsets_in_action_on_pairs.tex)
Underfull \vbox (badness 4120) has occurred while \output is active []



[342]
Package mdframed Info: mdframed works in twoside mode on input line 53.
 (./GRAPHICS/WRAPPERS/graphs4_poset_full_lvl_6_draw.tex
<GRAPHICS/POSET_CLASSIFICATION/SYM4_ON_PAIRS/graphs4_poset_full_lvl_6_draw.pdf,
 id=3383, 438.05457pt x 419.55745pt>
File: GRAPHICS/POSET_CLASSIFICATION/SYM4_ON_PAIRS/graphs4_poset_full_lvl_6_draw
.pdf Graphic file (type pdf)
<use GRAPHICS/POSET_CLASSIFICATION/SYM4_ON_PAIRS/graphs4_poset_full_lvl_6_draw.
pdf>
Package pdftex.def Info: GRAPHICS/POSET_CLASSIFICATION/SYM4_ON_PAIRS/graphs4_po
set_full_lvl_6_draw.pdf  used on input line 2.
(pdftex.def)             Requested size: 398.33858pt x 381.53539pt.
)
(./GRAPHICS/THE_MAKEFILE/EXTRACTS/PGL_3_2_singer.tex)
Underfull \vbox (badness 4792) has occurred while \output is active []



[343 <./GRAPHICS/POSET_CLASSIFICATION/SYM4_ON_PAIRS/graphs4_poset_full_lvl_6_dr
aw.pdf>] (./GRAPHICS/THE_MAKEFILE/EXTRACTS/PG_3_2_subsets.tex)

[344]
Package mdframed Info: mdframed works in twoside mode on input line 75.
 (./GRAPHICS/WRAPPERS/PGL_4_2_orbits_on_subsets.tex
<GRAPHICS/PGL_4_2/PGL_4_2_orbits_on_subsets.png, id=3398, 769.87625pt x 865.232
5pt>
File: GRAPHICS/PGL_4_2/PGL_4_2_orbits_on_subsets.png Graphic file (type png)
<use GRAPHICS/PGL_4_2/PGL_4_2_orbits_on_subsets.png>
Package pdftex.def Info: GRAPHICS/PGL_4_2/PGL_4_2_orbits_on_subsets.png  used o
n input line 2.
(pdftex.def)             Requested size: 312.9803pt x 351.75069pt.
)
(./GRAPHICS/THE_MAKEFILE/EXTRACTS/PGL_3_2_on_lines.tex)

[345 <./GRAPHICS/PGL_4_2/PGL_4_2_orbits_on_subsets.png>]
(./GRAPHICS/THE_MAKEFILE/EXTRACTS/PGO_5_2_on_subsets.tex)

[346]
Package mdframed Info: mdframed works in twoside mode on input line 97.
 (./GRAPHICS/WRAPPERS/PGO_5_2_poset_orbits_drawing.tex
<GRAPHICS/PGO_5_2/poset_orbits.png, id=3408, 716.6775pt x 689.57625pt>
File: GRAPHICS/PGO_5_2/poset_orbits.png Graphic file (type png)
<use GRAPHICS/PGO_5_2/poset_orbits.png>
Package pdftex.def Info: GRAPHICS/PGO_5_2/poset_orbits.png  used on input line 
2.
(pdftex.def)             Requested size: 426.79134pt x 410.65544pt.

Overfull \hbox (1.83633pt too wide) detected at line 3
[]
 []

)
Overfull \vbox (47.68668pt too high) detected at line 97
 []

Package mdframed Info: Box was splittet wrong
 starting loop to iterate the splitting point
(mdframed)              on input line 97.

Overfull \vbox (48.68668pt too high) detected at line 97
 []


Overfull \vbox (49.68668pt too high) detected at line 97
 []


Overfull \vbox (50.68668pt too high) detected at line 97
 []


Overfull \vbox (51.68668pt too high) detected at line 97
 []


Overfull \vbox (52.68668pt too high) detected at line 97
 []


Overfull \vbox (53.68668pt too high) detected at line 97
 []


Overfull \vbox (54.68668pt too high) detected at line 97
 []


Overfull \vbox (55.68668pt too high) detected at line 97
 []


Overfull \vbox (56.68668pt too high) detected at line 97
 []


Overfull \vbox (57.68668pt too high) detected at line 97
 []


Overfull \vbox (58.68668pt too high) detected at line 97
 []


Overfull \vbox (59.68668pt too high) detected at line 97
 []


Overfull \vbox (60.68668pt too high) detected at line 97
 []


Overfull \vbox (61.68668pt too high) detected at line 97
 []


Overfull \vbox (62.68668pt too high) detected at line 97
 []


Overfull \vbox (63.68668pt too high) detected at line 97
 []


Overfull \vbox (64.68668pt too high) detected at line 97
 []


Overfull \vbox (65.68668pt too high) detected at line 97
 []


Overfull \vbox (66.68668pt too high) detected at line 97
 []


Overfull \vbox (67.68668pt too high) detected at line 97
 []


Overfull \vbox (68.68668pt too high) detected at line 97
 []


Overfull \vbox (69.68668pt too high) detected at line 97
 []


Overfull \vbox (70.68668pt too high) detected at line 97
 []


Overfull \vbox (71.68668pt too high) detected at line 97
 []


Overfull \vbox (72.68668pt too high) detected at line 97
 []


Overfull \vbox (73.68668pt too high) detected at line 97
 []


Overfull \vbox (74.68668pt too high) detected at line 97
 []


Overfull \vbox (75.68668pt too high) detected at line 97
 []


Overfull \vbox (76.68668pt too high) detected at line 97
 []


Overfull \vbox (77.68668pt too high) detected at line 97
 []


Overfull \vbox (78.68668pt too high) detected at line 97
 []


Overfull \vbox (79.68668pt too high) detected at line 97
 []


Overfull \vbox (80.68668pt too high) detected at line 97
 []


Overfull \vbox (81.68668pt too high) detected at line 97
 []


Overfull \vbox (82.68668pt too high) detected at line 97
 []


Overfull \vbox (83.68668pt too high) detected at line 97
 []


Overfull \vbox (84.68668pt too high) detected at line 97
 []


Overfull \vbox (85.68668pt too high) detected at line 97
 []


Overfull \vbox (86.68668pt too high) detected at line 97
 []


Overfull \vbox (87.68668pt too high) detected at line 97
 []


Overfull \vbox (88.68668pt too high) detected at line 97
 []


Overfull \vbox (89.68668pt too high) detected at line 97
 []


Overfull \vbox (90.68668pt too high) detected at line 97
 []


Overfull \vbox (91.68668pt too high) detected at line 97
 []


Overfull \vbox (92.68668pt too high) detected at line 97
 []


Overfull \vbox (93.68668pt too high) detected at line 97
 []


Overfull \vbox (94.68668pt too high) detected at line 97
 []


Overfull \vbox (95.68668pt too high) detected at line 97
 []


Overfull \vbox (96.68668pt too high) detected at line 97
 []


Overfull \vbox (97.68668pt too high) detected at line 97
 []


Overfull \vbox (98.68668pt too high) detected at line 97
 []


Overfull \vbox (99.68668pt too high) detected at line 97
 []


Overfull \vbox (100.68668pt too high) detected at line 97
 []


Overfull \vbox (101.68668pt too high) detected at line 97
 []


Overfull \vbox (102.68668pt too high) detected at line 97
 []


Overfull \vbox (103.68668pt too high) detected at line 97
 []


Overfull \vbox (104.68668pt too high) detected at line 97
 []


Overfull \vbox (105.68668pt too high) detected at line 97
 []


Overfull \vbox (106.68668pt too high) detected at line 97
 []


Overfull \vbox (107.68668pt too high) detected at line 97
 []


Overfull \vbox (108.68668pt too high) detected at line 97
 []


Overfull \vbox (109.68668pt too high) detected at line 97
 []


Overfull \vbox (110.68668pt too high) detected at line 97
 []


Overfull \vbox (111.68668pt too high) detected at line 97
 []


Overfull \vbox (112.68668pt too high) detected at line 97
 []


Overfull \vbox (113.68668pt too high) detected at line 97
 []


Overfull \vbox (114.68668pt too high) detected at line 97
 []


Overfull \vbox (115.68668pt too high) detected at line 97
 []


Overfull \vbox (116.68668pt too high) detected at line 97
 []


Overfull \vbox (117.68668pt too high) detected at line 97
 []


Overfull \vbox (118.68668pt too high) detected at line 97
 []


Overfull \vbox (119.68668pt too high) detected at line 97
 []


Overfull \vbox (120.68668pt too high) detected at line 97
 []


Overfull \vbox (121.68668pt too high) detected at line 97
 []


Overfull \vbox (122.68668pt too high) detected at line 97
 []


Overfull \vbox (123.68668pt too high) detected at line 97
 []


Overfull \vbox (124.68668pt too high) detected at line 97
 []


Overfull \vbox (125.68668pt too high) detected at line 97
 []


Overfull \vbox (126.68668pt too high) detected at line 97
 []


Overfull \vbox (127.68668pt too high) detected at line 97
 []


Overfull \vbox (128.68668pt too high) detected at line 97
 []


Overfull \vbox (129.68668pt too high) detected at line 97
 []


Overfull \vbox (130.68668pt too high) detected at line 97
 []


Overfull \vbox (131.68668pt too high) detected at line 97
 []


Overfull \vbox (132.68668pt too high) detected at line 97
 []


Overfull \vbox (133.68668pt too high) detected at line 97
 []


Overfull \vbox (134.68668pt too high) detected at line 97
 []


Overfull \vbox (135.68668pt too high) detected at line 97
 []


Overfull \vbox (136.68668pt too high) detected at line 97
 []


Overfull \vbox (137.68668pt too high) detected at line 97
 []


Overfull \vbox (138.68668pt too high) detected at line 97
 []


Overfull \vbox (139.68668pt too high) detected at line 97
 []


Overfull \vbox (140.68668pt too high) detected at line 97
 []


Overfull \vbox (141.68668pt too high) detected at line 97
 []


Overfull \vbox (142.68668pt too high) detected at line 97
 []


Overfull \vbox (143.68668pt too high) detected at line 97
 []


Overfull \vbox (144.68668pt too high) detected at line 97
 []


Overfull \vbox (145.68668pt too high) detected at line 97
 []


Overfull \vbox (146.68668pt too high) detected at line 97
 []


Overfull \vbox (147.68668pt too high) detected at line 97
 []


Overfull \vbox (148.68668pt too high) detected at line 97
 []


Package mdframed Warning: correct box splittet fails
 It seems you are using a non splittable contents
(mdframed)                 on input line 97.

Package mdframed Info: You first box width is to small
 mdframed fixed it
(mdframed)              on input line 97.


[347])

[348 <./GRAPHICS/PGO_5_2/poset_orbits.png>] (./C08/sec_4.tex
(./GRAPHICS/THE_MAKEFILE/EXTRACTS/subspaces_Op_4_2.tex)

[349

]
Package mdframed Info: mdframed works in twoside mode on input line 27.
 (./GRAPHICS/WRAPPERS/Op_4_3_orbits_drawing.tex
<GRAPHICS/POSETS/Op_4_3_element.png, id=3424, 836.12375pt x 778.91pt>
File: GRAPHICS/POSETS/Op_4_3_element.png Graphic file (type png)
<use GRAPHICS/POSETS/Op_4_3_element.png>
Package pdftex.def Info: GRAPHICS/POSETS/Op_4_3_element.png  used on input line
 3.
(pdftex.def)             Requested size: 199.16928pt x 185.53976pt.
)
Package mdframed Info: mdframed works in twoside mode on input line 36.

(./GRAPHICS/WRAPPERS/Op_4_2_poset_full_lvl_4_draw.tex
<GRAPHICS/ORBITS/Op_4_2_poset_full_lvl_4_draw.pdf, id=3426, 447.91841pt x 393.8
434pt>
File: GRAPHICS/ORBITS/Op_4_2_poset_full_lvl_4_draw.pdf Graphic file (type pdf)
<use GRAPHICS/ORBITS/Op_4_2_poset_full_lvl_4_draw.pdf>
Package pdftex.def Info: GRAPHICS/ORBITS/Op_4_2_poset_full_lvl_4_draw.pdf  used
 on input line 2.
(pdftex.def)             Requested size: 256.0748pt x 225.16013pt.
)
Overfull \vbox (13.37003pt too high) detected at line 36
 []

Package mdframed Info: Box was splittet wrong
 starting loop to iterate the splitting point
(mdframed)              on input line 36.

Overfull \vbox (14.37003pt too high) detected at line 36
 []


Overfull \vbox (15.37003pt too high) detected at line 36
 []


Overfull \vbox (16.37003pt too high) detected at line 36
 []


Overfull \vbox (17.37003pt too high) detected at line 36
 []


Overfull \vbox (18.37003pt too high) detected at line 36
 []


Overfull \vbox (19.37003pt too high) detected at line 36
 []


Overfull \vbox (20.37003pt too high) detected at line 36
 []


Overfull \vbox (21.37003pt too high) detected at line 36
 []


Overfull \vbox (22.37003pt too high) detected at line 36
 []


Overfull \vbox (23.37003pt too high) detected at line 36
 []


Overfull \vbox (24.37003pt too high) detected at line 36
 []


Overfull \vbox (25.37003pt too high) detected at line 36
 []


Overfull \vbox (26.37003pt too high) detected at line 36
 []


Overfull \vbox (27.37003pt too high) detected at line 36
 []


Overfull \vbox (28.37003pt too high) detected at line 36
 []


Overfull \vbox (29.37003pt too high) detected at line 36
 []


Overfull \vbox (30.37003pt too high) detected at line 36
 []


Overfull \vbox (31.37003pt too high) detected at line 36
 []


Overfull \vbox (32.37003pt too high) detected at line 36
 []


Overfull \vbox (33.37003pt too high) detected at line 36
 []


Overfull \vbox (34.37003pt too high) detected at line 36
 []


Overfull \vbox (35.37003pt too high) detected at line 36
 []


Overfull \vbox (36.37003pt too high) detected at line 36
 []


Overfull \vbox (37.37003pt too high) detected at line 36
 []


Overfull \vbox (38.37003pt too high) detected at line 36
 []


Overfull \vbox (39.37003pt too high) detected at line 36
 []


Overfull \vbox (40.37003pt too high) detected at line 36
 []


Overfull \vbox (41.37003pt too high) detected at line 36
 []


Overfull \vbox (42.37003pt too high) detected at line 36
 []


Overfull \vbox (43.37003pt too high) detected at line 36
 []


Overfull \vbox (44.37003pt too high) detected at line 36
 []


Overfull \vbox (45.37003pt too high) detected at line 36
 []


Overfull \vbox (46.37003pt too high) detected at line 36
 []


Overfull \vbox (47.37003pt too high) detected at line 36
 []


Overfull \vbox (48.37003pt too high) detected at line 36
 []


Overfull \vbox (49.37003pt too high) detected at line 36
 []


Overfull \vbox (50.37003pt too high) detected at line 36
 []


Overfull \vbox (51.37003pt too high) detected at line 36
 []


Overfull \vbox (52.37003pt too high) detected at line 36
 []


Overfull \vbox (53.37003pt too high) detected at line 36
 []


Overfull \vbox (54.37003pt too high) detected at line 36
 []


Overfull \vbox (55.37003pt too high) detected at line 36
 []


Overfull \vbox (56.37003pt too high) detected at line 36
 []


Overfull \vbox (57.37003pt too high) detected at line 36
 []


Overfull \vbox (58.37003pt too high) detected at line 36
 []


Overfull \vbox (59.37003pt too high) detected at line 36
 []


Overfull \vbox (60.37003pt too high) detected at line 36
 []


Overfull \vbox (61.37003pt too high) detected at line 36
 []


Overfull \vbox (62.37003pt too high) detected at line 36
 []


Overfull \vbox (63.37003pt too high) detected at line 36
 []


Overfull \vbox (64.37003pt too high) detected at line 36
 []


Overfull \vbox (65.37003pt too high) detected at line 36
 []


Overfull \vbox (66.37003pt too high) detected at line 36
 []


Overfull \vbox (67.37003pt too high) detected at line 36
 []


Overfull \vbox (68.37003pt too high) detected at line 36
 []


Overfull \vbox (69.37003pt too high) detected at line 36
 []


Overfull \vbox (70.37003pt too high) detected at line 36
 []


Overfull \vbox (71.37003pt too high) detected at line 36
 []


Overfull \vbox (72.37003pt too high) detected at line 36
 []


Overfull \vbox (73.37003pt too high) detected at line 36
 []


Overfull \vbox (74.37003pt too high) detected at line 36
 []


Overfull \vbox (75.37003pt too high) detected at line 36
 []


Overfull \vbox (76.37003pt too high) detected at line 36
 []


Overfull \vbox (77.37003pt too high) detected at line 36
 []


Overfull \vbox (78.37003pt too high) detected at line 36
 []


Overfull \vbox (79.37003pt too high) detected at line 36
 []


Overfull \vbox (80.37003pt too high) detected at line 36
 []


Overfull \vbox (81.37003pt too high) detected at line 36
 []


Overfull \vbox (82.37003pt too high) detected at line 36
 []


Overfull \vbox (83.37003pt too high) detected at line 36
 []


Overfull \vbox (84.37003pt too high) detected at line 36
 []


Overfull \vbox (85.37003pt too high) detected at line 36
 []


Overfull \vbox (86.37003pt too high) detected at line 36
 []


Overfull \vbox (87.37003pt too high) detected at line 36
 []


Overfull \vbox (88.37003pt too high) detected at line 36
 []


Overfull \vbox (89.37003pt too high) detected at line 36
 []


Overfull \vbox (90.37003pt too high) detected at line 36
 []


Overfull \vbox (91.37003pt too high) detected at line 36
 []


Overfull \vbox (92.37003pt too high) detected at line 36
 []


Overfull \vbox (93.37003pt too high) detected at line 36
 []


Overfull \vbox (94.37003pt too high) detected at line 36
 []


Overfull \vbox (95.37003pt too high) detected at line 36
 []


Overfull \vbox (96.37003pt too high) detected at line 36
 []


Overfull \vbox (97.37003pt too high) detected at line 36
 []


Overfull \vbox (98.37003pt too high) detected at line 36
 []


Overfull \vbox (99.37003pt too high) detected at line 36
 []


Overfull \vbox (100.37003pt too high) detected at line 36
 []


Overfull \vbox (101.37003pt too high) detected at line 36
 []


Overfull \vbox (102.37003pt too high) detected at line 36
 []


Overfull \vbox (103.37003pt too high) detected at line 36
 []


Overfull \vbox (104.37003pt too high) detected at line 36
 []


Overfull \vbox (105.37003pt too high) detected at line 36
 []


Overfull \vbox (106.37003pt too high) detected at line 36
 []


Overfull \vbox (107.37003pt too high) detected at line 36
 []


Overfull \vbox (108.37003pt too high) detected at line 36
 []


Overfull \vbox (109.37003pt too high) detected at line 36
 []


Overfull \vbox (110.37003pt too high) detected at line 36
 []


Overfull \vbox (111.37003pt too high) detected at line 36
 []


Overfull \vbox (112.37003pt too high) detected at line 36
 []


Overfull \vbox (113.37003pt too high) detected at line 36
 []


Overfull \vbox (114.37003pt too high) detected at line 36
 []


Package mdframed Warning: correct box splittet fails
 It seems you are using a non splittable contents
(mdframed)                 on input line 36.

Package mdframed Info: You first box width is to small
 mdframed fixed it
(mdframed)              on input line 36.


[350 <./GRAPHICS/POSETS/Op_4_3_element.png>]
(./GRAPHICS/THE_MAKEFILE/EXTRACTS/PGL_5_3_wedge_subspace_orbits.tex)

[351 <./GRAPHICS/ORBITS/Op_4_2_poset_full_lvl_4_draw.pdf>]
Package mdframed Info: mdframed works in twoside mode on input line 55.

(./GRAPHICS/WRAPPERS/PGL_5_3_OnWedge_tree_lvl_5.tex
<GRAPHICS/WEDGE/PGL_5_3_OnWedge_tree_lvl_5.pdf, id=3438, 432.77385pt x 363.5442
pt>
File: GRAPHICS/WEDGE/PGL_5_3_OnWedge_tree_lvl_5.pdf Graphic file (type pdf)
<use GRAPHICS/WEDGE/PGL_5_3_OnWedge_tree_lvl_5.pdf>
Package pdftex.def Info: GRAPHICS/WEDGE/PGL_5_3_OnWedge_tree_lvl_5.pdf  used on
 input line 2.
(pdftex.def)             Requested size: 398.33858pt x 334.63113pt.
))

[352 <./GRAPHICS/WEDGE/PGL_5_3_OnWedge_tree_lvl_5.pdf>] (./C08/sec_5.tex
(./GRAPHICS/THE_MAKEFILE/EXTRACTS/C6_on_partition.tex)
(./GRAPHICS/THE_MAKEFILE/EXTRACTS/PGL_2_17_on_partition.tex)

Package amsmath Warning: Foreign command \atopwithdelims;
(amsmath)                \frac or \genfrac should be used instead
(amsmath)                 on input line 41.



[353


])

[354] (./C08/sec_6.tex (./GRAPHICS/TABLES/COMMANDS/arc_generator_ug.tex)
(./GRAPHICS/THE_MAKEFILE/EXTRACTS/hyperoval_16_classify.tex)

[355

]
Package mdframed Info: mdframed works in twoside mode on input line 48.
 (./GRAPHICS/LATEX/arc_Lunelli_Sce.tex
Underfull \hbox (badness 10000) in paragraph at lines 6--7

 []


Underfull \hbox (badness 10000) in paragraph at lines 10--29

 []


Underfull \hbox (badness 10000) in paragraph at lines 59--66

 []


Underfull \hbox (badness 10000) in paragraph at lines 67--68

 []


Underfull \hbox (badness 10000) in paragraph at lines 71--90

 []

)
Underfull \hbox (badness 10000) in paragraph at lines 169--48

 []

Package mdframed Info: Box was splittet wrong
 starting loop to iterate the splitting point
(mdframed)              on input line 48.


[356] (./GRAPHICS/THE_MAKEFILE/EXTRACTS/nc_arcs_16.tex)
Underfull \vbox (badness 4353) has occurred while \output is active []



[357])

[358] (./C08/sec_7.tex
(./GRAPHICS/THE_MAKEFILE/EXTRACTS/cubic_curves_PG_2_4.tex)
(./GRAPHICS/THE_MAKEFILE/EXTRACTS/poly_orbits_q4.tex)

[359

]
Package mdframed Info: mdframed works in twoside mode on input line 32.
 (./GRAPHICS/LATEX/poly_orbits_d3_n2_q4.tex
Underfull \hbox (badness 10000) in paragraph at lines 3--6

 []


Underfull \hbox (badness 10000) in paragraph at lines 7--10

 []


Underfull \hbox (badness 10000) in paragraph at lines 11--14

 []


Underfull \hbox (badness 10000) in paragraph at lines 15--21

 []


Underfull \hbox (badness 10000) in paragraph at lines 22--26

 []


Underfull \hbox (badness 10000) in paragraph at lines 27--30

 []


Underfull \hbox (badness 10000) in paragraph at lines 31--37

 []


Underfull \hbox (badness 10000) in paragraph at lines 38--44

 []


Underfull \hbox (badness 10000) in paragraph at lines 45--50

 []


Underfull \hbox (badness 10000) in paragraph at lines 51--55

 []


Underfull \hbox (badness 10000) in paragraph at lines 56--59

 []


Underfull \hbox (badness 10000) in paragraph at lines 60--64

 []

)
Underfull \hbox (badness 10000) in paragraph at lines 65--32

 []



[360]

[361])

[362])
Chapter 9.
(./C09/chapter.tex (./C09/sec_1.tex
(./GRAPHICS/THE_MAKEFILE/EXTRACTS/surface_4_0_lines_vs_lines.tex)
Package mdframed Info: mdframed works in twoside mode on input line 20.

(./GRAPHICS/WRAPPERS/PG_3_4_lines_vs_lines_incma_draw.tex
<GRAPHICS/CUBIC_SURFACES/PG_3_4_lines_vs_lines_incma_draw.png, id=3513, 650.43p
t x 650.43pt>
File: GRAPHICS/CUBIC_SURFACES/PG_3_4_lines_vs_lines_incma_draw.png Graphic file
 (type png)
<use GRAPHICS/CUBIC_SURFACES/PG_3_4_lines_vs_lines_incma_draw.png>
Package pdftex.def Info: GRAPHICS/CUBIC_SURFACES/PG_3_4_lines_vs_lines_incma_dr
aw.png  used on input line 2.
(pdftex.def)             Requested size: 227.62204pt x 227.62413pt.
)
Overfull \vbox (167.01573pt too high) detected at line 20
 []

Package mdframed Info: Box was splittet wrong
 starting loop to iterate the splitting point
(mdframed)              on input line 20.

Overfull \vbox (168.01573pt too high) detected at line 20
 []


Overfull \vbox (169.01573pt too high) detected at line 20
 []


Overfull \vbox (170.01573pt too high) detected at line 20
 []


Overfull \vbox (171.01573pt too high) detected at line 20
 []


Overfull \vbox (172.01573pt too high) detected at line 20
 []


Overfull \vbox (173.01573pt too high) detected at line 20
 []


Overfull \vbox (174.01573pt too high) detected at line 20
 []


Overfull \vbox (175.01573pt too high) detected at line 20
 []


Overfull \vbox (176.01573pt too high) detected at line 20
 []


Overfull \vbox (177.01573pt too high) detected at line 20
 []


Overfull \vbox (178.01573pt too high) detected at line 20
 []


Overfull \vbox (179.01573pt too high) detected at line 20
 []


Overfull \vbox (180.01573pt too high) detected at line 20
 []


Overfull \vbox (181.01573pt too high) detected at line 20
 []


Overfull \vbox (182.01573pt too high) detected at line 20
 []


Overfull \vbox (183.01573pt too high) detected at line 20
 []


Overfull \vbox (184.01573pt too high) detected at line 20
 []


Overfull \vbox (185.01573pt too high) detected at line 20
 []


Overfull \vbox (186.01573pt too high) detected at line 20
 []


Overfull \vbox (187.01573pt too high) detected at line 20
 []


Overfull \vbox (188.01573pt too high) detected at line 20
 []


Overfull \vbox (189.01573pt too high) detected at line 20
 []


Overfull \vbox (190.01573pt too high) detected at line 20
 []


Overfull \vbox (191.01573pt too high) detected at line 20
 []


Overfull \vbox (192.01573pt too high) detected at line 20
 []


Overfull \vbox (193.01573pt too high) detected at line 20
 []


Overfull \vbox (194.01573pt too high) detected at line 20
 []


Overfull \vbox (195.01573pt too high) detected at line 20
 []


Overfull \vbox (196.01573pt too high) detected at line 20
 []


Overfull \vbox (197.01573pt too high) detected at line 20
 []


Overfull \vbox (198.01573pt too high) detected at line 20
 []


Overfull \vbox (199.01573pt too high) detected at line 20
 []


Overfull \vbox (200.01573pt too high) detected at line 20
 []


Overfull \vbox (201.01573pt too high) detected at line 20
 []


Overfull \vbox (202.01573pt too high) detected at line 20
 []


Overfull \vbox (203.01573pt too high) detected at line 20
 []


Overfull \vbox (204.01573pt too high) detected at line 20
 []


Overfull \vbox (205.01573pt too high) detected at line 20
 []


Overfull \vbox (206.01573pt too high) detected at line 20
 []


Overfull \vbox (207.01573pt too high) detected at line 20
 []


Overfull \vbox (208.01573pt too high) detected at line 20
 []


Overfull \vbox (209.01573pt too high) detected at line 20
 []


Overfull \vbox (210.01573pt too high) detected at line 20
 []


Overfull \vbox (211.01573pt too high) detected at line 20
 []


Overfull \vbox (212.01573pt too high) detected at line 20
 []


Overfull \vbox (213.01573pt too high) detected at line 20
 []


Overfull \vbox (214.01573pt too high) detected at line 20
 []


Overfull \vbox (215.01573pt too high) detected at line 20
 []


Overfull \vbox (216.01573pt too high) detected at line 20
 []


Overfull \vbox (217.01573pt too high) detected at line 20
 []


Overfull \vbox (218.01573pt too high) detected at line 20
 []


Overfull \vbox (219.01573pt too high) detected at line 20
 []


Overfull \vbox (220.01573pt too high) detected at line 20
 []


Overfull \vbox (221.01573pt too high) detected at line 20
 []


Overfull \vbox (222.01573pt too high) detected at line 20
 []


Overfull \vbox (223.01573pt too high) detected at line 20
 []


Overfull \vbox (224.01573pt too high) detected at line 20
 []


Overfull \vbox (225.01573pt too high) detected at line 20
 []


Overfull \vbox (226.01573pt too high) detected at line 20
 []


Overfull \vbox (227.01573pt too high) detected at line 20
 []


Overfull \vbox (228.01573pt too high) detected at line 20
 []


Overfull \vbox (229.01573pt too high) detected at line 20
 []


Overfull \vbox (230.01573pt too high) detected at line 20
 []


Overfull \vbox (231.01573pt too high) detected at line 20
 []


Overfull \vbox (232.01573pt too high) detected at line 20
 []


Overfull \vbox (233.01573pt too high) detected at line 20
 []


Overfull \vbox (234.01573pt too high) detected at line 20
 []


Overfull \vbox (235.01573pt too high) detected at line 20
 []


Overfull \vbox (236.01573pt too high) detected at line 20
 []


Overfull \vbox (237.01573pt too high) detected at line 20
 []


Overfull \vbox (238.01573pt too high) detected at line 20
 []


Overfull \vbox (239.01573pt too high) detected at line 20
 []


Overfull \vbox (240.01573pt too high) detected at line 20
 []


Overfull \vbox (241.01573pt too high) detected at line 20
 []


Overfull \vbox (242.01573pt too high) detected at line 20
 []


Overfull \vbox (243.01573pt too high) detected at line 20
 []


Overfull \vbox (244.01573pt too high) detected at line 20
 []


Overfull \vbox (245.01573pt too high) detected at line 20
 []


Overfull \vbox (246.01573pt too high) detected at line 20
 []


Overfull \vbox (247.01573pt too high) detected at line 20
 []


Overfull \vbox (248.01573pt too high) detected at line 20
 []


Overfull \vbox (249.01573pt too high) detected at line 20
 []


Overfull \vbox (250.01573pt too high) detected at line 20
 []


Overfull \vbox (251.01573pt too high) detected at line 20
 []


Overfull \vbox (252.01573pt too high) detected at line 20
 []


Overfull \vbox (253.01573pt too high) detected at line 20
 []


Overfull \vbox (254.01573pt too high) detected at line 20
 []


Overfull \vbox (255.01573pt too high) detected at line 20
 []


Overfull \vbox (256.01573pt too high) detected at line 20
 []


Overfull \vbox (257.01573pt too high) detected at line 20
 []


Overfull \vbox (258.01573pt too high) detected at line 20
 []


Overfull \vbox (259.01573pt too high) detected at line 20
 []


Overfull \vbox (260.01573pt too high) detected at line 20
 []


Overfull \vbox (261.01573pt too high) detected at line 20
 []


Overfull \vbox (262.01573pt too high) detected at line 20
 []


Overfull \vbox (263.01573pt too high) detected at line 20
 []


Overfull \vbox (264.01573pt too high) detected at line 20
 []


Overfull \vbox (265.01573pt too high) detected at line 20
 []


Overfull \vbox (266.01573pt too high) detected at line 20
 []


Overfull \vbox (267.01573pt too high) detected at line 20
 []


Overfull \vbox (268.01573pt too high) detected at line 20
 []


Package mdframed Warning: correct box splittet fails
 It seems you are using a non splittable contents
(mdframed)                 on input line 20.

Package mdframed Info: You first box width is to small
 mdframed fixed it
(mdframed)              on input line 20.


[363


]
(./GRAPHICS/THE_MAKEFILE/EXTRACTS/surface_4_0_lines_vs_tritangent_planes.tex)
Package mdframed Info: mdframed works in twoside mode on input line 40.

(./GRAPHICS/WRAPPERS/PG_3_4_lines_tritplanes_incma_draw.tex
<GRAPHICS/CUBIC_SURFACES/PG_3_4_lines_tritplanes_incma_draw.png, id=3518, 1084.
05pt x 650.43pt>
File: GRAPHICS/CUBIC_SURFACES/PG_3_4_lines_tritplanes_incma_draw.png Graphic fi
le (type png)
<use GRAPHICS/CUBIC_SURFACES/PG_3_4_lines_tritplanes_incma_draw.png>
Package pdftex.def Info: GRAPHICS/CUBIC_SURFACES/PG_3_4_lines_tritplanes_incma_
draw.png  used on input line 2.
(pdftex.def)             Requested size: 312.9803pt x 187.78618pt.
)
Package mdframed Info: Not enough space on this page on input line 40.


[364 <./GRAPHICS/CUBIC_SURFACES/PG_3_4_lines_vs_lines_incma_draw.png>]
Package mdframed Info: Not enough space on this page on input line 40.
)

[365 <./GRAPHICS/CUBIC_SURFACES/PG_3_4_lines_tritplanes_incma_draw.png>]
(./C09/sec_2.tex (./GRAPHICS/TABLES/COMMANDS/surface_create_1_ug.tex
Underfull \hbox (badness 10000) in paragraph at lines 25--25
[]|\OT1/cmss/m/n/10 list-of-coeff-
 []

) (./GRAPHICS/TABLES/COMMANDS/surface_create_2_ug.tex)
(./GRAPHICS/TABLES/COMMANDS/surface_create_3_ug.tex
Underfull \hbox (badness 7064) in paragraph at lines 31--31
[]|\OT1/cmss/m/n/10 R la-bel la-
 []


Underfull \hbox (badness 10000) in paragraph at lines 31--31
\OT1/cmss/m/n/10 bel[]tex vars
 []


Underfull \hbox (badness 10000) in paragraph at lines 31--31
\OT1/cmss/m/n/10 eqn para
 []


Underfull \hbox (badness 10000) in paragraph at lines 31--31
\OT1/cmss/m/n/10 para[]tex
 []


Underfull \hbox (badness 10000) in paragraph at lines 31--31
[]|\OT1/cmss/m/n/10 label la-
 []

) (./GRAPHICS/THE_MAKEFILE/EXTRACTS/surface_4_0.tex)

[366

]

[367]

[368] (./GRAPHICS/THE_MAKEFILE/EXTRACTS/HIRSCHFELD_SURFACE_EQN_AF.tex)
(./GRAPHICS/THE_MAKEFILE/EXTRACTS/Hirschfeld_surface_q4.tex)
(./GRAPHICS/THE_MAKEFILE/EXTRACTS/Family_general_F7.tex)

[369] (./GRAPHICS/THE_MAKEFILE/EXTRACTS/surface_eckardt_13_4_12.tex)
(./GRAPHICS/THE_MAKEFILE/EXTRACTS/Eckardt_13.tex)
(./GRAPHICS/THE_MAKEFILE/EXTRACTS/surface_11_random.tex)

[370]
(./GRAPHICS/THE_MAKEFILE/EXTRACTS/surface_F_abcd_Eckardt_q31_by_equation.tex)
(./GRAPHICS/THE_MAKEFILE/EXTRACTS/Eckardt_13_by_arc_lifting.tex)
(./GRAPHICS/THE_MAKEFILE/EXTRACTS/F_abcd_eqn.tex)

[371]
(./GRAPHICS/THE_MAKEFILE/EXTRACTS/surface_F_abcd_Eckardt_q31_by_symbolic_object
.tex)

[372]
(./GRAPHICS/THE_MAKEFILE/EXTRACTS/Hirschfeld_surface_by_arc_lifting_with_two_li
nes.tex) (./GRAPHICS/THE_MAKEFILE/EXTRACTS/Dickson2_eqn_af.tex)
(./GRAPHICS/THE_MAKEFILE/EXTRACTS/Dickson2_group.tex)

[373] (./GRAPHICS/THE_MAKEFILE/EXTRACTS/Dickson6.tex)
(./GRAPHICS/THE_MAKEFILE/EXTRACTS/Dickson6_q2.tex)

[374])

[375] (./C09/sec_3.tex
(./GRAPHICS/TABLES/COMMANDS/cubic_surface_activity_ug.tex
Underfull \hbox (badness 10000) in paragraph at lines 31--31
[]|\OT1/cmss/m/n/10 type ba-sis
 []


Underfull \hbox (badness 10000) in paragraph at lines 31--31
[]|\OT1/cmss/m/n/10 Arc-
 []


Underfull \hbox (badness 1048) in paragraph at lines 31--31
\OML/cmm/m/it/10 F[]$ \OT1/cmss/m/n/10 fam-ily. Com-putes the pa-ram-e-ters
 []

) (./GRAPHICS/TABLES/GENERAL/cubic_surface_export_options_ug.tex)
(./GRAPHICS/THE_MAKEFILE/EXTRACTS/surface_4_0_report.tex)
(./GRAPHICS/THE_MAKEFILE/EXTRACTS/surface_4_0_clean_report.tex)
(./GRAPHICS/THE_MAKEFILE/EXTRACTS/surface_4_0_export.tex)

[376

]

[377] (./GRAPHICS/THE_MAKEFILE/EXTRACTS/surface_7_0.tex)
Underfull \vbox (badness 7851) has occurred while \output is active []



[378] (./GRAPHICS/THE_MAKEFILE/EXTRACTS/surface_16_0.tex)
(./GRAPHICS/THE_MAKEFILE/EXTRACTS/surface_F_abcd_Eckardt_q31_by_symbolic_object
_report.tex)

[379] (./GRAPHICS/THE_MAKEFILE/EXTRACTS/surface_11_random_report.tex)
Underfull \vbox (badness 10000) has occurred while \output is active []



[380]
Package mdframed Info: mdframed works in twoside mode on input line 86.
 (./GRAPHICS/LATEX/surface_random_q11_report.tex
Underfull \hbox (badness 10000) in paragraph at lines 8--10

 []

)

[381] (./GRAPHICS/THE_MAKEFILE/EXTRACTS/surface_8_0_recognize_abcd.tex)

[382])

[383] (./C09/sec_4.tex
(./GRAPHICS/TABLES/COMMANDS/classify_cubic_surfaces_ug.tex)
(./GRAPHICS/TABLES/COMMANDS/classification_of_cubic_surfaces_with_double_sixes_
activity_ug.tex) (./GRAPHICS/THE_MAKEFILE/EXTRACTS/surface_classify_q4.tex)

[384

]

[385]
Package mdframed Info: mdframed works in twoside mode on input line 46.
 (./GRAPHICS/LATEX/report_suface_classify_q4.tex
Underfull \hbox (badness 10000) in paragraph at lines 3--15

 []


Underfull \hbox (badness 10000) in paragraph at lines 17--29

 []


Underfull \hbox (badness 10000) in paragraph at lines 31--35

 []


Underfull \hbox (badness 10000) in paragraph at lines 36--37

 []


Underfull \hbox (badness 10000) in paragraph at lines 65--73

 []


Underfull \hbox (badness 10000) in paragraph at lines 113--114

 []


Underfull \hbox (badness 10000) in paragraph at lines 123--126

 []


Underfull \hbox (badness 10000) in paragraph at lines 209--218

 []


Underfull \hbox (badness 10000) in paragraph at lines 292--299

 []


Underfull \hbox (badness 10000) in paragraph at lines 300--301

 []


Underfull \hbox (badness 10000) in paragraph at lines 372--380

 []


Underfull \hbox (badness 10000) in paragraph at lines 476--485

 []


Underfull \hbox (badness 10000) in paragraph at lines 486--487

 []


Underfull \hbox (badness 10000) in paragraph at lines 585--594

 []


Underfull \hbox (badness 10000) in paragraph at lines 595--596

 []


Underfull \hbox (badness 10000) in paragraph at lines 695--704

 []


Underfull \hbox (badness 10000) in paragraph at lines 1170--1173

 []


Underfull \hbox (badness 10000) in paragraph at lines 1174--1175

 []


Underfull \hbox (badness 10000) in paragraph at lines 1176--1225

 []


Underfull \hbox (badness 10000) in paragraph at lines 1226--1229

 []


Underfull \hbox (badness 10000) in paragraph at lines 1237--1240

 []


Underfull \hbox (badness 10000) in paragraph at lines 1248--1252

 []


Underfull \hbox (badness 10000) in paragraph at lines 1253--1261

 []


Underfull \hbox (badness 10000) in paragraph at lines 1262--1263

 []


Underfull \hbox (badness 10000) in paragraph at lines 1291--1294

 []

)
Underfull \hbox (badness 10000) in paragraph at lines 1322--46

 []



[386]

[387]

[388]
Package mdframed Info: Box was splittet wrong
 starting loop to iterate the splitting point
(mdframed)              on input line 46.


[389]
Package mdframed Info: Box was splittet wrong
 starting loop to iterate the splitting point
(mdframed)              on input line 46.


[390]

[391]

[392]

[393]

[394]

[395]

[396]
(./GRAPHICS/THE_MAKEFILE/EXTRACTS/surface_classify_q4_arc_lifting_two_lines.tex
)

[397]
(./GRAPHICS/THE_MAKEFILE/EXTRACTS/Family_general_F31_25_5_5_25_recognize.tex)

[398] (./GRAPHICS/THE_MAKEFILE/EXTRACTS/surface_F_abcd_identify_q9.tex)
(./GRAPHICS/THE_MAKEFILE/EXTRACTS/Family_general_F11_iso_test.tex)

[399] (./GRAPHICS/THE_MAKEFILE/EXTRACTS/surface_classify_q7_sweep_Cayley.tex)

[400])

[401] (./C09/sec_5.tex (./GRAPHICS/TABLES/COMMANDS/quartic_curve_create_ug.tex)
(./GRAPHICS/TABLES/COMMANDS/quartic_curve_activity_ug.tex
Underfull \hbox (badness 10000) in paragraph at lines 25--25
[]|[]\OT1/zi4/m/n/10 -extract_orbit_on_bitangents_
 []


Underfull \hbox (badness 10000) in paragraph at lines 25--25
[]|[]\OT1/zi4/m/n/10 -extract_specific_orbit_on_
 []


Underfull \hbox (badness 10000) in paragraph at lines 25--25
[]|[]\OT1/zi4/m/n/10 -extract_specific_orbit_on_
 []

) (./GRAPHICS/TABLES/GENERAL/quartic_curve_export_ug.tex)
(./GRAPHICS/THE_MAKEFILE/EXTRACTS/quartic_curve_9_0.tex)

[402

]

[403] (./GRAPHICS/THE_MAKEFILE/EXTRACTS/quartic_curve_9_0_report.tex)
Package mdframed Info: mdframed works in twoside mode on input line 54.

(./GRAPHICS/QUARTIC_CURVES/report_9_0.tex
Underfull \hbox (badness 10000) in paragraph at lines 51--54

 []


Underfull \hbox (badness 10000) in paragraph at lines 54--83

 []


Underfull \hbox (badness 10000) in paragraph at lines 84--154

 []


Underfull \hbox (badness 10000) in paragraph at lines 154--218

 []


Underfull \hbox (badness 10000) in paragraph at lines 219--700

 []


Underfull \hbox (badness 10000) in paragraph at lines 710--713

 []


Underfull \hbox (badness 10000) in paragraph at lines 723--726

 []

LaTeX Font Info:    Trying to load font information for OMS+cmr on input line 7
42.

(/opt/homebrew/Cellar/texlive/20250308_1/share/texmf-dist/tex/latex/base/omscmr
.fd
File: omscmr.fd 2024/11/19 v2.5n Standard LaTeX font definitions
)
LaTeX Font Info:    Font shape `OMS/cmr/m/n' in size <10> not available
(Font)              Font shape `OMS/cmsy/m/n' tried instead on input line 742.
)
Underfull \hbox (badness 10000) in paragraph at lines 740--54

 []



[404]

[405]

[406]

[407]

[408]

[409]
(./GRAPHICS/THE_MAKEFILE/EXTRACTS/quartic_curve_9_0_normal_form_report.tex)

[410] (./GRAPHICS/THE_MAKEFILE/EXTRACTS/quartic_curve_edge_q9.tex)
(./GRAPHICS/THE_MAKEFILE/EXTRACTS/surface_7_0_make_quartic_curves.tex)

[411] (./GRAPHICS/THE_MAKEFILE/EXTRACTS/quartic_curves_q7.tex)

[412] (./GRAPHICS/THE_MAKEFILE/EXTRACTS/surface_9_1_make_quartic_curves.tex)
(./GRAPHICS/THE_MAKEFILE/EXTRACTS/quartic_curve_q9_1_clean2.tex)

[413] (./GRAPHICS/THE_MAKEFILE/EXTRACTS/NB_QUARTIC_CURVES_Q19.tex)
(./GRAPHICS/THE_MAKEFILE/EXTRACTS/quartic_curves_19_report.tex)

[414] (./GRAPHICS/THE_MAKEFILE/EXTRACTS/quartic_curve_q9_1.tex)
(./GRAPHICS/THE_MAKEFILE/EXTRACTS/quartic_curves_q29_po4_export.tex)
Underfull \vbox (badness 1881) has occurred while \output is active []



[415]
(./GRAPHICS/THE_MAKEFILE/EXTRACTS/quartic_curves_q29_po4_flag_orbits_report.tex
)

[416] (./GRAPHICS/THE_MAKEFILE/EXTRACTS/EQUATION_SURFACE_Q29_ISO4_ORB7_F1.tex)
(./GRAPHICS/THE_MAKEFILE/EXTRACTS/EQUATION_SURFACE_Q29_ISO4_ORB7_F2.tex)
(./GRAPHICS/THE_MAKEFILE/EXTRACTS/EQUATION_SURFACE_Q29_ISO4_ORB7_F3.tex)
(./GRAPHICS/THE_MAKEFILE/EXTRACTS/symbolic_equation_of_curve_q29_po4_so7.tex)

[417] (./GRAPHICS/THE_MAKEFILE/EXTRACTS/quartic_curve_29_121.tex))

[418] (./C09/sec_6.tex
(./GRAPHICS/THE_MAKEFILE/EXTRACTS/NB_CUBIC_SURFACES_Q7.tex)
(./GRAPHICS/THE_MAKEFILE/EXTRACTS/quartic_curves_q7.tex)

[419

] (./GRAPHICS/THE_MAKEFILE/EXTRACTS/NB_CUBIC_SURFACES_Q13.tex)
(./GRAPHICS/THE_MAKEFILE/EXTRACTS/quartic_curves_q13.tex))

[420] (./C09/sec_7.tex
(./GRAPHICS/THE_MAKEFILE/EXTRACTS/surface_4_0_export_gap.tex)
Package mdframed Info: mdframed works in twoside mode on input line 8.

(./GRAPHICS/LATEX/surface_4_0_export_gap.tex)

[421

])

[422])
Chapter 10.
(./C10/chapter.tex (./C10/sec_1.tex
(./GRAPHICS/TABLES/COMMANDS/interface_algebra_ug.tex
Underfull \hbox (badness 10000) in paragraph at lines 37--37
[]|\OT1/cmss/m/n/10 F n co-effs
 []


Underfull \hbox (badness 10000) in paragraph at lines 37--37
[]|[]\OT1/zi4/m/n/10 -smith_normal_form_
 []


Underfull \hbox (badness 3460) in paragraph at lines 37--37
[]|\OT1/cmss/m/n/10 Compute gen-er-a-tors for a sub-group of
 []

) (./GRAPHICS/TABLES/COMMANDS/global_basic_number_theory_ug.tex
Underfull \hbox (badness 10000) in paragraph at lines 43--43
[]|\OT1/cmss/m/n/10 Q[]max
 []


Underfull \hbox (badness 1248) in paragraph at lines 43--43
[]|\OT1/cmss/m/n/10 Count sub-prim-i-tive poly-no-mi-als for $\OML/cmm/m/it/10 
q \OMS/cmsy/m/n/10 ^^T
 []


Underfull \hbox (badness 10000) in paragraph at lines 43--43
[]|\OT1/cmss/m/n/10 option-string
 []

) (./GRAPHICS/TABLES/COMMANDS/number_theoretic_commands_ug.tex)
(./GRAPHICS/THE_MAKEFILE/EXTRACTS/PR101.tex)
(./GRAPHICS/THE_MAKEFILE/EXTRACTS/PR101_smallest.tex)
(./GRAPHICS/THE_MAKEFILE/EXTRACTS/PR29.tex)
(./GRAPHICS/THE_MAKEFILE/EXTRACTS/PR_2_1000.tex)

[423


]

[424]

[425] (./GRAPHICS/THE_MAKEFILE/EXTRACTS/PE_number_2_1000.tex)
(./GRAPHICS/THE_MAKEFILE/EXTRACTS/PR_915839.tex)
(./GRAPHICS/THE_MAKEFILE/EXTRACTS/PR_915839_check.tex)

[426] (./GRAPHICS/THE_MAKEFILE/EXTRACTS/DL_915839.tex)
(./GRAPHICS/THE_MAKEFILE/EXTRACTS/IM.tex)
(./GRAPHICS/THE_MAKEFILE/EXTRACTS/IM_gcd.tex)
(./GRAPHICS/THE_MAKEFILE/EXTRACTS/PM3a.tex)

[427] (./GRAPHICS/THE_MAKEFILE/EXTRACTS/sqrt_mod.tex)
(./GRAPHICS/THE_MAKEFILE/EXTRACTS/order_of_2_mod_n.tex)
Package mdframed Info: mdframed works in twoside mode on input line 183.

(./GRAPHICS/LATEX/table_order_of_2.tex
<GRAPHICS/NUMBER_THEORY/order_of_2.png, id=3876, 627.34375pt x 533.995pt>
File: GRAPHICS/NUMBER_THEORY/order_of_2.png Graphic file (type png)
<use GRAPHICS/NUMBER_THEORY/order_of_2.png>
Package pdftex.def Info: GRAPHICS/NUMBER_THEORY/order_of_2.png  used on input l
ine 2.
(pdftex.def)             Requested size: 312.9803pt x 266.41832pt.
)
Overfull \vbox (159.08926pt too high) detected at line 183
 []

Package mdframed Info: Box was splittet wrong
 starting loop to iterate the splitting point
(mdframed)              on input line 183.

Overfull \vbox (160.08926pt too high) detected at line 183
 []


Overfull \vbox (161.08926pt too high) detected at line 183
 []


Overfull \vbox (162.08926pt too high) detected at line 183
 []


Overfull \vbox (163.08926pt too high) detected at line 183
 []


Overfull \vbox (164.08926pt too high) detected at line 183
 []


Overfull \vbox (165.08926pt too high) detected at line 183
 []


Overfull \vbox (166.08926pt too high) detected at line 183
 []


Overfull \vbox (167.08926pt too high) detected at line 183
 []


Overfull \vbox (168.08926pt too high) detected at line 183
 []


Overfull \vbox (169.08926pt too high) detected at line 183
 []


Overfull \vbox (170.08926pt too high) detected at line 183
 []


Overfull \vbox (171.08926pt too high) detected at line 183
 []


Overfull \vbox (172.08926pt too high) detected at line 183
 []


Overfull \vbox (173.08926pt too high) detected at line 183
 []


Overfull \vbox (174.08926pt too high) detected at line 183
 []


Overfull \vbox (175.08926pt too high) detected at line 183
 []


Overfull \vbox (176.08926pt too high) detected at line 183
 []


Overfull \vbox (177.08926pt too high) detected at line 183
 []


Overfull \vbox (178.08926pt too high) detected at line 183
 []


Overfull \vbox (179.08926pt too high) detected at line 183
 []


Overfull \vbox (180.08926pt too high) detected at line 183
 []


Overfull \vbox (181.08926pt too high) detected at line 183
 []


Overfull \vbox (182.08926pt too high) detected at line 183
 []


Overfull \vbox (183.08926pt too high) detected at line 183
 []


Overfull \vbox (184.08926pt too high) detected at line 183
 []


Overfull \vbox (185.08926pt too high) detected at line 183
 []


Overfull \vbox (186.08926pt too high) detected at line 183
 []


Overfull \vbox (187.08926pt too high) detected at line 183
 []


Overfull \vbox (188.08926pt too high) detected at line 183
 []


Overfull \vbox (189.08926pt too high) detected at line 183
 []


Overfull \vbox (190.08926pt too high) detected at line 183
 []


Overfull \vbox (191.08926pt too high) detected at line 183
 []


Overfull \vbox (192.08926pt too high) detected at line 183
 []


Overfull \vbox (193.08926pt too high) detected at line 183
 []


Overfull \vbox (194.08926pt too high) detected at line 183
 []


Overfull \vbox (195.08926pt too high) detected at line 183
 []


Overfull \vbox (196.08926pt too high) detected at line 183
 []


Overfull \vbox (197.08926pt too high) detected at line 183
 []


Overfull \vbox (198.08926pt too high) detected at line 183
 []


Overfull \vbox (199.08926pt too high) detected at line 183
 []


Overfull \vbox (200.08926pt too high) detected at line 183
 []


Overfull \vbox (201.08926pt too high) detected at line 183
 []


Overfull \vbox (202.08926pt too high) detected at line 183
 []


Overfull \vbox (203.08926pt too high) detected at line 183
 []


Overfull \vbox (204.08926pt too high) detected at line 183
 []


Overfull \vbox (205.08926pt too high) detected at line 183
 []


Overfull \vbox (206.08926pt too high) detected at line 183
 []


Overfull \vbox (207.08926pt too high) detected at line 183
 []


Overfull \vbox (208.08926pt too high) detected at line 183
 []


Overfull \vbox (209.08926pt too high) detected at line 183
 []


Overfull \vbox (210.08926pt too high) detected at line 183
 []


Overfull \vbox (211.08926pt too high) detected at line 183
 []


Overfull \vbox (212.08926pt too high) detected at line 183
 []


Overfull \vbox (213.08926pt too high) detected at line 183
 []


Overfull \vbox (214.08926pt too high) detected at line 183
 []


Overfull \vbox (215.08926pt too high) detected at line 183
 []


Overfull \vbox (216.08926pt too high) detected at line 183
 []


Overfull \vbox (217.08926pt too high) detected at line 183
 []


Overfull \vbox (218.08926pt too high) detected at line 183
 []


Overfull \vbox (219.08926pt too high) detected at line 183
 []


Overfull \vbox (220.08926pt too high) detected at line 183
 []


Overfull \vbox (221.08926pt too high) detected at line 183
 []


Overfull \vbox (222.08926pt too high) detected at line 183
 []


Overfull \vbox (223.08926pt too high) detected at line 183
 []


Overfull \vbox (224.08926pt too high) detected at line 183
 []


Overfull \vbox (225.08926pt too high) detected at line 183
 []


Overfull \vbox (226.08926pt too high) detected at line 183
 []


Overfull \vbox (227.08926pt too high) detected at line 183
 []


Overfull \vbox (228.08926pt too high) detected at line 183
 []


Overfull \vbox (229.08926pt too high) detected at line 183
 []


Overfull \vbox (230.08926pt too high) detected at line 183
 []


Overfull \vbox (231.08926pt too high) detected at line 183
 []


Overfull \vbox (232.08926pt too high) detected at line 183
 []


Overfull \vbox (233.08926pt too high) detected at line 183
 []


Overfull \vbox (234.08926pt too high) detected at line 183
 []


Overfull \vbox (235.08926pt too high) detected at line 183
 []


Overfull \vbox (236.08926pt too high) detected at line 183
 []


Overfull \vbox (237.08926pt too high) detected at line 183
 []


Overfull \vbox (238.08926pt too high) detected at line 183
 []


Overfull \vbox (239.08926pt too high) detected at line 183
 []


Overfull \vbox (240.08926pt too high) detected at line 183
 []


Overfull \vbox (241.08926pt too high) detected at line 183
 []


Overfull \vbox (242.08926pt too high) detected at line 183
 []


Overfull \vbox (243.08926pt too high) detected at line 183
 []


Overfull \vbox (244.08926pt too high) detected at line 183
 []


Overfull \vbox (245.08926pt too high) detected at line 183
 []


Overfull \vbox (246.08926pt too high) detected at line 183
 []


Overfull \vbox (247.08926pt too high) detected at line 183
 []


Overfull \vbox (248.08926pt too high) detected at line 183
 []


Overfull \vbox (249.08926pt too high) detected at line 183
 []


Overfull \vbox (250.08926pt too high) detected at line 183
 []


Overfull \vbox (251.08926pt too high) detected at line 183
 []


Overfull \vbox (252.08926pt too high) detected at line 183
 []


Overfull \vbox (253.08926pt too high) detected at line 183
 []


Overfull \vbox (254.08926pt too high) detected at line 183
 []


Overfull \vbox (255.08926pt too high) detected at line 183
 []


Overfull \vbox (256.08926pt too high) detected at line 183
 []


Overfull \vbox (257.08926pt too high) detected at line 183
 []


Overfull \vbox (258.08926pt too high) detected at line 183
 []


Overfull \vbox (259.08926pt too high) detected at line 183
 []


Overfull \vbox (260.08926pt too high) detected at line 183
 []


Package mdframed Warning: correct box splittet fails
 It seems you are using a non splittable contents
(mdframed)                 on input line 183.

Package mdframed Info: You first box width is to small
 mdframed fixed it
(mdframed)              on input line 183.


[428] (./GRAPHICS/THE_MAKEFILE/EXTRACTS/Eulerfunction_150.tex)
Package mdframed Info: mdframed works in twoside mode on input line 196.

(./GRAPHICS/LATEX/table_eulerfunction.tex
<GRAPHICS/NUMBER_THEORY/eulerfunction_150.png, id=3882, 612.2875pt x 576.1525pt
>
File: GRAPHICS/NUMBER_THEORY/eulerfunction_150.png Graphic file (type png)
<use GRAPHICS/NUMBER_THEORY/eulerfunction_150.png>
Package pdftex.def Info: GRAPHICS/NUMBER_THEORY/eulerfunction_150.png  used on 
input line 2.
(pdftex.def)             Requested size: 312.9803pt x 294.51082pt.
)
Overfull \vbox (141.9624pt too high) detected at line 196
 []

Package mdframed Info: Box was splittet wrong
 starting loop to iterate the splitting point
(mdframed)              on input line 196.

Overfull \vbox (142.9624pt too high) detected at line 196
 []


Overfull \vbox (143.9624pt too high) detected at line 196
 []


Overfull \vbox (144.9624pt too high) detected at line 196
 []


Overfull \vbox (145.9624pt too high) detected at line 196
 []


Overfull \vbox (146.9624pt too high) detected at line 196
 []


Overfull \vbox (147.9624pt too high) detected at line 196
 []


Overfull \vbox (148.9624pt too high) detected at line 196
 []


Overfull \vbox (149.9624pt too high) detected at line 196
 []


Overfull \vbox (150.9624pt too high) detected at line 196
 []


Overfull \vbox (151.9624pt too high) detected at line 196
 []


Overfull \vbox (152.9624pt too high) detected at line 196
 []


Overfull \vbox (153.9624pt too high) detected at line 196
 []


Overfull \vbox (154.9624pt too high) detected at line 196
 []


Overfull \vbox (155.9624pt too high) detected at line 196
 []


Overfull \vbox (156.9624pt too high) detected at line 196
 []


Overfull \vbox (157.9624pt too high) detected at line 196
 []


Overfull \vbox (158.9624pt too high) detected at line 196
 []


Overfull \vbox (159.9624pt too high) detected at line 196
 []


Overfull \vbox (160.9624pt too high) detected at line 196
 []


Overfull \vbox (161.9624pt too high) detected at line 196
 []


Overfull \vbox (162.9624pt too high) detected at line 196
 []


Overfull \vbox (163.9624pt too high) detected at line 196
 []


Overfull \vbox (164.9624pt too high) detected at line 196
 []


Overfull \vbox (165.9624pt too high) detected at line 196
 []


Overfull \vbox (166.9624pt too high) detected at line 196
 []


Overfull \vbox (167.9624pt too high) detected at line 196
 []


Overfull \vbox (168.9624pt too high) detected at line 196
 []


Overfull \vbox (169.9624pt too high) detected at line 196
 []


Overfull \vbox (170.9624pt too high) detected at line 196
 []


Overfull \vbox (171.9624pt too high) detected at line 196
 []


Overfull \vbox (172.9624pt too high) detected at line 196
 []


Overfull \vbox (173.9624pt too high) detected at line 196
 []


Overfull \vbox (174.9624pt too high) detected at line 196
 []


Overfull \vbox (175.9624pt too high) detected at line 196
 []


Overfull \vbox (176.9624pt too high) detected at line 196
 []


Overfull \vbox (177.9624pt too high) detected at line 196
 []


Overfull \vbox (178.9624pt too high) detected at line 196
 []


Overfull \vbox (179.9624pt too high) detected at line 196
 []


Overfull \vbox (180.9624pt too high) detected at line 196
 []


Overfull \vbox (181.9624pt too high) detected at line 196
 []


Overfull \vbox (182.9624pt too high) detected at line 196
 []


Overfull \vbox (183.9624pt too high) detected at line 196
 []


Overfull \vbox (184.9624pt too high) detected at line 196
 []


Overfull \vbox (185.9624pt too high) detected at line 196
 []


Overfull \vbox (186.9624pt too high) detected at line 196
 []


Overfull \vbox (187.9624pt too high) detected at line 196
 []


Overfull \vbox (188.9624pt too high) detected at line 196
 []


Overfull \vbox (189.9624pt too high) detected at line 196
 []


Overfull \vbox (190.9624pt too high) detected at line 196
 []


Overfull \vbox (191.9624pt too high) detected at line 196
 []


Overfull \vbox (192.9624pt too high) detected at line 196
 []


Overfull \vbox (193.9624pt too high) detected at line 196
 []


Overfull \vbox (194.9624pt too high) detected at line 196
 []


Overfull \vbox (195.9624pt too high) detected at line 196
 []


Overfull \vbox (196.9624pt too high) detected at line 196
 []


Overfull \vbox (197.9624pt too high) detected at line 196
 []


Overfull \vbox (198.9624pt too high) detected at line 196
 []


Overfull \vbox (199.9624pt too high) detected at line 196
 []


Overfull \vbox (200.9624pt too high) detected at line 196
 []


Overfull \vbox (201.9624pt too high) detected at line 196
 []


Overfull \vbox (202.9624pt too high) detected at line 196
 []


Overfull \vbox (203.9624pt too high) detected at line 196
 []


Overfull \vbox (204.9624pt too high) detected at line 196
 []


Overfull \vbox (205.9624pt too high) detected at line 196
 []


Overfull \vbox (206.9624pt too high) detected at line 196
 []


Overfull \vbox (207.9624pt too high) detected at line 196
 []


Overfull \vbox (208.9624pt too high) detected at line 196
 []


Overfull \vbox (209.9624pt too high) detected at line 196
 []


Overfull \vbox (210.9624pt too high) detected at line 196
 []


Overfull \vbox (211.9624pt too high) detected at line 196
 []


Overfull \vbox (212.9624pt too high) detected at line 196
 []


Overfull \vbox (213.9624pt too high) detected at line 196
 []


Overfull \vbox (214.9624pt too high) detected at line 196
 []


Overfull \vbox (215.9624pt too high) detected at line 196
 []


Overfull \vbox (216.9624pt too high) detected at line 196
 []


Overfull \vbox (217.9624pt too high) detected at line 196
 []


Overfull \vbox (218.9624pt too high) detected at line 196
 []


Overfull \vbox (219.9624pt too high) detected at line 196
 []


Overfull \vbox (220.9624pt too high) detected at line 196
 []


Overfull \vbox (221.9624pt too high) detected at line 196
 []


Overfull \vbox (222.9624pt too high) detected at line 196
 []


Overfull \vbox (223.9624pt too high) detected at line 196
 []


Overfull \vbox (224.9624pt too high) detected at line 196
 []


Overfull \vbox (225.9624pt too high) detected at line 196
 []


Overfull \vbox (226.9624pt too high) detected at line 196
 []


Overfull \vbox (227.9624pt too high) detected at line 196
 []


Overfull \vbox (228.9624pt too high) detected at line 196
 []


Overfull \vbox (229.9624pt too high) detected at line 196
 []


Overfull \vbox (230.9624pt too high) detected at line 196
 []


Overfull \vbox (231.9624pt too high) detected at line 196
 []


Overfull \vbox (232.9624pt too high) detected at line 196
 []


Overfull \vbox (233.9624pt too high) detected at line 196
 []


Overfull \vbox (234.9624pt too high) detected at line 196
 []


Overfull \vbox (235.9624pt too high) detected at line 196
 []


Overfull \vbox (236.9624pt too high) detected at line 196
 []


Overfull \vbox (237.9624pt too high) detected at line 196
 []


Overfull \vbox (238.9624pt too high) detected at line 196
 []


Overfull \vbox (239.9624pt too high) detected at line 196
 []


Overfull \vbox (240.9624pt too high) detected at line 196
 []


Overfull \vbox (241.9624pt too high) detected at line 196
 []


Overfull \vbox (242.9624pt too high) detected at line 196
 []


Package mdframed Warning: correct box splittet fails
 It seems you are using a non splittable contents
(mdframed)                 on input line 196.

Package mdframed Info: You first box width is to small
 mdframed fixed it
(mdframed)              on input line 196.


[429 <./GRAPHICS/NUMBER_THEORY/order_of_2.png>]
(./GRAPHICS/THE_MAKEFILE/EXTRACTS/power_function_2_mod_11.tex)
Package mdframed Info: mdframed works in twoside mode on input line 211.

(./GRAPHICS/LATEX/table_power_2_mod_11.tex
<GRAPHICS/NUMBER_THEORY/a_pow_2_mod_11.png, id=3888, 227.85126pt x 390.45876pt>

File: GRAPHICS/NUMBER_THEORY/a_pow_2_mod_11.png Graphic file (type png)
<use GRAPHICS/NUMBER_THEORY/a_pow_2_mod_11.png>
Package pdftex.def Info: GRAPHICS/NUMBER_THEORY/a_pow_2_mod_11.png  used on inp
ut line 2.
(pdftex.def)             Requested size: 85.35826pt x 146.27867pt.
)
Overfull \vbox (19.87831pt too high) detected at line 211
 []

Package mdframed Info: Box was splittet wrong
 starting loop to iterate the splitting point
(mdframed)              on input line 211.

Overfull \vbox (20.87831pt too high) detected at line 211
 []


Overfull \vbox (21.87831pt too high) detected at line 211
 []


Overfull \vbox (22.87831pt too high) detected at line 211
 []


Overfull \vbox (23.87831pt too high) detected at line 211
 []


Overfull \vbox (24.87831pt too high) detected at line 211
 []


Overfull \vbox (25.87831pt too high) detected at line 211
 []


Overfull \vbox (26.87831pt too high) detected at line 211
 []


Overfull \vbox (27.87831pt too high) detected at line 211
 []


Overfull \vbox (28.87831pt too high) detected at line 211
 []


Overfull \vbox (29.87831pt too high) detected at line 211
 []


Overfull \vbox (30.87831pt too high) detected at line 211
 []


Overfull \vbox (31.87831pt too high) detected at line 211
 []


Overfull \vbox (32.87831pt too high) detected at line 211
 []


Overfull \vbox (33.87831pt too high) detected at line 211
 []


Overfull \vbox (34.87831pt too high) detected at line 211
 []


Overfull \vbox (35.87831pt too high) detected at line 211
 []


Overfull \vbox (36.87831pt too high) detected at line 211
 []


Overfull \vbox (37.87831pt too high) detected at line 211
 []


Overfull \vbox (38.87831pt too high) detected at line 211
 []


Overfull \vbox (39.87831pt too high) detected at line 211
 []


Overfull \vbox (40.87831pt too high) detected at line 211
 []


Overfull \vbox (41.87831pt too high) detected at line 211
 []


Overfull \vbox (42.87831pt too high) detected at line 211
 []


Overfull \vbox (43.87831pt too high) detected at line 211
 []


Overfull \vbox (44.87831pt too high) detected at line 211
 []


Overfull \vbox (45.87831pt too high) detected at line 211
 []


Overfull \vbox (46.87831pt too high) detected at line 211
 []


Overfull \vbox (47.87831pt too high) detected at line 211
 []


Overfull \vbox (48.87831pt too high) detected at line 211
 []


Overfull \vbox (49.87831pt too high) detected at line 211
 []


Overfull \vbox (50.87831pt too high) detected at line 211
 []


Overfull \vbox (51.87831pt too high) detected at line 211
 []


Overfull \vbox (52.87831pt too high) detected at line 211
 []


Overfull \vbox (53.87831pt too high) detected at line 211
 []


Overfull \vbox (54.87831pt too high) detected at line 211
 []


Overfull \vbox (55.87831pt too high) detected at line 211
 []


Overfull \vbox (56.87831pt too high) detected at line 211
 []


Overfull \vbox (57.87831pt too high) detected at line 211
 []


Overfull \vbox (58.87831pt too high) detected at line 211
 []


Overfull \vbox (59.87831pt too high) detected at line 211
 []


Overfull \vbox (60.87831pt too high) detected at line 211
 []


Overfull \vbox (61.87831pt too high) detected at line 211
 []


Overfull \vbox (62.87831pt too high) detected at line 211
 []


Overfull \vbox (63.87831pt too high) detected at line 211
 []


Overfull \vbox (64.87831pt too high) detected at line 211
 []


Overfull \vbox (65.87831pt too high) detected at line 211
 []


Overfull \vbox (66.87831pt too high) detected at line 211
 []


Overfull \vbox (67.87831pt too high) detected at line 211
 []


Overfull \vbox (68.87831pt too high) detected at line 211
 []


Overfull \vbox (69.87831pt too high) detected at line 211
 []


Overfull \vbox (70.87831pt too high) detected at line 211
 []


Overfull \vbox (71.87831pt too high) detected at line 211
 []


Overfull \vbox (72.87831pt too high) detected at line 211
 []


Overfull \vbox (73.87831pt too high) detected at line 211
 []


Overfull \vbox (74.87831pt too high) detected at line 211
 []


Overfull \vbox (75.87831pt too high) detected at line 211
 []


Overfull \vbox (76.87831pt too high) detected at line 211
 []


Overfull \vbox (77.87831pt too high) detected at line 211
 []


Overfull \vbox (78.87831pt too high) detected at line 211
 []


Overfull \vbox (79.87831pt too high) detected at line 211
 []


Overfull \vbox (80.87831pt too high) detected at line 211
 []


Overfull \vbox (81.87831pt too high) detected at line 211
 []


Overfull \vbox (82.87831pt too high) detected at line 211
 []


Overfull \vbox (83.87831pt too high) detected at line 211
 []


Overfull \vbox (84.87831pt too high) detected at line 211
 []


Overfull \vbox (85.87831pt too high) detected at line 211
 []


Overfull \vbox (86.87831pt too high) detected at line 211
 []


Overfull \vbox (87.87831pt too high) detected at line 211
 []


Overfull \vbox (88.87831pt too high) detected at line 211
 []


Overfull \vbox (89.87831pt too high) detected at line 211
 []


Overfull \vbox (90.87831pt too high) detected at line 211
 []


Overfull \vbox (91.87831pt too high) detected at line 211
 []


Overfull \vbox (92.87831pt too high) detected at line 211
 []


Overfull \vbox (93.87831pt too high) detected at line 211
 []


Overfull \vbox (94.87831pt too high) detected at line 211
 []


Overfull \vbox (95.87831pt too high) detected at line 211
 []


Overfull \vbox (96.87831pt too high) detected at line 211
 []


Overfull \vbox (97.87831pt too high) detected at line 211
 []


Overfull \vbox (98.87831pt too high) detected at line 211
 []


Overfull \vbox (99.87831pt too high) detected at line 211
 []


Overfull \vbox (100.87831pt too high) detected at line 211
 []


Overfull \vbox (101.87831pt too high) detected at line 211
 []


Overfull \vbox (102.87831pt too high) detected at line 211
 []


Overfull \vbox (103.87831pt too high) detected at line 211
 []


Overfull \vbox (104.87831pt too high) detected at line 211
 []


Overfull \vbox (105.87831pt too high) detected at line 211
 []


Overfull \vbox (106.87831pt too high) detected at line 211
 []


Overfull \vbox (107.87831pt too high) detected at line 211
 []


Overfull \vbox (108.87831pt too high) detected at line 211
 []


Overfull \vbox (109.87831pt too high) detected at line 211
 []


Overfull \vbox (110.87831pt too high) detected at line 211
 []


Overfull \vbox (111.87831pt too high) detected at line 211
 []


Overfull \vbox (112.87831pt too high) detected at line 211
 []


Overfull \vbox (113.87831pt too high) detected at line 211
 []


Overfull \vbox (114.87831pt too high) detected at line 211
 []


Overfull \vbox (115.87831pt too high) detected at line 211
 []


Overfull \vbox (116.87831pt too high) detected at line 211
 []


Overfull \vbox (117.87831pt too high) detected at line 211
 []


Overfull \vbox (118.87831pt too high) detected at line 211
 []


Overfull \vbox (119.87831pt too high) detected at line 211
 []


Overfull \vbox (120.87831pt too high) detected at line 211
 []


Package mdframed Warning: correct box splittet fails
 It seems you are using a non splittable contents
(mdframed)                 on input line 211.

Package mdframed Info: You first box width is to small
 mdframed fixed it
(mdframed)              on input line 211.


[430 <./GRAPHICS/NUMBER_THEORY/eulerfunction_150.png>]
(./GRAPHICS/THE_MAKEFILE/EXTRACTS/draw_mod_13.tex)
Package mdframed Info: mdframed works in twoside mode on input line 222.

(./GRAPHICS/WRAPPERS/mod_13_powers_of_2_draw.tex
(./GRAPHICS/MOD13/mod_13_powers_of_2_draw.tex))
(./GRAPHICS/THE_MAKEFILE/EXTRACTS/inverse_mod_a.tex)

[431 <./GRAPHICS/NUMBER_THEORY/a_pow_2_mod_11.png>]
(./GRAPHICS/THE_MAKEFILE/EXTRACTS/smith_normal_form_1.tex)
(./GRAPHICS/THE_MAKEFILE/EXTRACTS/jacobi_a.tex)

[432]
Package mdframed Info: mdframed works in twoside mode on input line 312.
 (./GRAPHICS/LATEX/jacobi_2221_7817.tex)
Underfull \hbox (badness 10000) in paragraph at lines 1--312

 []

(./GRAPHICS/THE_MAKEFILE/EXTRACTS/sqrt_mod_7817.tex)

[433] (./GRAPHICS/THE_MAKEFILE/EXTRACTS/Chinese_remainders_A.tex)
(./GRAPHICS/THE_MAKEFILE/EXTRACTS/Chinese_remainders_C2.tex)

[434])

[435] (./C10/sec_2.tex (./GRAPHICS/TABLES/COMMANDS/representation_theory_ug.tex
)
(./GRAPHICS/THE_MAKEFILE/EXTRACTS/representation_on_polynomials_of_degree_3.tex
)
Package mdframed Info: mdframed works in twoside mode on input line 13.
 (./GRAPHICS/WRAPPERS/representation_PGL_4_3.tex
<GRAPHICS/PGL_4_3/PGL_4_3_rep_3_0_draw.png, id=3920, 301.125pt x 301.125pt>
File: GRAPHICS/PGL_4_3/PGL_4_3_rep_3_0_draw.png Graphic file (type png)
<use GRAPHICS/PGL_4_3/PGL_4_3_rep_3_0_draw.png>
Package pdftex.def Info: GRAPHICS/PGL_4_3/PGL_4_3_rep_3_0_draw.png  used on inp
ut line 3.
(pdftex.def)             Requested size: 113.81102pt x 113.81297pt.
<GRAPHICS/PGL_4_3/PGL_4_3_rep_3_1_draw.png, id=3921, 301.125pt x 301.125pt>
File: GRAPHICS/PGL_4_3/PGL_4_3_rep_3_1_draw.png Graphic file (type png)
<use GRAPHICS/PGL_4_3/PGL_4_3_rep_3_1_draw.png>
Package pdftex.def Info: GRAPHICS/PGL_4_3/PGL_4_3_rep_3_1_draw.png  used on inp
ut line 4.
(pdftex.def)             Requested size: 113.81102pt x 113.81297pt.
<GRAPHICS/PGL_4_3/PGL_4_3_rep_3_2_draw.png, id=3922, 301.125pt x 301.125pt>
File: GRAPHICS/PGL_4_3/PGL_4_3_rep_3_2_draw.png Graphic file (type png)
<use GRAPHICS/PGL_4_3/PGL_4_3_rep_3_2_draw.png>
Package pdftex.def Info: GRAPHICS/PGL_4_3/PGL_4_3_rep_3_2_draw.png  used on inp
ut line 5.
(pdftex.def)             Requested size: 113.81102pt x 113.81297pt.
<GRAPHICS/PGL_4_3/PGL_4_3_rep_3_3_draw.png, id=3923, 301.125pt x 301.125pt>
File: GRAPHICS/PGL_4_3/PGL_4_3_rep_3_3_draw.png Graphic file (type png)
<use GRAPHICS/PGL_4_3/PGL_4_3_rep_3_3_draw.png>
Package pdftex.def Info: GRAPHICS/PGL_4_3/PGL_4_3_rep_3_3_draw.png  used on inp
ut line 6.
(pdftex.def)             Requested size: 113.81102pt x 113.81297pt.
<GRAPHICS/PGL_4_3/PGL_4_3_rep_3_4_draw.png, id=3924, 301.125pt x 301.125pt>
File: GRAPHICS/PGL_4_3/PGL_4_3_rep_3_4_draw.png Graphic file (type png)
<use GRAPHICS/PGL_4_3/PGL_4_3_rep_3_4_draw.png>
Package pdftex.def Info: GRAPHICS/PGL_4_3/PGL_4_3_rep_3_4_draw.png  used on inp
ut line 7.
(pdftex.def)             Requested size: 113.81102pt x 113.81297pt.
<GRAPHICS/PGL_4_3/PGL_4_3_rep_3_5_draw.png, id=3925, 301.125pt x 301.125pt>
File: GRAPHICS/PGL_4_3/PGL_4_3_rep_3_5_draw.png Graphic file (type png)
<use GRAPHICS/PGL_4_3/PGL_4_3_rep_3_5_draw.png>
Package pdftex.def Info: GRAPHICS/PGL_4_3/PGL_4_3_rep_3_5_draw.png  used on inp
ut line 8.
(pdftex.def)             Requested size: 113.81102pt x 113.81297pt.
<GRAPHICS/PGL_4_3/PGL_4_3_rep_3_6_draw.png, id=3926, 301.125pt x 301.125pt>
File: GRAPHICS/PGL_4_3/PGL_4_3_rep_3_6_draw.png Graphic file (type png)
<use GRAPHICS/PGL_4_3/PGL_4_3_rep_3_6_draw.png>
Package pdftex.def Info: GRAPHICS/PGL_4_3/PGL_4_3_rep_3_6_draw.png  used on inp
ut line 9.
(pdftex.def)             Requested size: 113.81102pt x 113.81297pt.
<GRAPHICS/PGL_4_3/PGL_4_3_rep_3_7_draw.png, id=3927, 301.125pt x 301.125pt>
File: GRAPHICS/PGL_4_3/PGL_4_3_rep_3_7_draw.png Graphic file (type png)
<use GRAPHICS/PGL_4_3/PGL_4_3_rep_3_7_draw.png>
Package pdftex.def Info: GRAPHICS/PGL_4_3/PGL_4_3_rep_3_7_draw.png  used on inp
ut line 10.
(pdftex.def)             Requested size: 113.81102pt x 113.81297pt.
<GRAPHICS/PGL_4_3/PGL_4_3_rep_3_8_draw.png, id=3928, 301.125pt x 301.125pt>
File: GRAPHICS/PGL_4_3/PGL_4_3_rep_3_8_draw.png Graphic file (type png)
<use GRAPHICS/PGL_4_3/PGL_4_3_rep_3_8_draw.png>
Package pdftex.def Info: GRAPHICS/PGL_4_3/PGL_4_3_rep_3_8_draw.png  used on inp
ut line 11.
(pdftex.def)             Requested size: 113.81102pt x 113.81297pt.
)
Overfull \vbox (236.90456pt too high) detected at line 13
 []

Package mdframed Info: Box was splittet wrong
 starting loop to iterate the splitting point
(mdframed)              on input line 13.

Overfull \vbox (237.90456pt too high) detected at line 13
 []


Overfull \vbox (238.90456pt too high) detected at line 13
 []


Overfull \vbox (239.90456pt too high) detected at line 13
 []


Overfull \vbox (240.90456pt too high) detected at line 13
 []


Overfull \vbox (241.90456pt too high) detected at line 13
 []


Overfull \vbox (242.90456pt too high) detected at line 13
 []


Overfull \vbox (243.90456pt too high) detected at line 13
 []


Overfull \vbox (244.90456pt too high) detected at line 13
 []


Overfull \vbox (245.90456pt too high) detected at line 13
 []


Overfull \vbox (246.90456pt too high) detected at line 13
 []


Overfull \vbox (247.90456pt too high) detected at line 13
 []


Overfull \vbox (248.90456pt too high) detected at line 13
 []


Overfull \vbox (249.90456pt too high) detected at line 13
 []


Overfull \vbox (250.90456pt too high) detected at line 13
 []


Overfull \vbox (251.90456pt too high) detected at line 13
 []


Overfull \vbox (252.90456pt too high) detected at line 13
 []


Overfull \vbox (253.90456pt too high) detected at line 13
 []


Overfull \vbox (254.90456pt too high) detected at line 13
 []


Overfull \vbox (255.90456pt too high) detected at line 13
 []


Overfull \vbox (256.90456pt too high) detected at line 13
 []


Overfull \vbox (257.90456pt too high) detected at line 13
 []


Overfull \vbox (258.90456pt too high) detected at line 13
 []


Overfull \vbox (259.90456pt too high) detected at line 13
 []


Overfull \vbox (260.90456pt too high) detected at line 13
 []


Overfull \vbox (261.90456pt too high) detected at line 13
 []


Overfull \vbox (262.90456pt too high) detected at line 13
 []


Overfull \vbox (263.90456pt too high) detected at line 13
 []


Overfull \vbox (264.90456pt too high) detected at line 13
 []


Overfull \vbox (265.90456pt too high) detected at line 13
 []


Overfull \vbox (266.90456pt too high) detected at line 13
 []


Overfull \vbox (267.90456pt too high) detected at line 13
 []


Overfull \vbox (268.90456pt too high) detected at line 13
 []


Overfull \vbox (269.90456pt too high) detected at line 13
 []


Overfull \vbox (270.90456pt too high) detected at line 13
 []


Overfull \vbox (271.90456pt too high) detected at line 13
 []


Overfull \vbox (272.90456pt too high) detected at line 13
 []


Overfull \vbox (273.90456pt too high) detected at line 13
 []


Overfull \vbox (274.90456pt too high) detected at line 13
 []


Overfull \vbox (275.90456pt too high) detected at line 13
 []


Overfull \vbox (276.90456pt too high) detected at line 13
 []


Overfull \vbox (277.90456pt too high) detected at line 13
 []


Overfull \vbox (278.90456pt too high) detected at line 13
 []


Overfull \vbox (279.90456pt too high) detected at line 13
 []


Overfull \vbox (280.90456pt too high) detected at line 13
 []


Overfull \vbox (281.90456pt too high) detected at line 13
 []


Overfull \vbox (282.90456pt too high) detected at line 13
 []


Overfull \vbox (283.90456pt too high) detected at line 13
 []


Overfull \vbox (284.90456pt too high) detected at line 13
 []


Overfull \vbox (285.90456pt too high) detected at line 13
 []


Overfull \vbox (286.90456pt too high) detected at line 13
 []


Overfull \vbox (287.90456pt too high) detected at line 13
 []


Overfull \vbox (288.90456pt too high) detected at line 13
 []


Overfull \vbox (289.90456pt too high) detected at line 13
 []


Overfull \vbox (290.90456pt too high) detected at line 13
 []


Overfull \vbox (291.90456pt too high) detected at line 13
 []


Overfull \vbox (292.90456pt too high) detected at line 13
 []


Overfull \vbox (293.90456pt too high) detected at line 13
 []


Overfull \vbox (294.90456pt too high) detected at line 13
 []


Overfull \vbox (295.90456pt too high) detected at line 13
 []


Overfull \vbox (296.90456pt too high) detected at line 13
 []


Overfull \vbox (297.90456pt too high) detected at line 13
 []


Overfull \vbox (298.90456pt too high) detected at line 13
 []


Overfull \vbox (299.90456pt too high) detected at line 13
 []


Overfull \vbox (300.90456pt too high) detected at line 13
 []


Overfull \vbox (301.90456pt too high) detected at line 13
 []


Overfull \vbox (302.90456pt too high) detected at line 13
 []


Overfull \vbox (303.90456pt too high) detected at line 13
 []


Overfull \vbox (304.90456pt too high) detected at line 13
 []


Overfull \vbox (305.90456pt too high) detected at line 13
 []


Overfull \vbox (306.90456pt too high) detected at line 13
 []


Overfull \vbox (307.90456pt too high) detected at line 13
 []


Overfull \vbox (308.90456pt too high) detected at line 13
 []


Overfull \vbox (309.90456pt too high) detected at line 13
 []


Overfull \vbox (310.90456pt too high) detected at line 13
 []


Overfull \vbox (311.90456pt too high) detected at line 13
 []


Overfull \vbox (312.90456pt too high) detected at line 13
 []


Overfull \vbox (313.90456pt too high) detected at line 13
 []


Overfull \vbox (314.90456pt too high) detected at line 13
 []


Overfull \vbox (315.90456pt too high) detected at line 13
 []


Overfull \vbox (316.90456pt too high) detected at line 13
 []


Overfull \vbox (317.90456pt too high) detected at line 13
 []


Overfull \vbox (318.90456pt too high) detected at line 13
 []


Overfull \vbox (319.90456pt too high) detected at line 13
 []


Overfull \vbox (320.90456pt too high) detected at line 13
 []


Overfull \vbox (321.90456pt too high) detected at line 13
 []


Overfull \vbox (322.90456pt too high) detected at line 13
 []


Overfull \vbox (323.90456pt too high) detected at line 13
 []


Overfull \vbox (324.90456pt too high) detected at line 13
 []


Overfull \vbox (325.90456pt too high) detected at line 13
 []


Overfull \vbox (326.90456pt too high) detected at line 13
 []


Overfull \vbox (327.90456pt too high) detected at line 13
 []


Overfull \vbox (328.90456pt too high) detected at line 13
 []


Overfull \vbox (329.90456pt too high) detected at line 13
 []


Overfull \vbox (330.90456pt too high) detected at line 13
 []


Overfull \vbox (331.90456pt too high) detected at line 13
 []


Overfull \vbox (332.90456pt too high) detected at line 13
 []


Overfull \vbox (333.90456pt too high) detected at line 13
 []


Overfull \vbox (334.90456pt too high) detected at line 13
 []


Overfull \vbox (335.90456pt too high) detected at line 13
 []


Overfull \vbox (336.90456pt too high) detected at line 13
 []


Overfull \vbox (337.90456pt too high) detected at line 13
 []


Package mdframed Warning: correct box splittet fails
 It seems you are using a non splittable contents
(mdframed)                 on input line 13.

Package mdframed Info: You first box width is to small
 mdframed fixed it
(mdframed)              on input line 13.


[436

])

[437 <./GRAPHICS/PGL_4_3/PGL_4_3_rep_3_0_draw.png> <./GRAPHICS/PGL_4_3/PGL_4_3_
rep_3_1_draw.png> <./GRAPHICS/PGL_4_3/PGL_4_3_rep_3_2_draw.png> <./GRAPHICS/PGL
_4_3/PGL_4_3_rep_3_3_draw.png> <./GRAPHICS/PGL_4_3/PGL_4_3_rep_3_4_draw.png> <.
/GRAPHICS/PGL_4_3/PGL_4_3_rep_3_5_draw.png> <./GRAPHICS/PGL_4_3/PGL_4_3_rep_3_6
_draw.png> <./GRAPHICS/PGL_4_3/PGL_4_3_rep_3_7_draw.png> <./GRAPHICS/PGL_4_3/PG
L_4_3_rep_3_8_draw.png>] (./C10/sec_3.tex
(./GRAPHICS/TABLES/COMMANDS/cryptography_1_ug.tex
Underfull \hbox (badness 4752) in paragraph at lines 25--25
[]|$\OML/cmm/m/it/10 d$ $n$ \OT1/cmss/m/n/10 list-of-
 []

) (./GRAPHICS/TABLES/COMMANDS/cryptography_2_ug.tex
Underfull \hbox (badness 10000) in paragraph at lines 31--31
[]|$\OML/cmm/m/it/10 a$ $b$ \OT1/cmss/m/n/10 pt $\OML/cmm/m/it/10 n$
 []

) (./GRAPHICS/THE_MAKEFILE/EXTRACTS/EC_add.tex)
(./GRAPHICS/THE_MAKEFILE/EXTRACTS/EC_cyclic_subgroup.tex)
(./GRAPHICS/THE_MAKEFILE/EXTRACTS/EC_points_199.tex)

[438

]

[439]
Package mdframed Info: mdframed works in twoside mode on input line 24.
 (./GRAPHICS/WRAPPERS/EC_5_7_q199_points_xy_draw.tex
<GRAPHICS/EC_199/EC_5_7_q199_points_xy_draw.png, id=3949, 1498.09688pt x 1498.0
9688pt>
File: GRAPHICS/EC_199/EC_5_7_q199_points_xy_draw.png Graphic file (type png)
<use GRAPHICS/EC_199/EC_5_7_q199_points_xy_draw.png>
Package pdftex.def Info: GRAPHICS/EC_199/EC_5_7_q199_points_xy_draw.png  used o
n input line 2.
(pdftex.def)             Requested size: 312.9803pt x 312.98663pt.
)
(./GRAPHICS/THE_MAKEFILE/EXTRACTS/EC_Koblitz_encoding.tex)

[440 <./GRAPHICS/EC_199/EC_5_7_q199_points_xy_draw.png>]
(./GRAPHICS/THE_MAKEFILE/EXTRACTS/EC_bsgs.tex)
(./GRAPHICS/THE_MAKEFILE/EXTRACTS/EC_bsgs_decode.tex)

[441] (./GRAPHICS/THE_MAKEFILE/EXTRACTS/NTRU_N.tex)
(./GRAPHICS/THE_MAKEFILE/EXTRACTS/NTRU_P.tex)
(./GRAPHICS/THE_MAKEFILE/EXTRACTS/NTRU_Q.tex)
(./GRAPHICS/THE_MAKEFILE/EXTRACTS/NTRU_D.tex)
(./GRAPHICS/THE_MAKEFILE/EXTRACTS/NTRU_XN1.tex)
(./GRAPHICS/THE_MAKEFILE/EXTRACTS/ALICE_PRIVATE_F.tex)
(./GRAPHICS/THE_MAKEFILE/EXTRACTS/ALICE_PRIVATE_G.tex)

[442] (./GRAPHICS/THE_MAKEFILE/EXTRACTS/NTRU_Alice1.tex)
(./GRAPHICS/THE_MAKEFILE/EXTRACTS/ALICE_PRIVATE_FQ.tex)
(./GRAPHICS/THE_MAKEFILE/EXTRACTS/NTRU_Alice2.tex)
(./GRAPHICS/THE_MAKEFILE/EXTRACTS/ALICE_PRIVATE_FP.tex)
(./GRAPHICS/THE_MAKEFILE/EXTRACTS/NTRU_Alice_public_key.tex)

[443] (./GRAPHICS/THE_MAKEFILE/EXTRACTS/ALICE_PUBLIC_KEY.tex)
(./GRAPHICS/THE_MAKEFILE/EXTRACTS/BOB_MESSAGE.tex)
(./GRAPHICS/THE_MAKEFILE/EXTRACTS/BOB_ONE_TIME_KEY.tex)
(./GRAPHICS/THE_MAKEFILE/EXTRACTS/NTRU_encrypt.tex)
(./GRAPHICS/THE_MAKEFILE/EXTRACTS/BOB_ENCRYPT.tex)
(./GRAPHICS/THE_MAKEFILE/EXTRACTS/NTRU_decrypt1.tex)

[444] (./GRAPHICS/THE_MAKEFILE/EXTRACTS/ALICE_C1.tex)
(./GRAPHICS/THE_MAKEFILE/EXTRACTS/NTRU_decrypt2.tex)
(./GRAPHICS/THE_MAKEFILE/EXTRACTS/ALICE_C2.tex)
(./GRAPHICS/THE_MAKEFILE/EXTRACTS/NTRU_decrypt3.tex)
(./GRAPHICS/THE_MAKEFILE/EXTRACTS/ALICE_C3.tex)
(./GRAPHICS/THE_MAKEFILE/EXTRACTS/NTRU_decrypt4.tex)
Underfull \vbox (badness 1117) has occurred while \output is active []



[445] (./GRAPHICS/THE_MAKEFILE/EXTRACTS/ALICE_C4.tex)
(./GRAPHICS/THE_MAKEFILE/EXTRACTS/NTRU_decrypt5.tex))

[446])
Chapter 11.
(./C11/chapter.tex (./C11/sec_1.tex
(./GRAPHICS/TABLES/COMMANDS/global_coding_theory_ug.tex
Underfull \hbox (badness 10000) in paragraph at lines 25--25
[]|[]\OT1/zi4/m/n/10 -make_bounds_for_d_given_n_
 []


Underfull \hbox (badness 1776) in paragraph at lines 25--25
[]|\OT1/cmss/m/n/10 input out-put
 []


Underfull \hbox (badness 10000) in paragraph at lines 25--25
[]|[]\OT1/zi4/m/n/10 -random_noise_of_burst_type_
 []


Underfull \hbox (badness 1776) in paragraph at lines 25--25
[]|\OT1/cmss/m/n/10 input out-put
 []

) (./GRAPHICS/THE_MAKEFILE/EXTRACTS/Allen_Gates_noise_1_percent.tex)
Package mdframed Info: mdframed works in twoside mode on input line 14.

(./GRAPHICS/WRAPPERS/allen_Gates_1_percent.tex
<GRAPHICS/CODING_THEORY/allen_Gates.png, id=3994, 494.84875pt x 328.22626pt>
File: GRAPHICS/CODING_THEORY/allen_Gates.png Graphic file (type png)
<use GRAPHICS/CODING_THEORY/allen_Gates.png>
Package pdftex.def Info: GRAPHICS/CODING_THEORY/allen_Gates.png  used on input 
line 3.
(pdftex.def)             Requested size: 256.0748pt x 169.84724pt.
<GRAPHICS/CODING_THEORY/allen_Gates_1.png, id=3995, 494.84875pt x 328.22626pt>
File: GRAPHICS/CODING_THEORY/allen_Gates_1.png Graphic file (type png)
<use GRAPHICS/CODING_THEORY/allen_Gates_1.png>
Package pdftex.def Info: GRAPHICS/CODING_THEORY/allen_Gates_1.png  used on inpu
t line 5.
(pdftex.def)             Requested size: 256.0748pt x 169.84724pt.
)
Overfull \vbox (148.07053pt too high) detected at line 14
 []

Package mdframed Info: Box was splittet wrong
 starting loop to iterate the splitting point
(mdframed)              on input line 14.

Overfull \vbox (149.07053pt too high) detected at line 14
 []


Overfull \vbox (150.07053pt too high) detected at line 14
 []


Overfull \vbox (151.07053pt too high) detected at line 14
 []


Overfull \vbox (152.07053pt too high) detected at line 14
 []


Overfull \vbox (153.07053pt too high) detected at line 14
 []


Overfull \vbox (154.07053pt too high) detected at line 14
 []


Overfull \vbox (155.07053pt too high) detected at line 14
 []


Overfull \vbox (156.07053pt too high) detected at line 14
 []


Overfull \vbox (157.07053pt too high) detected at line 14
 []


Overfull \vbox (158.07053pt too high) detected at line 14
 []


Overfull \vbox (159.07053pt too high) detected at line 14
 []


Overfull \vbox (160.07053pt too high) detected at line 14
 []


Overfull \vbox (161.07053pt too high) detected at line 14
 []


Overfull \vbox (162.07053pt too high) detected at line 14
 []


Overfull \vbox (163.07053pt too high) detected at line 14
 []


Overfull \vbox (164.07053pt too high) detected at line 14
 []


Overfull \vbox (165.07053pt too high) detected at line 14
 []


Overfull \vbox (166.07053pt too high) detected at line 14
 []


Overfull \vbox (167.07053pt too high) detected at line 14
 []


Overfull \vbox (168.07053pt too high) detected at line 14
 []


Overfull \vbox (169.07053pt too high) detected at line 14
 []


Overfull \vbox (170.07053pt too high) detected at line 14
 []


Overfull \vbox (171.07053pt too high) detected at line 14
 []


Overfull \vbox (172.07053pt too high) detected at line 14
 []


Overfull \vbox (173.07053pt too high) detected at line 14
 []


Overfull \vbox (174.07053pt too high) detected at line 14
 []


Overfull \vbox (175.07053pt too high) detected at line 14
 []


Overfull \vbox (176.07053pt too high) detected at line 14
 []


Overfull \vbox (177.07053pt too high) detected at line 14
 []


Overfull \vbox (178.07053pt too high) detected at line 14
 []


Overfull \vbox (179.07053pt too high) detected at line 14
 []


Overfull \vbox (180.07053pt too high) detected at line 14
 []


Overfull \vbox (181.07053pt too high) detected at line 14
 []


Overfull \vbox (182.07053pt too high) detected at line 14
 []


Overfull \vbox (183.07053pt too high) detected at line 14
 []


Overfull \vbox (184.07053pt too high) detected at line 14
 []


Overfull \vbox (185.07053pt too high) detected at line 14
 []


Overfull \vbox (186.07053pt too high) detected at line 14
 []


Overfull \vbox (187.07053pt too high) detected at line 14
 []


Overfull \vbox (188.07053pt too high) detected at line 14
 []


Overfull \vbox (189.07053pt too high) detected at line 14
 []


Overfull \vbox (190.07053pt too high) detected at line 14
 []


Overfull \vbox (191.07053pt too high) detected at line 14
 []


Overfull \vbox (192.07053pt too high) detected at line 14
 []


Overfull \vbox (193.07053pt too high) detected at line 14
 []


Overfull \vbox (194.07053pt too high) detected at line 14
 []


Overfull \vbox (195.07053pt too high) detected at line 14
 []


Overfull \vbox (196.07053pt too high) detected at line 14
 []


Overfull \vbox (197.07053pt too high) detected at line 14
 []


Overfull \vbox (198.07053pt too high) detected at line 14
 []


Overfull \vbox (199.07053pt too high) detected at line 14
 []


Overfull \vbox (200.07053pt too high) detected at line 14
 []


Overfull \vbox (201.07053pt too high) detected at line 14
 []


Overfull \vbox (202.07053pt too high) detected at line 14
 []


Overfull \vbox (203.07053pt too high) detected at line 14
 []


Overfull \vbox (204.07053pt too high) detected at line 14
 []


Overfull \vbox (205.07053pt too high) detected at line 14
 []


Overfull \vbox (206.07053pt too high) detected at line 14
 []


Overfull \vbox (207.07053pt too high) detected at line 14
 []


Overfull \vbox (208.07053pt too high) detected at line 14
 []


Overfull \vbox (209.07053pt too high) detected at line 14
 []


Overfull \vbox (210.07053pt too high) detected at line 14
 []


Overfull \vbox (211.07053pt too high) detected at line 14
 []


Overfull \vbox (212.07053pt too high) detected at line 14
 []


Overfull \vbox (213.07053pt too high) detected at line 14
 []


Overfull \vbox (214.07053pt too high) detected at line 14
 []


Overfull \vbox (215.07053pt too high) detected at line 14
 []


Overfull \vbox (216.07053pt too high) detected at line 14
 []


Overfull \vbox (217.07053pt too high) detected at line 14
 []


Overfull \vbox (218.07053pt too high) detected at line 14
 []


Overfull \vbox (219.07053pt too high) detected at line 14
 []


Overfull \vbox (220.07053pt too high) detected at line 14
 []


Overfull \vbox (221.07053pt too high) detected at line 14
 []


Overfull \vbox (222.07053pt too high) detected at line 14
 []


Overfull \vbox (223.07053pt too high) detected at line 14
 []


Overfull \vbox (224.07053pt too high) detected at line 14
 []


Overfull \vbox (225.07053pt too high) detected at line 14
 []


Overfull \vbox (226.07053pt too high) detected at line 14
 []


Overfull \vbox (227.07053pt too high) detected at line 14
 []


Overfull \vbox (228.07053pt too high) detected at line 14
 []


Overfull \vbox (229.07053pt too high) detected at line 14
 []


Overfull \vbox (230.07053pt too high) detected at line 14
 []


Overfull \vbox (231.07053pt too high) detected at line 14
 []


Overfull \vbox (232.07053pt too high) detected at line 14
 []


Overfull \vbox (233.07053pt too high) detected at line 14
 []


Overfull \vbox (234.07053pt too high) detected at line 14
 []


Overfull \vbox (235.07053pt too high) detected at line 14
 []


Overfull \vbox (236.07053pt too high) detected at line 14
 []


Overfull \vbox (237.07053pt too high) detected at line 14
 []


Overfull \vbox (238.07053pt too high) detected at line 14
 []


Overfull \vbox (239.07053pt too high) detected at line 14
 []


Overfull \vbox (240.07053pt too high) detected at line 14
 []


Overfull \vbox (241.07053pt too high) detected at line 14
 []


Overfull \vbox (242.07053pt too high) detected at line 14
 []


Overfull \vbox (243.07053pt too high) detected at line 14
 []


Overfull \vbox (244.07053pt too high) detected at line 14
 []


Overfull \vbox (245.07053pt too high) detected at line 14
 []


Overfull \vbox (246.07053pt too high) detected at line 14
 []


Overfull \vbox (247.07053pt too high) detected at line 14
 []


Overfull \vbox (248.07053pt too high) detected at line 14
 []


Overfull \vbox (249.07053pt too high) detected at line 14
 []


Package mdframed Warning: correct box splittet fails
 It seems you are using a non splittable contents
(mdframed)                 on input line 14.

Package mdframed Info: You first box width is to small
 mdframed fixed it
(mdframed)              on input line 14.


[447


]
Overfull \vbox (25.87436pt too high) detected at line 14
 []

Package mdframed Info: Box was splittet wrong
 starting loop to iterate the splitting point
(mdframed)              on input line 14.

Overfull \vbox (26.87436pt too high) detected at line 14
 []


Overfull \vbox (27.87436pt too high) detected at line 14
 []


Overfull \vbox (28.87436pt too high) detected at line 14
 []


Overfull \vbox (29.87436pt too high) detected at line 14
 []


Overfull \vbox (30.87436pt too high) detected at line 14
 []


Overfull \vbox (31.87436pt too high) detected at line 14
 []


Overfull \vbox (32.87436pt too high) detected at line 14
 []


Overfull \vbox (33.87436pt too high) detected at line 14
 []


Overfull \vbox (34.87436pt too high) detected at line 14
 []


Overfull \vbox (35.87436pt too high) detected at line 14
 []


Overfull \vbox (36.87436pt too high) detected at line 14
 []


Overfull \vbox (37.87436pt too high) detected at line 14
 []


Overfull \vbox (38.87436pt too high) detected at line 14
 []


Overfull \vbox (39.87436pt too high) detected at line 14
 []


Overfull \vbox (40.87436pt too high) detected at line 14
 []


Overfull \vbox (41.87436pt too high) detected at line 14
 []


Overfull \vbox (42.87436pt too high) detected at line 14
 []


Overfull \vbox (43.87436pt too high) detected at line 14
 []


Overfull \vbox (44.87436pt too high) detected at line 14
 []


Overfull \vbox (45.87436pt too high) detected at line 14
 []


Overfull \vbox (46.87436pt too high) detected at line 14
 []


Overfull \vbox (47.87436pt too high) detected at line 14
 []


Overfull \vbox (48.87436pt too high) detected at line 14
 []


Overfull \vbox (49.87436pt too high) detected at line 14
 []


Overfull \vbox (50.87436pt too high) detected at line 14
 []


Overfull \vbox (51.87436pt too high) detected at line 14
 []


Overfull \vbox (52.87436pt too high) detected at line 14
 []


Overfull \vbox (53.87436pt too high) detected at line 14
 []


Overfull \vbox (54.87436pt too high) detected at line 14
 []


Overfull \vbox (55.87436pt too high) detected at line 14
 []


Overfull \vbox (56.87436pt too high) detected at line 14
 []


Overfull \vbox (57.87436pt too high) detected at line 14
 []


Overfull \vbox (58.87436pt too high) detected at line 14
 []


Overfull \vbox (59.87436pt too high) detected at line 14
 []


Overfull \vbox (60.87436pt too high) detected at line 14
 []


Overfull \vbox (61.87436pt too high) detected at line 14
 []


Overfull \vbox (62.87436pt too high) detected at line 14
 []


Overfull \vbox (63.87436pt too high) detected at line 14
 []


Overfull \vbox (64.87436pt too high) detected at line 14
 []


Overfull \vbox (65.87436pt too high) detected at line 14
 []


Overfull \vbox (66.87436pt too high) detected at line 14
 []


Overfull \vbox (67.87436pt too high) detected at line 14
 []


Overfull \vbox (68.87436pt too high) detected at line 14
 []


Overfull \vbox (69.87436pt too high) detected at line 14
 []


Overfull \vbox (70.87436pt too high) detected at line 14
 []


Overfull \vbox (71.87436pt too high) detected at line 14
 []


Overfull \vbox (72.87436pt too high) detected at line 14
 []


Overfull \vbox (73.87436pt too high) detected at line 14
 []


Overfull \vbox (74.87436pt too high) detected at line 14
 []


Overfull \vbox (75.87436pt too high) detected at line 14
 []


Overfull \vbox (76.87436pt too high) detected at line 14
 []


Overfull \vbox (77.87436pt too high) detected at line 14
 []


Overfull \vbox (78.87436pt too high) detected at line 14
 []


Overfull \vbox (79.87436pt too high) detected at line 14
 []


Overfull \vbox (80.87436pt too high) detected at line 14
 []


Overfull \vbox (81.87436pt too high) detected at line 14
 []


Overfull \vbox (82.87436pt too high) detected at line 14
 []


Overfull \vbox (83.87436pt too high) detected at line 14
 []


Overfull \vbox (84.87436pt too high) detected at line 14
 []


Overfull \vbox (85.87436pt too high) detected at line 14
 []


Overfull \vbox (86.87436pt too high) detected at line 14
 []


Overfull \vbox (87.87436pt too high) detected at line 14
 []


Overfull \vbox (88.87436pt too high) detected at line 14
 []


Overfull \vbox (89.87436pt too high) detected at line 14
 []


Overfull \vbox (90.87436pt too high) detected at line 14
 []


Overfull \vbox (91.87436pt too high) detected at line 14
 []


Overfull \vbox (92.87436pt too high) detected at line 14
 []


Overfull \vbox (93.87436pt too high) detected at line 14
 []


Overfull \vbox (94.87436pt too high) detected at line 14
 []


Overfull \vbox (95.87436pt too high) detected at line 14
 []


Overfull \vbox (96.87436pt too high) detected at line 14
 []


Overfull \vbox (97.87436pt too high) detected at line 14
 []


Overfull \vbox (98.87436pt too high) detected at line 14
 []


Overfull \vbox (99.87436pt too high) detected at line 14
 []


Overfull \vbox (100.87436pt too high) detected at line 14
 []


Overfull \vbox (101.87436pt too high) detected at line 14
 []


Overfull \vbox (102.87436pt too high) detected at line 14
 []


Overfull \vbox (103.87436pt too high) detected at line 14
 []


Overfull \vbox (104.87436pt too high) detected at line 14
 []


Overfull \vbox (105.87436pt too high) detected at line 14
 []


Overfull \vbox (106.87436pt too high) detected at line 14
 []


Overfull \vbox (107.87436pt too high) detected at line 14
 []


Overfull \vbox (108.87436pt too high) detected at line 14
 []


Overfull \vbox (109.87436pt too high) detected at line 14
 []


Overfull \vbox (110.87436pt too high) detected at line 14
 []


Overfull \vbox (111.87436pt too high) detected at line 14
 []


Overfull \vbox (112.87436pt too high) detected at line 14
 []


Overfull \vbox (113.87436pt too high) detected at line 14
 []


Overfull \vbox (114.87436pt too high) detected at line 14
 []


Overfull \vbox (115.87436pt too high) detected at line 14
 []


Overfull \vbox (116.87436pt too high) detected at line 14
 []


Overfull \vbox (117.87436pt too high) detected at line 14
 []


Overfull \vbox (118.87436pt too high) detected at line 14
 []


Overfull \vbox (119.87436pt too high) detected at line 14
 []


Overfull \vbox (120.87436pt too high) detected at line 14
 []


Overfull \vbox (121.87436pt too high) detected at line 14
 []


Overfull \vbox (122.87436pt too high) detected at line 14
 []


Overfull \vbox (123.87436pt too high) detected at line 14
 []


Overfull \vbox (124.87436pt too high) detected at line 14
 []


Overfull \vbox (125.87436pt too high) detected at line 14
 []


Overfull \vbox (126.87436pt too high) detected at line 14
 []


Package mdframed Warning: correct box splittet fails
 It seems you are using a non splittable contents
(mdframed)                 on input line 14.

Package mdframed Info: You first box width is to small
 mdframed fixed it
(mdframed)              on input line 14.


[448] (./GRAPHICS/THE_MAKEFILE/EXTRACTS/nonlinear_code_long_n7_k4.tex)

[449 <./GRAPHICS/CODING_THEORY/allen_Gates.png> <./GRAPHICS/CODING_THEORY/allen
_Gates_1.png>] (./GRAPHICS/THE_MAKEFILE/EXTRACTS/nonlinear_code_n7_d4.tex)
(./GRAPHICS/THE_MAKEFILE/EXTRACTS/nonlinear_code_n7_d4_classify.tex)

[450] (./GRAPHICS/THE_MAKEFILE/EXTRACTS/Hamming_space_4_2_distance_matrix.tex)
(./GRAPHICS/THE_MAKEFILE/EXTRACTS/Hamming_space_4_2_distance_matrix_draw.tex)

[451]
Package mdframed Info: mdframed works in twoside mode on input line 82.
 (./GRAPHICS/WRAPPERS/Hamming_n4_q2_draw.tex
<GRAPHICS/CODES/Hamming_n4_q2_draw.png, id=4017, 240.9pt x 240.9pt>
File: GRAPHICS/CODES/Hamming_n4_q2_draw.png Graphic file (type png)
<use GRAPHICS/CODES/Hamming_n4_q2_draw.png>
Package pdftex.def Info: GRAPHICS/CODES/Hamming_n4_q2_draw.png  used on input l
ine 2.
(pdftex.def)             Requested size: 227.62204pt x 227.62964pt.
)
(./GRAPHICS/THE_MAKEFILE/EXTRACTS/Hamming_code_macwilliams.tex)
Package mdframed Info: mdframed works in twoside mode on input line 96.

(./GRAPHICS/LATEX/code_MacWilliams_Hamming.tex)
Overfull \vbox (13.47928pt too high) detected at line 96
 []

Package mdframed Info: Box was splittet wrong
 starting loop to iterate the splitting point
(mdframed)              on input line 96.

Overfull \vbox (14.47928pt too high) detected at line 96
 []


Overfull \vbox (15.47928pt too high) detected at line 96
 []


Overfull \vbox (16.47928pt too high) detected at line 96
 []


Overfull \vbox (17.47928pt too high) detected at line 96
 []


Overfull \vbox (18.47928pt too high) detected at line 96
 []


Overfull \vbox (19.47928pt too high) detected at line 96
 []


Overfull \vbox (20.47928pt too high) detected at line 96
 []


Overfull \vbox (21.47928pt too high) detected at line 96
 []


Overfull \vbox (22.47928pt too high) detected at line 96
 []


Overfull \vbox (23.47928pt too high) detected at line 96
 []


Overfull \vbox (24.47928pt too high) detected at line 96
 []


Overfull \vbox (25.47928pt too high) detected at line 96
 []


Overfull \vbox (26.47928pt too high) detected at line 96
 []


Overfull \vbox (27.47928pt too high) detected at line 96
 []


Overfull \vbox (28.47928pt too high) detected at line 96
 []


Overfull \vbox (29.47928pt too high) detected at line 96
 []


Overfull \vbox (30.47928pt too high) detected at line 96
 []


Overfull \vbox (31.47928pt too high) detected at line 96
 []


Overfull \vbox (32.47928pt too high) detected at line 96
 []


Overfull \vbox (33.47928pt too high) detected at line 96
 []


Overfull \vbox (34.47928pt too high) detected at line 96
 []


Overfull \vbox (35.47928pt too high) detected at line 96
 []


Overfull \vbox (36.47928pt too high) detected at line 96
 []


Overfull \vbox (37.47928pt too high) detected at line 96
 []


Overfull \vbox (38.47928pt too high) detected at line 96
 []


Overfull \vbox (39.47928pt too high) detected at line 96
 []


Overfull \vbox (40.47928pt too high) detected at line 96
 []


Overfull \vbox (41.47928pt too high) detected at line 96
 []


Overfull \vbox (42.47928pt too high) detected at line 96
 []


Overfull \vbox (43.47928pt too high) detected at line 96
 []


Overfull \vbox (44.47928pt too high) detected at line 96
 []


Overfull \vbox (45.47928pt too high) detected at line 96
 []


Overfull \vbox (46.47928pt too high) detected at line 96
 []


Overfull \vbox (47.47928pt too high) detected at line 96
 []


Overfull \vbox (48.47928pt too high) detected at line 96
 []


Overfull \vbox (49.47928pt too high) detected at line 96
 []


Overfull \vbox (50.47928pt too high) detected at line 96
 []


Overfull \vbox (51.47928pt too high) detected at line 96
 []


Overfull \vbox (52.47928pt too high) detected at line 96
 []


Overfull \vbox (53.47928pt too high) detected at line 96
 []


Overfull \vbox (54.47928pt too high) detected at line 96
 []


Overfull \vbox (55.47928pt too high) detected at line 96
 []


Overfull \vbox (56.47928pt too high) detected at line 96
 []


Overfull \vbox (57.47928pt too high) detected at line 96
 []


Overfull \vbox (58.47928pt too high) detected at line 96
 []


Overfull \vbox (59.47928pt too high) detected at line 96
 []


Overfull \vbox (60.47928pt too high) detected at line 96
 []


Overfull \vbox (61.47928pt too high) detected at line 96
 []


Overfull \vbox (62.47928pt too high) detected at line 96
 []


Overfull \vbox (63.47928pt too high) detected at line 96
 []


Overfull \vbox (64.47928pt too high) detected at line 96
 []


Overfull \vbox (65.47928pt too high) detected at line 96
 []


Overfull \vbox (66.47928pt too high) detected at line 96
 []


Overfull \vbox (67.47928pt too high) detected at line 96
 []


Overfull \vbox (68.47928pt too high) detected at line 96
 []


Overfull \vbox (69.47928pt too high) detected at line 96
 []


Overfull \vbox (70.47928pt too high) detected at line 96
 []


Overfull \vbox (71.47928pt too high) detected at line 96
 []


Overfull \vbox (72.47928pt too high) detected at line 96
 []


Overfull \vbox (73.47928pt too high) detected at line 96
 []


Overfull \vbox (74.47928pt too high) detected at line 96
 []


Overfull \vbox (75.47928pt too high) detected at line 96
 []


Overfull \vbox (76.47928pt too high) detected at line 96
 []


Overfull \vbox (77.47928pt too high) detected at line 96
 []


Overfull \vbox (78.47928pt too high) detected at line 96
 []


Overfull \vbox (79.47928pt too high) detected at line 96
 []


Overfull \vbox (80.47928pt too high) detected at line 96
 []


Overfull \vbox (81.47928pt too high) detected at line 96
 []


Overfull \vbox (82.47928pt too high) detected at line 96
 []


Overfull \vbox (83.47928pt too high) detected at line 96
 []


Overfull \vbox (84.47928pt too high) detected at line 96
 []


Overfull \vbox (85.47928pt too high) detected at line 96
 []


Overfull \vbox (86.47928pt too high) detected at line 96
 []


Overfull \vbox (87.47928pt too high) detected at line 96
 []


Overfull \vbox (88.47928pt too high) detected at line 96
 []


Overfull \vbox (89.47928pt too high) detected at line 96
 []


Overfull \vbox (90.47928pt too high) detected at line 96
 []


Overfull \vbox (91.47928pt too high) detected at line 96
 []


Overfull \vbox (92.47928pt too high) detected at line 96
 []


Overfull \vbox (93.47928pt too high) detected at line 96
 []


Overfull \vbox (94.47928pt too high) detected at line 96
 []


Overfull \vbox (95.47928pt too high) detected at line 96
 []


Overfull \vbox (96.47928pt too high) detected at line 96
 []


Overfull \vbox (97.47928pt too high) detected at line 96
 []


Overfull \vbox (98.47928pt too high) detected at line 96
 []


Overfull \vbox (99.47928pt too high) detected at line 96
 []


Overfull \vbox (100.47928pt too high) detected at line 96
 []


Overfull \vbox (101.47928pt too high) detected at line 96
 []


Overfull \vbox (102.47928pt too high) detected at line 96
 []


Overfull \vbox (103.47928pt too high) detected at line 96
 []


Overfull \vbox (104.47928pt too high) detected at line 96
 []


Overfull \vbox (105.47928pt too high) detected at line 96
 []


Overfull \vbox (106.47928pt too high) detected at line 96
 []


Overfull \vbox (107.47928pt too high) detected at line 96
 []


Overfull \vbox (108.47928pt too high) detected at line 96
 []


Overfull \vbox (109.47928pt too high) detected at line 96
 []


Overfull \vbox (110.47928pt too high) detected at line 96
 []


Overfull \vbox (111.47928pt too high) detected at line 96
 []


Overfull \vbox (112.47928pt too high) detected at line 96
 []


Overfull \vbox (113.47928pt too high) detected at line 96
 []


Overfull \vbox (114.47928pt too high) detected at line 96
 []


Package mdframed Warning: correct box splittet fails
 It seems you are using a non splittable contents
(mdframed)                 on input line 96.

Package mdframed Info: You first box width is to small
 mdframed fixed it
(mdframed)              on input line 96.


[452 <./GRAPHICS/CODES/Hamming_n4_q2_draw.png>]
(./GRAPHICS/THE_MAKEFILE/EXTRACTS/CODE_5_2_3_CODEWORDS.tex)
(./GRAPHICS/THE_MAKEFILE/EXTRACTS/code_5_2_3_diagram.tex)
(./GRAPHICS/THE_MAKEFILE/EXTRACTS/Hamming_5_2_graph.tex)

[453]
Package mdframed Info: mdframed works in twoside mode on input line 125.
 (./GRAPHICS/WRAPPERS/hamming_H_5_2_drawing.tex
<GRAPHICS/CODES/Hamming_5_2.png, id=4027, 950.55125pt x 541.02126pt>
File: GRAPHICS/CODES/Hamming_5_2.png Graphic file (type png)
<use GRAPHICS/CODES/Hamming_5_2.png>
Package pdftex.def Info: GRAPHICS/CODES/Hamming_5_2.png  used on input line 2.
(pdftex.def)             Requested size: 426.79134pt x 242.91246pt.

Overfull \hbox (1.83633pt too wide) detected at line 3
[]
 []

) (./GRAPHICS/THE_MAKEFILE/EXTRACTS/Sylvester_Hadamard_code_8.tex))

[454 <./GRAPHICS/CODES/Hamming_5_2.png>] (./C11/sec_2.tex
(./GRAPHICS/TABLES/COMMANDS/create_code_ug.tex
Underfull \hbox (badness 2503) in paragraph at lines 39--39
[]|\OT1/cmss/m/n/10 n genma-by-
 []


Underfull \hbox (badness 10000) in paragraph at lines 39--39
[]|\OT1/cmss/m/n/10 n k code-
 []

) (./GRAPHICS/TABLES/COMMANDS/coding_theoretic_activity_1_ug.tex
Underfull \hbox (badness 10000) in paragraph at lines 45--45
[]|\OT1/cmss/m/n/10 fname-in
 []


Underfull \hbox (badness 10000) in paragraph at lines 45--45
\OT1/cmss/m/n/10 fname-out
 []


Underfull \hbox (badness 10000) in paragraph at lines 45--45
[]|\OT1/cmss/m/n/10 code-object-
 []

) (./GRAPHICS/TABLES/COMMANDS/coding_theoretic_activity_2_ug.tex)
(./GRAPHICS/TABLES/COMMANDS/coding_theoretic_activity_3_ug.tex
Overfull \hbox (6.7779pt too wide) in paragraph at lines 39--39
[]|\OT1/cmss/m/n/10 message[]length
 []


Underfull \hbox (badness 10000) in paragraph at lines 39--39
[]|\OT1/cmss/m/n/10 fname[]in
 []


Underfull \hbox (badness 10000) in paragraph at lines 39--39
\OT1/cmss/m/n/10 fname[]out
 []


Underfull \hbox (badness 10000) in paragraph at lines 39--39
\OT1/cmss/m/n/10 block[]length
 []


Underfull \hbox (badness 10000) in paragraph at lines 39--39
\OT1/cmss/m/n/10 crc[]type
 []


Underfull \hbox (badness 1205) in paragraph at lines 39--39
[]|\OT1/cmss/m/n/10 fname code1
 []


Underfull \hbox (badness 10000) in paragraph at lines 39--39
\OT1/cmss/m/n/10 code2 er-
 []


Underfull \hbox (badness 10000) in paragraph at lines 39--39
\OT1/cmss/m/n/10 ror[]weight
 []


Overfull \hbox (19.0335pt too wide) in paragraph at lines 39--39
\OT1/cmss/m/n/10 nb[]tests[]per[]block| 
 []


Underfull \hbox (badness 10000) in paragraph at lines 39--39
[]|\OT1/cmss/m/n/10 fname
 []


Underfull \hbox (badness 10000) in paragraph at lines 39--39
\OT1/cmss/m/n/10 nb[]lines
 []


Underfull \hbox (badness 10000) in paragraph at lines 39--39
[]|\OT1/cmss/m/n/10 fname
 []


Underfull \hbox (badness 10000) in paragraph at lines 39--39
\OT1/cmss/m/n/10 block[]idx
 []


Underfull \hbox (badness 2547) in paragraph at lines 39--39
\OT1/cmss/m/n/10 code1 code2
 []


Underfull \hbox (badness 10000) in paragraph at lines 39--39
[]|\OT1/cmss/m/n/10 code
 []


Underfull \hbox (badness 10000) in paragraph at lines 39--39
[]|\OT1/cmss/m/n/10 fname[]in
 []


Underfull \hbox (badness 10000) in paragraph at lines 39--39
\OT1/cmss/m/n/10 fname[]out
 []


Underfull \hbox (badness 10000) in paragraph at lines 39--39
\OT1/cmss/m/n/10 block[]length
 []


Underfull \hbox (badness 10000) in paragraph at lines 39--39
[]|\OT1/cmss/m/n/10 nb-errors
 []


Underfull \hbox (badness 10000) in paragraph at lines 39--39
\OT1/cmss/m/n/10 info[]bits
 []


Underfull \hbox (badness 10000) in paragraph at lines 39--39
[]|[]\OT1/zi4/m/n/10 -polynomial_division_from_
 []

) (./GRAPHICS/TABLES/COMMANDS/code_modification_ug.tex)
(./GRAPHICS/THE_MAKEFILE/EXTRACTS/RM_3_1.tex)
(./GRAPHICS/THE_MAKEFILE/EXTRACTS/code_6.tex)

[455

]

[456]

[457] (./GRAPHICS/THE_MAKEFILE/EXTRACTS/SIMPLEX_CODE_GENERATOR.tex)
(./GRAPHICS/THE_MAKEFILE/EXTRACTS/simplex_code.tex)

[458]

[459]
Package mdframed Info: mdframed works in twoside mode on input line 58.
 (./GRAPHICS/LATEX/code_simplex.tex)
(./GRAPHICS/THE_MAKEFILE/EXTRACTS/Hamming_code.tex)
Package mdframed Info: mdframed works in twoside mode on input line 69.

(./GRAPHICS/WRAPPERS/Hamming_magma.tex)

[460] (./GRAPHICS/THE_MAKEFILE/EXTRACTS/RM_3_1_and_codewords.tex)
(./GRAPHICS/THE_MAKEFILE/EXTRACTS/CODE_RM_3_1_GENMA.tex)
(./GRAPHICS/THE_MAKEFILE/EXTRACTS/RM_3_1_from_generator_matrix.tex)

[461] (./GRAPHICS/THE_MAKEFILE/EXTRACTS/Hamming_code_by_rows.tex)
(./GRAPHICS/THE_MAKEFILE/EXTRACTS/Hamming_code_long.tex)
(./GRAPHICS/THE_MAKEFILE/EXTRACTS/Hamming_code_diagram.tex)

[462]
Package mdframed Info: mdframed works in twoside mode on input line 113.
 (./GRAPHICS/WRAPPERS/code_matrix_16_8_draw.tex
<GRAPHICS/OTHER/code_matrix_16_8_draw.png, id=4077, 150.5625pt x 301.125pt>
File: GRAPHICS/OTHER/code_matrix_16_8_draw.png Graphic file (type png)
<use GRAPHICS/OTHER/code_matrix_16_8_draw.png>
Package pdftex.def Info: GRAPHICS/OTHER/code_matrix_16_8_draw.png  used on inpu
t line 2.
(pdftex.def)             Requested size: 113.81102pt x 227.63055pt.
)
(./GRAPHICS/THE_MAKEFILE/EXTRACTS/HAMMING_CODE_CODEWORDS.tex)
(./GRAPHICS/THE_MAKEFILE/EXTRACTS/Hamming_code_words.tex)

[463 <./GRAPHICS/OTHER/code_matrix_16_8_draw.png>]
Package mdframed Info: mdframed works in twoside mode on input line 133.

(./GRAPHICS/WRAPPERS/Hamming_7_4_words.tex
<GRAPHICS/HAMMING_CODE/Hamming_7_4_word_0_diagram_7_1_draw.png, id=4083, 150.56
25pt x 301.125pt>
File: GRAPHICS/HAMMING_CODE/Hamming_7_4_word_0_diagram_7_1_draw.png Graphic fil
e (type png)
<use GRAPHICS/HAMMING_CODE/Hamming_7_4_word_0_diagram_7_1_draw.png>
Package pdftex.def Info: GRAPHICS/HAMMING_CODE/Hamming_7_4_word_0_diagram_7_1_d
raw.png  used on input line 2.
(pdftex.def)             Requested size: 48.36958pt x 96.73874pt.
<GRAPHICS/HAMMING_CODE/Hamming_7_4_word_1_diagram_7_1_draw.png, id=4084, 150.56
25pt x 301.125pt>
File: GRAPHICS/HAMMING_CODE/Hamming_7_4_word_1_diagram_7_1_draw.png Graphic fil
e (type png)
<use GRAPHICS/HAMMING_CODE/Hamming_7_4_word_1_diagram_7_1_draw.png>
Package pdftex.def Info: GRAPHICS/HAMMING_CODE/Hamming_7_4_word_1_diagram_7_1_d
raw.png  used on input line 3.
(pdftex.def)             Requested size: 48.36958pt x 96.73874pt.
<GRAPHICS/HAMMING_CODE/Hamming_7_4_word_2_diagram_7_1_draw.png, id=4085, 150.56
25pt x 301.125pt>
File: GRAPHICS/HAMMING_CODE/Hamming_7_4_word_2_diagram_7_1_draw.png Graphic fil
e (type png)
<use GRAPHICS/HAMMING_CODE/Hamming_7_4_word_2_diagram_7_1_draw.png>
Package pdftex.def Info: GRAPHICS/HAMMING_CODE/Hamming_7_4_word_2_diagram_7_1_d
raw.png  used on input line 4.
(pdftex.def)             Requested size: 48.36958pt x 96.73874pt.
<GRAPHICS/HAMMING_CODE/Hamming_7_4_word_3_diagram_7_1_draw.png, id=4086, 150.56
25pt x 301.125pt>
File: GRAPHICS/HAMMING_CODE/Hamming_7_4_word_3_diagram_7_1_draw.png Graphic fil
e (type png)
<use GRAPHICS/HAMMING_CODE/Hamming_7_4_word_3_diagram_7_1_draw.png>
Package pdftex.def Info: GRAPHICS/HAMMING_CODE/Hamming_7_4_word_3_diagram_7_1_d
raw.png  used on input line 5.
(pdftex.def)             Requested size: 48.36958pt x 96.73874pt.
<GRAPHICS/HAMMING_CODE/Hamming_7_4_word_4_diagram_7_1_draw.png, id=4087, 150.56
25pt x 301.125pt>
File: GRAPHICS/HAMMING_CODE/Hamming_7_4_word_4_diagram_7_1_draw.png Graphic fil
e (type png)
<use GRAPHICS/HAMMING_CODE/Hamming_7_4_word_4_diagram_7_1_draw.png>
Package pdftex.def Info: GRAPHICS/HAMMING_CODE/Hamming_7_4_word_4_diagram_7_1_d
raw.png  used on input line 6.
(pdftex.def)             Requested size: 48.36958pt x 96.73874pt.
<GRAPHICS/HAMMING_CODE/Hamming_7_4_word_5_diagram_7_1_draw.png, id=4088, 150.56
25pt x 301.125pt>
File: GRAPHICS/HAMMING_CODE/Hamming_7_4_word_5_diagram_7_1_draw.png Graphic fil
e (type png)
<use GRAPHICS/HAMMING_CODE/Hamming_7_4_word_5_diagram_7_1_draw.png>
Package pdftex.def Info: GRAPHICS/HAMMING_CODE/Hamming_7_4_word_5_diagram_7_1_d
raw.png  used on input line 7.
(pdftex.def)             Requested size: 48.36958pt x 96.73874pt.
<GRAPHICS/HAMMING_CODE/Hamming_7_4_word_6_diagram_7_1_draw.png, id=4089, 150.56
25pt x 301.125pt>
File: GRAPHICS/HAMMING_CODE/Hamming_7_4_word_6_diagram_7_1_draw.png Graphic fil
e (type png)
<use GRAPHICS/HAMMING_CODE/Hamming_7_4_word_6_diagram_7_1_draw.png>
Package pdftex.def Info: GRAPHICS/HAMMING_CODE/Hamming_7_4_word_6_diagram_7_1_d
raw.png  used on input line 8.
(pdftex.def)             Requested size: 48.36958pt x 96.73874pt.
<GRAPHICS/HAMMING_CODE/Hamming_7_4_word_7_diagram_7_1_draw.png, id=4090, 150.56
25pt x 301.125pt>
File: GRAPHICS/HAMMING_CODE/Hamming_7_4_word_7_diagram_7_1_draw.png Graphic fil
e (type png)
<use GRAPHICS/HAMMING_CODE/Hamming_7_4_word_7_diagram_7_1_draw.png>
Package pdftex.def Info: GRAPHICS/HAMMING_CODE/Hamming_7_4_word_7_diagram_7_1_d
raw.png  used on input line 9.
(pdftex.def)             Requested size: 48.36958pt x 96.73874pt.
<GRAPHICS/HAMMING_CODE/Hamming_7_4_word_8_diagram_7_1_draw.png, id=4091, 150.56
25pt x 301.125pt>
File: GRAPHICS/HAMMING_CODE/Hamming_7_4_word_8_diagram_7_1_draw.png Graphic fil
e (type png)
<use GRAPHICS/HAMMING_CODE/Hamming_7_4_word_8_diagram_7_1_draw.png>
Package pdftex.def Info: GRAPHICS/HAMMING_CODE/Hamming_7_4_word_8_diagram_7_1_d
raw.png  used on input line 12.
(pdftex.def)             Requested size: 48.36958pt x 96.73874pt.
<GRAPHICS/HAMMING_CODE/Hamming_7_4_word_9_diagram_7_1_draw.png, id=4092, 150.56
25pt x 301.125pt>
File: GRAPHICS/HAMMING_CODE/Hamming_7_4_word_9_diagram_7_1_draw.png Graphic fil
e (type png)
<use GRAPHICS/HAMMING_CODE/Hamming_7_4_word_9_diagram_7_1_draw.png>
Package pdftex.def Info: GRAPHICS/HAMMING_CODE/Hamming_7_4_word_9_diagram_7_1_d
raw.png  used on input line 13.
(pdftex.def)             Requested size: 48.36958pt x 96.73874pt.
<GRAPHICS/HAMMING_CODE/Hamming_7_4_word_10_diagram_7_1_draw.png, id=4093, 150.5
625pt x 301.125pt>
File: GRAPHICS/HAMMING_CODE/Hamming_7_4_word_10_diagram_7_1_draw.png Graphic fi
le (type png)
<use GRAPHICS/HAMMING_CODE/Hamming_7_4_word_10_diagram_7_1_draw.png>
Package pdftex.def Info: GRAPHICS/HAMMING_CODE/Hamming_7_4_word_10_diagram_7_1_
draw.png  used on input line 14.
(pdftex.def)             Requested size: 48.36958pt x 96.73874pt.
<GRAPHICS/HAMMING_CODE/Hamming_7_4_word_11_diagram_7_1_draw.png, id=4094, 150.5
625pt x 301.125pt>
File: GRAPHICS/HAMMING_CODE/Hamming_7_4_word_11_diagram_7_1_draw.png Graphic fi
le (type png)
<use GRAPHICS/HAMMING_CODE/Hamming_7_4_word_11_diagram_7_1_draw.png>
Package pdftex.def Info: GRAPHICS/HAMMING_CODE/Hamming_7_4_word_11_diagram_7_1_
draw.png  used on input line 15.
(pdftex.def)             Requested size: 48.36958pt x 96.73874pt.
<GRAPHICS/HAMMING_CODE/Hamming_7_4_word_12_diagram_7_1_draw.png, id=4095, 150.5
625pt x 301.125pt>
File: GRAPHICS/HAMMING_CODE/Hamming_7_4_word_12_diagram_7_1_draw.png Graphic fi
le (type png)
<use GRAPHICS/HAMMING_CODE/Hamming_7_4_word_12_diagram_7_1_draw.png>
Package pdftex.def Info: GRAPHICS/HAMMING_CODE/Hamming_7_4_word_12_diagram_7_1_
draw.png  used on input line 16.
(pdftex.def)             Requested size: 48.36958pt x 96.73874pt.
<GRAPHICS/HAMMING_CODE/Hamming_7_4_word_13_diagram_7_1_draw.png, id=4096, 150.5
625pt x 301.125pt>
File: GRAPHICS/HAMMING_CODE/Hamming_7_4_word_13_diagram_7_1_draw.png Graphic fi
le (type png)
<use GRAPHICS/HAMMING_CODE/Hamming_7_4_word_13_diagram_7_1_draw.png>
Package pdftex.def Info: GRAPHICS/HAMMING_CODE/Hamming_7_4_word_13_diagram_7_1_
draw.png  used on input line 17.
(pdftex.def)             Requested size: 48.36958pt x 96.73874pt.
<GRAPHICS/HAMMING_CODE/Hamming_7_4_word_14_diagram_7_1_draw.png, id=4097, 150.5
625pt x 301.125pt>
File: GRAPHICS/HAMMING_CODE/Hamming_7_4_word_14_diagram_7_1_draw.png Graphic fi
le (type png)
<use GRAPHICS/HAMMING_CODE/Hamming_7_4_word_14_diagram_7_1_draw.png>
Package pdftex.def Info: GRAPHICS/HAMMING_CODE/Hamming_7_4_word_14_diagram_7_1_
draw.png  used on input line 18.
(pdftex.def)             Requested size: 48.36958pt x 96.73874pt.
<GRAPHICS/HAMMING_CODE/Hamming_7_4_word_15_diagram_7_1_draw.png, id=4098, 150.5
625pt x 301.125pt>
File: GRAPHICS/HAMMING_CODE/Hamming_7_4_word_15_diagram_7_1_draw.png Graphic fi
le (type png)
<use GRAPHICS/HAMMING_CODE/Hamming_7_4_word_15_diagram_7_1_draw.png>
Package pdftex.def Info: GRAPHICS/HAMMING_CODE/Hamming_7_4_word_15_diagram_7_1_
draw.png  used on input line 19.
(pdftex.def)             Requested size: 48.36958pt x 96.73874pt.
)
(./GRAPHICS/THE_MAKEFILE/EXTRACTS/HAMMING_CODE_GENERATOR.tex)
(./GRAPHICS/THE_MAKEFILE/EXTRACTS/Hamming_weight_enumerator.tex)

[464 <./GRAPHICS/HAMMING_CODE/Hamming_7_4_word_0_diagram_7_1_draw.png> <./GRAPH
ICS/HAMMING_CODE/Hamming_7_4_word_1_diagram_7_1_draw.png> <./GRAPHICS/HAMMING_C
ODE/Hamming_7_4_word_2_diagram_7_1_draw.png> <./GRAPHICS/HAMMING_CODE/Hamming_7
_4_word_3_diagram_7_1_draw.png> <./GRAPHICS/HAMMING_CODE/Hamming_7_4_word_4_dia
gram_7_1_draw.png> <./GRAPHICS/HAMMING_CODE/Hamming_7_4_word_5_diagram_7_1_draw
.png> <./GRAPHICS/HAMMING_CODE/Hamming_7_4_word_6_diagram_7_1_draw.png> <./GRAP
HICS/HAMMING_CODE/Hamming_7_4_word_7_diagram_7_1_draw.png> <./GRAPHICS/HAMMING_
CODE/Hamming_7_4_word_8_diagram_7_1_draw.png> <./GRAPHICS/HAMMING_CODE/Hamming_
7_4_word_9_diagram_7_1_draw.png> <./GRAPHICS/HAMMING_CODE/Hamming_7_4_word_10_d
iagram_7_1_draw.png> <./GRAPHICS/HAMMING_CODE/Hamming_7_4_word_11_diagram_7_1_d
raw.png> <./GRAPHICS/HAMMING_CODE/Hamming_7_4_word_12_diagram_7_1_draw.png> <./
GRAPHICS/HAMMING_CODE/Hamming_7_4_word_13_diagram_7_1_draw.png> <./GRAPHICS/HAM
MING_CODE/Hamming_7_4_word_14_diagram_7_1_draw.png> <./GRAPHICS/HAMMING_CODE/Ha
mming_7_4_word_15_diagram_7_1_draw.png>]
(./GRAPHICS/THE_MAKEFILE/EXTRACTS/Hamming_minimum_distance.tex)
(./GRAPHICS/THE_MAKEFILE/EXTRACTS/Golay23_minimum_distance.tex))

[465] (./C11/sec_3.tex
(./GRAPHICS/THE_MAKEFILE/EXTRACTS/GOLAY_23_COLUMN_RANKS_PROJECTIVELY.tex)
(./GRAPHICS/THE_MAKEFILE/EXTRACTS/Golay23_code_words.tex))

[466

] (./C11/sec_4.tex
(./GRAPHICS/TABLES/COMMANDS/crc_process_description_ug.tex)
(./GRAPHICS/TABLES/COMMANDS/crc_options_ug.tex)
(./GRAPHICS/TABLES/COMMANDS/crc_code_description_ug.tex)
(./GRAPHICS/THE_MAKEFILE/EXTRACTS/CRC_3_128_10.tex)

[467

] (./GRAPHICS/THE_MAKEFILE/EXTRACTS/CRC4.tex)
(./GRAPHICS/THE_MAKEFILE/EXTRACTS/CRC7.tex)
(./GRAPHICS/THE_MAKEFILE/EXTRACTS/CRC8_ATM.tex)
(./GRAPHICS/THE_MAKEFILE/EXTRACTS/CRC16_CCITT.tex)
(./GRAPHICS/THE_MAKEFILE/EXTRACTS/CRC32_ETHERNET.tex)
(./GRAPHICS/THE_MAKEFILE/EXTRACTS/CRC32_CASTAGNOLI.tex)
(./GRAPHICS/THE_MAKEFILE/EXTRACTS/CRC64_ECMA182.tex)

[468] (./GRAPHICS/THE_MAKEFILE/EXTRACTS/CRC64_ROCKSOFT.tex)
(./GRAPHICS/THE_MAKEFILE/EXTRACTS/crc32_Berlekamp_matrix.tex)
(./GRAPHICS/THE_MAKEFILE/EXTRACTS/CRC_F256_roots_771.tex)
(./GRAPHICS/THE_MAKEFILE/EXTRACTS/CRC_F256_BCH_code_d2.tex)

[469] (./GRAPHICS/THE_MAKEFILE/EXTRACTS/CRC_POLY_Q256_DEG2_DENSE.tex)
(./GRAPHICS/THE_MAKEFILE/EXTRACTS/CRC_F256_BCH_write_code_for_division_d2.tex)
(./GRAPHICS/THE_MAKEFILE/EXTRACTS/F256_BCH_code_d16.tex)
(./GRAPHICS/THE_MAKEFILE/EXTRACTS/POLY_Q256_DEG30_SPARSE.tex)

[470] (./GRAPHICS/THE_MAKEFILE/EXTRACTS/POLY_Q256_DEG30_DENSE.tex)
(./GRAPHICS/THE_MAKEFILE/EXTRACTS/F256_BCH_write_code_for_division_d16.tex)
(./GRAPHICS/THE_MAKEFILE/EXTRACTS/F256_BCH_code_d16_division.tex)
(./GRAPHICS/THE_MAKEFILE/EXTRACTS/F256_BCH_code_d16_error.tex)

[471] (./GRAPHICS/THE_MAKEFILE/EXTRACTS/F_256.tex)
(./GRAPHICS/THE_MAKEFILE/EXTRACTS/CRC_F_16.tex)
(./GRAPHICS/THE_MAKEFILE/EXTRACTS/nth_roots_256.tex)
(./GRAPHICS/THE_MAKEFILE/EXTRACTS/CRC_F16_roots_51.tex)

[472] (./GRAPHICS/THE_MAKEFILE/EXTRACTS/CRC_F16_BCH_code_d3.tex)
(./GRAPHICS/THE_MAKEFILE/EXTRACTS/CRC_F16_BCH_code_d3_mindist_dual.tex)
(./GRAPHICS/THE_MAKEFILE/EXTRACTS/CRC_F16_BCH_code_d3_dual_weight_enumerator.te
x)

[473] (./GRAPHICS/THE_MAKEFILE/EXTRACTS/CRC_F16_BCH_code_d3_projective_set.tex)
(./GRAPHICS/THE_MAKEFILE/EXTRACTS/CRC_F16_BCH_code_d3_macwilliams.tex)
(./GRAPHICS/THE_MAKEFILE/EXTRACTS/CRC_F16_BCH_write_code_for_division_Delta.tex
) (./GRAPHICS/THE_MAKEFILE/EXTRACTS/crc_encode_16.tex)

[474] (./GRAPHICS/THE_MAKEFILE/EXTRACTS/crc_encode_32.tex))

[475] (./C11/sec_5.tex (./GRAPHICS/THE_MAKEFILE/EXTRACTS/RM_3_export.tex)
Package mdframed Info: mdframed works in twoside mode on input line 12.

(./GRAPHICS/WRAPPERS/RM3_codewords.tex
<GRAPHICS/CODING_THEORY/RM3_codewords.png, id=4155, 358.33875pt x 499.8675pt>
File: GRAPHICS/CODING_THEORY/RM3_codewords.png Graphic file (type png)
<use GRAPHICS/CODING_THEORY/RM3_codewords.png>
Package pdftex.def Info: GRAPHICS/CODING_THEORY/RM3_codewords.png  used on inpu
t line 2.
(pdftex.def)             Requested size: 341.43306pt x 476.31299pt.
)
Overfull \vbox (117.84904pt too high) detected at line 12
 []

Package mdframed Info: Box was splittet wrong
 starting loop to iterate the splitting point
(mdframed)              on input line 12.

Overfull \vbox (118.84904pt too high) detected at line 12
 []


Overfull \vbox (119.84904pt too high) detected at line 12
 []


Overfull \vbox (120.84904pt too high) detected at line 12
 []


Overfull \vbox (121.84904pt too high) detected at line 12
 []


Overfull \vbox (122.84904pt too high) detected at line 12
 []


Overfull \vbox (123.84904pt too high) detected at line 12
 []


Overfull \vbox (124.84904pt too high) detected at line 12
 []


Overfull \vbox (125.84904pt too high) detected at line 12
 []


Overfull \vbox (126.84904pt too high) detected at line 12
 []


Overfull \vbox (127.84904pt too high) detected at line 12
 []


Overfull \vbox (128.84904pt too high) detected at line 12
 []


Overfull \vbox (129.84904pt too high) detected at line 12
 []


Overfull \vbox (130.84904pt too high) detected at line 12
 []


Overfull \vbox (131.84904pt too high) detected at line 12
 []


Overfull \vbox (132.84904pt too high) detected at line 12
 []


Overfull \vbox (133.84904pt too high) detected at line 12
 []


Overfull \vbox (134.84904pt too high) detected at line 12
 []


Overfull \vbox (135.84904pt too high) detected at line 12
 []


Overfull \vbox (136.84904pt too high) detected at line 12
 []


Overfull \vbox (137.84904pt too high) detected at line 12
 []


Overfull \vbox (138.84904pt too high) detected at line 12
 []


Overfull \vbox (139.84904pt too high) detected at line 12
 []


Overfull \vbox (140.84904pt too high) detected at line 12
 []


Overfull \vbox (141.84904pt too high) detected at line 12
 []


Overfull \vbox (142.84904pt too high) detected at line 12
 []


Overfull \vbox (143.84904pt too high) detected at line 12
 []


Overfull \vbox (144.84904pt too high) detected at line 12
 []


Overfull \vbox (145.84904pt too high) detected at line 12
 []


Overfull \vbox (146.84904pt too high) detected at line 12
 []


Overfull \vbox (147.84904pt too high) detected at line 12
 []


Overfull \vbox (148.84904pt too high) detected at line 12
 []


Overfull \vbox (149.84904pt too high) detected at line 12
 []


Overfull \vbox (150.84904pt too high) detected at line 12
 []


Overfull \vbox (151.84904pt too high) detected at line 12
 []


Overfull \vbox (152.84904pt too high) detected at line 12
 []


Overfull \vbox (153.84904pt too high) detected at line 12
 []


Overfull \vbox (154.84904pt too high) detected at line 12
 []


Overfull \vbox (155.84904pt too high) detected at line 12
 []


Overfull \vbox (156.84904pt too high) detected at line 12
 []


Overfull \vbox (157.84904pt too high) detected at line 12
 []


Overfull \vbox (158.84904pt too high) detected at line 12
 []


Overfull \vbox (159.84904pt too high) detected at line 12
 []


Overfull \vbox (160.84904pt too high) detected at line 12
 []


Overfull \vbox (161.84904pt too high) detected at line 12
 []


Overfull \vbox (162.84904pt too high) detected at line 12
 []


Overfull \vbox (163.84904pt too high) detected at line 12
 []


Overfull \vbox (164.84904pt too high) detected at line 12
 []


Overfull \vbox (165.84904pt too high) detected at line 12
 []


Overfull \vbox (166.84904pt too high) detected at line 12
 []


Overfull \vbox (167.84904pt too high) detected at line 12
 []


Overfull \vbox (168.84904pt too high) detected at line 12
 []


Overfull \vbox (169.84904pt too high) detected at line 12
 []


Overfull \vbox (170.84904pt too high) detected at line 12
 []


Overfull \vbox (171.84904pt too high) detected at line 12
 []


Overfull \vbox (172.84904pt too high) detected at line 12
 []


Overfull \vbox (173.84904pt too high) detected at line 12
 []


Overfull \vbox (174.84904pt too high) detected at line 12
 []


Overfull \vbox (175.84904pt too high) detected at line 12
 []


Overfull \vbox (176.84904pt too high) detected at line 12
 []


Overfull \vbox (177.84904pt too high) detected at line 12
 []


Overfull \vbox (178.84904pt too high) detected at line 12
 []


Overfull \vbox (179.84904pt too high) detected at line 12
 []


Overfull \vbox (180.84904pt too high) detected at line 12
 []


Overfull \vbox (181.84904pt too high) detected at line 12
 []


Overfull \vbox (182.84904pt too high) detected at line 12
 []


Overfull \vbox (183.84904pt too high) detected at line 12
 []


Overfull \vbox (184.84904pt too high) detected at line 12
 []


Overfull \vbox (185.84904pt too high) detected at line 12
 []


Overfull \vbox (186.84904pt too high) detected at line 12
 []


Overfull \vbox (187.84904pt too high) detected at line 12
 []


Overfull \vbox (188.84904pt too high) detected at line 12
 []


Overfull \vbox (189.84904pt too high) detected at line 12
 []


Overfull \vbox (190.84904pt too high) detected at line 12
 []


Overfull \vbox (191.84904pt too high) detected at line 12
 []


Overfull \vbox (192.84904pt too high) detected at line 12
 []


Overfull \vbox (193.84904pt too high) detected at line 12
 []


Overfull \vbox (194.84904pt too high) detected at line 12
 []


Overfull \vbox (195.84904pt too high) detected at line 12
 []


Overfull \vbox (196.84904pt too high) detected at line 12
 []


Overfull \vbox (197.84904pt too high) detected at line 12
 []


Overfull \vbox (198.84904pt too high) detected at line 12
 []


Overfull \vbox (199.84904pt too high) detected at line 12
 []


Overfull \vbox (200.84904pt too high) detected at line 12
 []


Overfull \vbox (201.84904pt too high) detected at line 12
 []


Overfull \vbox (202.84904pt too high) detected at line 12
 []


Overfull \vbox (203.84904pt too high) detected at line 12
 []


Overfull \vbox (204.84904pt too high) detected at line 12
 []


Overfull \vbox (205.84904pt too high) detected at line 12
 []


Overfull \vbox (206.84904pt too high) detected at line 12
 []


Overfull \vbox (207.84904pt too high) detected at line 12
 []


Overfull \vbox (208.84904pt too high) detected at line 12
 []


Overfull \vbox (209.84904pt too high) detected at line 12
 []


Overfull \vbox (210.84904pt too high) detected at line 12
 []


Overfull \vbox (211.84904pt too high) detected at line 12
 []


Overfull \vbox (212.84904pt too high) detected at line 12
 []


Overfull \vbox (213.84904pt too high) detected at line 12
 []


Overfull \vbox (214.84904pt too high) detected at line 12
 []


Overfull \vbox (215.84904pt too high) detected at line 12
 []


Overfull \vbox (216.84904pt too high) detected at line 12
 []


Overfull \vbox (217.84904pt too high) detected at line 12
 []


Overfull \vbox (218.84904pt too high) detected at line 12
 []


Package mdframed Warning: correct box splittet fails
 It seems you are using a non splittable contents
(mdframed)                 on input line 12.

Package mdframed Info: You first box width is to small
 mdframed fixed it
(mdframed)              on input line 12.


[476

] (./GRAPHICS/THE_MAKEFILE/EXTRACTS/RM_3_Hamming_space_diagram.tex)

[477 <./GRAPHICS/CODING_THEORY/RM3_codewords.png>]
(./GRAPHICS/THE_MAKEFILE/EXTRACTS/RM_3_draw.tex)
Package mdframed Info: mdframed works in twoside mode on input line 42.

(./GRAPHICS/WRAPPERS/RM_3_diagram_01_8_16_draw.tex
<GRAPHICS/RM_3/RM_3_diagram_01_8_16_draw.png, id=4169, 301.125pt x 301.125pt>
File: GRAPHICS/RM_3/RM_3_diagram_01_8_16_draw.png Graphic file (type png)
<use GRAPHICS/RM_3/RM_3_diagram_01_8_16_draw.png>
Package pdftex.def Info: GRAPHICS/RM_3/RM_3_diagram_01_8_16_draw.png  used on i
nput line 2.
(pdftex.def)             Requested size: 142.26378pt x 142.26852pt.
)
Overfull \vbox (78.77621pt too high) detected at line 42
 []

Package mdframed Info: Box was splittet wrong
 starting loop to iterate the splitting point
(mdframed)              on input line 42.

Overfull \vbox (79.77621pt too high) detected at line 42
 []


Overfull \vbox (80.77621pt too high) detected at line 42
 []


Overfull \vbox (81.77621pt too high) detected at line 42
 []


Overfull \vbox (82.77621pt too high) detected at line 42
 []


Overfull \vbox (83.77621pt too high) detected at line 42
 []


Overfull \vbox (84.77621pt too high) detected at line 42
 []


Overfull \vbox (85.77621pt too high) detected at line 42
 []


Overfull \vbox (86.77621pt too high) detected at line 42
 []


Overfull \vbox (87.77621pt too high) detected at line 42
 []


Overfull \vbox (88.77621pt too high) detected at line 42
 []


Overfull \vbox (89.77621pt too high) detected at line 42
 []


Overfull \vbox (90.77621pt too high) detected at line 42
 []


Overfull \vbox (91.77621pt too high) detected at line 42
 []


Overfull \vbox (92.77621pt too high) detected at line 42
 []


Overfull \vbox (93.77621pt too high) detected at line 42
 []


Overfull \vbox (94.77621pt too high) detected at line 42
 []


Overfull \vbox (95.77621pt too high) detected at line 42
 []


Overfull \vbox (96.77621pt too high) detected at line 42
 []


Overfull \vbox (97.77621pt too high) detected at line 42
 []


Overfull \vbox (98.77621pt too high) detected at line 42
 []


Overfull \vbox (99.77621pt too high) detected at line 42
 []


Overfull \vbox (100.77621pt too high) detected at line 42
 []


Overfull \vbox (101.77621pt too high) detected at line 42
 []


Overfull \vbox (102.77621pt too high) detected at line 42
 []


Overfull \vbox (103.77621pt too high) detected at line 42
 []


Overfull \vbox (104.77621pt too high) detected at line 42
 []


Overfull \vbox (105.77621pt too high) detected at line 42
 []


Overfull \vbox (106.77621pt too high) detected at line 42
 []


Overfull \vbox (107.77621pt too high) detected at line 42
 []


Overfull \vbox (108.77621pt too high) detected at line 42
 []


Overfull \vbox (109.77621pt too high) detected at line 42
 []


Overfull \vbox (110.77621pt too high) detected at line 42
 []


Overfull \vbox (111.77621pt too high) detected at line 42
 []


Overfull \vbox (112.77621pt too high) detected at line 42
 []


Overfull \vbox (113.77621pt too high) detected at line 42
 []


Overfull \vbox (114.77621pt too high) detected at line 42
 []


Overfull \vbox (115.77621pt too high) detected at line 42
 []


Overfull \vbox (116.77621pt too high) detected at line 42
 []


Overfull \vbox (117.77621pt too high) detected at line 42
 []


Overfull \vbox (118.77621pt too high) detected at line 42
 []


Overfull \vbox (119.77621pt too high) detected at line 42
 []


Overfull \vbox (120.77621pt too high) detected at line 42
 []


Overfull \vbox (121.77621pt too high) detected at line 42
 []


Overfull \vbox (122.77621pt too high) detected at line 42
 []


Overfull \vbox (123.77621pt too high) detected at line 42
 []


Overfull \vbox (124.77621pt too high) detected at line 42
 []


Overfull \vbox (125.77621pt too high) detected at line 42
 []


Overfull \vbox (126.77621pt too high) detected at line 42
 []


Overfull \vbox (127.77621pt too high) detected at line 42
 []


Overfull \vbox (128.77621pt too high) detected at line 42
 []


Overfull \vbox (129.77621pt too high) detected at line 42
 []


Overfull \vbox (130.77621pt too high) detected at line 42
 []


Overfull \vbox (131.77621pt too high) detected at line 42
 []


Overfull \vbox (132.77621pt too high) detected at line 42
 []


Overfull \vbox (133.77621pt too high) detected at line 42
 []


Overfull \vbox (134.77621pt too high) detected at line 42
 []


Overfull \vbox (135.77621pt too high) detected at line 42
 []


Overfull \vbox (136.77621pt too high) detected at line 42
 []


Overfull \vbox (137.77621pt too high) detected at line 42
 []


Overfull \vbox (138.77621pt too high) detected at line 42
 []


Overfull \vbox (139.77621pt too high) detected at line 42
 []


Overfull \vbox (140.77621pt too high) detected at line 42
 []


Overfull \vbox (141.77621pt too high) detected at line 42
 []


Overfull \vbox (142.77621pt too high) detected at line 42
 []


Overfull \vbox (143.77621pt too high) detected at line 42
 []


Overfull \vbox (144.77621pt too high) detected at line 42
 []


Overfull \vbox (145.77621pt too high) detected at line 42
 []


Overfull \vbox (146.77621pt too high) detected at line 42
 []


Overfull \vbox (147.77621pt too high) detected at line 42
 []


Overfull \vbox (148.77621pt too high) detected at line 42
 []


Overfull \vbox (149.77621pt too high) detected at line 42
 []


Overfull \vbox (150.77621pt too high) detected at line 42
 []


Overfull \vbox (151.77621pt too high) detected at line 42
 []


Overfull \vbox (152.77621pt too high) detected at line 42
 []


Overfull \vbox (153.77621pt too high) detected at line 42
 []


Overfull \vbox (154.77621pt too high) detected at line 42
 []


Overfull \vbox (155.77621pt too high) detected at line 42
 []


Overfull \vbox (156.77621pt too high) detected at line 42
 []


Overfull \vbox (157.77621pt too high) detected at line 42
 []


Overfull \vbox (158.77621pt too high) detected at line 42
 []


Overfull \vbox (159.77621pt too high) detected at line 42
 []


Overfull \vbox (160.77621pt too high) detected at line 42
 []


Overfull \vbox (161.77621pt too high) detected at line 42
 []


Overfull \vbox (162.77621pt too high) detected at line 42
 []


Overfull \vbox (163.77621pt too high) detected at line 42
 []


Overfull \vbox (164.77621pt too high) detected at line 42
 []


Overfull \vbox (165.77621pt too high) detected at line 42
 []


Overfull \vbox (166.77621pt too high) detected at line 42
 []


Overfull \vbox (167.77621pt too high) detected at line 42
 []


Overfull \vbox (168.77621pt too high) detected at line 42
 []


Overfull \vbox (169.77621pt too high) detected at line 42
 []


Overfull \vbox (170.77621pt too high) detected at line 42
 []


Overfull \vbox (171.77621pt too high) detected at line 42
 []


Overfull \vbox (172.77621pt too high) detected at line 42
 []


Overfull \vbox (173.77621pt too high) detected at line 42
 []


Overfull \vbox (174.77621pt too high) detected at line 42
 []


Overfull \vbox (175.77621pt too high) detected at line 42
 []


Overfull \vbox (176.77621pt too high) detected at line 42
 []


Overfull \vbox (177.77621pt too high) detected at line 42
 []


Overfull \vbox (178.77621pt too high) detected at line 42
 []


Overfull \vbox (179.77621pt too high) detected at line 42
 []


Package mdframed Warning: correct box splittet fails
 It seems you are using a non splittable contents
(mdframed)                 on input line 42.

Package mdframed Info: You first box width is to small
 mdframed fixed it
(mdframed)              on input line 42.


[478] (./GRAPHICS/THE_MAKEFILE/EXTRACTS/RM_3_split.tex)
(./GRAPHICS/THE_MAKEFILE/EXTRACTS/RM_3_distance_draw.tex)
Package mdframed Info: mdframed works in twoside mode on input line 54.

(./GRAPHICS/WRAPPERS/RM_3_distance_sets.tex
<GRAPHICS/RM_3/RM_3_distance_8_16_value0_draw.png, id=4174, 301.125pt x 301.125
pt>
File: GRAPHICS/RM_3/RM_3_distance_8_16_value0_draw.png Graphic file (type png)
<use GRAPHICS/RM_3/RM_3_distance_8_16_value0_draw.png>
Package pdftex.def Info: GRAPHICS/RM_3/RM_3_distance_8_16_value0_draw.png  used
 on input line 3.
(pdftex.def)             Requested size: 113.81102pt x 113.81297pt.
<GRAPHICS/RM_3/RM_3_distance_8_16_value1_draw.png, id=4175, 301.125pt x 301.125
pt>
File: GRAPHICS/RM_3/RM_3_distance_8_16_value1_draw.png Graphic file (type png)
<use GRAPHICS/RM_3/RM_3_distance_8_16_value1_draw.png>
Package pdftex.def Info: GRAPHICS/RM_3/RM_3_distance_8_16_value1_draw.png  used
 on input line 7.
(pdftex.def)             Requested size: 113.81102pt x 113.81297pt.
<GRAPHICS/RM_3/RM_3_distance_8_16_value2_draw.png, id=4176, 301.125pt x 301.125
pt>
File: GRAPHICS/RM_3/RM_3_distance_8_16_value2_draw.png Graphic file (type png)
<use GRAPHICS/RM_3/RM_3_distance_8_16_value2_draw.png>
Package pdftex.def Info: GRAPHICS/RM_3/RM_3_distance_8_16_value2_draw.png  used
 on input line 11.
(pdftex.def)             Requested size: 113.81102pt x 113.81297pt.
)
Overfull \vbox (85.00917pt too high) detected at line 54
 []

Package mdframed Info: Box was splittet wrong
 starting loop to iterate the splitting point
(mdframed)              on input line 54.

Overfull \vbox (86.00917pt too high) detected at line 54
 []


Overfull \vbox (87.00917pt too high) detected at line 54
 []


Overfull \vbox (88.00917pt too high) detected at line 54
 []


Overfull \vbox (89.00917pt too high) detected at line 54
 []


Overfull \vbox (90.00917pt too high) detected at line 54
 []


Overfull \vbox (91.00917pt too high) detected at line 54
 []


Overfull \vbox (92.00917pt too high) detected at line 54
 []


Overfull \vbox (93.00917pt too high) detected at line 54
 []


Overfull \vbox (94.00917pt too high) detected at line 54
 []


Overfull \vbox (95.00917pt too high) detected at line 54
 []


Overfull \vbox (96.00917pt too high) detected at line 54
 []


Overfull \vbox (97.00917pt too high) detected at line 54
 []


Overfull \vbox (98.00917pt too high) detected at line 54
 []


Overfull \vbox (99.00917pt too high) detected at line 54
 []


Overfull \vbox (100.00917pt too high) detected at line 54
 []


Overfull \vbox (101.00917pt too high) detected at line 54
 []


Overfull \vbox (102.00917pt too high) detected at line 54
 []


Overfull \vbox (103.00917pt too high) detected at line 54
 []


Overfull \vbox (104.00917pt too high) detected at line 54
 []


Overfull \vbox (105.00917pt too high) detected at line 54
 []


Overfull \vbox (106.00917pt too high) detected at line 54
 []


Overfull \vbox (107.00917pt too high) detected at line 54
 []


Overfull \vbox (108.00917pt too high) detected at line 54
 []


Overfull \vbox (109.00917pt too high) detected at line 54
 []


Overfull \vbox (110.00917pt too high) detected at line 54
 []


Overfull \vbox (111.00917pt too high) detected at line 54
 []


Overfull \vbox (112.00917pt too high) detected at line 54
 []


Overfull \vbox (113.00917pt too high) detected at line 54
 []


Overfull \vbox (114.00917pt too high) detected at line 54
 []


Overfull \vbox (115.00917pt too high) detected at line 54
 []


Overfull \vbox (116.00917pt too high) detected at line 54
 []


Overfull \vbox (117.00917pt too high) detected at line 54
 []


Overfull \vbox (118.00917pt too high) detected at line 54
 []


Overfull \vbox (119.00917pt too high) detected at line 54
 []


Overfull \vbox (120.00917pt too high) detected at line 54
 []


Overfull \vbox (121.00917pt too high) detected at line 54
 []


Overfull \vbox (122.00917pt too high) detected at line 54
 []


Overfull \vbox (123.00917pt too high) detected at line 54
 []


Overfull \vbox (124.00917pt too high) detected at line 54
 []


Overfull \vbox (125.00917pt too high) detected at line 54
 []


Overfull \vbox (126.00917pt too high) detected at line 54
 []


Overfull \vbox (127.00917pt too high) detected at line 54
 []


Overfull \vbox (128.00917pt too high) detected at line 54
 []


Overfull \vbox (129.00917pt too high) detected at line 54
 []


Overfull \vbox (130.00917pt too high) detected at line 54
 []


Overfull \vbox (131.00917pt too high) detected at line 54
 []


Overfull \vbox (132.00917pt too high) detected at line 54
 []


Overfull \vbox (133.00917pt too high) detected at line 54
 []


Overfull \vbox (134.00917pt too high) detected at line 54
 []


Overfull \vbox (135.00917pt too high) detected at line 54
 []


Overfull \vbox (136.00917pt too high) detected at line 54
 []


Overfull \vbox (137.00917pt too high) detected at line 54
 []


Overfull \vbox (138.00917pt too high) detected at line 54
 []


Overfull \vbox (139.00917pt too high) detected at line 54
 []


Overfull \vbox (140.00917pt too high) detected at line 54
 []


Overfull \vbox (141.00917pt too high) detected at line 54
 []


Overfull \vbox (142.00917pt too high) detected at line 54
 []


Overfull \vbox (143.00917pt too high) detected at line 54
 []


Overfull \vbox (144.00917pt too high) detected at line 54
 []


Overfull \vbox (145.00917pt too high) detected at line 54
 []


Overfull \vbox (146.00917pt too high) detected at line 54
 []


Overfull \vbox (147.00917pt too high) detected at line 54
 []


Overfull \vbox (148.00917pt too high) detected at line 54
 []


Overfull \vbox (149.00917pt too high) detected at line 54
 []


Overfull \vbox (150.00917pt too high) detected at line 54
 []


Overfull \vbox (151.00917pt too high) detected at line 54
 []


Overfull \vbox (152.00917pt too high) detected at line 54
 []


Overfull \vbox (153.00917pt too high) detected at line 54
 []


Overfull \vbox (154.00917pt too high) detected at line 54
 []


Overfull \vbox (155.00917pt too high) detected at line 54
 []


Overfull \vbox (156.00917pt too high) detected at line 54
 []


Overfull \vbox (157.00917pt too high) detected at line 54
 []


Overfull \vbox (158.00917pt too high) detected at line 54
 []


Overfull \vbox (159.00917pt too high) detected at line 54
 []


Overfull \vbox (160.00917pt too high) detected at line 54
 []


Overfull \vbox (161.00917pt too high) detected at line 54
 []


Overfull \vbox (162.00917pt too high) detected at line 54
 []


Overfull \vbox (163.00917pt too high) detected at line 54
 []


Overfull \vbox (164.00917pt too high) detected at line 54
 []


Overfull \vbox (165.00917pt too high) detected at line 54
 []


Overfull \vbox (166.00917pt too high) detected at line 54
 []


Overfull \vbox (167.00917pt too high) detected at line 54
 []


Overfull \vbox (168.00917pt too high) detected at line 54
 []


Overfull \vbox (169.00917pt too high) detected at line 54
 []


Overfull \vbox (170.00917pt too high) detected at line 54
 []


Overfull \vbox (171.00917pt too high) detected at line 54
 []


Overfull \vbox (172.00917pt too high) detected at line 54
 []


Overfull \vbox (173.00917pt too high) detected at line 54
 []


Overfull \vbox (174.00917pt too high) detected at line 54
 []


Overfull \vbox (175.00917pt too high) detected at line 54
 []


Overfull \vbox (176.00917pt too high) detected at line 54
 []


Overfull \vbox (177.00917pt too high) detected at line 54
 []


Overfull \vbox (178.00917pt too high) detected at line 54
 []


Overfull \vbox (179.00917pt too high) detected at line 54
 []


Overfull \vbox (180.00917pt too high) detected at line 54
 []


Overfull \vbox (181.00917pt too high) detected at line 54
 []


Overfull \vbox (182.00917pt too high) detected at line 54
 []


Overfull \vbox (183.00917pt too high) detected at line 54
 []


Overfull \vbox (184.00917pt too high) detected at line 54
 []


Overfull \vbox (185.00917pt too high) detected at line 54
 []


Overfull \vbox (186.00917pt too high) detected at line 54
 []


Package mdframed Warning: correct box splittet fails
 It seems you are using a non splittable contents
(mdframed)                 on input line 54.

Package mdframed Info: You first box width is to small
 mdframed fixed it
(mdframed)              on input line 54.


[479 <./GRAPHICS/RM_3/RM_3_diagram_01_8_16_draw.png>]
(./GRAPHICS/THE_MAKEFILE/EXTRACTS/RM_3_algebraic_normal_form.tex)
(./GRAPHICS/THE_MAKEFILE/EXTRACTS/RM_6_GENERATOR_1.tex)
(./GRAPHICS/THE_MAKEFILE/EXTRACTS/RM_6_GENERATOR_2.tex)
(./GRAPHICS/THE_MAKEFILE/EXTRACTS/RM_6_GENERATOR_3.tex)

[480 <./GRAPHICS/RM_3/RM_3_distance_8_16_value0_draw.png> <./GRAPHICS/RM_3/RM_3
_distance_8_16_value1_draw.png> <./GRAPHICS/RM_3/RM_3_distance_8_16_value2_draw
.png>] (./GRAPHICS/THE_MAKEFILE/EXTRACTS/RM_6_GENERATOR_4.tex)
(./GRAPHICS/THE_MAKEFILE/EXTRACTS/RM_6_GENERATOR_5.tex)
(./GRAPHICS/THE_MAKEFILE/EXTRACTS/RM_6_GENERATOR_6.tex)
(./GRAPHICS/THE_MAKEFILE/EXTRACTS/RM_6_GENERATOR_7.tex)
(./GRAPHICS/THE_MAKEFILE/EXTRACTS/RM_6.tex)

[481] (./GRAPHICS/THE_MAKEFILE/EXTRACTS/RM_6_genma_draw.tex)
(./GRAPHICS/THE_MAKEFILE/EXTRACTS/RM_6_codewords_draw.tex)

[482]
Package mdframed Info: mdframed works in twoside mode on input line 107.
 (./GRAPHICS/WRAPPERS/poster_RM_1_6_draw.tex
<GRAPHICS/RM6/poster_RM_1_6.png, id=4194, 1788.6825pt x 1951.29pt>
File: GRAPHICS/RM6/poster_RM_1_6.png Graphic file (type png)
<use GRAPHICS/RM6/poster_RM_1_6.png>
Package pdftex.def Info: GRAPHICS/RM6/poster_RM_1_6.png  used on input line 2.
(pdftex.def)             Requested size: 312.9803pt x 341.42131pt.
))

[483 <./GRAPHICS/RM6/poster_RM_1_6.png>] (./C11/sec_6.tex
(./GRAPHICS/TABLES/COMMANDS/draw_mod_n_ug.tex)
(./GRAPHICS/THE_MAKEFILE/EXTRACTS/draw_cyclotomic_mod_21_q8.tex)

[484

]
Package mdframed Info: mdframed works in twoside mode on input line 37.
 (./GRAPHICS/WRAPPERS/cyclotomic_set_mod_21_q8_draw.tex
<GRAPHICS/BCH/mod_21_q8.png, id=4205, 495.8525pt x 472.76625pt>
File: GRAPHICS/BCH/mod_21_q8.png Graphic file (type png)
<use GRAPHICS/BCH/mod_21_q8.png>
Package pdftex.def Info: GRAPHICS/BCH/mod_21_q8.png  used on input line 2.
(pdftex.def)             Requested size: 256.0748pt x 244.15182pt.
)
(./GRAPHICS/THE_MAKEFILE/EXTRACTS/F_8_BCH_code_d3.tex)
Package mdframed Info: mdframed works in twoside mode on input line 45.

(./GRAPHICS/LATEX/code_BCH_8_3.tex)

[485 <./GRAPHICS/BCH/mod_21_q8.png>]
(./GRAPHICS/THE_MAKEFILE/EXTRACTS/F_8_BCH_code_d5.tex)
Package mdframed Info: mdframed works in twoside mode on input line 55.

(./GRAPHICS/LATEX/code_BCH_8_5.tex)

[486] (./GRAPHICS/THE_MAKEFILE/EXTRACTS/F_8_BCH_code_d5_minimum_distance.tex)
(./GRAPHICS/THE_MAKEFILE/EXTRACTS/F_8_BCH_code_d7.tex)

[487]
Package mdframed Info: mdframed works in twoside mode on input line 72.
 (./GRAPHICS/LATEX/code_BCH_8_7.tex)
(./GRAPHICS/THE_MAKEFILE/EXTRACTS/draw_mod_255_cyclotomic_1_and_3.tex)

[488]
Package mdframed Info: mdframed works in twoside mode on input line 89.
 (./GRAPHICS/WRAPPERS/cyclotomic_set_BCH_255_cyclotomic_stets_1_3_draw.tex
<GRAPHICS/CODES/BCH_255_cyclotomic_stets_1_3.png, id=4224, 619.31375pt x 596.22
75pt>
File: GRAPHICS/CODES/BCH_255_cyclotomic_stets_1_3.png Graphic file (type png)
<use GRAPHICS/CODES/BCH_255_cyclotomic_stets_1_3.png>
Package pdftex.def Info: GRAPHICS/CODES/BCH_255_cyclotomic_stets_1_3.png  used 
on input line 2.
(pdftex.def)             Requested size: 227.62204pt x 219.13599pt.
) (./GRAPHICS/THE_MAKEFILE/EXTRACTS/BCH_F256_roots_771.tex)

[489 <./GRAPHICS/CODES/BCH_255_cyclotomic_stets_1_3.png>]
(./GRAPHICS/THE_MAKEFILE/EXTRACTS/BCH_F256_BCH_code_d16.tex)
(./GRAPHICS/THE_MAKEFILE/EXTRACTS/F_8_BCH_code_d5_minimum_distance.tex))

[490] (./C11/sec_7.tex (./GRAPHICS/THE_MAKEFILE/EXTRACTS/RS_6_3.tex)
Package mdframed Info: mdframed works in twoside mode on input line 15.

(./GRAPHICS/LATEX/RS_q7_6_2_output.tex)
(./GRAPHICS/THE_MAKEFILE/EXTRACTS/RS_6_3_weight_enumerator.tex)

[491

] (./GRAPHICS/THE_MAKEFILE/EXTRACTS/RS_7_3.tex)
Package mdframed Info: mdframed works in twoside mode on input line 47.

(./GRAPHICS/LATEX/RS_q8_7_3_output.tex)

Package mdframed Warning: You got a bad break
(mdframed)                because the last box will be empty
(mdframed)                you have to change it manually
(mdframed)                by changing the text, the space
(mdframed)                or something else on input line 47.



[492] (./GRAPHICS/THE_MAKEFILE/EXTRACTS/RS_7_3_weight_enumerator.tex)
(./GRAPHICS/THE_MAKEFILE/EXTRACTS/RS_7_3_field_reduction.tex)

[493]
Package mdframed Info: mdframed works in twoside mode on input line 75.
 (./GRAPHICS/WRAPPERS/RS_8_red_2_draw.tex
<GRAPHICS/RS/RS_8_red_2_draw.png, id=4248, 632.3625pt x 451.6875pt>
File: GRAPHICS/RS/RS_8_red_2_draw.png Graphic file (type png)
<use GRAPHICS/RS/RS_8_red_2_draw.png>
Package pdftex.def Info: GRAPHICS/RS/RS_8_red_2_draw.png  used on input line 2.

(pdftex.def)             Requested size: 256.0748pt x 182.91176pt.
)
(./GRAPHICS/THE_MAKEFILE/EXTRACTS/RS_8_reduced.tex)
(./GRAPHICS/THE_MAKEFILE/EXTRACTS/RS_7_3_reduced_weight_enumerator.tex)

[494 <./GRAPHICS/RS/RS_8_red_2_draw.png>]
Package mdframed Info: mdframed works in twoside mode on input line 87.

(./GRAPHICS/LATEX/RS_7_3_reduced_weight_enumerator.tex))

[495] (./C11/sec_8.tex (./GRAPHICS/THE_MAKEFILE/EXTRACTS/TTP_A_4.tex)
Package mdframed Info: mdframed works in twoside mode on input line 8.

(./GRAPHICS/LATEX/code_n18_k9_q4.tex)
Package mdframed Info: mdframed works in twoside mode on input line 10.

(./GRAPHICS/WRAPPERS/ttp_code_in_magma.tex)

Package mdframed Warning: You got a bad break
(mdframed)                because the last box will be empty
(mdframed)                you have to change it manually
(mdframed)                by changing the text, the space
(mdframed)                or something else on input line 10.



[496

])

[497] (./C11/sec_9.tex
(./GRAPHICS/THE_MAKEFILE/EXTRACTS/bounds_for_d_given_n15_k6_q2.tex)
Package mdframed Info: mdframed works in twoside mode on input line 16.

(./GRAPHICS/LATEX/bounds_for_d_given_n15_k6_q2.tex)
(./GRAPHICS/THE_MAKEFILE/EXTRACTS/coding_theory_bounds_q2.tex)
(./GRAPHICS/THE_MAKEFILE/EXTRACTS/GV_n15_k6_d5.tex)
Package mdframed Info: mdframed works in twoside mode on input line 34.

(./GRAPHICS/WRAPPERS/code_GV_n15_k6_d5.tex)
Package mdframed Info: Not enough space on this page on input line 34.


[498

]
Package mdframed Info: Not enough space on this page on input line 34.
 (./GRAPHICS/THE_MAKEFILE/EXTRACTS/CODE_GV_N15_K6.tex)
(./GRAPHICS/THE_MAKEFILE/EXTRACTS/GV_n15_k6_d5_weight_enumerator.tex)
Package mdframed Info: mdframed works in twoside mode on input line 48.

(./GRAPHICS/LATEX/GV_n15_k6_d5_weight_enumerator.tex))

[499] (./C11/sec_10.tex (./GRAPHICS/THE_MAKEFILE/EXTRACTS/codes_8_4_4.tex)
Package mdframed Info: mdframed works in twoside mode on input line 29.

(./GRAPHICS/WRAPPERS/codes_8_4_4_draw.tex
<GRAPHICS/OTHER/codes_8_4_4.png, id=4274, 887.315pt x 821.0675pt>
File: GRAPHICS/OTHER/codes_8_4_4.png Graphic file (type png)
<use GRAPHICS/OTHER/codes_8_4_4.png>
Package pdftex.def Info: GRAPHICS/OTHER/codes_8_4_4.png  used on input line 2.
(pdftex.def)             Requested size: 426.79134pt x 394.92227pt.

Overfull \hbox (1.83633pt too wide) detected at line 3
[]
 []

)
Overfull \vbox (305.45833pt too high) detected at line 29
 []

Package mdframed Info: Box was splittet wrong
 starting loop to iterate the splitting point
(mdframed)              on input line 29.

Overfull \vbox (306.45833pt too high) detected at line 29
 []


Overfull \vbox (307.45833pt too high) detected at line 29
 []


Overfull \vbox (308.45833pt too high) detected at line 29
 []


Overfull \vbox (309.45833pt too high) detected at line 29
 []


Overfull \vbox (310.45833pt too high) detected at line 29
 []


Overfull \vbox (311.45833pt too high) detected at line 29
 []


Overfull \vbox (312.45833pt too high) detected at line 29
 []


Overfull \vbox (313.45833pt too high) detected at line 29
 []


Overfull \vbox (314.45833pt too high) detected at line 29
 []


Overfull \vbox (315.45833pt too high) detected at line 29
 []


Overfull \vbox (316.45833pt too high) detected at line 29
 []


Overfull \vbox (317.45833pt too high) detected at line 29
 []


Overfull \vbox (318.45833pt too high) detected at line 29
 []


Overfull \vbox (319.45833pt too high) detected at line 29
 []


Overfull \vbox (320.45833pt too high) detected at line 29
 []


Overfull \vbox (321.45833pt too high) detected at line 29
 []


Overfull \vbox (322.45833pt too high) detected at line 29
 []


Overfull \vbox (323.45833pt too high) detected at line 29
 []


Overfull \vbox (324.45833pt too high) detected at line 29
 []


Overfull \vbox (325.45833pt too high) detected at line 29
 []


Overfull \vbox (326.45833pt too high) detected at line 29
 []


Overfull \vbox (327.45833pt too high) detected at line 29
 []


Overfull \vbox (328.45833pt too high) detected at line 29
 []


Overfull \vbox (329.45833pt too high) detected at line 29
 []


Overfull \vbox (330.45833pt too high) detected at line 29
 []


Overfull \vbox (331.45833pt too high) detected at line 29
 []


Overfull \vbox (332.45833pt too high) detected at line 29
 []


Overfull \vbox (333.45833pt too high) detected at line 29
 []


Overfull \vbox (334.45833pt too high) detected at line 29
 []


Overfull \vbox (335.45833pt too high) detected at line 29
 []


Overfull \vbox (336.45833pt too high) detected at line 29
 []


Overfull \vbox (337.45833pt too high) detected at line 29
 []


Overfull \vbox (338.45833pt too high) detected at line 29
 []


Overfull \vbox (339.45833pt too high) detected at line 29
 []


Overfull \vbox (340.45833pt too high) detected at line 29
 []


Overfull \vbox (341.45833pt too high) detected at line 29
 []


Overfull \vbox (342.45833pt too high) detected at line 29
 []


Overfull \vbox (343.45833pt too high) detected at line 29
 []


Overfull \vbox (344.45833pt too high) detected at line 29
 []


Overfull \vbox (345.45833pt too high) detected at line 29
 []


Overfull \vbox (346.45833pt too high) detected at line 29
 []


Overfull \vbox (347.45833pt too high) detected at line 29
 []


Overfull \vbox (348.45833pt too high) detected at line 29
 []


Overfull \vbox (349.45833pt too high) detected at line 29
 []


Overfull \vbox (350.45833pt too high) detected at line 29
 []


Overfull \vbox (351.45833pt too high) detected at line 29
 []


Overfull \vbox (352.45833pt too high) detected at line 29
 []


Overfull \vbox (353.45833pt too high) detected at line 29
 []


Overfull \vbox (354.45833pt too high) detected at line 29
 []


Overfull \vbox (355.45833pt too high) detected at line 29
 []


Overfull \vbox (356.45833pt too high) detected at line 29
 []


Overfull \vbox (357.45833pt too high) detected at line 29
 []


Overfull \vbox (358.45833pt too high) detected at line 29
 []


Overfull \vbox (359.45833pt too high) detected at line 29
 []


Overfull \vbox (360.45833pt too high) detected at line 29
 []


Overfull \vbox (361.45833pt too high) detected at line 29
 []


Overfull \vbox (362.45833pt too high) detected at line 29
 []


Overfull \vbox (363.45833pt too high) detected at line 29
 []


Overfull \vbox (364.45833pt too high) detected at line 29
 []


Overfull \vbox (365.45833pt too high) detected at line 29
 []


Overfull \vbox (366.45833pt too high) detected at line 29
 []


Overfull \vbox (367.45833pt too high) detected at line 29
 []


Overfull \vbox (368.45833pt too high) detected at line 29
 []


Overfull \vbox (369.45833pt too high) detected at line 29
 []


Overfull \vbox (370.45833pt too high) detected at line 29
 []


Overfull \vbox (371.45833pt too high) detected at line 29
 []


Overfull \vbox (372.45833pt too high) detected at line 29
 []


Overfull \vbox (373.45833pt too high) detected at line 29
 []


Overfull \vbox (374.45833pt too high) detected at line 29
 []


Overfull \vbox (375.45833pt too high) detected at line 29
 []


Overfull \vbox (376.45833pt too high) detected at line 29
 []


Overfull \vbox (377.45833pt too high) detected at line 29
 []


Overfull \vbox (378.45833pt too high) detected at line 29
 []


Overfull \vbox (379.45833pt too high) detected at line 29
 []


Overfull \vbox (380.45833pt too high) detected at line 29
 []


Overfull \vbox (381.45833pt too high) detected at line 29
 []


Overfull \vbox (382.45833pt too high) detected at line 29
 []


Overfull \vbox (383.45833pt too high) detected at line 29
 []


Overfull \vbox (384.45833pt too high) detected at line 29
 []


Overfull \vbox (385.45833pt too high) detected at line 29
 []


Overfull \vbox (386.45833pt too high) detected at line 29
 []


Overfull \vbox (387.45833pt too high) detected at line 29
 []


Overfull \vbox (388.45833pt too high) detected at line 29
 []


Overfull \vbox (389.45833pt too high) detected at line 29
 []


Overfull \vbox (390.45833pt too high) detected at line 29
 []


Overfull \vbox (391.45833pt too high) detected at line 29
 []


Overfull \vbox (392.45833pt too high) detected at line 29
 []


Overfull \vbox (393.45833pt too high) detected at line 29
 []


Overfull \vbox (394.45833pt too high) detected at line 29
 []


Overfull \vbox (395.45833pt too high) detected at line 29
 []


Overfull \vbox (396.45833pt too high) detected at line 29
 []


Overfull \vbox (397.45833pt too high) detected at line 29
 []


Overfull \vbox (398.45833pt too high) detected at line 29
 []


Overfull \vbox (399.45833pt too high) detected at line 29
 []


Overfull \vbox (400.45833pt too high) detected at line 29
 []


Overfull \vbox (401.45833pt too high) detected at line 29
 []


Overfull \vbox (402.45833pt too high) detected at line 29
 []


Overfull \vbox (403.45833pt too high) detected at line 29
 []


Overfull \vbox (404.45833pt too high) detected at line 29
 []


Overfull \vbox (405.45833pt too high) detected at line 29
 []


Overfull \vbox (406.45833pt too high) detected at line 29
 []


Package mdframed Warning: correct box splittet fails
 It seems you are using a non splittable contents
(mdframed)                 on input line 29.

Package mdframed Info: You first box width is to small
 mdframed fixed it
(mdframed)              on input line 29.


[500

])

[501 <./GRAPHICS/OTHER/codes_8_4_4.png>])

[502


]
Chapter 12.
(./C12/chapter.tex (./C12/sec_1.tex
(./GRAPHICS/TABLES/COMMANDS/combinatorics_1_ug.tex
Underfull \hbox (badness 1888) in paragraph at lines 37--37
[]|\OT1/cmss/m/n/10 Compute a list of con-ju-gacy classes of
 []

) (./GRAPHICS/TABLES/COMMANDS/combinatorics_2_ug.tex
Underfull \hbox (badness 10000) in paragraph at lines 41--41
[]|$\OML/zi4/m/n/10 n[]$ $n[]$
 []


Underfull \hbox (badness 1776) in paragraph at lines 41--41
[]|\OT1/cmss/m/n/10 file input-file
 []


Underfull \hbox (badness 2057) in paragraph at lines 41--41
[]|\OT1/cmss/m/n/10 Invoke Kaempfer's TDO-refinement al-go-
 []


Underfull \hbox (badness 4181) in paragraph at lines 41--41
[]|$\OML/zi4/m/n/10 D$ $s$ \OT1/cmss/m/n/10 fname
 []

) (./GRAPHICS/THE_MAKEFILE/EXTRACTS/random_permutation_12.tex)
(./GRAPHICS/THE_MAKEFILE/EXTRACTS/Sym_10_conj_classes.tex)
(./GRAPHICS/THE_MAKEFILE/EXTRACTS/Char_Sym_4.tex)
Package mdframed Info: mdframed works in twoside mode on input line 43.

(./GRAPHICS/LATEX/character_table_sym_4.tex)

[503]

[504]

[505]
Package mdframed Info: Not enough space on this page on input line 43.
 (./GRAPHICS/THE_MAKEFILE/EXTRACTS/all_subsets_6_3.tex)
Package mdframed Info: mdframed works in twoside mode on input line 56.

(./GRAPHICS/LATEX/all_k_subsets_n6_k3_draw.tex)
(./GRAPHICS/THE_MAKEFILE/EXTRACTS/random_k_subsets.tex)

[506] (./GRAPHICS/THE_MAKEFILE/EXTRACTS/rank_k_subsets_test.tex)
(./GRAPHICS/THE_MAKEFILE/EXTRACTS/Walsh_matrix_4.tex)
(./GRAPHICS/THE_MAKEFILE/EXTRACTS/Dedekind_10_10.tex)
Package mdframed Info: mdframed works in twoside mode on input line 98.

(./GRAPHICS/LATEX/Dedekind_2_10_2_10.tex)

[507]
Package mdframed Info: Not enough space on this page on input line 98.
 (./GRAPHICS/THE_MAKEFILE/EXTRACTS/q_binomial_8_3_2.tex)
(./GRAPHICS/THE_MAKEFILE/EXTRACTS/elementary_symmetric_functions_4.tex)
Package mdframed Info: mdframed works in twoside mode on input line 123.

(./GRAPHICS/WRAPPERS/elementary_symmetric_functions_4.tex)
(./GRAPHICS/THE_MAKEFILE/EXTRACTS/domino_portrait.tex)

[508]
Package mdframed Info: mdframed works in twoside mode on input line 135.
 (./GRAPHICS/WRAPPERS/domino_Munch.tex
<GRAPHICS/DOMINO/Munch_cut.png, id=4336, 700.6175pt x 820.06375pt>
File: GRAPHICS/DOMINO/Munch_cut.png Graphic file (type png)
<use GRAPHICS/DOMINO/Munch_cut.png>
Package pdftex.def Info: GRAPHICS/DOMINO/Munch_cut.png  used on input line 2.
(pdftex.def)             Requested size: 341.43306pt x 399.64496pt.
)
(./GRAPHICS/THE_MAKEFILE/EXTRACTS/domino_portrait_input.tex)

[509 <./GRAPHICS/DOMINO/Munch_cut.png>]
Package mdframed Info: mdframed works in twoside mode on input line 145.

(./GRAPHICS/WRAPPERS/domino_Munch_3_draw.tex
<GRAPHICS/DOMINO/Munch_3_m_draw.png, id=4342, 421.575pt x 481.8pt>
File: GRAPHICS/DOMINO/Munch_3_m_draw.png Graphic file (type png)
<use GRAPHICS/DOMINO/Munch_3_m_draw.png>
Package pdftex.def Info: GRAPHICS/DOMINO/Munch_3_m_draw.png  used on input line
 2.
(pdftex.def)             Requested size: 227.62204pt x 260.14606pt.
))

[510 <./GRAPHICS/DOMINO/Munch_3_m_draw.png>] (./C12/sec_2.tex
(./GRAPHICS/TABLES/COMMANDS/data_input_stream_ug.tex
Underfull \hbox (badness 10000) in paragraph at lines 37--37
[]|\OT1/cmss/m/n/10 label-txt
 []


Underfull \hbox (badness 10000) in paragraph at lines 37--37
[]|\OT1/cmss/m/n/10 fname col-
 []


Underfull \hbox (badness 10000) in paragraph at lines 37--37
[]|[]\OT1/zi4/m/n/10 -file_of_packings_through_spread
 []


Underfull \hbox (badness 10000) in paragraph at lines 37--37
[]|\OT1/cmss/m/n/10 spread-table
 []


Underfull \hbox (badness 10000) in paragraph at lines 37--37
\OT1/cmss/m/n/10 fname-
 []


Underfull \hbox (badness 10000) in paragraph at lines 37--37
\OT1/cmss/m/n/10 packings
 []


Underfull \hbox (badness 10000) in paragraph at lines 37--37
[]|[]\OT1/zi4/m/n/10 -file_of_designs_through_block
 []


Underfull \hbox (badness 10000) in paragraph at lines 37--37
[]|\OT1/cmss/m/n/10 fname1
 []


Underfull \hbox (badness 10000) in paragraph at lines 37--37
[]|\OT1/cmss/m/n/10 fname col-
 []


Underfull \hbox (badness 10000) in paragraph at lines 37--37
\OT1/cmss/m/n/10 umn v b
 []

) (./GRAPHICS/TABLES/COMMANDS/data_input_stream2_ug.tex
Underfull \hbox (badness 10000) in paragraph at lines 37--37
[]|[]\OT1/zi4/m/n/10 -file_of_incidence_geometries_by
 []


Underfull \hbox (badness 10000) in paragraph at lines 37--37
[]|\OT1/cmss/m/n/10 fname-mask
 []


Underfull \hbox (badness 10000) in paragraph at lines 37--37
\OT1/cmss/m/n/10 nb[]cases
 []


Underfull \hbox (badness 10000) in paragraph at lines 37--37
[]|\OT1/cmss/m/n/10 fname col-
 []


Underfull \hbox (badness 10000) in paragraph at lines 37--37
[]|\OT1/cmss/m/n/10 adjacencylist
 []


Underfull \hbox (badness 10000) in paragraph at lines 37--37
[]|\OT1/cmss/m/n/10 fname col-
 []

) (./GRAPHICS/THE_MAKEFILE/EXTRACTS/HIRSCHFELD_SURFACE_Q4_SET_OF_POINTS.tex)
(./GRAPHICS/THE_MAKEFILE/EXTRACTS/Hirschfeld_q4_from_set.tex)
(./GRAPHICS/THE_MAKEFILE/EXTRACTS/HYPEROVAL_16_144.tex)
(./GRAPHICS/THE_MAKEFILE/EXTRACTS/HYPEROVAL_16_16320.tex)
(./GRAPHICS/THE_MAKEFILE/EXTRACTS/hyperoval_16_create.tex)

[511

]

[512]

[513] (./GRAPHICS/THE_MAKEFILE/EXTRACTS/EC_read.tex)
(./GRAPHICS/THE_MAKEFILE/EXTRACTS/PG_3_5_assume_31_read.tex)
(./GRAPHICS/THE_MAKEFILE/EXTRACTS/LS_AG_2_3_read.tex)
Underfull \vbox (badness 7522) has occurred while \output is active []



[514] (./GRAPHICS/THE_MAKEFILE/EXTRACTS/geo_7_3_read.tex)
Package mdframed Info: mdframed works in twoside mode on input line 96.

(./GRAPHICS/WRAPPERS/pasch.tex
<GRAPHICS/PASCH/pasch.png, id=4376, 803.0pt x 589.20125pt>
File: GRAPHICS/PASCH/pasch.png Graphic file (type png)
<use GRAPHICS/PASCH/pasch.png>
Package pdftex.def Info: GRAPHICS/PASCH/pasch.png  used on input line 2.
(pdftex.def)             Requested size: 284.52756pt x 208.77681pt.
)
Overfull \vbox (78.32892pt too high) detected at line 96
 []

Package mdframed Info: Box was splittet wrong
 starting loop to iterate the splitting point
(mdframed)              on input line 96.

Overfull \vbox (79.32892pt too high) detected at line 96
 []


Overfull \vbox (80.32892pt too high) detected at line 96
 []


Overfull \vbox (81.32892pt too high) detected at line 96
 []


Overfull \vbox (82.32892pt too high) detected at line 96
 []


Overfull \vbox (83.32892pt too high) detected at line 96
 []


Overfull \vbox (84.32892pt too high) detected at line 96
 []


Overfull \vbox (85.32892pt too high) detected at line 96
 []


Overfull \vbox (86.32892pt too high) detected at line 96
 []


Overfull \vbox (87.32892pt too high) detected at line 96
 []


Overfull \vbox (88.32892pt too high) detected at line 96
 []


Overfull \vbox (89.32892pt too high) detected at line 96
 []


Overfull \vbox (90.32892pt too high) detected at line 96
 []


Overfull \vbox (91.32892pt too high) detected at line 96
 []


Overfull \vbox (92.32892pt too high) detected at line 96
 []


Overfull \vbox (93.32892pt too high) detected at line 96
 []


Overfull \vbox (94.32892pt too high) detected at line 96
 []


Overfull \vbox (95.32892pt too high) detected at line 96
 []


Overfull \vbox (96.32892pt too high) detected at line 96
 []


Overfull \vbox (97.32892pt too high) detected at line 96
 []


Overfull \vbox (98.32892pt too high) detected at line 96
 []


Overfull \vbox (99.32892pt too high) detected at line 96
 []


Overfull \vbox (100.32892pt too high) detected at line 96
 []


Overfull \vbox (101.32892pt too high) detected at line 96
 []


Overfull \vbox (102.32892pt too high) detected at line 96
 []


Overfull \vbox (103.32892pt too high) detected at line 96
 []


Overfull \vbox (104.32892pt too high) detected at line 96
 []


Overfull \vbox (105.32892pt too high) detected at line 96
 []


Overfull \vbox (106.32892pt too high) detected at line 96
 []


Overfull \vbox (107.32892pt too high) detected at line 96
 []


Overfull \vbox (108.32892pt too high) detected at line 96
 []


Overfull \vbox (109.32892pt too high) detected at line 96
 []


Overfull \vbox (110.32892pt too high) detected at line 96
 []


Overfull \vbox (111.32892pt too high) detected at line 96
 []


Overfull \vbox (112.32892pt too high) detected at line 96
 []


Overfull \vbox (113.32892pt too high) detected at line 96
 []


Overfull \vbox (114.32892pt too high) detected at line 96
 []


Overfull \vbox (115.32892pt too high) detected at line 96
 []


Overfull \vbox (116.32892pt too high) detected at line 96
 []


Overfull \vbox (117.32892pt too high) detected at line 96
 []


Overfull \vbox (118.32892pt too high) detected at line 96
 []


Overfull \vbox (119.32892pt too high) detected at line 96
 []


Overfull \vbox (120.32892pt too high) detected at line 96
 []


Overfull \vbox (121.32892pt too high) detected at line 96
 []


Overfull \vbox (122.32892pt too high) detected at line 96
 []


Overfull \vbox (123.32892pt too high) detected at line 96
 []


Overfull \vbox (124.32892pt too high) detected at line 96
 []


Overfull \vbox (125.32892pt too high) detected at line 96
 []


Overfull \vbox (126.32892pt too high) detected at line 96
 []


Overfull \vbox (127.32892pt too high) detected at line 96
 []


Overfull \vbox (128.32892pt too high) detected at line 96
 []


Overfull \vbox (129.32892pt too high) detected at line 96
 []


Overfull \vbox (130.32892pt too high) detected at line 96
 []


Overfull \vbox (131.32892pt too high) detected at line 96
 []


Overfull \vbox (132.32892pt too high) detected at line 96
 []


Overfull \vbox (133.32892pt too high) detected at line 96
 []


Overfull \vbox (134.32892pt too high) detected at line 96
 []


Overfull \vbox (135.32892pt too high) detected at line 96
 []


Overfull \vbox (136.32892pt too high) detected at line 96
 []


Overfull \vbox (137.32892pt too high) detected at line 96
 []


Overfull \vbox (138.32892pt too high) detected at line 96
 []


Overfull \vbox (139.32892pt too high) detected at line 96
 []


Overfull \vbox (140.32892pt too high) detected at line 96
 []


Overfull \vbox (141.32892pt too high) detected at line 96
 []


Overfull \vbox (142.32892pt too high) detected at line 96
 []


Overfull \vbox (143.32892pt too high) detected at line 96
 []


Overfull \vbox (144.32892pt too high) detected at line 96
 []


Overfull \vbox (145.32892pt too high) detected at line 96
 []


Overfull \vbox (146.32892pt too high) detected at line 96
 []


Overfull \vbox (147.32892pt too high) detected at line 96
 []


Overfull \vbox (148.32892pt too high) detected at line 96
 []


Overfull \vbox (149.32892pt too high) detected at line 96
 []


Overfull \vbox (150.32892pt too high) detected at line 96
 []


Overfull \vbox (151.32892pt too high) detected at line 96
 []


Overfull \vbox (152.32892pt too high) detected at line 96
 []


Overfull \vbox (153.32892pt too high) detected at line 96
 []


Overfull \vbox (154.32892pt too high) detected at line 96
 []


Overfull \vbox (155.32892pt too high) detected at line 96
 []


Overfull \vbox (156.32892pt too high) detected at line 96
 []


Overfull \vbox (157.32892pt too high) detected at line 96
 []


Overfull \vbox (158.32892pt too high) detected at line 96
 []


Overfull \vbox (159.32892pt too high) detected at line 96
 []


Overfull \vbox (160.32892pt too high) detected at line 96
 []


Overfull \vbox (161.32892pt too high) detected at line 96
 []


Overfull \vbox (162.32892pt too high) detected at line 96
 []


Overfull \vbox (163.32892pt too high) detected at line 96
 []


Overfull \vbox (164.32892pt too high) detected at line 96
 []


Overfull \vbox (165.32892pt too high) detected at line 96
 []


Overfull \vbox (166.32892pt too high) detected at line 96
 []


Overfull \vbox (167.32892pt too high) detected at line 96
 []


Overfull \vbox (168.32892pt too high) detected at line 96
 []


Overfull \vbox (169.32892pt too high) detected at line 96
 []


Overfull \vbox (170.32892pt too high) detected at line 96
 []


Overfull \vbox (171.32892pt too high) detected at line 96
 []


Overfull \vbox (172.32892pt too high) detected at line 96
 []


Overfull \vbox (173.32892pt too high) detected at line 96
 []


Overfull \vbox (174.32892pt too high) detected at line 96
 []


Overfull \vbox (175.32892pt too high) detected at line 96
 []


Overfull \vbox (176.32892pt too high) detected at line 96
 []


Overfull \vbox (177.32892pt too high) detected at line 96
 []


Overfull \vbox (178.32892pt too high) detected at line 96
 []


Overfull \vbox (179.32892pt too high) detected at line 96
 []


Package mdframed Warning: correct box splittet fails
 It seems you are using a non splittable contents
(mdframed)                 on input line 96.

Package mdframed Info: You first box width is to small
 mdframed fixed it
(mdframed)              on input line 96.


[515]
Package mdframed Info: mdframed works in twoside mode on input line 102.
 (./GRAPHICS/LATEX/pasch_incma.tex)
Package mdframed Info: mdframed works in twoside mode on input line 118.

(./GRAPHICS/LATEX/pasch_incma_row_major.tex)

[516 <./GRAPHICS/PASCH/pasch.png>]
Package mdframed Info: mdframed works in twoside mode on input line 126.
 (./GRAPHICS/LATEX/file_pasch_inc.tex)
(./GRAPHICS/THE_MAKEFILE/EXTRACTS/geo_pasch_read.tex)
(./GRAPHICS/THE_MAKEFILE/EXTRACTS/geo_pasch_given.tex)
(./GRAPHICS/THE_MAKEFILE/EXTRACTS/NEUMAIER_GRAPH_16_1_ADJ.tex)

[517] (./GRAPHICS/THE_MAKEFILE/EXTRACTS/NEUMAIER_GRAPH_16_2_ADJ.tex)
(./GRAPHICS/THE_MAKEFILE/EXTRACTS/neumaier_graphs_16.tex)
(./GRAPHICS/THE_MAKEFILE/EXTRACTS/neumaier_graphs_16_from_file.tex)
(./GRAPHICS/THE_MAKEFILE/EXTRACTS/Neumaier_graph_25.tex)

[518])

[519] (./C12/sec_3.tex
(./GRAPHICS/TABLES/COMMANDS/combinatorial_object_activity_ug.tex
Underfull \hbox (badness 3612) in paragraph at lines 53--53
[]|\OT1/cmss/m/n/10 Classification by canon-i-cal form. See
 []

) (./GRAPHICS/TABLES/COMMANDS/objects_report_options_ug.tex)
(./GRAPHICS/THE_MAKEFILE/EXTRACTS/Edge_curve_17.tex)
(./GRAPHICS/THE_MAKEFILE/EXTRACTS/Edge_curve_17_line_type.tex)

[520

]

[521])

[522] (./C12/sec_4.tex (./GRAPHICS/TABLES/COMMANDS/combo_activity_ug.tex)
(./GRAPHICS/THE_MAKEFILE/EXTRACTS/geo_10_3_Desargues_configuration_c.tex)

[523

]
Package mdframed Info: mdframed works in twoside mode on input line 21.
 (./GRAPHICS/LATEX/conf_10_3_desargues_report.tex
Underfull \hbox (badness 10000) in paragraph at lines 3--10

 []


Underfull \hbox (badness 10000) in paragraph at lines 11--16

 []


Underfull \hbox (badness 10000) in paragraph at lines 23--25

 []


Underfull \hbox (badness 10000) in paragraph at lines 26--28

 []


Underfull \hbox (badness 10000) in paragraph at lines 45--49

 []


Underfull \hbox (badness 10000) in paragraph at lines 50--53

 []


Underfull \hbox (badness 10000) in paragraph at lines 70--74

 []


Underfull \hbox (badness 10000) in paragraph at lines 75--109

 []


Underfull \hbox (badness 10000) in paragraph at lines 110--112

 []


Underfull \hbox (badness 10000) in paragraph at lines 116--119

 []

)
Package mdframed Info: Box was splittet wrong
 starting loop to iterate the splitting point
(mdframed)              on input line 21.


[524]

[525])

[526] (./C12/sec_5.tex (./GRAPHICS/THE_MAKEFILE/EXTRACTS/linsp6.tex)
(./GRAPHICS/THE_MAKEFILE/EXTRACTS/linsp30_pt_types.tex)

[527

] (./GRAPHICS/THE_MAKEFILE/EXTRACTS/linsp30_pt_distribution.tex)

[528])

[529] (./C12/sec_6.tex (./GRAPHICS/TABLES/COMMANDS/geometry_builder_ug.tex
Underfull \hbox (badness 10000) in paragraph at lines 53--53
[]|\OT1/cmss/m/n/10 The ini-tial row-tactical de-com-po-si-tion
 []


Underfull \hbox (badness 10000) in paragraph at lines 53--53
[]|\OT1/cmss/m/n/10 Construct sim-ple de-signs only (needs
 []

) (./GRAPHICS/THE_MAKEFILE/EXTRACTS/geo_10_3.tex)

[530

]

[531]
Package mdframed Info: mdframed works in twoside mode on input line 102.
 (./GRAPHICS/LATEX/conf_10_3_inc_file.tex)
Underfull \hbox (badness 2134) in paragraph at lines 108--111
[]\OT1/cmr/m/n/10 The op-tion [][]\OT1/zi4/m/n/10 -output_to_blocks_file []\OT1
/cmr/m/n/10 writes [][]\OT1/zi4/m/n/10 10_3.blocks[]\OT1/cmr/m/n/10 . Here is t
he con-tent of the file
 []

Package mdframed Info: mdframed works in twoside mode on input line 111.
(./GRAPHICS/LATEX/conf_10_3_blocks_file.tex)
(./GRAPHICS/THE_MAKEFILE/EXTRACTS/geo_10_3_tree.tex)

[532]
Package mdframed Info: mdframed works in twoside mode on input line 148.
 (./GRAPHICS/LATEX/conf_10_3_wc.tex)
Package mdframed Info: mdframed works in twoside mode on input line 150.

(./GRAPHICS/LATEX/conf_10_3_wc_output.tex)
Package mdframed Info: mdframed works in twoside mode on input line 154.

(./GRAPHICS/WRAPPERS/conf_10_3_search_tree.tex
<GRAPHICS/CONF/search_tree_conf_10_3.png, id=4489, 1545.775pt x 746.79pt>
File: GRAPHICS/CONF/search_tree_conf_10_3.png Graphic file (type png)
<use GRAPHICS/CONF/search_tree_conf_10_3.png>
Package pdftex.def Info: GRAPHICS/CONF/search_tree_conf_10_3.png  used on input
 line 2.
(pdftex.def)             Requested size: 426.79134pt x 206.18263pt.

Overfull \hbox (1.83633pt too wide) detected at line 3
[]
 []

)

[533] (./GRAPHICS/THE_MAKEFILE/EXTRACTS/geo_petersen.tex)
(./GRAPHICS/THE_MAKEFILE/EXTRACTS/15_3.inc.tex)

[534 <./GRAPHICS/CONF/search_tree_conf_10_3.png>]
(./GRAPHICS/THE_MAKEFILE/EXTRACTS/geo_15_3_g4.tex)
(./GRAPHICS/THE_MAKEFILE/EXTRACTS/geo_40_4_g4.tex)

[535]
Package mdframed Info: mdframed works in twoside mode on input line 214.
 (./GRAPHICS/WRAPPERS/conf_40_4_g4_search_tree.tex
<GRAPHICS/CONF/search_tree_conf_40_4_g4.png, id=4504, 840.13875pt x 836.12375pt
>
File: GRAPHICS/CONF/search_tree_conf_40_4_g4.png Graphic file (type png)
<use GRAPHICS/CONF/search_tree_conf_40_4_g4.png>
Package pdftex.def Info: GRAPHICS/CONF/search_tree_conf_40_4_g4.png  used on in
put line 2.
(pdftex.def)             Requested size: 426.79134pt x 424.74614pt.

Overfull \hbox (1.83633pt too wide) detected at line 3
[]
 []

)
Overfull \vbox (119.83293pt too high) detected at line 214
 []

Package mdframed Info: Box was splittet wrong
 starting loop to iterate the splitting point
(mdframed)              on input line 214.

Overfull \vbox (120.83293pt too high) detected at line 214
 []


Overfull \vbox (121.83293pt too high) detected at line 214
 []


Overfull \vbox (122.83293pt too high) detected at line 214
 []


Overfull \vbox (123.83293pt too high) detected at line 214
 []


Overfull \vbox (124.83293pt too high) detected at line 214
 []


Overfull \vbox (125.83293pt too high) detected at line 214
 []


Overfull \vbox (126.83293pt too high) detected at line 214
 []


Overfull \vbox (127.83293pt too high) detected at line 214
 []


Overfull \vbox (128.83293pt too high) detected at line 214
 []


Overfull \vbox (129.83293pt too high) detected at line 214
 []


Overfull \vbox (130.83293pt too high) detected at line 214
 []


Overfull \vbox (131.83293pt too high) detected at line 214
 []


Overfull \vbox (132.83293pt too high) detected at line 214
 []


Overfull \vbox (133.83293pt too high) detected at line 214
 []


Overfull \vbox (134.83293pt too high) detected at line 214
 []


Overfull \vbox (135.83293pt too high) detected at line 214
 []


Overfull \vbox (136.83293pt too high) detected at line 214
 []


Overfull \vbox (137.83293pt too high) detected at line 214
 []


Overfull \vbox (138.83293pt too high) detected at line 214
 []


Overfull \vbox (139.83293pt too high) detected at line 214
 []


Overfull \vbox (140.83293pt too high) detected at line 214
 []


Overfull \vbox (141.83293pt too high) detected at line 214
 []


Overfull \vbox (142.83293pt too high) detected at line 214
 []


Overfull \vbox (143.83293pt too high) detected at line 214
 []


Overfull \vbox (144.83293pt too high) detected at line 214
 []


Overfull \vbox (145.83293pt too high) detected at line 214
 []


Overfull \vbox (146.83293pt too high) detected at line 214
 []


Overfull \vbox (147.83293pt too high) detected at line 214
 []


Overfull \vbox (148.83293pt too high) detected at line 214
 []


Overfull \vbox (149.83293pt too high) detected at line 214
 []


Overfull \vbox (150.83293pt too high) detected at line 214
 []


Overfull \vbox (151.83293pt too high) detected at line 214
 []


Overfull \vbox (152.83293pt too high) detected at line 214
 []


Overfull \vbox (153.83293pt too high) detected at line 214
 []


Overfull \vbox (154.83293pt too high) detected at line 214
 []


Overfull \vbox (155.83293pt too high) detected at line 214
 []


Overfull \vbox (156.83293pt too high) detected at line 214
 []


Overfull \vbox (157.83293pt too high) detected at line 214
 []


Overfull \vbox (158.83293pt too high) detected at line 214
 []


Overfull \vbox (159.83293pt too high) detected at line 214
 []


Overfull \vbox (160.83293pt too high) detected at line 214
 []


Overfull \vbox (161.83293pt too high) detected at line 214
 []


Overfull \vbox (162.83293pt too high) detected at line 214
 []


Overfull \vbox (163.83293pt too high) detected at line 214
 []


Overfull \vbox (164.83293pt too high) detected at line 214
 []


Overfull \vbox (165.83293pt too high) detected at line 214
 []


Overfull \vbox (166.83293pt too high) detected at line 214
 []


Overfull \vbox (167.83293pt too high) detected at line 214
 []


Overfull \vbox (168.83293pt too high) detected at line 214
 []


Overfull \vbox (169.83293pt too high) detected at line 214
 []


Overfull \vbox (170.83293pt too high) detected at line 214
 []


Overfull \vbox (171.83293pt too high) detected at line 214
 []


Overfull \vbox (172.83293pt too high) detected at line 214
 []


Overfull \vbox (173.83293pt too high) detected at line 214
 []


Overfull \vbox (174.83293pt too high) detected at line 214
 []


Overfull \vbox (175.83293pt too high) detected at line 214
 []


Overfull \vbox (176.83293pt too high) detected at line 214
 []


Overfull \vbox (177.83293pt too high) detected at line 214
 []


Overfull \vbox (178.83293pt too high) detected at line 214
 []


Overfull \vbox (179.83293pt too high) detected at line 214
 []


Overfull \vbox (180.83293pt too high) detected at line 214
 []


Overfull \vbox (181.83293pt too high) detected at line 214
 []


Overfull \vbox (182.83293pt too high) detected at line 214
 []


Overfull \vbox (183.83293pt too high) detected at line 214
 []


Overfull \vbox (184.83293pt too high) detected at line 214
 []


Overfull \vbox (185.83293pt too high) detected at line 214
 []


Overfull \vbox (186.83293pt too high) detected at line 214
 []


Overfull \vbox (187.83293pt too high) detected at line 214
 []


Overfull \vbox (188.83293pt too high) detected at line 214
 []


Overfull \vbox (189.83293pt too high) detected at line 214
 []


Overfull \vbox (190.83293pt too high) detected at line 214
 []


Overfull \vbox (191.83293pt too high) detected at line 214
 []


Overfull \vbox (192.83293pt too high) detected at line 214
 []


Overfull \vbox (193.83293pt too high) detected at line 214
 []


Overfull \vbox (194.83293pt too high) detected at line 214
 []


Overfull \vbox (195.83293pt too high) detected at line 214
 []


Overfull \vbox (196.83293pt too high) detected at line 214
 []


Overfull \vbox (197.83293pt too high) detected at line 214
 []


Overfull \vbox (198.83293pt too high) detected at line 214
 []


Overfull \vbox (199.83293pt too high) detected at line 214
 []


Overfull \vbox (200.83293pt too high) detected at line 214
 []


Overfull \vbox (201.83293pt too high) detected at line 214
 []


Overfull \vbox (202.83293pt too high) detected at line 214
 []


Overfull \vbox (203.83293pt too high) detected at line 214
 []


Overfull \vbox (204.83293pt too high) detected at line 214
 []


Overfull \vbox (205.83293pt too high) detected at line 214
 []


Overfull \vbox (206.83293pt too high) detected at line 214
 []


Overfull \vbox (207.83293pt too high) detected at line 214
 []


Overfull \vbox (208.83293pt too high) detected at line 214
 []


Overfull \vbox (209.83293pt too high) detected at line 214
 []


Overfull \vbox (210.83293pt too high) detected at line 214
 []


Overfull \vbox (211.83293pt too high) detected at line 214
 []


Overfull \vbox (212.83293pt too high) detected at line 214
 []


Overfull \vbox (213.83293pt too high) detected at line 214
 []


Overfull \vbox (214.83293pt too high) detected at line 214
 []


Overfull \vbox (215.83293pt too high) detected at line 214
 []


Overfull \vbox (216.83293pt too high) detected at line 214
 []


Overfull \vbox (217.83293pt too high) detected at line 214
 []


Overfull \vbox (218.83293pt too high) detected at line 214
 []


Overfull \vbox (219.83293pt too high) detected at line 214
 []


Overfull \vbox (220.83293pt too high) detected at line 214
 []


Package mdframed Warning: correct box splittet fails
 It seems you are using a non splittable contents
(mdframed)                 on input line 214.

Package mdframed Info: You first box width is to small
 mdframed fixed it
(mdframed)              on input line 214.


[536] (./GRAPHICS/THE_MAKEFILE/EXTRACTS/geo_63_3_g6.tex)

[537 <./GRAPHICS/CONF/search_tree_conf_40_4_g4.png>]
(./GRAPHICS/THE_MAKEFILE/EXTRACTS/geo_LSQ6.inc.tex)
(./GRAPHICS/THE_MAKEFILE/EXTRACTS/geo_MOL6.inc.tex))

[538] (./C12/sec_7.tex (./GRAPHICS/TABLES/COMMANDS/tdo_refinement_ug.tex)
(./GRAPHICS/THE_MAKEFILE/EXTRACTS/max_arc_16_4_start.tex)
Package mdframed Info: mdframed works in twoside mode on input line 26.

(./GRAPHICS/LATEX/max_arc_1.tex)

[539

]
Package mdframed Info: Not enough space on this page on input line 26.
 (./GRAPHICS/THE_MAKEFILE/EXTRACTS/max_arc_16_4_convert_stack_tdo.tex)
Package mdframed Info: mdframed works in twoside mode on input line 43.

(./GRAPHICS/LATEX/max_arc_2.tex)
(./GRAPHICS/THE_MAKEFILE/EXTRACTS/max_arc_16_4_refine.tex)

[540] (./GRAPHICS/THE_MAKEFILE/EXTRACTS/max_arc_16_4r_print.tex)
Package mdframed Info: mdframed works in twoside mode on input line 61.

(./GRAPHICS/LATEX/max_arc_3.tex))

[541] (./C12/sec_8.tex (./GRAPHICS/TABLES/COMMANDS/plesken_ring_activity_ug.tex
)
Package mdframed Info: mdframed works in twoside mode on input line 18.
 (./GRAPHICS/WRAPPERS/plesken_subspaces_GOp_6_2.tex
<GRAPHICS/PLESKEN_RING/GOp_6_2_poset_drawing.png, id=4538, 790.955pt x 754.82pt
>
File: GRAPHICS/PLESKEN_RING/GOp_6_2_poset_drawing.png Graphic file (type png)
<use GRAPHICS/PLESKEN_RING/GOp_6_2_poset_drawing.png>
Package pdftex.def Info: GRAPHICS/PLESKEN_RING/GOp_6_2_poset_drawing.png  used 
on input line 2.
(pdftex.def)             Requested size: 369.88582pt x 352.99174pt.
)
Overfull \vbox (19.5785pt too high) detected at line 18
 []

Package mdframed Info: Box was splittet wrong
 starting loop to iterate the splitting point
(mdframed)              on input line 18.

Overfull \vbox (20.5785pt too high) detected at line 18
 []


Overfull \vbox (21.5785pt too high) detected at line 18
 []


Overfull \vbox (22.5785pt too high) detected at line 18
 []


Overfull \vbox (23.5785pt too high) detected at line 18
 []


Overfull \vbox (24.5785pt too high) detected at line 18
 []


Overfull \vbox (25.5785pt too high) detected at line 18
 []


Overfull \vbox (26.5785pt too high) detected at line 18
 []


Overfull \vbox (27.5785pt too high) detected at line 18
 []


Overfull \vbox (28.5785pt too high) detected at line 18
 []


Overfull \vbox (29.5785pt too high) detected at line 18
 []


Overfull \vbox (30.5785pt too high) detected at line 18
 []


Overfull \vbox (31.5785pt too high) detected at line 18
 []


Overfull \vbox (32.5785pt too high) detected at line 18
 []


Overfull \vbox (33.5785pt too high) detected at line 18
 []


Overfull \vbox (34.5785pt too high) detected at line 18
 []


Overfull \vbox (35.5785pt too high) detected at line 18
 []


Overfull \vbox (36.5785pt too high) detected at line 18
 []


Overfull \vbox (37.5785pt too high) detected at line 18
 []


Overfull \vbox (38.5785pt too high) detected at line 18
 []


Overfull \vbox (39.5785pt too high) detected at line 18
 []


Overfull \vbox (40.5785pt too high) detected at line 18
 []


Overfull \vbox (41.5785pt too high) detected at line 18
 []


Overfull \vbox (42.5785pt too high) detected at line 18
 []


Overfull \vbox (43.5785pt too high) detected at line 18
 []


Overfull \vbox (44.5785pt too high) detected at line 18
 []


Overfull \vbox (45.5785pt too high) detected at line 18
 []


Overfull \vbox (46.5785pt too high) detected at line 18
 []


Overfull \vbox (47.5785pt too high) detected at line 18
 []


Overfull \vbox (48.5785pt too high) detected at line 18
 []


Overfull \vbox (49.5785pt too high) detected at line 18
 []


Overfull \vbox (50.5785pt too high) detected at line 18
 []


Overfull \vbox (51.5785pt too high) detected at line 18
 []


Overfull \vbox (52.5785pt too high) detected at line 18
 []


Overfull \vbox (53.5785pt too high) detected at line 18
 []


Overfull \vbox (54.5785pt too high) detected at line 18
 []


Overfull \vbox (55.5785pt too high) detected at line 18
 []


Overfull \vbox (56.5785pt too high) detected at line 18
 []


Overfull \vbox (57.5785pt too high) detected at line 18
 []


Overfull \vbox (58.5785pt too high) detected at line 18
 []


Overfull \vbox (59.5785pt too high) detected at line 18
 []


Overfull \vbox (60.5785pt too high) detected at line 18
 []


Overfull \vbox (61.5785pt too high) detected at line 18
 []


Overfull \vbox (62.5785pt too high) detected at line 18
 []


Overfull \vbox (63.5785pt too high) detected at line 18
 []


Overfull \vbox (64.5785pt too high) detected at line 18
 []


Overfull \vbox (65.5785pt too high) detected at line 18
 []


Overfull \vbox (66.5785pt too high) detected at line 18
 []


Overfull \vbox (67.5785pt too high) detected at line 18
 []


Overfull \vbox (68.5785pt too high) detected at line 18
 []


Overfull \vbox (69.5785pt too high) detected at line 18
 []


Overfull \vbox (70.5785pt too high) detected at line 18
 []


Overfull \vbox (71.5785pt too high) detected at line 18
 []


Overfull \vbox (72.5785pt too high) detected at line 18
 []


Overfull \vbox (73.5785pt too high) detected at line 18
 []


Overfull \vbox (74.5785pt too high) detected at line 18
 []


Overfull \vbox (75.5785pt too high) detected at line 18
 []


Overfull \vbox (76.5785pt too high) detected at line 18
 []


Overfull \vbox (77.5785pt too high) detected at line 18
 []


Overfull \vbox (78.5785pt too high) detected at line 18
 []


Overfull \vbox (79.5785pt too high) detected at line 18
 []


Overfull \vbox (80.5785pt too high) detected at line 18
 []


Overfull \vbox (81.5785pt too high) detected at line 18
 []


Overfull \vbox (82.5785pt too high) detected at line 18
 []


Overfull \vbox (83.5785pt too high) detected at line 18
 []


Overfull \vbox (84.5785pt too high) detected at line 18
 []


Overfull \vbox (85.5785pt too high) detected at line 18
 []


Overfull \vbox (86.5785pt too high) detected at line 18
 []


Overfull \vbox (87.5785pt too high) detected at line 18
 []


Overfull \vbox (88.5785pt too high) detected at line 18
 []


Overfull \vbox (89.5785pt too high) detected at line 18
 []


Overfull \vbox (90.5785pt too high) detected at line 18
 []


Overfull \vbox (91.5785pt too high) detected at line 18
 []


Overfull \vbox (92.5785pt too high) detected at line 18
 []


Overfull \vbox (93.5785pt too high) detected at line 18
 []


Overfull \vbox (94.5785pt too high) detected at line 18
 []


Overfull \vbox (95.5785pt too high) detected at line 18
 []


Overfull \vbox (96.5785pt too high) detected at line 18
 []


Overfull \vbox (97.5785pt too high) detected at line 18
 []


Overfull \vbox (98.5785pt too high) detected at line 18
 []


Overfull \vbox (99.5785pt too high) detected at line 18
 []


Overfull \vbox (100.5785pt too high) detected at line 18
 []


Overfull \vbox (101.5785pt too high) detected at line 18
 []


Overfull \vbox (102.5785pt too high) detected at line 18
 []


Overfull \vbox (103.5785pt too high) detected at line 18
 []


Overfull \vbox (104.5785pt too high) detected at line 18
 []


Overfull \vbox (105.5785pt too high) detected at line 18
 []


Overfull \vbox (106.5785pt too high) detected at line 18
 []


Overfull \vbox (107.5785pt too high) detected at line 18
 []


Overfull \vbox (108.5785pt too high) detected at line 18
 []


Overfull \vbox (109.5785pt too high) detected at line 18
 []


Overfull \vbox (110.5785pt too high) detected at line 18
 []


Overfull \vbox (111.5785pt too high) detected at line 18
 []


Overfull \vbox (112.5785pt too high) detected at line 18
 []


Overfull \vbox (113.5785pt too high) detected at line 18
 []


Overfull \vbox (114.5785pt too high) detected at line 18
 []


Overfull \vbox (115.5785pt too high) detected at line 18
 []


Overfull \vbox (116.5785pt too high) detected at line 18
 []


Overfull \vbox (117.5785pt too high) detected at line 18
 []


Overfull \vbox (118.5785pt too high) detected at line 18
 []


Overfull \vbox (119.5785pt too high) detected at line 18
 []


Overfull \vbox (120.5785pt too high) detected at line 18
 []


Package mdframed Warning: correct box splittet fails
 It seems you are using a non splittable contents
(mdframed)                 on input line 18.

Package mdframed Info: You first box width is to small
 mdframed fixed it
(mdframed)              on input line 18.


[542

] (./GRAPHICS/THE_MAKEFILE/EXTRACTS/subspaces_GOp_6_2.tex)

[543 <./GRAPHICS/PLESKEN_RING/GOp_6_2_poset_drawing.png>]
(./GRAPHICS/THE_MAKEFILE/EXTRACTS/subspaces_GOp_6_2_draw_Asup.tex)

[544]
Package mdframed Info: mdframed works in twoside mode on input line 38.
 (./GRAPHICS/WRAPPERS/plesken_GOp_6_2_poset_full_lvl_6_Asup_draw.tex
<GRAPHICS/PLESKEN_RING/GOp_6_2_poset_full_lvl_6_Asup_draw.pdf, id=4552, 453.607
67pt x 411.38994pt>
File: GRAPHICS/PLESKEN_RING/GOp_6_2_poset_full_lvl_6_Asup_draw.pdf Graphic file
 (type pdf)
<use GRAPHICS/PLESKEN_RING/GOp_6_2_poset_full_lvl_6_Asup_draw.pdf>
Package pdftex.def Info: GRAPHICS/PLESKEN_RING/GOp_6_2_poset_full_lvl_6_Asup_dr
aw.pdf  used on input line 2.
(pdftex.def)             Requested size: 369.88582pt x 335.46501pt.
)
(./GRAPHICS/THE_MAKEFILE/EXTRACTS/subspaces_GOp_6_2_plesken_ring.tex)

[545 <./GRAPHICS/PLESKEN_RING/GOp_6_2_poset_full_lvl_6_Asup_draw.pdf>]
Package mdframed Info: mdframed works in twoside mode on input line 52.

(./GRAPHICS/WRAPPERS/plesken_GOp_6_2_poset_Pvee.tex
<GRAPHICS/PLESKEN_RING/GOp_6_2_poset_Pvee.png, id=4558, 1169.36874pt x 727.7187
5pt>
File: GRAPHICS/PLESKEN_RING/GOp_6_2_poset_Pvee.png Graphic file (type png)
<use GRAPHICS/PLESKEN_RING/GOp_6_2_poset_Pvee.png>
Package pdftex.def Info: GRAPHICS/PLESKEN_RING/GOp_6_2_poset_Pvee.png  used on 
input line 2.
(pdftex.def)             Requested size: 284.52756pt x 177.06564pt.
)
(./GRAPHICS/THE_MAKEFILE/EXTRACTS/subspaces_GOp_6_2_plesken_ring_evaluate_join.
tex)

[546 <./GRAPHICS/PLESKEN_RING/GOp_6_2_poset_Pvee.png>]
Underfull \vbox (badness 10000) has occurred while \output is active []



[547]
(./GRAPHICS/THE_MAKEFILE/EXTRACTS/subspaces_GOp_6_2_make_pair_relations.tex)

[548])

[549])

[550


]
Chapter 13.
(./C13/chapter.tex (./C13/sec_1.tex
(./GRAPHICS/TABLES/COMMANDS/create_graph_1_ug.tex
Underfull \hbox (badness 10000) in paragraph at lines 53--53
[]|[]\OT1/zi4/m/n/10 -load_adjacency_matrix_from_csv_
 []


Underfull \hbox (badness 10000) in paragraph at lines 53--53
[]|$\OML/zi4/m/n/10 n$ \OT1/cmss/m/n/10 list-of-
 []


Underfull \hbox (badness 10000) in paragraph at lines 53--53
[]|$\OML/zi4/m/n/10 n$ \OT1/cmss/m/n/10 edges-as-
 []

) (./GRAPHICS/TABLES/COMMANDS/create_graph_2_ug.tex)
(./GRAPHICS/THE_MAKEFILE/EXTRACTS/make_graph_from_adjacency_matrix.tex)
(./GRAPHICS/THE_MAKEFILE/EXTRACTS/TRIANGLE_GRAPH.tex)
(./GRAPHICS/THE_MAKEFILE/EXTRACTS/make_triangle_graph.tex)

[551]

[552] (./GRAPHICS/THE_MAKEFILE/EXTRACTS/Cycle_graph_13.tex)

[553] (./GRAPHICS/THE_MAKEFILE/EXTRACTS/Chain_232.tex)
(./GRAPHICS/THE_MAKEFILE/EXTRACTS/Paley_13_graph.tex)
(./GRAPHICS/THE_MAKEFILE/EXTRACTS/Paley_13_graph_complement.tex)
(./GRAPHICS/THE_MAKEFILE/EXTRACTS/Winnie_Li_graph_q16_index2.tex)

[554] (./GRAPHICS/THE_MAKEFILE/EXTRACTS/Sarnak_graph_29_5.tex)
(./GRAPHICS/THE_MAKEFILE/EXTRACTS/Neumaier_graph_16.tex)
(./GRAPHICS/THE_MAKEFILE/EXTRACTS/tritangent_planes_graph.tex)
(./GRAPHICS/THE_MAKEFILE/EXTRACTS/trihedral_pair_graph.tex)

[555] (./GRAPHICS/THE_MAKEFILE/EXTRACTS/small_graph.tex)
Package mdframed Info: mdframed works in twoside mode on input line 155.

(./GRAPHICS/WRAPPERS/a_small_graph.tex
<GRAPHICS/OTHER/a_small_graph.png, id=4618, 163.3603pt x 160.34906pt>
File: GRAPHICS/OTHER/a_small_graph.png Graphic file (type png)
<use GRAPHICS/OTHER/a_small_graph.png>
Package pdftex.def Info: GRAPHICS/OTHER/a_small_graph.png  used on input line 2
.
(pdftex.def)             Requested size: 170.71652pt x 167.56894pt.
)
(./GRAPHICS/THE_MAKEFILE/EXTRACTS/petersen.tex)
(./GRAPHICS/THE_MAKEFILE/EXTRACTS/Johnson_6_2_0.tex)

[556 <./GRAPHICS/OTHER/a_small_graph.png>]
(./GRAPHICS/THE_MAKEFILE/EXTRACTS/Hamming_graph_3.tex)
(./GRAPHICS/THE_MAKEFILE/EXTRACTS/Hamming_graph_7.tex)
(./GRAPHICS/THE_MAKEFILE/EXTRACTS/Op_6_2_coll_graph.tex)
(./GRAPHICS/THE_MAKEFILE/EXTRACTS/HJ_graph.tex)

[557]
(./GRAPHICS/THE_MAKEFILE/EXTRACTS/Group_Perm315_Orbital_3.colored_graph.tex)
(./GRAPHICS/TABLES/COMMANDS/graph_modification_ug.tex)
(./GRAPHICS/THE_MAKEFILE/EXTRACTS/HJ_d2_graph.tex)

[558] (./GRAPHICS/THE_MAKEFILE/EXTRACTS/Cayley_Z11_1mod3.tex)
(./GRAPHICS/THE_MAKEFILE/EXTRACTS/Cayley_Sym4_coxeter.tex)
(./GRAPHICS/THE_MAKEFILE/EXTRACTS/Cayley_Sym4_star.tex)

[559] (./GRAPHICS/THE_MAKEFILE/EXTRACTS/Queens_graph.tex)
(./GRAPHICS/THE_MAKEFILE/EXTRACTS/Op_4_2_affine_polar_graph.tex)
(./GRAPHICS/THE_MAKEFILE/EXTRACTS/Paulus_1.tex)
(./GRAPHICS/THE_MAKEFILE/EXTRACTS/Paulus_15.tex)

[560] (./GRAPHICS/THE_MAKEFILE/EXTRACTS/GOLAY_24_CODE_PROJECTIVE.tex)
(./GRAPHICS/THE_MAKEFILE/EXTRACTS/GOLAY_24_CODE_AUT_GENS.tex)

[561] (./GRAPHICS/THE_MAKEFILE/EXTRACTS/Higman_Sims_graph.tex)

[562]

[563])

[564] (./C13/sec_2.tex
(./GRAPHICS/TABLES/COMMANDS/graph_theoretic_activities_1_ug.tex
Overfull \hbox (5.46126pt too wide) in paragraph at lines 47--47
[]|\OT1/cmss/m/n/10 fname[]reps[]csv
 []


Underfull \hbox (badness 10000) in paragraph at lines 47--47
[]|\OT1/cmss/m/n/10 fname[]reps
 []


Overfull \hbox (13.35019pt too wide) in paragraph at lines 47--47
\OT1/cmss/m/n/10 tion[]fname[]mask| 
 []

) (./GRAPHICS/TABLES/COMMANDS/graph_theoretic_activities_2_ug.tex)
(./GRAPHICS/THE_MAKEFILE/EXTRACTS/triangle_graph_properties.tex)
(./GRAPHICS/THE_MAKEFILE/EXTRACTS/Hamming_graph_7_drg.tex)
(./GRAPHICS/THE_MAKEFILE/EXTRACTS/Johnson_8_3_2_drg.tex)

[565

]

[566] (./GRAPHICS/THE_MAKEFILE/EXTRACTS/Cycle_13_draw.tex)
(./GRAPHICS/THE_MAKEFILE/EXTRACTS/Cycle_9_eigenvalues.tex)

[567]
Package mdframed Info: mdframed works in twoside mode on input line 74.
 (./GRAPHICS/LATEX/eigenvalues_Cycle_9.tex)
Underfull \hbox (badness 10000) in paragraph at lines 26--74

 []

(./GRAPHICS/THE_MAKEFILE/EXTRACTS/Paley_13_draw.tex)

[568]
(./GRAPHICS/THE_MAKEFILE/EXTRACTS/Cayley_Z11_1mod3_eigenvalues_and_draw.tex)
Package mdframed Info: mdframed works in twoside mode on input line 97.

(./GRAPHICS/WRAPPERS/graph_Cayley_Z11_1_and_3.tex
<GRAPHICS/GRAPHS/cayley_mod11_1mod3.png, id=4706, 595.22375pt x 583.17876pt>
File: GRAPHICS/GRAPHS/cayley_mod11_1mod3.png Graphic file (type png)
<use GRAPHICS/GRAPHS/cayley_mod11_1mod3.png>
Package pdftex.def Info: GRAPHICS/GRAPHS/cayley_mod11_1mod3.png  used on input 
line 2.
(pdftex.def)             Requested size: 227.62204pt x 223.0162pt.
)

Package mdframed Warning: You got a bad break
(mdframed)                because the last box will be empty
(mdframed)                you have to change it manually
(mdframed)                by changing the text, the space
(mdframed)                or something else on input line 97.


Overfull \vbox (17.36633pt too high) detected at line 97
 []

Package mdframed Info: Box was splittet wrong
 starting loop to iterate the splitting point
(mdframed)              on input line 97.

Overfull \vbox (18.36633pt too high) detected at line 97
 []


Overfull \vbox (19.36633pt too high) detected at line 97
 []


Overfull \vbox (20.36633pt too high) detected at line 97
 []


Overfull \vbox (21.36633pt too high) detected at line 97
 []


Overfull \vbox (22.36633pt too high) detected at line 97
 []


Overfull \vbox (23.36633pt too high) detected at line 97
 []


Overfull \vbox (24.36633pt too high) detected at line 97
 []


Overfull \vbox (25.36633pt too high) detected at line 97
 []


Overfull \vbox (26.36633pt too high) detected at line 97
 []


Overfull \vbox (27.36633pt too high) detected at line 97
 []


Overfull \vbox (28.36633pt too high) detected at line 97
 []


Overfull \vbox (29.36633pt too high) detected at line 97
 []


Overfull \vbox (30.36633pt too high) detected at line 97
 []


Overfull \vbox (31.36633pt too high) detected at line 97
 []


Overfull \vbox (32.36633pt too high) detected at line 97
 []


Overfull \vbox (33.36633pt too high) detected at line 97
 []


Overfull \vbox (34.36633pt too high) detected at line 97
 []


Overfull \vbox (35.36633pt too high) detected at line 97
 []


Overfull \vbox (36.36633pt too high) detected at line 97
 []


Overfull \vbox (37.36633pt too high) detected at line 97
 []


Overfull \vbox (38.36633pt too high) detected at line 97
 []


Overfull \vbox (39.36633pt too high) detected at line 97
 []


Overfull \vbox (40.36633pt too high) detected at line 97
 []


Overfull \vbox (41.36633pt too high) detected at line 97
 []


Overfull \vbox (42.36633pt too high) detected at line 97
 []


Overfull \vbox (43.36633pt too high) detected at line 97
 []


Overfull \vbox (44.36633pt too high) detected at line 97
 []


Overfull \vbox (45.36633pt too high) detected at line 97
 []


Overfull \vbox (46.36633pt too high) detected at line 97
 []


Overfull \vbox (47.36633pt too high) detected at line 97
 []


Overfull \vbox (48.36633pt too high) detected at line 97
 []


Overfull \vbox (49.36633pt too high) detected at line 97
 []


Overfull \vbox (50.36633pt too high) detected at line 97
 []


Overfull \vbox (51.36633pt too high) detected at line 97
 []


Overfull \vbox (52.36633pt too high) detected at line 97
 []


Overfull \vbox (53.36633pt too high) detected at line 97
 []


Overfull \vbox (54.36633pt too high) detected at line 97
 []


Overfull \vbox (55.36633pt too high) detected at line 97
 []


Overfull \vbox (56.36633pt too high) detected at line 97
 []


Overfull \vbox (57.36633pt too high) detected at line 97
 []


Overfull \vbox (58.36633pt too high) detected at line 97
 []


Overfull \vbox (59.36633pt too high) detected at line 97
 []


Overfull \vbox (60.36633pt too high) detected at line 97
 []


Overfull \vbox (61.36633pt too high) detected at line 97
 []


Overfull \vbox (62.36633pt too high) detected at line 97
 []


Overfull \vbox (63.36633pt too high) detected at line 97
 []


Overfull \vbox (64.36633pt too high) detected at line 97
 []


Overfull \vbox (65.36633pt too high) detected at line 97
 []


Overfull \vbox (66.36633pt too high) detected at line 97
 []


Overfull \vbox (67.36633pt too high) detected at line 97
 []


Overfull \vbox (68.36633pt too high) detected at line 97
 []


Overfull \vbox (69.36633pt too high) detected at line 97
 []


Overfull \vbox (70.36633pt too high) detected at line 97
 []


Overfull \vbox (71.36633pt too high) detected at line 97
 []


Overfull \vbox (72.36633pt too high) detected at line 97
 []


Overfull \vbox (73.36633pt too high) detected at line 97
 []


Overfull \vbox (74.36633pt too high) detected at line 97
 []


Overfull \vbox (75.36633pt too high) detected at line 97
 []


Overfull \vbox (76.36633pt too high) detected at line 97
 []


Overfull \vbox (77.36633pt too high) detected at line 97
 []


Overfull \vbox (78.36633pt too high) detected at line 97
 []


Overfull \vbox (79.36633pt too high) detected at line 97
 []


Overfull \vbox (80.36633pt too high) detected at line 97
 []


Overfull \vbox (81.36633pt too high) detected at line 97
 []


Overfull \vbox (82.36633pt too high) detected at line 97
 []


Overfull \vbox (83.36633pt too high) detected at line 97
 []


Overfull \vbox (84.36633pt too high) detected at line 97
 []


Overfull \vbox (85.36633pt too high) detected at line 97
 []


Overfull \vbox (86.36633pt too high) detected at line 97
 []


Overfull \vbox (87.36633pt too high) detected at line 97
 []


Overfull \vbox (88.36633pt too high) detected at line 97
 []


Overfull \vbox (89.36633pt too high) detected at line 97
 []


Overfull \vbox (90.36633pt too high) detected at line 97
 []


Overfull \vbox (91.36633pt too high) detected at line 97
 []


Overfull \vbox (92.36633pt too high) detected at line 97
 []


Overfull \vbox (93.36633pt too high) detected at line 97
 []


Overfull \vbox (94.36633pt too high) detected at line 97
 []


Overfull \vbox (95.36633pt too high) detected at line 97
 []


Overfull \vbox (96.36633pt too high) detected at line 97
 []


Overfull \vbox (97.36633pt too high) detected at line 97
 []


Overfull \vbox (98.36633pt too high) detected at line 97
 []


Overfull \vbox (99.36633pt too high) detected at line 97
 []


Overfull \vbox (100.36633pt too high) detected at line 97
 []


Overfull \vbox (101.36633pt too high) detected at line 97
 []


Overfull \vbox (102.36633pt too high) detected at line 97
 []


Overfull \vbox (103.36633pt too high) detected at line 97
 []


Overfull \vbox (104.36633pt too high) detected at line 97
 []


Overfull \vbox (105.36633pt too high) detected at line 97
 []


Overfull \vbox (106.36633pt too high) detected at line 97
 []


Overfull \vbox (107.36633pt too high) detected at line 97
 []


Overfull \vbox (108.36633pt too high) detected at line 97
 []


Overfull \vbox (109.36633pt too high) detected at line 97
 []


Overfull \vbox (110.36633pt too high) detected at line 97
 []


Overfull \vbox (111.36633pt too high) detected at line 97
 []


Overfull \vbox (112.36633pt too high) detected at line 97
 []


Overfull \vbox (113.36633pt too high) detected at line 97
 []


Overfull \vbox (114.36633pt too high) detected at line 97
 []


Overfull \vbox (115.36633pt too high) detected at line 97
 []


Overfull \vbox (116.36633pt too high) detected at line 97
 []


Overfull \vbox (117.36633pt too high) detected at line 97
 []


Overfull \vbox (118.36633pt too high) detected at line 97
 []


Package mdframed Warning: correct box splittet fails
 It seems you are using a non splittable contents
(mdframed)                 on input line 97.

Package mdframed Info: You first box width is to small
 mdframed fixed it
(mdframed)              on input line 97.


[569] (./GRAPHICS/THE_MAKEFILE/EXTRACTS/Cayley_Sym5_coxeter_draw.tex)
Package mdframed Info: mdframed works in twoside mode on input line 104.

(./GRAPHICS/WRAPPERS/graph_Cayley_Sym5_Coxeter.tex
<GRAPHICS/GRAPHS/sym5_coxeter.png, id=4711, 552.0625pt x 540.0175pt>
File: GRAPHICS/GRAPHS/sym5_coxeter.png Graphic file (type png)
<use GRAPHICS/GRAPHS/sym5_coxeter.png>
Package pdftex.def Info: GRAPHICS/GRAPHS/sym5_coxeter.png  used on input line 2
.
(pdftex.def)             Requested size: 256.0748pt x 250.49577pt.
)
Overfull \vbox (153.74525pt too high) detected at line 104
 []

Package mdframed Info: Box was splittet wrong
 starting loop to iterate the splitting point
(mdframed)              on input line 104.

Overfull \vbox (154.74525pt too high) detected at line 104
 []


Overfull \vbox (155.74525pt too high) detected at line 104
 []


Overfull \vbox (156.74525pt too high) detected at line 104
 []


Overfull \vbox (157.74525pt too high) detected at line 104
 []


Overfull \vbox (158.74525pt too high) detected at line 104
 []


Overfull \vbox (159.74525pt too high) detected at line 104
 []


Overfull \vbox (160.74525pt too high) detected at line 104
 []


Overfull \vbox (161.74525pt too high) detected at line 104
 []


Overfull \vbox (162.74525pt too high) detected at line 104
 []


Overfull \vbox (163.74525pt too high) detected at line 104
 []


Overfull \vbox (164.74525pt too high) detected at line 104
 []


Overfull \vbox (165.74525pt too high) detected at line 104
 []


Overfull \vbox (166.74525pt too high) detected at line 104
 []


Overfull \vbox (167.74525pt too high) detected at line 104
 []


Overfull \vbox (168.74525pt too high) detected at line 104
 []


Overfull \vbox (169.74525pt too high) detected at line 104
 []


Overfull \vbox (170.74525pt too high) detected at line 104
 []


Overfull \vbox (171.74525pt too high) detected at line 104
 []


Overfull \vbox (172.74525pt too high) detected at line 104
 []


Overfull \vbox (173.74525pt too high) detected at line 104
 []


Overfull \vbox (174.74525pt too high) detected at line 104
 []


Overfull \vbox (175.74525pt too high) detected at line 104
 []


Overfull \vbox (176.74525pt too high) detected at line 104
 []


Overfull \vbox (177.74525pt too high) detected at line 104
 []


Overfull \vbox (178.74525pt too high) detected at line 104
 []


Overfull \vbox (179.74525pt too high) detected at line 104
 []


Overfull \vbox (180.74525pt too high) detected at line 104
 []


Overfull \vbox (181.74525pt too high) detected at line 104
 []


Overfull \vbox (182.74525pt too high) detected at line 104
 []


Overfull \vbox (183.74525pt too high) detected at line 104
 []


Overfull \vbox (184.74525pt too high) detected at line 104
 []


Overfull \vbox (185.74525pt too high) detected at line 104
 []


Overfull \vbox (186.74525pt too high) detected at line 104
 []


Overfull \vbox (187.74525pt too high) detected at line 104
 []


Overfull \vbox (188.74525pt too high) detected at line 104
 []


Overfull \vbox (189.74525pt too high) detected at line 104
 []


Overfull \vbox (190.74525pt too high) detected at line 104
 []


Overfull \vbox (191.74525pt too high) detected at line 104
 []


Overfull \vbox (192.74525pt too high) detected at line 104
 []


Overfull \vbox (193.74525pt too high) detected at line 104
 []


Overfull \vbox (194.74525pt too high) detected at line 104
 []


Overfull \vbox (195.74525pt too high) detected at line 104
 []


Overfull \vbox (196.74525pt too high) detected at line 104
 []


Overfull \vbox (197.74525pt too high) detected at line 104
 []


Overfull \vbox (198.74525pt too high) detected at line 104
 []


Overfull \vbox (199.74525pt too high) detected at line 104
 []


Overfull \vbox (200.74525pt too high) detected at line 104
 []


Overfull \vbox (201.74525pt too high) detected at line 104
 []


Overfull \vbox (202.74525pt too high) detected at line 104
 []


Overfull \vbox (203.74525pt too high) detected at line 104
 []


Overfull \vbox (204.74525pt too high) detected at line 104
 []


Overfull \vbox (205.74525pt too high) detected at line 104
 []


Overfull \vbox (206.74525pt too high) detected at line 104
 []


Overfull \vbox (207.74525pt too high) detected at line 104
 []


Overfull \vbox (208.74525pt too high) detected at line 104
 []


Overfull \vbox (209.74525pt too high) detected at line 104
 []


Overfull \vbox (210.74525pt too high) detected at line 104
 []


Overfull \vbox (211.74525pt too high) detected at line 104
 []


Overfull \vbox (212.74525pt too high) detected at line 104
 []


Overfull \vbox (213.74525pt too high) detected at line 104
 []


Overfull \vbox (214.74525pt too high) detected at line 104
 []


Overfull \vbox (215.74525pt too high) detected at line 104
 []


Overfull \vbox (216.74525pt too high) detected at line 104
 []


Overfull \vbox (217.74525pt too high) detected at line 104
 []


Overfull \vbox (218.74525pt too high) detected at line 104
 []


Overfull \vbox (219.74525pt too high) detected at line 104
 []


Overfull \vbox (220.74525pt too high) detected at line 104
 []


Overfull \vbox (221.74525pt too high) detected at line 104
 []


Overfull \vbox (222.74525pt too high) detected at line 104
 []


Overfull \vbox (223.74525pt too high) detected at line 104
 []


Overfull \vbox (224.74525pt too high) detected at line 104
 []


Overfull \vbox (225.74525pt too high) detected at line 104
 []


Overfull \vbox (226.74525pt too high) detected at line 104
 []


Overfull \vbox (227.74525pt too high) detected at line 104
 []


Overfull \vbox (228.74525pt too high) detected at line 104
 []


Overfull \vbox (229.74525pt too high) detected at line 104
 []


Overfull \vbox (230.74525pt too high) detected at line 104
 []


Overfull \vbox (231.74525pt too high) detected at line 104
 []


Overfull \vbox (232.74525pt too high) detected at line 104
 []


Overfull \vbox (233.74525pt too high) detected at line 104
 []


Overfull \vbox (234.74525pt too high) detected at line 104
 []


Overfull \vbox (235.74525pt too high) detected at line 104
 []


Overfull \vbox (236.74525pt too high) detected at line 104
 []


Overfull \vbox (237.74525pt too high) detected at line 104
 []


Overfull \vbox (238.74525pt too high) detected at line 104
 []


Overfull \vbox (239.74525pt too high) detected at line 104
 []


Overfull \vbox (240.74525pt too high) detected at line 104
 []


Overfull \vbox (241.74525pt too high) detected at line 104
 []


Overfull \vbox (242.74525pt too high) detected at line 104
 []


Overfull \vbox (243.74525pt too high) detected at line 104
 []


Overfull \vbox (244.74525pt too high) detected at line 104
 []


Overfull \vbox (245.74525pt too high) detected at line 104
 []


Overfull \vbox (246.74525pt too high) detected at line 104
 []


Overfull \vbox (247.74525pt too high) detected at line 104
 []


Overfull \vbox (248.74525pt too high) detected at line 104
 []


Overfull \vbox (249.74525pt too high) detected at line 104
 []


Overfull \vbox (250.74525pt too high) detected at line 104
 []


Overfull \vbox (251.74525pt too high) detected at line 104
 []


Overfull \vbox (252.74525pt too high) detected at line 104
 []


Overfull \vbox (253.74525pt too high) detected at line 104
 []


Overfull \vbox (254.74525pt too high) detected at line 104
 []


Package mdframed Warning: correct box splittet fails
 It seems you are using a non splittable contents
(mdframed)                 on input line 104.

Package mdframed Info: You first box width is to small
 mdframed fixed it
(mdframed)              on input line 104.


[570 <./GRAPHICS/GRAPHS/cayley_mod11_1mod3.png>]
(./GRAPHICS/THE_MAKEFILE/EXTRACTS/DOILY.tex)
(./GRAPHICS/THE_MAKEFILE/EXTRACTS/PGO_5_2_collinearity_graph.tex)
Underfull \vbox (badness 1062) has occurred while \output is active []



[571 <./GRAPHICS/GRAPHS/sym5_coxeter.png>]
(./GRAPHICS/THE_MAKEFILE/EXTRACTS/Op_4_2_affine_polar_graph_info.tex)
(./GRAPHICS/THE_MAKEFILE/EXTRACTS/Neumaier_16_test_SRG_property.tex)

[572] (./GRAPHICS/THE_MAKEFILE/EXTRACTS/Paulus_1_aut.tex)
(./GRAPHICS/THE_MAKEFILE/EXTRACTS/Paulus_15_aut.tex)
(./GRAPHICS/THE_MAKEFILE/EXTRACTS/PG_3_2_packing_make_group_and_test.tex)

[573]
Underfull \vbox (badness 10000) has occurred while \output is active []



[574] (./GRAPHICS/THE_MAKEFILE/EXTRACTS/Petersen_graph_distance_poset.tex)
(./GRAPHICS/THE_MAKEFILE/EXTRACTS/Petersen_graph_distance_poset_draw.tex)
Package mdframed Info: mdframed works in twoside mode on input line 199.

(./GRAPHICS/WRAPPERS/Petersen_graph_distance_poset_draw.tex
<GRAPHICS/GRAPHS/Johnson_5_2_0_distance_poset_draw.pdf, id=4735, 292.92033pt x 
171.03398pt>
File: GRAPHICS/GRAPHS/Johnson_5_2_0_distance_poset_draw.pdf Graphic file (type 
pdf)
<use GRAPHICS/GRAPHS/Johnson_5_2_0_distance_poset_draw.pdf>
Package pdftex.def Info: GRAPHICS/GRAPHS/Johnson_5_2_0_distance_poset_draw.pdf 
 used on input line 2.
(pdftex.def)             Requested size: 256.0748pt x 149.52647pt.
)
(./GRAPHICS/THE_MAKEFILE/EXTRACTS/Petersen_test_if_distance_regular.tex)

[575 <./GRAPHICS/GRAPHS/Johnson_5_2_0_distance_poset_draw.pdf>]
(./GRAPHICS/THE_MAKEFILE/EXTRACTS/Cayley_Sym5_distance_poset.tex)
Package mdframed Info: mdframed works in twoside mode on input line 218.

(./GRAPHICS/WRAPPERS/Cayley_Sym5_distance_poset.tex
<GRAPHICS/GRAPHS/Cayley_graph_Sym_5_distance_poset_draw.pdf, id=4745, 336.80931
pt x 227.80908pt>
File: GRAPHICS/GRAPHS/Cayley_graph_Sym_5_distance_poset_draw.pdf Graphic file (
type pdf)
<use GRAPHICS/GRAPHS/Cayley_graph_Sym_5_distance_poset_draw.pdf>
Package pdftex.def Info: GRAPHICS/GRAPHS/Cayley_graph_Sym_5_distance_poset_draw
.pdf  used on input line 2.
(pdftex.def)             Requested size: 398.33858pt x 269.44502pt.
)
Overfull \vbox (190.79718pt too high) detected at line 218
 []

Package mdframed Info: Box was splittet wrong
 starting loop to iterate the splitting point
(mdframed)              on input line 218.

Overfull \vbox (191.79718pt too high) detected at line 218
 []


Overfull \vbox (192.79718pt too high) detected at line 218
 []


Overfull \vbox (193.79718pt too high) detected at line 218
 []


Overfull \vbox (194.79718pt too high) detected at line 218
 []


Overfull \vbox (195.79718pt too high) detected at line 218
 []


Overfull \vbox (196.79718pt too high) detected at line 218
 []


Overfull \vbox (197.79718pt too high) detected at line 218
 []


Overfull \vbox (198.79718pt too high) detected at line 218
 []


Overfull \vbox (199.79718pt too high) detected at line 218
 []


Overfull \vbox (200.79718pt too high) detected at line 218
 []


Overfull \vbox (201.79718pt too high) detected at line 218
 []


Overfull \vbox (202.79718pt too high) detected at line 218
 []


Overfull \vbox (203.79718pt too high) detected at line 218
 []


Overfull \vbox (204.79718pt too high) detected at line 218
 []


Overfull \vbox (205.79718pt too high) detected at line 218
 []


Overfull \vbox (206.79718pt too high) detected at line 218
 []


Overfull \vbox (207.79718pt too high) detected at line 218
 []


Overfull \vbox (208.79718pt too high) detected at line 218
 []


Overfull \vbox (209.79718pt too high) detected at line 218
 []


Overfull \vbox (210.79718pt too high) detected at line 218
 []


Overfull \vbox (211.79718pt too high) detected at line 218
 []


Overfull \vbox (212.79718pt too high) detected at line 218
 []


Overfull \vbox (213.79718pt too high) detected at line 218
 []


Overfull \vbox (214.79718pt too high) detected at line 218
 []


Overfull \vbox (215.79718pt too high) detected at line 218
 []


Overfull \vbox (216.79718pt too high) detected at line 218
 []


Overfull \vbox (217.79718pt too high) detected at line 218
 []


Overfull \vbox (218.79718pt too high) detected at line 218
 []


Overfull \vbox (219.79718pt too high) detected at line 218
 []


Overfull \vbox (220.79718pt too high) detected at line 218
 []


Overfull \vbox (221.79718pt too high) detected at line 218
 []


Overfull \vbox (222.79718pt too high) detected at line 218
 []


Overfull \vbox (223.79718pt too high) detected at line 218
 []


Overfull \vbox (224.79718pt too high) detected at line 218
 []


Overfull \vbox (225.79718pt too high) detected at line 218
 []


Overfull \vbox (226.79718pt too high) detected at line 218
 []


Overfull \vbox (227.79718pt too high) detected at line 218
 []


Overfull \vbox (228.79718pt too high) detected at line 218
 []


Overfull \vbox (229.79718pt too high) detected at line 218
 []


Overfull \vbox (230.79718pt too high) detected at line 218
 []


Overfull \vbox (231.79718pt too high) detected at line 218
 []


Overfull \vbox (232.79718pt too high) detected at line 218
 []


Overfull \vbox (233.79718pt too high) detected at line 218
 []


Overfull \vbox (234.79718pt too high) detected at line 218
 []


Overfull \vbox (235.79718pt too high) detected at line 218
 []


Overfull \vbox (236.79718pt too high) detected at line 218
 []


Overfull \vbox (237.79718pt too high) detected at line 218
 []


Overfull \vbox (238.79718pt too high) detected at line 218
 []


Overfull \vbox (239.79718pt too high) detected at line 218
 []


Overfull \vbox (240.79718pt too high) detected at line 218
 []


Overfull \vbox (241.79718pt too high) detected at line 218
 []


Overfull \vbox (242.79718pt too high) detected at line 218
 []


Overfull \vbox (243.79718pt too high) detected at line 218
 []


Overfull \vbox (244.79718pt too high) detected at line 218
 []


Overfull \vbox (245.79718pt too high) detected at line 218
 []


Overfull \vbox (246.79718pt too high) detected at line 218
 []


Overfull \vbox (247.79718pt too high) detected at line 218
 []


Overfull \vbox (248.79718pt too high) detected at line 218
 []


Overfull \vbox (249.79718pt too high) detected at line 218
 []


Overfull \vbox (250.79718pt too high) detected at line 218
 []


Overfull \vbox (251.79718pt too high) detected at line 218
 []


Overfull \vbox (252.79718pt too high) detected at line 218
 []


Overfull \vbox (253.79718pt too high) detected at line 218
 []


Overfull \vbox (254.79718pt too high) detected at line 218
 []


Overfull \vbox (255.79718pt too high) detected at line 218
 []


Overfull \vbox (256.79718pt too high) detected at line 218
 []


Overfull \vbox (257.79718pt too high) detected at line 218
 []


Overfull \vbox (258.79718pt too high) detected at line 218
 []


Overfull \vbox (259.79718pt too high) detected at line 218
 []


Overfull \vbox (260.79718pt too high) detected at line 218
 []


Overfull \vbox (261.79718pt too high) detected at line 218
 []


Overfull \vbox (262.79718pt too high) detected at line 218
 []


Overfull \vbox (263.79718pt too high) detected at line 218
 []


Overfull \vbox (264.79718pt too high) detected at line 218
 []


Overfull \vbox (265.79718pt too high) detected at line 218
 []


Overfull \vbox (266.79718pt too high) detected at line 218
 []


Overfull \vbox (267.79718pt too high) detected at line 218
 []


Overfull \vbox (268.79718pt too high) detected at line 218
 []


Overfull \vbox (269.79718pt too high) detected at line 218
 []


Overfull \vbox (270.79718pt too high) detected at line 218
 []


Overfull \vbox (271.79718pt too high) detected at line 218
 []


Overfull \vbox (272.79718pt too high) detected at line 218
 []


Overfull \vbox (273.79718pt too high) detected at line 218
 []


Overfull \vbox (274.79718pt too high) detected at line 218
 []


Overfull \vbox (275.79718pt too high) detected at line 218
 []


Overfull \vbox (276.79718pt too high) detected at line 218
 []


Overfull \vbox (277.79718pt too high) detected at line 218
 []


Overfull \vbox (278.79718pt too high) detected at line 218
 []


Overfull \vbox (279.79718pt too high) detected at line 218
 []


Overfull \vbox (280.79718pt too high) detected at line 218
 []


Overfull \vbox (281.79718pt too high) detected at line 218
 []


Overfull \vbox (282.79718pt too high) detected at line 218
 []


Overfull \vbox (283.79718pt too high) detected at line 218
 []


Overfull \vbox (284.79718pt too high) detected at line 218
 []


Overfull \vbox (285.79718pt too high) detected at line 218
 []


Overfull \vbox (286.79718pt too high) detected at line 218
 []


Overfull \vbox (287.79718pt too high) detected at line 218
 []


Overfull \vbox (288.79718pt too high) detected at line 218
 []


Overfull \vbox (289.79718pt too high) detected at line 218
 []


Overfull \vbox (290.79718pt too high) detected at line 218
 []


Overfull \vbox (291.79718pt too high) detected at line 218
 []


Package mdframed Warning: correct box splittet fails
 It seems you are using a non splittable contents
(mdframed)                 on input line 218.

Package mdframed Info: You first box width is to small
 mdframed fixed it
(mdframed)              on input line 218.


[576])

[577 <./GRAPHICS/GRAPHS/Cayley_graph_Sym_5_distance_poset_draw.pdf>]
(./C13/sec_3.tex (./GRAPHICS/TABLES/COMMANDS/graph_classify_ug.tex
Underfull \hbox (badness 1215) in paragraph at lines 25--25
[]|\OT1/cmss/m/n/10 Tournament with-out trans-mit-ter (re-quires
 []

) (./GRAPHICS/TABLES/COMMANDS/graph_classification_activity_ug.tex
Underfull \hbox (badness 10000) in paragraph at lines 21--21
[]|[]\OT1/zi4/m/n/10 -recognize_graphs_from_
 []

) (./GRAPHICS/THE_MAKEFILE/EXTRACTS/graph_classify_5.tex)

[578

]
Package mdframed Info: mdframed works in twoside mode on input line 15.
 (./GRAPHICS/WRAPPERS/graphs_5_transversal.tex
(./GRAPHICS/GRAPHS_5/graphs_v5_rep_5_0.tex)
(./GRAPHICS/GRAPHS_5/graphs_v5_rep_5_1.tex)
(./GRAPHICS/GRAPHS_5/graphs_v5_rep_5_2.tex)
(./GRAPHICS/GRAPHS_5/graphs_v5_rep_5_3.tex)
(./GRAPHICS/GRAPHS_5/graphs_v5_rep_5_4.tex)
(./GRAPHICS/GRAPHS_5/graphs_v5_rep_5_5.tex))
(./GRAPHICS/THE_MAKEFILE/EXTRACTS/tournament_classify_4.tex)

[579]
Package mdframed Info: mdframed works in twoside mode on input line 26.
 (./GRAPHICS/WRAPPERS/tournaments_4_transversal.tex
(./GRAPHICS/TOURNAMENT_4/tournament_4_rep_6_0.tex)
(./GRAPHICS/TOURNAMENT_4/tournament_4_rep_6_1.tex)
(./GRAPHICS/TOURNAMENT_4/tournament_4_rep_6_2.tex)
(./GRAPHICS/TOURNAMENT_4/tournament_4_rep_6_3.tex))
(./GRAPHICS/THE_MAKEFILE/EXTRACTS/graph_classify_8_r3.tex)
Package mdframed Info: mdframed works in twoside mode on input line 37.

(./GRAPHICS/WRAPPERS/graphs_cubic_8_transversal.tex
(./GRAPHICS/GRAPHS_CUBIC_8/graphs_v8_r3_rep_12_0.tex)
(./GRAPHICS/GRAPHS_CUBIC_8/graphs_v8_r3_rep_12_1.tex)
(./GRAPHICS/GRAPHS_CUBIC_8/graphs_v8_r3_rep_12_2.tex)
(./GRAPHICS/GRAPHS_CUBIC_8/graphs_v8_r3_rep_12_3.tex)
(./GRAPHICS/GRAPHS_CUBIC_8/graphs_v8_r3_rep_12_4.tex)
(./GRAPHICS/GRAPHS_CUBIC_8/graphs_v8_r3_rep_12_5.tex))
Underfull \hbox (badness 10000) in paragraph at lines 35--37
[][] [] [] [] []
 []


Overfull \vbox (48.05751pt too high) detected at line 37
 []

Package mdframed Info: Box was splittet wrong
 starting loop to iterate the splitting point
(mdframed)              on input line 37.

Overfull \vbox (49.05751pt too high) detected at line 37
 []


Overfull \vbox (50.05751pt too high) detected at line 37
 []


Overfull \vbox (51.05751pt too high) detected at line 37
 []


Overfull \vbox (52.05751pt too high) detected at line 37
 []


Overfull \vbox (53.05751pt too high) detected at line 37
 []


Overfull \vbox (54.05751pt too high) detected at line 37
 []


Overfull \vbox (55.05751pt too high) detected at line 37
 []


Overfull \vbox (56.05751pt too high) detected at line 37
 []


Overfull \vbox (57.05751pt too high) detected at line 37
 []


Overfull \vbox (58.05751pt too high) detected at line 37
 []


Overfull \vbox (59.05751pt too high) detected at line 37
 []


Overfull \vbox (60.05751pt too high) detected at line 37
 []


Overfull \vbox (61.05751pt too high) detected at line 37
 []


Overfull \vbox (62.05751pt too high) detected at line 37
 []


Overfull \vbox (63.05751pt too high) detected at line 37
 []


Overfull \vbox (64.05751pt too high) detected at line 37
 []


Overfull \vbox (65.05751pt too high) detected at line 37
 []


Overfull \vbox (66.05751pt too high) detected at line 37
 []


Overfull \vbox (67.05751pt too high) detected at line 37
 []


Overfull \vbox (68.05751pt too high) detected at line 37
 []


Overfull \vbox (69.05751pt too high) detected at line 37
 []


Overfull \vbox (70.05751pt too high) detected at line 37
 []


Overfull \vbox (71.05751pt too high) detected at line 37
 []


Overfull \vbox (72.05751pt too high) detected at line 37
 []


Overfull \vbox (73.05751pt too high) detected at line 37
 []


Overfull \vbox (74.05751pt too high) detected at line 37
 []


Overfull \vbox (75.05751pt too high) detected at line 37
 []


Overfull \vbox (76.05751pt too high) detected at line 37
 []


Overfull \vbox (77.05751pt too high) detected at line 37
 []


Overfull \vbox (78.05751pt too high) detected at line 37
 []


Overfull \vbox (79.05751pt too high) detected at line 37
 []


Overfull \vbox (80.05751pt too high) detected at line 37
 []


Overfull \vbox (81.05751pt too high) detected at line 37
 []


Overfull \vbox (82.05751pt too high) detected at line 37
 []


Overfull \vbox (83.05751pt too high) detected at line 37
 []


Overfull \vbox (84.05751pt too high) detected at line 37
 []


Overfull \vbox (85.05751pt too high) detected at line 37
 []


Overfull \vbox (86.05751pt too high) detected at line 37
 []


Overfull \vbox (87.05751pt too high) detected at line 37
 []


Overfull \vbox (88.05751pt too high) detected at line 37
 []


Overfull \vbox (89.05751pt too high) detected at line 37
 []


Overfull \vbox (90.05751pt too high) detected at line 37
 []


Overfull \vbox (91.05751pt too high) detected at line 37
 []


Overfull \vbox (92.05751pt too high) detected at line 37
 []


Overfull \vbox (93.05751pt too high) detected at line 37
 []


Overfull \vbox (94.05751pt too high) detected at line 37
 []


Overfull \vbox (95.05751pt too high) detected at line 37
 []


Overfull \vbox (96.05751pt too high) detected at line 37
 []


Overfull \vbox (97.05751pt too high) detected at line 37
 []


Overfull \vbox (98.05751pt too high) detected at line 37
 []


Overfull \vbox (99.05751pt too high) detected at line 37
 []


Overfull \vbox (100.05751pt too high) detected at line 37
 []


Overfull \vbox (101.05751pt too high) detected at line 37
 []


Overfull \vbox (102.05751pt too high) detected at line 37
 []


Overfull \vbox (103.05751pt too high) detected at line 37
 []


Overfull \vbox (104.05751pt too high) detected at line 37
 []


Overfull \vbox (105.05751pt too high) detected at line 37
 []


Overfull \vbox (106.05751pt too high) detected at line 37
 []


Overfull \vbox (107.05751pt too high) detected at line 37
 []


Overfull \vbox (108.05751pt too high) detected at line 37
 []


Overfull \vbox (109.05751pt too high) detected at line 37
 []


Overfull \vbox (110.05751pt too high) detected at line 37
 []


Overfull \vbox (111.05751pt too high) detected at line 37
 []


Overfull \vbox (112.05751pt too high) detected at line 37
 []


Overfull \vbox (113.05751pt too high) detected at line 37
 []


Overfull \vbox (114.05751pt too high) detected at line 37
 []


Overfull \vbox (115.05751pt too high) detected at line 37
 []


Overfull \vbox (116.05751pt too high) detected at line 37
 []


Overfull \vbox (117.05751pt too high) detected at line 37
 []


Overfull \vbox (118.05751pt too high) detected at line 37
 []


Overfull \vbox (119.05751pt too high) detected at line 37
 []


Overfull \vbox (120.05751pt too high) detected at line 37
 []


Overfull \vbox (121.05751pt too high) detected at line 37
 []


Overfull \vbox (122.05751pt too high) detected at line 37
 []


Overfull \vbox (123.05751pt too high) detected at line 37
 []


Overfull \vbox (124.05751pt too high) detected at line 37
 []


Overfull \vbox (125.05751pt too high) detected at line 37
 []


Overfull \vbox (126.05751pt too high) detected at line 37
 []


Overfull \vbox (127.05751pt too high) detected at line 37
 []


Overfull \vbox (128.05751pt too high) detected at line 37
 []


Overfull \vbox (129.05751pt too high) detected at line 37
 []


Overfull \vbox (130.05751pt too high) detected at line 37
 []


Overfull \vbox (131.05751pt too high) detected at line 37
 []


Overfull \vbox (132.05751pt too high) detected at line 37
 []


Overfull \vbox (133.05751pt too high) detected at line 37
 []


Overfull \vbox (134.05751pt too high) detected at line 37
 []


Overfull \vbox (135.05751pt too high) detected at line 37
 []


Overfull \vbox (136.05751pt too high) detected at line 37
 []


Overfull \vbox (137.05751pt too high) detected at line 37
 []


Overfull \vbox (138.05751pt too high) detected at line 37
 []


Overfull \vbox (139.05751pt too high) detected at line 37
 []


Overfull \vbox (140.05751pt too high) detected at line 37
 []


Overfull \vbox (141.05751pt too high) detected at line 37
 []


Overfull \vbox (142.05751pt too high) detected at line 37
 []


Overfull \vbox (143.05751pt too high) detected at line 37
 []


Overfull \vbox (144.05751pt too high) detected at line 37
 []


Overfull \vbox (145.05751pt too high) detected at line 37
 []


Overfull \vbox (146.05751pt too high) detected at line 37
 []


Overfull \vbox (147.05751pt too high) detected at line 37
 []


Overfull \vbox (148.05751pt too high) detected at line 37
 []


Overfull \vbox (149.05751pt too high) detected at line 37
 []


Package mdframed Warning: correct box splittet fails
 It seems you are using a non splittable contents
(mdframed)                 on input line 37.

Package mdframed Info: You first box width is to small
 mdframed fixed it
(mdframed)              on input line 37.


[580])

[581])

[582


]
Chapter 14.
(./C14/chapter.tex (./C14/sec_1.tex
(./GRAPHICS/TABLES/COMMANDS/design_create_ug.tex
Underfull \hbox (badness 6412) in paragraph at lines 43--43
[]|\OT1/cmss/m/n/10 Select a spo-radic de-sign to be con-
 []


LaTeX Warning: Float too large for page by 4.14035pt on input line 45.

) (./GRAPHICS/TABLES/COMMANDS/design_activity_ug.tex
Underfull \hbox (badness 10000) in paragraph at lines 39--39
[]|\OT1/cmss/m/n/10 label group
 []


Underfull \hbox (badness 10000) in paragraph at lines 39--39
\OT1/cmss/m/n/10 H[]label
 []


Overfull \hbox (2.29466pt too wide) in paragraph at lines 39--39
\OT1/cmss/m/n/10 H[]group[]order
 []


Underfull \hbox (badness 10000) in paragraph at lines 39--39
[]|\OT1/cmss/m/n/10 label group
 []


Underfull \hbox (badness 10000) in paragraph at lines 39--39
\OT1/cmss/m/n/10 fname-
 []


Underfull \hbox (badness 10000) in paragraph at lines 39--39
\OT1/cmss/m/n/10 solutions-in
 []


Underfull \hbox (badness 10000) in paragraph at lines 39--39
\OT1/cmss/m/n/10 fname-
 []


Underfull \hbox (badness 10000) in paragraph at lines 39--39
\OT1/cmss/m/n/10 solutions-out
 []


Underfull \hbox (badness 10000) in paragraph at lines 39--39
[]|\OT1/cmss/m/n/10 label group
 []


Underfull \hbox (badness 10000) in paragraph at lines 39--39
\OT1/cmss/m/n/10 fname-
 []


Underfull \hbox (badness 10000) in paragraph at lines 39--39
\OT1/cmss/m/n/10 solutions-in
 []


Underfull \hbox (badness 10000) in paragraph at lines 39--39
\OT1/cmss/m/n/10 fname-
 []


Underfull \hbox (badness 10000) in paragraph at lines 39--39
\OT1/cmss/m/n/10 solutions-out
 []

) (./GRAPHICS/THE_MAKEFILE/EXTRACTS/design_PG_2_3.tex)

[583]

[584]

[585]
Package mdframed Info: mdframed works in twoside mode on input line 54.
 (./GRAPHICS/LATEX/design_PG_2_3.tex)
Underfull \hbox (badness 10000) in paragraph at lines 57--54

 []

Package mdframed Info: mdframed works in twoside mode on input line 57.
(./GRAPHICS/LATEX/design_PG_2_3_td.tex)
(./GRAPHICS/THE_MAKEFILE/EXTRACTS/wreath_product_designs_n4_k2_inc.txt.tex)
(./GRAPHICS/THE_MAKEFILE/EXTRACTS/wreath_product_designs_n8_k6_inc.txt.tex)

[586] (./GRAPHICS/THE_MAKEFILE/EXTRACTS/design_20.tex)
(./GRAPHICS/THE_MAKEFILE/EXTRACTS/GEO_BLOCKS_600.tex)

[587] (./GRAPHICS/THE_MAKEFILE/EXTRACTS/design_600.tex)
(./GRAPHICS/TABLES/OTHER/lsq5.tex)
(./GRAPHICS/THE_MAKEFILE/EXTRACTS/LSQ_5A_TABLE.tex)
Underfull \vbox (badness 5924) has occurred while \output is active []



[588] (./GRAPHICS/THE_MAKEFILE/EXTRACTS/LSQ_5B_TABLE.tex)
(./GRAPHICS/THE_MAKEFILE/EXTRACTS/LSQ_5A.tex)
(./GRAPHICS/THE_MAKEFILE/EXTRACTS/LSQ_5B.tex)

[589] (./GRAPHICS/THE_MAKEFILE/EXTRACTS/LSQ_5_c.tex)

[590])

[591] (./C14/sec_2.tex (./GRAPHICS/THE_MAKEFILE/EXTRACTS/KM_PGGL_2_32.tex)

[592

]
Package mdframed Info: mdframed works in twoside mode on input line 59.
 (./GRAPHICS/WRAPPERS/KM_PGGL_2_32_KM_7_8_draw.tex
<GRAPHICS/OTHER/KM_PGGL_2_32_KM_7_8_draw.png, id=4838, 1460.45625pt x 481.8pt>
File: GRAPHICS/OTHER/KM_PGGL_2_32_KM_7_8_draw.png Graphic file (type png)
<use GRAPHICS/OTHER/KM_PGGL_2_32_KM_7_8_draw.png>
Package pdftex.def Info: GRAPHICS/OTHER/KM_PGGL_2_32_KM_7_8_draw.png  used on i
nput line 2.
(pdftex.def)             Requested size: 426.79134pt x 140.79176pt.

Overfull \hbox (1.83633pt too wide) detected at line 3
[]
 []

) (./GRAPHICS/THE_MAKEFILE/EXTRACTS/KM_PGGL_2_32_solve.tex)

[593 <./GRAPHICS/OTHER/KM_PGGL_2_32_KM_7_8_draw.png>]
(./GRAPHICS/THE_MAKEFILE/EXTRACTS/GEN_C5.tex)
(./GRAPHICS/THE_MAKEFILE/EXTRACTS/C5_KM_1_3.tex)

[594] (./GRAPHICS/THE_MAKEFILE/EXTRACTS/C5_KM_2_3.tex)
(./GRAPHICS/THE_MAKEFILE/EXTRACTS/C5_concatenate.tex)
(./GRAPHICS/THE_MAKEFILE/EXTRACTS/C5_solve.tex)
Underfull \vbox (badness 10000) has occurred while \output is active []



[595] (./GRAPHICS/THE_MAKEFILE/EXTRACTS/C5_design_classify.tex)

[596] (./GRAPHICS/THE_MAKEFILE/EXTRACTS/Witt_design_on_22_points.tex)

[597])

[598] (./C14/sec_3.tex (./GRAPHICS/TABLES/COMMANDS/large_set_was_ug.tex)
(./GRAPHICS/TABLES/COMMANDS/large_set_was_activity_ug.tex
Underfull \hbox (badness 10000) in paragraph at lines 17--17
[]|[]\OT1/zi4/m/n/10 -normalizer_on_orbits_of_
 []


Underfull \hbox (badness 10000) in paragraph at lines 17--17
[]|\OT1/cmss/m/n/10 l nb[]orbits
 []


Underfull \hbox (badness 10000) in paragraph at lines 17--17
[]|[]\OT1/zi4/m/n/10 -create_graph_on_orbits_
 []

) (./GRAPHICS/THE_MAKEFILE/EXTRACTS/AG_2_3.inc.tex)
Package mdframed Info: mdframed works in twoside mode on input line 30.

(./GRAPHICS/LATEX/file_AG_2_3.tex
Overfull \hbox (46.59239pt too wide) in paragraph at lines 3--3
[]\OT1/zi4/m/n/10 0 1 2 3 12 16 17 18 24 31 32 33 37 40 43 46 49 53 56 59 62 64
 69 71 74 78 80 82 87 89 93 94 99 102 103 107[] 
 []

)

[599

]
Package mdframed Info: Not enough space on this page on input line 30.
 (./GRAPHICS/THE_MAKEFILE/EXTRACTS/AG_2_3_BLOCKS.tex)
(./GRAPHICS/THE_MAKEFILE/EXTRACTS/LS_AG_2_3_design_table_create.tex)
(./GRAPHICS/THE_MAKEFILE/EXTRACTS/AG_2_3_on_designs.tex)
(./GRAPHICS/THE_MAKEFILE/EXTRACTS/LARGE_SET_AG_2_3_NEIGHBOR_SET.tex)

[600] (./GRAPHICS/THE_MAKEFILE/EXTRACTS/AG_2_3_stab_orb_0.tex)
(./GRAPHICS/THE_MAKEFILE/EXTRACTS/AG_2_3_stab_orb_0_Perm840_res192.tex)

[601]
(./GRAPHICS/THE_MAKEFILE/EXTRACTS/LS_AG_2_3_disjoint_sets_graph_and_cliques.tex
) (./GRAPHICS/THE_MAKEFILE/EXTRACTS/LS_AG_2_3_export_large_sets.tex)

[602])

[603] (./C14/sec_4.tex (./GRAPHICS/TABLES/COMMANDS/delandtsheer_doyen_ug.tex
Underfull \hbox (badness 10000) in paragraph at lines 49--49
[]|\OT1/cmss/m/n/10 nb[]row[]types
 []


Underfull \hbox (badness 10000) in paragraph at lines 49--49
[]|\OT1/cmss/m/n/10 nb[]col[]types
 []


Underfull \hbox (badness 1622) in paragraph at lines 49--49
[]|\OT1/cmss/m/n/10 Search for par-tial base-lines. The size
 []


Underfull \hbox (badness 2809) in paragraph at lines 49--49
\OT1/cmss/m/n/10 search[]control data struc-ture, us-ing the
 []

) (./GRAPHICS/THE_MAKEFILE/EXTRACTS/PP4.tex)
(./GRAPHICS/THE_MAKEFILE/EXTRACTS/PP4_GROUP1.tex)
(./GRAPHICS/THE_MAKEFILE/EXTRACTS/PP4_MASK1.tex)
(./GRAPHICS/THE_MAKEFILE/EXTRACTS/DD_PP4.tex)

[604

]

[605] (./GRAPHICS/THE_MAKEFILE/EXTRACTS/DD_PP4_span_design.tex)
(./GRAPHICS/THE_MAKEFILE/EXTRACTS/DD_PP4_design_orbit.tex)

[606])

[607] (./C14/sec_5.tex
(./GRAPHICS/THE_MAKEFILE/EXTRACTS/PRAEGER_DESIGN_45_12_3_GENS.tex)
(./GRAPHICS/THE_MAKEFILE/EXTRACTS/Praeger_design_45_12_3.tex)

[608

] (./GRAPHICS/THE_MAKEFILE/EXTRACTS/Praeger_design_change_values.tex)
(./GRAPHICS/THE_MAKEFILE/EXTRACTS/Praeger_45_12_3_design.tex)

[609] (./GRAPHICS/THE_MAKEFILE/EXTRACTS/Praeger_45_12_3_design_c.tex)

[610]
Package mdframed Info: mdframed works in twoside mode on input line 39.
 (./GRAPHICS/WRAPPERS/praeger_design.tex
<GRAPHICS/PRAEGER/Praeger_object0_INP_flag_orbits_draw.png, id=4929, 1084.05pt 
x 1084.05pt>
File: GRAPHICS/PRAEGER/Praeger_object0_INP_flag_orbits_draw.png Graphic file (t
ype png)
<use GRAPHICS/PRAEGER/Praeger_object0_INP_flag_orbits_draw.png>
Package pdftex.def Info: GRAPHICS/PRAEGER/Praeger_object0_INP_flag_orbits_draw.
png  used on input line 2.
(pdftex.def)             Requested size: 369.88582pt x 369.87889pt.
)
Overfull \vbox (37.91013pt too high) detected at line 39
 []

Package mdframed Info: Box was splittet wrong
 starting loop to iterate the splitting point
(mdframed)              on input line 39.

Overfull \vbox (38.91013pt too high) detected at line 39
 []


Overfull \vbox (39.91013pt too high) detected at line 39
 []


Overfull \vbox (40.91013pt too high) detected at line 39
 []


Overfull \vbox (41.91013pt too high) detected at line 39
 []


Overfull \vbox (42.91013pt too high) detected at line 39
 []


Overfull \vbox (43.91013pt too high) detected at line 39
 []


Overfull \vbox (44.91013pt too high) detected at line 39
 []


Overfull \vbox (45.91013pt too high) detected at line 39
 []


Overfull \vbox (46.91013pt too high) detected at line 39
 []


Overfull \vbox (47.91013pt too high) detected at line 39
 []


Overfull \vbox (48.91013pt too high) detected at line 39
 []


Overfull \vbox (49.91013pt too high) detected at line 39
 []


Overfull \vbox (50.91013pt too high) detected at line 39
 []


Overfull \vbox (51.91013pt too high) detected at line 39
 []


Overfull \vbox (52.91013pt too high) detected at line 39
 []


Overfull \vbox (53.91013pt too high) detected at line 39
 []


Overfull \vbox (54.91013pt too high) detected at line 39
 []


Overfull \vbox (55.91013pt too high) detected at line 39
 []


Overfull \vbox (56.91013pt too high) detected at line 39
 []


Overfull \vbox (57.91013pt too high) detected at line 39
 []


Overfull \vbox (58.91013pt too high) detected at line 39
 []


Overfull \vbox (59.91013pt too high) detected at line 39
 []


Overfull \vbox (60.91013pt too high) detected at line 39
 []


Overfull \vbox (61.91013pt too high) detected at line 39
 []


Overfull \vbox (62.91013pt too high) detected at line 39
 []


Overfull \vbox (63.91013pt too high) detected at line 39
 []


Overfull \vbox (64.91013pt too high) detected at line 39
 []


Overfull \vbox (65.91013pt too high) detected at line 39
 []


Overfull \vbox (66.91013pt too high) detected at line 39
 []


Overfull \vbox (67.91013pt too high) detected at line 39
 []


Overfull \vbox (68.91013pt too high) detected at line 39
 []


Overfull \vbox (69.91013pt too high) detected at line 39
 []


Overfull \vbox (70.91013pt too high) detected at line 39
 []


Overfull \vbox (71.91013pt too high) detected at line 39
 []


Overfull \vbox (72.91013pt too high) detected at line 39
 []


Overfull \vbox (73.91013pt too high) detected at line 39
 []


Overfull \vbox (74.91013pt too high) detected at line 39
 []


Overfull \vbox (75.91013pt too high) detected at line 39
 []


Overfull \vbox (76.91013pt too high) detected at line 39
 []


Overfull \vbox (77.91013pt too high) detected at line 39
 []


Overfull \vbox (78.91013pt too high) detected at line 39
 []


Overfull \vbox (79.91013pt too high) detected at line 39
 []


Overfull \vbox (80.91013pt too high) detected at line 39
 []


Overfull \vbox (81.91013pt too high) detected at line 39
 []


Overfull \vbox (82.91013pt too high) detected at line 39
 []


Overfull \vbox (83.91013pt too high) detected at line 39
 []


Overfull \vbox (84.91013pt too high) detected at line 39
 []


Overfull \vbox (85.91013pt too high) detected at line 39
 []


Overfull \vbox (86.91013pt too high) detected at line 39
 []


Overfull \vbox (87.91013pt too high) detected at line 39
 []


Overfull \vbox (88.91013pt too high) detected at line 39
 []


Overfull \vbox (89.91013pt too high) detected at line 39
 []


Overfull \vbox (90.91013pt too high) detected at line 39
 []


Overfull \vbox (91.91013pt too high) detected at line 39
 []


Overfull \vbox (92.91013pt too high) detected at line 39
 []


Overfull \vbox (93.91013pt too high) detected at line 39
 []


Overfull \vbox (94.91013pt too high) detected at line 39
 []


Overfull \vbox (95.91013pt too high) detected at line 39
 []


Overfull \vbox (96.91013pt too high) detected at line 39
 []


Overfull \vbox (97.91013pt too high) detected at line 39
 []


Overfull \vbox (98.91013pt too high) detected at line 39
 []


Overfull \vbox (99.91013pt too high) detected at line 39
 []


Overfull \vbox (100.91013pt too high) detected at line 39
 []


Overfull \vbox (101.91013pt too high) detected at line 39
 []


Overfull \vbox (102.91013pt too high) detected at line 39
 []


Overfull \vbox (103.91013pt too high) detected at line 39
 []


Overfull \vbox (104.91013pt too high) detected at line 39
 []


Overfull \vbox (105.91013pt too high) detected at line 39
 []


Overfull \vbox (106.91013pt too high) detected at line 39
 []


Overfull \vbox (107.91013pt too high) detected at line 39
 []


Overfull \vbox (108.91013pt too high) detected at line 39
 []


Overfull \vbox (109.91013pt too high) detected at line 39
 []


Overfull \vbox (110.91013pt too high) detected at line 39
 []


Overfull \vbox (111.91013pt too high) detected at line 39
 []


Overfull \vbox (112.91013pt too high) detected at line 39
 []


Overfull \vbox (113.91013pt too high) detected at line 39
 []


Overfull \vbox (114.91013pt too high) detected at line 39
 []


Overfull \vbox (115.91013pt too high) detected at line 39
 []


Overfull \vbox (116.91013pt too high) detected at line 39
 []


Overfull \vbox (117.91013pt too high) detected at line 39
 []


Overfull \vbox (118.91013pt too high) detected at line 39
 []


Overfull \vbox (119.91013pt too high) detected at line 39
 []


Overfull \vbox (120.91013pt too high) detected at line 39
 []


Overfull \vbox (121.91013pt too high) detected at line 39
 []


Overfull \vbox (122.91013pt too high) detected at line 39
 []


Overfull \vbox (123.91013pt too high) detected at line 39
 []


Overfull \vbox (124.91013pt too high) detected at line 39
 []


Overfull \vbox (125.91013pt too high) detected at line 39
 []


Overfull \vbox (126.91013pt too high) detected at line 39
 []


Overfull \vbox (127.91013pt too high) detected at line 39
 []


Overfull \vbox (128.91013pt too high) detected at line 39
 []


Overfull \vbox (129.91013pt too high) detected at line 39
 []


Overfull \vbox (130.91013pt too high) detected at line 39
 []


Overfull \vbox (131.91013pt too high) detected at line 39
 []


Overfull \vbox (132.91013pt too high) detected at line 39
 []


Overfull \vbox (133.91013pt too high) detected at line 39
 []


Overfull \vbox (134.91013pt too high) detected at line 39
 []


Overfull \vbox (135.91013pt too high) detected at line 39
 []


Overfull \vbox (136.91013pt too high) detected at line 39
 []


Overfull \vbox (137.91013pt too high) detected at line 39
 []


Overfull \vbox (138.91013pt too high) detected at line 39
 []


Package mdframed Warning: correct box splittet fails
 It seems you are using a non splittable contents
(mdframed)                 on input line 39.

Package mdframed Info: You first box width is to small
 mdframed fixed it
(mdframed)              on input line 39.


[611])

[612 <./GRAPHICS/PRAEGER/Praeger_object0_INP_flag_orbits_draw.png>])
Chapter 15.
(./C15/chapter.tex (./C15/sec_1.tex
(./GRAPHICS/TABLES/COMMANDS/spread_create_ug.tex
Underfull \hbox (badness 1496) in paragraph at lines 27--27
[]|\OT1/cmss/m/n/10 Define the group act-ing on the spread.
 []


Underfull \hbox (badness 10000) in paragraph at lines 27--27
[]|\OT1/cmss/m/n/10 label-txt
 []

) (./GRAPHICS/TABLES/COMMANDS/spread_activity_ug.tex)
(./GRAPHICS/TABLES/COMMANDS/spread_table_ug.tex)
(./GRAPHICS/TABLES/COMMANDS/spread_table_activity_ug.tex
Underfull \hbox (badness 10000) in paragraph at lines 25--25
[]|\OT1/cmss/m/n/10 spreads-by-
 []


Underfull \hbox (badness 10000) in paragraph at lines 25--25
[]|\OT1/cmss/m/n/10 fname[]in
 []


Underfull \hbox (badness 10000) in paragraph at lines 25--25
\OT1/cmss/m/n/10 fname[]out
 []

) (./GRAPHICS/TABLES/COMMANDS/spread_classify_ug.tex)
(./GRAPHICS/TABLES/COMMANDS/spread_classify_activity_ug.tex
Underfull \hbox (badness 10000) in paragraph at lines 19--19
[]|\OT1/cmss/m/n/10 prefix1 pre-
 []

) (./GRAPHICS/THE_MAKEFILE/EXTRACTS/create_spread_9a.tex)
(./GRAPHICS/THE_MAKEFILE/EXTRACTS/create_spread_9b.tex)

[613


]

[614]

[615] (./GRAPHICS/THE_MAKEFILE/EXTRACTS/SPREAD_SET_27_RAO_RAO.tex)

[616] (./GRAPHICS/THE_MAKEFILE/EXTRACTS/create_spread_Rao_Rao_27.tex)
(./GRAPHICS/THE_MAKEFILE/EXTRACTS/desarguesian_spread_in_PG_3_2.tex)
Underfull \hbox (badness 10000) in paragraph at lines 82--83

 []

Package mdframed Info: mdframed works in twoside mode on input line 83.
(./GRAPHICS/LATEX/desarguesian_spread_PG_3_2.tex)
Underfull \hbox (badness 10000) in paragraph at lines 1--83

 []

Package mdframed Info: Not enough space on this page on input line 83.


[617]
Package mdframed Info: Not enough space on this page on input line 83.
 (./GRAPHICS/THE_MAKEFILE/EXTRACTS/desarguesian_spread_in_PG_5_2.tex)
Package mdframed Info: mdframed works in twoside mode on input line 91.

(./GRAPHICS/LATEX/desarguesian_spread_PG_5_2.tex)
Underfull \hbox (badness 10000) in paragraph at lines 1--91

 []



[618] (./GRAPHICS/THE_MAKEFILE/EXTRACTS/PG_3_2_spread_table.tex)
(./GRAPHICS/TABLES/COMMANDS/isomorph_ug.tex)

[619] (./GRAPHICS/THE_MAKEFILE/EXTRACTS/classify_spreads_16_4.tex)
Package mdframed Info: mdframed works in twoside mode on input line 159.

(./GRAPHICS/WRAPPERS/spreads_16_4_draw.tex
<GRAPHICS/SPREADS/spreads_16_4.png, id=4980, 707.64375pt x 664.4825pt>
File: GRAPHICS/SPREADS/spreads_16_4.png Graphic file (type png)
<use GRAPHICS/SPREADS/spreads_16_4.png>
Package pdftex.def Info: GRAPHICS/SPREADS/spreads_16_4.png  used on input line 
2.
(pdftex.def)             Requested size: 398.33858pt x 374.04424pt.
)
Overfull \vbox (292.83307pt too high) detected at line 159
 []

Package mdframed Info: Box was splittet wrong
 starting loop to iterate the splitting point
(mdframed)              on input line 159.

Overfull \vbox (293.83307pt too high) detected at line 159
 []


Overfull \vbox (294.83307pt too high) detected at line 159
 []


Overfull \vbox (295.83307pt too high) detected at line 159
 []


Overfull \vbox (296.83307pt too high) detected at line 159
 []


Overfull \vbox (297.83307pt too high) detected at line 159
 []


Overfull \vbox (298.83307pt too high) detected at line 159
 []


Overfull \vbox (299.83307pt too high) detected at line 159
 []


Overfull \vbox (300.83307pt too high) detected at line 159
 []


Overfull \vbox (301.83307pt too high) detected at line 159
 []


Overfull \vbox (302.83307pt too high) detected at line 159
 []


Overfull \vbox (303.83307pt too high) detected at line 159
 []


Overfull \vbox (304.83307pt too high) detected at line 159
 []


Overfull \vbox (305.83307pt too high) detected at line 159
 []


Overfull \vbox (306.83307pt too high) detected at line 159
 []


Overfull \vbox (307.83307pt too high) detected at line 159
 []


Overfull \vbox (308.83307pt too high) detected at line 159
 []


Overfull \vbox (309.83307pt too high) detected at line 159
 []


Overfull \vbox (310.83307pt too high) detected at line 159
 []


Overfull \vbox (311.83307pt too high) detected at line 159
 []


Overfull \vbox (312.83307pt too high) detected at line 159
 []


Overfull \vbox (313.83307pt too high) detected at line 159
 []


Overfull \vbox (314.83307pt too high) detected at line 159
 []


Overfull \vbox (315.83307pt too high) detected at line 159
 []


Overfull \vbox (316.83307pt too high) detected at line 159
 []


Overfull \vbox (317.83307pt too high) detected at line 159
 []


Overfull \vbox (318.83307pt too high) detected at line 159
 []


Overfull \vbox (319.83307pt too high) detected at line 159
 []


Overfull \vbox (320.83307pt too high) detected at line 159
 []


Overfull \vbox (321.83307pt too high) detected at line 159
 []


Overfull \vbox (322.83307pt too high) detected at line 159
 []


Overfull \vbox (323.83307pt too high) detected at line 159
 []


Overfull \vbox (324.83307pt too high) detected at line 159
 []


Overfull \vbox (325.83307pt too high) detected at line 159
 []


Overfull \vbox (326.83307pt too high) detected at line 159
 []


Overfull \vbox (327.83307pt too high) detected at line 159
 []


Overfull \vbox (328.83307pt too high) detected at line 159
 []


Overfull \vbox (329.83307pt too high) detected at line 159
 []


Overfull \vbox (330.83307pt too high) detected at line 159
 []


Overfull \vbox (331.83307pt too high) detected at line 159
 []


Overfull \vbox (332.83307pt too high) detected at line 159
 []


Overfull \vbox (333.83307pt too high) detected at line 159
 []


Overfull \vbox (334.83307pt too high) detected at line 159
 []


Overfull \vbox (335.83307pt too high) detected at line 159
 []


Overfull \vbox (336.83307pt too high) detected at line 159
 []


Overfull \vbox (337.83307pt too high) detected at line 159
 []


Overfull \vbox (338.83307pt too high) detected at line 159
 []


Overfull \vbox (339.83307pt too high) detected at line 159
 []


Overfull \vbox (340.83307pt too high) detected at line 159
 []


Overfull \vbox (341.83307pt too high) detected at line 159
 []


Overfull \vbox (342.83307pt too high) detected at line 159
 []


Overfull \vbox (343.83307pt too high) detected at line 159
 []


Overfull \vbox (344.83307pt too high) detected at line 159
 []


Overfull \vbox (345.83307pt too high) detected at line 159
 []


Overfull \vbox (346.83307pt too high) detected at line 159
 []


Overfull \vbox (347.83307pt too high) detected at line 159
 []


Overfull \vbox (348.83307pt too high) detected at line 159
 []


Overfull \vbox (349.83307pt too high) detected at line 159
 []


Overfull \vbox (350.83307pt too high) detected at line 159
 []


Overfull \vbox (351.83307pt too high) detected at line 159
 []


Overfull \vbox (352.83307pt too high) detected at line 159
 []


Overfull \vbox (353.83307pt too high) detected at line 159
 []


Overfull \vbox (354.83307pt too high) detected at line 159
 []


Overfull \vbox (355.83307pt too high) detected at line 159
 []


Overfull \vbox (356.83307pt too high) detected at line 159
 []


Overfull \vbox (357.83307pt too high) detected at line 159
 []


Overfull \vbox (358.83307pt too high) detected at line 159
 []


Overfull \vbox (359.83307pt too high) detected at line 159
 []


Overfull \vbox (360.83307pt too high) detected at line 159
 []


Overfull \vbox (361.83307pt too high) detected at line 159
 []


Overfull \vbox (362.83307pt too high) detected at line 159
 []


Overfull \vbox (363.83307pt too high) detected at line 159
 []


Overfull \vbox (364.83307pt too high) detected at line 159
 []


Overfull \vbox (365.83307pt too high) detected at line 159
 []


Overfull \vbox (366.83307pt too high) detected at line 159
 []


Overfull \vbox (367.83307pt too high) detected at line 159
 []


Overfull \vbox (368.83307pt too high) detected at line 159
 []


Overfull \vbox (369.83307pt too high) detected at line 159
 []


Overfull \vbox (370.83307pt too high) detected at line 159
 []


Overfull \vbox (371.83307pt too high) detected at line 159
 []


Overfull \vbox (372.83307pt too high) detected at line 159
 []


Overfull \vbox (373.83307pt too high) detected at line 159
 []


Overfull \vbox (374.83307pt too high) detected at line 159
 []


Overfull \vbox (375.83307pt too high) detected at line 159
 []


Overfull \vbox (376.83307pt too high) detected at line 159
 []


Overfull \vbox (377.83307pt too high) detected at line 159
 []


Overfull \vbox (378.83307pt too high) detected at line 159
 []


Overfull \vbox (379.83307pt too high) detected at line 159
 []


Overfull \vbox (380.83307pt too high) detected at line 159
 []


Overfull \vbox (381.83307pt too high) detected at line 159
 []


Overfull \vbox (382.83307pt too high) detected at line 159
 []


Overfull \vbox (383.83307pt too high) detected at line 159
 []


Overfull \vbox (384.83307pt too high) detected at line 159
 []


Overfull \vbox (385.83307pt too high) detected at line 159
 []


Overfull \vbox (386.83307pt too high) detected at line 159
 []


Overfull \vbox (387.83307pt too high) detected at line 159
 []


Overfull \vbox (388.83307pt too high) detected at line 159
 []


Overfull \vbox (389.83307pt too high) detected at line 159
 []


Overfull \vbox (390.83307pt too high) detected at line 159
 []


Overfull \vbox (391.83307pt too high) detected at line 159
 []


Overfull \vbox (392.83307pt too high) detected at line 159
 []


Overfull \vbox (393.83307pt too high) detected at line 159
 []


Package mdframed Warning: correct box splittet fails
 It seems you are using a non splittable contents
(mdframed)                 on input line 159.

Package mdframed Info: You first box width is to small
 mdframed fixed it
(mdframed)              on input line 159.


[620]

[621]
Package mdframed Info: mdframed works in twoside mode on input line 167.
 (./GRAPHICS/LATEX/partial_spreads_PG_3_4.tex
Underfull \hbox (badness 10000) in paragraph at lines 4--5

 []


Underfull \hbox (badness 10000) in paragraph at lines 39--46

 []


Underfull \hbox (badness 10000) in paragraph at lines 47--48

 []


Underfull \hbox (badness 10000) in paragraph at lines 126--137

 []


Underfull \hbox (badness 10000) in paragraph at lines 138--139

 []

)
Underfull \hbox (badness 10000) in paragraph at lines 205--167

 []



[622 <./GRAPHICS/SPREADS/spreads_16_4.png>]

[623]
(./GRAPHICS/THE_MAKEFILE/EXTRACTS/classify_spreads_25_starter_lift_case_0.tex)

[624] (./GRAPHICS/THE_MAKEFILE/EXTRACTS/spreads_25_starter_0_cliques.tex)
(./GRAPHICS/THE_MAKEFILE/EXTRACTS/classify_spreads_25_starter_lift_all_cases.te
x)

[625] (./GRAPHICS/THE_MAKEFILE/EXTRACTS/spreads_25_starter_cliques.tex)
(./GRAPHICS/THE_MAKEFILE/EXTRACTS/classify_spreads_25_isomorph.tex)

[626]

[627])

[628] (./C15/sec_2.tex
(./GRAPHICS/TABLES/COMMANDS/translation_plane_activity_ug.tex)
(./GRAPHICS/THE_MAKEFILE/EXTRACTS/create_translation_plane_9b.tex)

[629

]
Package mdframed Info: mdframed works in twoside mode on input line 25.
 (./GRAPHICS/WRAPPERS/plane_catalogue_q3_k2_1_incma_draw.tex
<GRAPHICS/TRANSLATION_PLANES/plane_catalogue_q3_k2_1_incma_draw.png, id=5033, 4
11.03563pt x 411.03563pt>
File: GRAPHICS/TRANSLATION_PLANES/plane_catalogue_q3_k2_1_incma_draw.png Graphi
c file (type png)
<use GRAPHICS/TRANSLATION_PLANES/plane_catalogue_q3_k2_1_incma_draw.png>
Package pdftex.def Info: GRAPHICS/TRANSLATION_PLANES/plane_catalogue_q3_k2_1_in
cma_draw.png  used on input line 2.
(pdftex.def)             Requested size: 256.0748pt x 256.07501pt.
)
(./GRAPHICS/THE_MAKEFILE/EXTRACTS/create_translation_plane_16_4_0.tex)

[630 <./GRAPHICS/TRANSLATION_PLANES/plane_catalogue_q3_k2_1_incma_draw.png>]
(./GRAPHICS/THE_MAKEFILE/EXTRACTS/create_translation_plane_16_2_0.tex)
(./GRAPHICS/THE_MAKEFILE/EXTRACTS/RREF_plane_16_2_0_rank_of_incma.tex)

[631] (./GRAPHICS/THE_MAKEFILE/EXTRACTS/create_translation_plane_27_Rao_Rao.tex
) (./GRAPHICS/THE_MAKEFILE/EXTRACTS/RREF_Rao_Rao_plane_incma_rank.tex)

[632] (./GRAPHICS/THE_MAKEFILE/EXTRACTS/translation_plane_27_4_orbits.tex))

[633] (./C15/sec_3.tex (./GRAPHICS/TABLES/COMMANDS/packing_was_ug.tex)
(./GRAPHICS/TABLES/COMMANDS/packing_classify_ug.tex)
(./GRAPHICS/TABLES/COMMANDS/packing_was_activity_ug.tex)
(./GRAPHICS/TABLES/COMMANDS/packing_was_fixpoints_activity_ug.tex
Underfull \hbox (badness 10000) in paragraph at lines 15--15
[]|\OT1/cmss/m/n/10 fname1
 []

) (./GRAPHICS/TABLES/COMMANDS/packing_long_orbits_description_ug.tex)
(./GRAPHICS/THE_MAKEFILE/EXTRACTS/PG_3_3_spread_table.tex)

[634

]

[635] (./GRAPHICS/THE_MAKEFILE/EXTRACTS/spread_table_PG_3_5_regular.tex)
(./GRAPHICS/THE_MAKEFILE/EXTRACTS/PGL_4_3_classes.tex)

[636] (./GRAPHICS/THE_MAKEFILE/EXTRACTS/PGL_4_3_CLASS_5A_REP.tex)
(./GRAPHICS/THE_MAKEFILE/EXTRACTS/PGL_4_3_CLASS_5A_N_GENS.tex)
(./GRAPHICS/THE_MAKEFILE/EXTRACTS/PG_3_3_assume_5_graph.tex)

[637] (./GRAPHICS/THE_MAKEFILE/EXTRACTS/PG_3_3_assume_5_fpc0_lo_cliques.tex)
(./GRAPHICS/THE_MAKEFILE/EXTRACTS/PG_3_3_assume_5_fpc1_lo_cliques.tex)

[638] (./GRAPHICS/THE_MAKEFILE/EXTRACTS/PG_3_3_assume_5_fpc2_lo_cliques.tex)
(./GRAPHICS/THE_MAKEFILE/EXTRACTS/PG_3_3_assume_5_read_solution.tex)

[639] (./GRAPHICS/THE_MAKEFILE/EXTRACTS/PG_3_3_assume_5_packings_classify.tex)

[640])

[641] (./C15/sec_4.tex (./GRAPHICS/TABLES/COMMANDS/BLT_set_create_ug.tex)
(./GRAPHICS/TABLES/GENERAL/BLT_set_families_ug.tex)
(./GRAPHICS/TABLES/COMMANDS/blt_set_activity_ug.tex)
(./GRAPHICS/TABLES/COMMANDS/blt_set_classify_ug.tex)

[642

] (./GRAPHICS/TABLES/COMMANDS/blt_set_classify_activity_ug.tex)
(./GRAPHICS/THE_MAKEFILE/EXTRACTS/BLT_5_1.tex)

[643] (./GRAPHICS/THE_MAKEFILE/EXTRACTS/BLT_5_1_export_gap.tex)
Package mdframed Info: mdframed works in twoside mode on input line 71.

(./GRAPHICS/LATEX/BLT_5_1_fining_export.tex)

[644] (./GRAPHICS/THE_MAKEFILE/EXTRACTS/BLT_11_0.tex)
(./GRAPHICS/THE_MAKEFILE/EXTRACTS/BLT_11_Mondello.tex)

[645]
Package mdframed Info: mdframed works in twoside mode on input line 86.
 (./GRAPHICS/LATEX/BLT_mondello.tex
Underfull \hbox (badness 10000) in paragraph at lines 3--5

 []


Underfull \hbox (badness 10000) in paragraph at lines 25--28

 []


Underfull \hbox (badness 10000) in paragraph at lines 44--49

 []

)
Underfull \hbox (badness 10000) in paragraph at lines 66--86

 []



[646] (./GRAPHICS/THE_MAKEFILE/EXTRACTS/BLT_13_deep_search.tex)
(./GRAPHICS/THE_MAKEFILE/EXTRACTS/BLT_13_classify_starter.tex)

[647] (./GRAPHICS/THE_MAKEFILE/EXTRACTS/BLT_13_cliques.tex)
(./GRAPHICS/THE_MAKEFILE/EXTRACTS/BLT_13_isomorph_read_DB.tex)

[648] (./GRAPHICS/THE_MAKEFILE/EXTRACTS/BLT_13_isomorph_read_solutions.tex)
(./GRAPHICS/THE_MAKEFILE/EXTRACTS/BLT_13_isomorph_stabilizer_orbits.tex)

[649] (./GRAPHICS/THE_MAKEFILE/EXTRACTS/BLT_13_isomorph_testing.tex)

[650] (./GRAPHICS/THE_MAKEFILE/EXTRACTS/blt_set_export_gap_all.tex))

[651])

[652


]
Chapter 16.
(./C16/chapter.tex (./C16/sec_1.tex
(./GRAPHICS/TABLES/COMMANDS/clique_finder_control_ug.tex)
(./GRAPHICS/THE_MAKEFILE/EXTRACTS/small_graph_cliques.tex)

[653] (./GRAPHICS/THE_MAKEFILE/EXTRACTS/Paley_13_aut.tex)
(./GRAPHICS/THE_MAKEFILE/EXTRACTS/Paley_13_cliques_classify.tex)

[654] (./GRAPHICS/THE_MAKEFILE/EXTRACTS/Paley_13_cliques_all.tex)
(./GRAPHICS/THE_MAKEFILE/EXTRACTS/HJ64_cliques5.tex)
(./GRAPHICS/THE_MAKEFILE/EXTRACTS/HJ64_cliques5_classify.tex)

[655] (./GRAPHICS/THE_MAKEFILE/EXTRACTS/PGO_5_2_cliques.tex)
(./GRAPHICS/THE_MAKEFILE/EXTRACTS/Doily_disjoint_sets_graph_cliques_5.tex)

[656])

[657] (./C16/sec_2.tex
(./GRAPHICS/THE_MAKEFILE/EXTRACTS/BLT_11_classify_starter.tex)
(./GRAPHICS/THE_MAKEFILE/EXTRACTS/BLT_11_clique_0.tex)
(./GRAPHICS/THE_MAKEFILE/EXTRACTS/BLT_11_clique_0_Sajeeb.tex)

[658

] (./GRAPHICS/THE_MAKEFILE/EXTRACTS/BLT_11_0_sort.tex)
(./GRAPHICS/THE_MAKEFILE/EXTRACTS/BLT_11_0_sorted_draw.tex)
Package mdframed Info: mdframed works in twoside mode on input line 51.

(./GRAPHICS/WRAPPERS/BLT_11_0_sorted_draw.tex
<GRAPHICS/BLT/BLT_q11_graph_5_0_sorted_draw.pdf, id=5234, 271.6278pt x 266.4735
4pt>
File: GRAPHICS/BLT/BLT_q11_graph_5_0_sorted_draw.pdf Graphic file (type pdf)
<use GRAPHICS/BLT/BLT_q11_graph_5_0_sorted_draw.pdf>
Package pdftex.def Info: GRAPHICS/BLT/BLT_q11_graph_5_0_sorted_draw.pdf  used o
n input line 2.
(pdftex.def)             Requested size: 284.52756pt x 279.1305pt.
)

[659])

[660 <./GRAPHICS/BLT/BLT_q11_graph_5_0_sorted_draw.pdf>] (./C16/sec_3.tex
(./GRAPHICS/TABLES/COMMANDS/diophant_create_ug.tex
Underfull \hbox (badness 1960) in paragraph at lines 37--37
\OT1/cmss/m/n/10 the RHS is at most three. Ex-am-ple:
 []


Underfull \hbox (badness 2865) in paragraph at lines 37--37
[]|$\OML/zi4/m/n/10 s$ $d$ \OT1/cmss/m/n/10 se-cants
 []

) (./GRAPHICS/TABLES/COMMANDS/diophant_activity_ug.tex)
(./GRAPHICS/THE_MAKEFILE/EXTRACTS/TEST_SYSTEM.tex)
(./GRAPHICS/THE_MAKEFILE/EXTRACTS/solve_test_system.tex)
(./GRAPHICS/THE_MAKEFILE/EXTRACTS/McKay_test.tex)

[661

]

[662]

[663] (./GRAPHICS/THE_MAKEFILE/EXTRACTS/DLX_test.tex))

[664])
Chapter 17.
(./C17/chapter.tex (./C17/sec_1.tex
(./GRAPHICS/TABLES/COMMANDS/canonical_form_classifier_ug.tex)
(./GRAPHICS/TABLES/COMMANDS/classification_of_objects_ug.tex)
(./GRAPHICS/TABLES/COMMANDS/nauty_control_ug.tex))

[665


]

[666]

[667] (./C17/sec_2.tex (./GRAPHICS/THE_MAKEFILE/EXTRACTS/quadrangles_PG_2_2.tex
) (./GRAPHICS/THE_MAKEFILE/EXTRACTS/BARTH_SEXTIC_MOD_11_SINGULAR_POINTS.tex)

[668

] (./GRAPHICS/THE_MAKEFILE/EXTRACTS/Barth_mod_11_singular_pts_c.tex)

[669] (./GRAPHICS/THE_MAKEFILE/EXTRACTS/NB_CUBIC_SURFACES_Q13.tex)
(./GRAPHICS/THE_MAKEFILE/EXTRACTS/quartic_curves_q13_classify_nauty.tex)

[670]

[671]
Package mdframed Info: mdframed works in twoside mode on input line 91.
 (./GRAPHICS/LATEX/quartics_q13_orbits.tex
Underfull \hbox (badness 10000) in paragraph at lines 3--8

 []


Underfull \hbox (badness 10000) in paragraph at lines 57--105

 []

)
(./GRAPHICS/THE_MAKEFILE/EXTRACTS/quartic_curves_q13_filter_isomorphism_reps.te
x)
Underfull \vbox (badness 2229) has occurred while \output is active []



[672] (./GRAPHICS/THE_MAKEFILE/EXTRACTS/quartic_curves_q13_tally_ago.tex)
(./GRAPHICS/THE_MAKEFILE/EXTRACTS/EC_canon.tex)

[673]
Package mdframed Info: mdframed works in twoside mode on input line 131.
 (./GRAPHICS/LATEX/nauty_stab_EC.tex)
(./GRAPHICS/THE_MAKEFILE/EXTRACTS/HIRSCHFELD_SURFACE_EQUATION_ALGEBRAIC_FORM.te
x) (./GRAPHICS/THE_MAKEFILE/EXTRACTS/Hirschfeld_q4_c.tex)

[674]

[675] (./GRAPHICS/THE_MAKEFILE/EXTRACTS/HIRSCHFELD_SURFACE_Q4_SET_OF_POINTS.tex
) (./GRAPHICS/THE_MAKEFILE/EXTRACTS/Hirschfeld_q4_set_c.tex)

[676] (./GRAPHICS/THE_MAKEFILE/EXTRACTS/HYPEROVAL_16_16320.tex)
(./GRAPHICS/THE_MAKEFILE/EXTRACTS/HYPEROVAL_16_144.tex)
(./GRAPHICS/THE_MAKEFILE/EXTRACTS/hyperoval_16_canonical_form.tex)

[677] (./GRAPHICS/THE_MAKEFILE/EXTRACTS/Dickson_sets_stabilizer.tex)
Underfull \vbox (badness 5533) has occurred while \output is active []



[678] (./GRAPHICS/THE_MAKEFILE/EXTRACTS/ovoid_q8_canon.tex)

[679] (./GRAPHICS/THE_MAKEFILE/EXTRACTS/ovoid_ST_q8_canon.tex)

[680] (./GRAPHICS/THE_MAKEFILE/EXTRACTS/SUZUKI_8_GENERATORS.tex)
(./GRAPHICS/THE_MAKEFILE/EXTRACTS/Suzuki_8.tex)
Underfull \vbox (badness 5578) has occurred while \output is active []



[681] (./GRAPHICS/THE_MAKEFILE/EXTRACTS/Veronese_1_3_q7_c.tex)

[682]
Package mdframed Info: mdframed works in twoside mode on input line 242.
 (./GRAPHICS/LATEX/Veronese_1_3_q7_c_points.tex)
Package mdframed Info: mdframed works in twoside mode on input line 247.

(./GRAPHICS/LATEX/Veronese_1_3_q7_c_auto.tex
Underfull \hbox (badness 10000) in paragraph at lines 1--38

 []

)
Underfull \hbox (badness 10000) in paragraph at lines 40--247

 []

Package mdframed Info: Box was splittet wrong
 starting loop to iterate the splitting point
(mdframed)              on input line 247.


[683]
Package mdframed Info: mdframed works in twoside mode on input line 258.
 (./GRAPHICS/LATEX/Veronese_1_3_q7_c_TDO.tex
Underfull \hbox (badness 10000) in paragraph at lines 1--2

 []

))

[684] (./C17/sec_3.tex (./GRAPHICS/TABLES/COMMANDS/draw_bitmap_control_ug.tex
Underfull \hbox (badness 10000) in paragraph at lines 31--31
[]|\OT1/cmss/m/n/10 csv-file
 []

) (./GRAPHICS/TABLES/COMMANDS/draw_incidence_structure_description_ug.tex)
(./GRAPHICS/THE_MAKEFILE/EXTRACTS/geo_7_3_c.tex)

[685

]

[686]
Package mdframed Info: mdframed works in twoside mode on input line 84.
 (./GRAPHICS/WRAPPERS/7_3_object0_INP_flag_orbits_draw.tex
<GRAPHICS/CONF/7_3_object0_INP_flag_orbits_draw.png, id=5385, 168.63pt x 168.63
pt>
File: GRAPHICS/CONF/7_3_object0_INP_flag_orbits_draw.png Graphic file (type png
)
<use GRAPHICS/CONF/7_3_object0_INP_flag_orbits_draw.png>
Package pdftex.def Info: GRAPHICS/CONF/7_3_object0_INP_flag_orbits_draw.png  us
ed on input line 2.
(pdftex.def)             Requested size: 142.26378pt x 142.26576pt.
)
Overfull \vbox (74.297pt too high) detected at line 84
 []

Package mdframed Info: Box was splittet wrong
 starting loop to iterate the splitting point
(mdframed)              on input line 84.

Overfull \vbox (75.297pt too high) detected at line 84
 []


Overfull \vbox (76.297pt too high) detected at line 84
 []


Overfull \vbox (77.297pt too high) detected at line 84
 []


Overfull \vbox (78.297pt too high) detected at line 84
 []


Overfull \vbox (79.297pt too high) detected at line 84
 []


Overfull \vbox (80.297pt too high) detected at line 84
 []


Overfull \vbox (81.297pt too high) detected at line 84
 []


Overfull \vbox (82.297pt too high) detected at line 84
 []


Overfull \vbox (83.297pt too high) detected at line 84
 []


Overfull \vbox (84.297pt too high) detected at line 84
 []


Overfull \vbox (85.297pt too high) detected at line 84
 []


Overfull \vbox (86.297pt too high) detected at line 84
 []


Overfull \vbox (87.297pt too high) detected at line 84
 []


Overfull \vbox (88.297pt too high) detected at line 84
 []


Overfull \vbox (89.297pt too high) detected at line 84
 []


Overfull \vbox (90.297pt too high) detected at line 84
 []


Overfull \vbox (91.297pt too high) detected at line 84
 []


Overfull \vbox (92.297pt too high) detected at line 84
 []


Overfull \vbox (93.297pt too high) detected at line 84
 []


Overfull \vbox (94.297pt too high) detected at line 84
 []


Overfull \vbox (95.297pt too high) detected at line 84
 []


Overfull \vbox (96.297pt too high) detected at line 84
 []


Overfull \vbox (97.297pt too high) detected at line 84
 []


Overfull \vbox (98.297pt too high) detected at line 84
 []


Overfull \vbox (99.297pt too high) detected at line 84
 []


Overfull \vbox (100.297pt too high) detected at line 84
 []


Overfull \vbox (101.297pt too high) detected at line 84
 []


Overfull \vbox (102.297pt too high) detected at line 84
 []


Overfull \vbox (103.297pt too high) detected at line 84
 []


Overfull \vbox (104.297pt too high) detected at line 84
 []


Overfull \vbox (105.297pt too high) detected at line 84
 []


Overfull \vbox (106.297pt too high) detected at line 84
 []


Overfull \vbox (107.297pt too high) detected at line 84
 []


Overfull \vbox (108.297pt too high) detected at line 84
 []


Overfull \vbox (109.297pt too high) detected at line 84
 []


Overfull \vbox (110.297pt too high) detected at line 84
 []


Overfull \vbox (111.297pt too high) detected at line 84
 []


Overfull \vbox (112.297pt too high) detected at line 84
 []


Overfull \vbox (113.297pt too high) detected at line 84
 []


Overfull \vbox (114.297pt too high) detected at line 84
 []


Overfull \vbox (115.297pt too high) detected at line 84
 []


Overfull \vbox (116.297pt too high) detected at line 84
 []


Overfull \vbox (117.297pt too high) detected at line 84
 []


Overfull \vbox (118.297pt too high) detected at line 84
 []


Overfull \vbox (119.297pt too high) detected at line 84
 []


Overfull \vbox (120.297pt too high) detected at line 84
 []


Overfull \vbox (121.297pt too high) detected at line 84
 []


Overfull \vbox (122.297pt too high) detected at line 84
 []


Overfull \vbox (123.297pt too high) detected at line 84
 []


Overfull \vbox (124.297pt too high) detected at line 84
 []


Overfull \vbox (125.297pt too high) detected at line 84
 []


Overfull \vbox (126.297pt too high) detected at line 84
 []


Overfull \vbox (127.297pt too high) detected at line 84
 []


Overfull \vbox (128.297pt too high) detected at line 84
 []


Overfull \vbox (129.297pt too high) detected at line 84
 []


Overfull \vbox (130.297pt too high) detected at line 84
 []


Overfull \vbox (131.297pt too high) detected at line 84
 []


Overfull \vbox (132.297pt too high) detected at line 84
 []


Overfull \vbox (133.297pt too high) detected at line 84
 []


Overfull \vbox (134.297pt too high) detected at line 84
 []


Overfull \vbox (135.297pt too high) detected at line 84
 []


Overfull \vbox (136.297pt too high) detected at line 84
 []


Overfull \vbox (137.297pt too high) detected at line 84
 []


Overfull \vbox (138.297pt too high) detected at line 84
 []


Overfull \vbox (139.297pt too high) detected at line 84
 []


Overfull \vbox (140.297pt too high) detected at line 84
 []


Overfull \vbox (141.297pt too high) detected at line 84
 []


Overfull \vbox (142.297pt too high) detected at line 84
 []


Overfull \vbox (143.297pt too high) detected at line 84
 []


Overfull \vbox (144.297pt too high) detected at line 84
 []


Overfull \vbox (145.297pt too high) detected at line 84
 []


Overfull \vbox (146.297pt too high) detected at line 84
 []


Overfull \vbox (147.297pt too high) detected at line 84
 []


Overfull \vbox (148.297pt too high) detected at line 84
 []


Overfull \vbox (149.297pt too high) detected at line 84
 []


Overfull \vbox (150.297pt too high) detected at line 84
 []


Overfull \vbox (151.297pt too high) detected at line 84
 []


Overfull \vbox (152.297pt too high) detected at line 84
 []


Overfull \vbox (153.297pt too high) detected at line 84
 []


Overfull \vbox (154.297pt too high) detected at line 84
 []


Overfull \vbox (155.297pt too high) detected at line 84
 []


Overfull \vbox (156.297pt too high) detected at line 84
 []


Overfull \vbox (157.297pt too high) detected at line 84
 []


Overfull \vbox (158.297pt too high) detected at line 84
 []


Overfull \vbox (159.297pt too high) detected at line 84
 []


Overfull \vbox (160.297pt too high) detected at line 84
 []


Overfull \vbox (161.297pt too high) detected at line 84
 []


Overfull \vbox (162.297pt too high) detected at line 84
 []


Overfull \vbox (163.297pt too high) detected at line 84
 []


Overfull \vbox (164.297pt too high) detected at line 84
 []


Overfull \vbox (165.297pt too high) detected at line 84
 []


Overfull \vbox (166.297pt too high) detected at line 84
 []


Overfull \vbox (167.297pt too high) detected at line 84
 []


Overfull \vbox (168.297pt too high) detected at line 84
 []


Overfull \vbox (169.297pt too high) detected at line 84
 []


Overfull \vbox (170.297pt too high) detected at line 84
 []


Overfull \vbox (171.297pt too high) detected at line 84
 []


Overfull \vbox (172.297pt too high) detected at line 84
 []


Overfull \vbox (173.297pt too high) detected at line 84
 []


Overfull \vbox (174.297pt too high) detected at line 84
 []


Overfull \vbox (175.297pt too high) detected at line 84
 []


Package mdframed Warning: correct box splittet fails
 It seems you are using a non splittable contents
(mdframed)                 on input line 84.

Package mdframed Info: You first box width is to small
 mdframed fixed it
(mdframed)              on input line 84.


[687]
Package mdframed Info: mdframed works in twoside mode on input line 87.
 (./GRAPHICS/LATEX/canon_7_3.tex
Underfull \hbox (badness 10000) in paragraph at lines 9--11

 []


Underfull \hbox (badness 10000) in paragraph at lines 12--152

 []


Underfull \hbox (badness 10000) in paragraph at lines 154--271

 []


Underfull \hbox (badness 10000) in paragraph at lines 275--278

 []

)

[688 <./GRAPHICS/CONF/7_3_object0_INP_flag_orbits_draw.png>]
(./GRAPHICS/THE_MAKEFILE/EXTRACTS/AG_2_3_c.tex)

[689]
Package mdframed Info: mdframed works in twoside mode on input line 99.
 (./GRAPHICS/WRAPPERS/AG_2_3_object0_INP_flag_orbits_draw.tex
<GRAPHICS/CONF/AG_2_3_object0_INP_flag_orbits_draw.png, id=5400, 361.35pt x 271
.0125pt>
File: GRAPHICS/CONF/AG_2_3_object0_INP_flag_orbits_draw.png Graphic file (type 
png)
<use GRAPHICS/CONF/AG_2_3_object0_INP_flag_orbits_draw.png>
Package pdftex.def Info: GRAPHICS/CONF/AG_2_3_object0_INP_flag_orbits_draw.png 
 used on input line 2.
(pdftex.def)             Requested size: 170.71652pt x 128.03754pt.
)
Package mdframed Info: mdframed works in twoside mode on input line 106.

(./GRAPHICS/LATEX/canon_AG_2_3.tex
Underfull \hbox (badness 10000) in paragraph at lines 9--11

 []


Underfull \hbox (badness 10000) in paragraph at lines 12--202

 []


Underfull \hbox (badness 10000) in paragraph at lines 204--205

 []


Underfull \hbox (badness 10000) in paragraph at lines 222--586

 []


Underfull \hbox (badness 10000) in paragraph at lines 590--593

 []

)
Underfull \vbox (badness 1810) has occurred while \output is active []



[690 <./GRAPHICS/CONF/AG_2_3_object0_INP_flag_orbits_draw.png>]
Package mdframed Info: Not enough space on this page on input line 106.


[691] (./GRAPHICS/THE_MAKEFILE/EXTRACTS/geo_10_3_c.tex)

[692]
Package mdframed Info: mdframed works in twoside mode on input line 135.
 (./GRAPHICS/10_3/10_3_report_truncated.tex
Underfull \hbox (badness 10000) in paragraph at lines 18--20

 []


Underfull \hbox (badness 10000) in paragraph at lines 21--183

 []


Underfull \hbox (badness 10000) in paragraph at lines 185--502

 []


Underfull \hbox (badness 10000) in paragraph at lines 503--665

 []

)
Underfull \hbox (badness 10000) in paragraph at lines 667--135

 []

Package mdframed Info: You first box width is to small
 mdframed fixed it
(mdframed)              on input line 135.


[693]

[694]

[695]
Package mdframed Info: mdframed works in twoside mode on input line 141.
 (./GRAPHICS/WRAPPERS/10_3.tex
<GRAPHICS/10_3/10_3.png, id=5431, 647.41875pt x 271.0125pt>
File: GRAPHICS/10_3/10_3.png Graphic file (type png)
<use GRAPHICS/10_3/10_3.png>
Package pdftex.def Info: GRAPHICS/10_3/10_3.png  used on input line 2.
(pdftex.def)             Requested size: 398.33858pt x 166.74818pt.
)
(./GRAPHICS/THE_MAKEFILE/EXTRACTS/geo_15_3_c_filter72.tex)

[696 <./GRAPHICS/10_3/10_3.png>]
(./GRAPHICS/THE_MAKEFILE/EXTRACTS/geo_15_3_filtered_c.tex)

[697] (./GRAPHICS/THE_MAKEFILE/EXTRACTS/FILE_24_3_TFC_INC.tex)
(./GRAPHICS/THE_MAKEFILE/EXTRACTS/TFC_24_3_c.tex)

[698]
Package mdframed Info: mdframed works in twoside mode on input line 185.
 (./GRAPHICS/WRAPPERS/24_3_TFC_object2_TDA_flag_orbits_draw.tex
<GRAPHICS/CONF/24_3_TFC_object2_TDA_flag_orbits_draw.png, id=5448, 722.7pt x 72
2.7pt>
File: GRAPHICS/CONF/24_3_TFC_object2_TDA_flag_orbits_draw.png Graphic file (typ
e png)
<use GRAPHICS/CONF/24_3_TFC_object2_TDA_flag_orbits_draw.png>
Package pdftex.def Info: GRAPHICS/CONF/24_3_TFC_object2_TDA_flag_orbits_draw.pn
g  used on input line 2.
(pdftex.def)             Requested size: 227.62204pt x 227.61862pt.
)

[699 <./GRAPHICS/CONF/24_3_TFC_object2_TDA_flag_orbits_draw.png>]
(./GRAPHICS/THE_MAKEFILE/EXTRACTS/geo_LSQ6_c.tex)

[700]
Package mdframed Info: mdframed works in twoside mode on input line 196.
 (./GRAPHICS/WRAPPERS/Latin_squares_order_6_drawings.tex
<GRAPHICS/LSQ_6/LSQ6.png, id=5457, 1939.245pt x 2707.11375pt>
File: GRAPHICS/LSQ_6/LSQ6.png Graphic file (type png)
<use GRAPHICS/LSQ_6/LSQ6.png>
Package pdftex.def Info: GRAPHICS/LSQ_6/LSQ6.png  used on input line 2.
(pdftex.def)             Requested size: 398.33858pt x 556.0359pt.
)
Overfull \vbox (241.06714pt too high) detected at line 196
 []

Package mdframed Info: Box was splittet wrong
 starting loop to iterate the splitting point
(mdframed)              on input line 196.

Overfull \vbox (242.06714pt too high) detected at line 196
 []


Overfull \vbox (243.06714pt too high) detected at line 196
 []


Overfull \vbox (244.06714pt too high) detected at line 196
 []


Overfull \vbox (245.06714pt too high) detected at line 196
 []


Overfull \vbox (246.06714pt too high) detected at line 196
 []


Overfull \vbox (247.06714pt too high) detected at line 196
 []


Overfull \vbox (248.06714pt too high) detected at line 196
 []


Overfull \vbox (249.06714pt too high) detected at line 196
 []


Overfull \vbox (250.06714pt too high) detected at line 196
 []


Overfull \vbox (251.06714pt too high) detected at line 196
 []


Overfull \vbox (252.06714pt too high) detected at line 196
 []


Overfull \vbox (253.06714pt too high) detected at line 196
 []


Overfull \vbox (254.06714pt too high) detected at line 196
 []


Overfull \vbox (255.06714pt too high) detected at line 196
 []


Overfull \vbox (256.06714pt too high) detected at line 196
 []


Overfull \vbox (257.06714pt too high) detected at line 196
 []


Overfull \vbox (258.06714pt too high) detected at line 196
 []


Overfull \vbox (259.06714pt too high) detected at line 196
 []


Overfull \vbox (260.06714pt too high) detected at line 196
 []


Overfull \vbox (261.06714pt too high) detected at line 196
 []


Overfull \vbox (262.06714pt too high) detected at line 196
 []


Overfull \vbox (263.06714pt too high) detected at line 196
 []


Overfull \vbox (264.06714pt too high) detected at line 196
 []


Overfull \vbox (265.06714pt too high) detected at line 196
 []


Overfull \vbox (266.06714pt too high) detected at line 196
 []


Overfull \vbox (267.06714pt too high) detected at line 196
 []


Overfull \vbox (268.06714pt too high) detected at line 196
 []


Overfull \vbox (269.06714pt too high) detected at line 196
 []


Overfull \vbox (270.06714pt too high) detected at line 196
 []


Overfull \vbox (271.06714pt too high) detected at line 196
 []


Overfull \vbox (272.06714pt too high) detected at line 196
 []


Overfull \vbox (273.06714pt too high) detected at line 196
 []


Overfull \vbox (274.06714pt too high) detected at line 196
 []


Overfull \vbox (275.06714pt too high) detected at line 196
 []


Overfull \vbox (276.06714pt too high) detected at line 196
 []


Overfull \vbox (277.06714pt too high) detected at line 196
 []


Overfull \vbox (278.06714pt too high) detected at line 196
 []


Overfull \vbox (279.06714pt too high) detected at line 196
 []


Overfull \vbox (280.06714pt too high) detected at line 196
 []


Overfull \vbox (281.06714pt too high) detected at line 196
 []


Overfull \vbox (282.06714pt too high) detected at line 196
 []


Overfull \vbox (283.06714pt too high) detected at line 196
 []


Overfull \vbox (284.06714pt too high) detected at line 196
 []


Overfull \vbox (285.06714pt too high) detected at line 196
 []


Overfull \vbox (286.06714pt too high) detected at line 196
 []


Overfull \vbox (287.06714pt too high) detected at line 196
 []


Overfull \vbox (288.06714pt too high) detected at line 196
 []


Overfull \vbox (289.06714pt too high) detected at line 196
 []


Overfull \vbox (290.06714pt too high) detected at line 196
 []


Overfull \vbox (291.06714pt too high) detected at line 196
 []


Overfull \vbox (292.06714pt too high) detected at line 196
 []


Overfull \vbox (293.06714pt too high) detected at line 196
 []


Overfull \vbox (294.06714pt too high) detected at line 196
 []


Overfull \vbox (295.06714pt too high) detected at line 196
 []


Overfull \vbox (296.06714pt too high) detected at line 196
 []


Overfull \vbox (297.06714pt too high) detected at line 196
 []


Overfull \vbox (298.06714pt too high) detected at line 196
 []


Overfull \vbox (299.06714pt too high) detected at line 196
 []


Overfull \vbox (300.06714pt too high) detected at line 196
 []


Overfull \vbox (301.06714pt too high) detected at line 196
 []


Overfull \vbox (302.06714pt too high) detected at line 196
 []


Overfull \vbox (303.06714pt too high) detected at line 196
 []


Overfull \vbox (304.06714pt too high) detected at line 196
 []


Overfull \vbox (305.06714pt too high) detected at line 196
 []


Overfull \vbox (306.06714pt too high) detected at line 196
 []


Overfull \vbox (307.06714pt too high) detected at line 196
 []


Overfull \vbox (308.06714pt too high) detected at line 196
 []


Overfull \vbox (309.06714pt too high) detected at line 196
 []


Overfull \vbox (310.06714pt too high) detected at line 196
 []


Overfull \vbox (311.06714pt too high) detected at line 196
 []


Overfull \vbox (312.06714pt too high) detected at line 196
 []


Overfull \vbox (313.06714pt too high) detected at line 196
 []


Overfull \vbox (314.06714pt too high) detected at line 196
 []


Overfull \vbox (315.06714pt too high) detected at line 196
 []


Overfull \vbox (316.06714pt too high) detected at line 196
 []


Overfull \vbox (317.06714pt too high) detected at line 196
 []


Overfull \vbox (318.06714pt too high) detected at line 196
 []


Overfull \vbox (319.06714pt too high) detected at line 196
 []


Overfull \vbox (320.06714pt too high) detected at line 196
 []


Overfull \vbox (321.06714pt too high) detected at line 196
 []


Overfull \vbox (322.06714pt too high) detected at line 196
 []


Overfull \vbox (323.06714pt too high) detected at line 196
 []


Overfull \vbox (324.06714pt too high) detected at line 196
 []


Overfull \vbox (325.06714pt too high) detected at line 196
 []


Overfull \vbox (326.06714pt too high) detected at line 196
 []


Overfull \vbox (327.06714pt too high) detected at line 196
 []


Overfull \vbox (328.06714pt too high) detected at line 196
 []


Overfull \vbox (329.06714pt too high) detected at line 196
 []


Overfull \vbox (330.06714pt too high) detected at line 196
 []


Overfull \vbox (331.06714pt too high) detected at line 196
 []


Overfull \vbox (332.06714pt too high) detected at line 196
 []


Overfull \vbox (333.06714pt too high) detected at line 196
 []


Overfull \vbox (334.06714pt too high) detected at line 196
 []


Overfull \vbox (335.06714pt too high) detected at line 196
 []


Overfull \vbox (336.06714pt too high) detected at line 196
 []


Overfull \vbox (337.06714pt too high) detected at line 196
 []


Overfull \vbox (338.06714pt too high) detected at line 196
 []


Overfull \vbox (339.06714pt too high) detected at line 196
 []


Overfull \vbox (340.06714pt too high) detected at line 196
 []


Overfull \vbox (341.06714pt too high) detected at line 196
 []


Overfull \vbox (342.06714pt too high) detected at line 196
 []


Package mdframed Warning: correct box splittet fails
 It seems you are using a non splittable contents
(mdframed)                 on input line 196.

Package mdframed Info: You first box width is to small
 mdframed fixed it
(mdframed)              on input line 196.


[701])

[702 <./GRAPHICS/LSQ_6/LSQ6.png>] (./C17/sec_4.tex
(./GRAPHICS/THE_MAKEFILE/EXTRACTS/design_PG_2_3_canonical.tex)
Underfull \vbox (badness 1264) has occurred while \output is active []



[703

] (./GRAPHICS/THE_MAKEFILE/EXTRACTS/wreath_product_designs_n4_k2_c.tex)
(./GRAPHICS/THE_MAKEFILE/EXTRACTS/wreath_product_designs_n8_k6_c.tex)

[704] (./GRAPHICS/THE_MAKEFILE/EXTRACTS/LS_AG_2_3_solutions_classify.tex)
Underfull \vbox (badness 7814) has occurred while \output is active []



[705])

[706] (./C17/sec_5.tex (./GRAPHICS/THE_MAKEFILE/EXTRACTS/code_3_2_aut.tex)
Package mdframed Info: mdframed works in twoside mode on input line 29.

(./GRAPHICS/LATEX/summary_of_orbits_code_3_2.tex
Underfull \hbox (badness 10000) in paragraph at lines 9--11

 []


Underfull \hbox (badness 10000) in paragraph at lines 12--17

 []


Underfull \hbox (badness 10000) in paragraph at lines 28--90

 []


Underfull \hbox (badness 10000) in paragraph at lines 92--122

 []


Underfull \hbox (badness 10000) in paragraph at lines 124--125

 []


Underfull \hbox (badness 10000) in paragraph at lines 142--246

 []


Underfull \hbox (badness 10000) in paragraph at lines 251--254

 []

)

[707

]

[708] (./GRAPHICS/THE_MAKEFILE/EXTRACTS/CODE_RM_3_1_GENMA.tex)
(./GRAPHICS/THE_MAKEFILE/EXTRACTS/RM_3_1_group.tex)
(./GRAPHICS/THE_MAKEFILE/EXTRACTS/RM_3_1_group_and_diagram.tex)

[709]
Package mdframed Info: mdframed works in twoside mode on input line 57.
 (./GRAPHICS/WRAPPERS/RM_3_1_object0_TDA_flag_orbits_draw.tex
<GRAPHICS/RM_3/RM_3_1_object0_TDA_flag_orbits_draw.png, id=5503, 614.295pt x 61
4.295pt>
File: GRAPHICS/RM_3/RM_3_1_object0_TDA_flag_orbits_draw.png Graphic file (type 
png)
<use GRAPHICS/RM_3/RM_3_1_object0_TDA_flag_orbits_draw.png>
Package pdftex.def Info: GRAPHICS/RM_3/RM_3_1_object0_TDA_flag_orbits_draw.png 
 used on input line 2.
(pdftex.def)             Requested size: 369.88582pt x 369.8921pt.
)
Overfull \vbox (205.5254pt too high) detected at line 57
 []

Package mdframed Info: Box was splittet wrong
 starting loop to iterate the splitting point
(mdframed)              on input line 57.

Overfull \vbox (206.5254pt too high) detected at line 57
 []


Overfull \vbox (207.5254pt too high) detected at line 57
 []


Overfull \vbox (208.5254pt too high) detected at line 57
 []


Overfull \vbox (209.5254pt too high) detected at line 57
 []


Overfull \vbox (210.5254pt too high) detected at line 57
 []


Overfull \vbox (211.5254pt too high) detected at line 57
 []


Overfull \vbox (212.5254pt too high) detected at line 57
 []


Overfull \vbox (213.5254pt too high) detected at line 57
 []


Overfull \vbox (214.5254pt too high) detected at line 57
 []


Overfull \vbox (215.5254pt too high) detected at line 57
 []


Overfull \vbox (216.5254pt too high) detected at line 57
 []


Overfull \vbox (217.5254pt too high) detected at line 57
 []


Overfull \vbox (218.5254pt too high) detected at line 57
 []


Overfull \vbox (219.5254pt too high) detected at line 57
 []


Overfull \vbox (220.5254pt too high) detected at line 57
 []


Overfull \vbox (221.5254pt too high) detected at line 57
 []


Overfull \vbox (222.5254pt too high) detected at line 57
 []


Overfull \vbox (223.5254pt too high) detected at line 57
 []


Overfull \vbox (224.5254pt too high) detected at line 57
 []


Overfull \vbox (225.5254pt too high) detected at line 57
 []


Overfull \vbox (226.5254pt too high) detected at line 57
 []


Overfull \vbox (227.5254pt too high) detected at line 57
 []


Overfull \vbox (228.5254pt too high) detected at line 57
 []


Overfull \vbox (229.5254pt too high) detected at line 57
 []


Overfull \vbox (230.5254pt too high) detected at line 57
 []


Overfull \vbox (231.5254pt too high) detected at line 57
 []


Overfull \vbox (232.5254pt too high) detected at line 57
 []


Overfull \vbox (233.5254pt too high) detected at line 57
 []


Overfull \vbox (234.5254pt too high) detected at line 57
 []


Overfull \vbox (235.5254pt too high) detected at line 57
 []


Overfull \vbox (236.5254pt too high) detected at line 57
 []


Overfull \vbox (237.5254pt too high) detected at line 57
 []


Overfull \vbox (238.5254pt too high) detected at line 57
 []


Overfull \vbox (239.5254pt too high) detected at line 57
 []


Overfull \vbox (240.5254pt too high) detected at line 57
 []


Overfull \vbox (241.5254pt too high) detected at line 57
 []


Overfull \vbox (242.5254pt too high) detected at line 57
 []


Overfull \vbox (243.5254pt too high) detected at line 57
 []


Overfull \vbox (244.5254pt too high) detected at line 57
 []


Overfull \vbox (245.5254pt too high) detected at line 57
 []


Overfull \vbox (246.5254pt too high) detected at line 57
 []


Overfull \vbox (247.5254pt too high) detected at line 57
 []


Overfull \vbox (248.5254pt too high) detected at line 57
 []


Overfull \vbox (249.5254pt too high) detected at line 57
 []


Overfull \vbox (250.5254pt too high) detected at line 57
 []


Overfull \vbox (251.5254pt too high) detected at line 57
 []


Overfull \vbox (252.5254pt too high) detected at line 57
 []


Overfull \vbox (253.5254pt too high) detected at line 57
 []


Overfull \vbox (254.5254pt too high) detected at line 57
 []


Overfull \vbox (255.5254pt too high) detected at line 57
 []


Overfull \vbox (256.5254pt too high) detected at line 57
 []


Overfull \vbox (257.5254pt too high) detected at line 57
 []


Overfull \vbox (258.5254pt too high) detected at line 57
 []


Overfull \vbox (259.5254pt too high) detected at line 57
 []


Overfull \vbox (260.5254pt too high) detected at line 57
 []


Overfull \vbox (261.5254pt too high) detected at line 57
 []


Overfull \vbox (262.5254pt too high) detected at line 57
 []


Overfull \vbox (263.5254pt too high) detected at line 57
 []


Overfull \vbox (264.5254pt too high) detected at line 57
 []


Overfull \vbox (265.5254pt too high) detected at line 57
 []


Overfull \vbox (266.5254pt too high) detected at line 57
 []


Overfull \vbox (267.5254pt too high) detected at line 57
 []


Overfull \vbox (268.5254pt too high) detected at line 57
 []


Overfull \vbox (269.5254pt too high) detected at line 57
 []


Overfull \vbox (270.5254pt too high) detected at line 57
 []


Overfull \vbox (271.5254pt too high) detected at line 57
 []


Overfull \vbox (272.5254pt too high) detected at line 57
 []


Overfull \vbox (273.5254pt too high) detected at line 57
 []


Overfull \vbox (274.5254pt too high) detected at line 57
 []


Overfull \vbox (275.5254pt too high) detected at line 57
 []


Overfull \vbox (276.5254pt too high) detected at line 57
 []


Overfull \vbox (277.5254pt too high) detected at line 57
 []


Overfull \vbox (278.5254pt too high) detected at line 57
 []


Overfull \vbox (279.5254pt too high) detected at line 57
 []


Overfull \vbox (280.5254pt too high) detected at line 57
 []


Overfull \vbox (281.5254pt too high) detected at line 57
 []


Overfull \vbox (282.5254pt too high) detected at line 57
 []


Overfull \vbox (283.5254pt too high) detected at line 57
 []


Overfull \vbox (284.5254pt too high) detected at line 57
 []


Overfull \vbox (285.5254pt too high) detected at line 57
 []


Overfull \vbox (286.5254pt too high) detected at line 57
 []


Overfull \vbox (287.5254pt too high) detected at line 57
 []


Overfull \vbox (288.5254pt too high) detected at line 57
 []


Overfull \vbox (289.5254pt too high) detected at line 57
 []


Overfull \vbox (290.5254pt too high) detected at line 57
 []


Overfull \vbox (291.5254pt too high) detected at line 57
 []


Overfull \vbox (292.5254pt too high) detected at line 57
 []


Overfull \vbox (293.5254pt too high) detected at line 57
 []


Overfull \vbox (294.5254pt too high) detected at line 57
 []


Overfull \vbox (295.5254pt too high) detected at line 57
 []


Overfull \vbox (296.5254pt too high) detected at line 57
 []


Overfull \vbox (297.5254pt too high) detected at line 57
 []


Overfull \vbox (298.5254pt too high) detected at line 57
 []


Overfull \vbox (299.5254pt too high) detected at line 57
 []


Overfull \vbox (300.5254pt too high) detected at line 57
 []


Overfull \vbox (301.5254pt too high) detected at line 57
 []


Overfull \vbox (302.5254pt too high) detected at line 57
 []


Overfull \vbox (303.5254pt too high) detected at line 57
 []


Overfull \vbox (304.5254pt too high) detected at line 57
 []


Overfull \vbox (305.5254pt too high) detected at line 57
 []


Overfull \vbox (306.5254pt too high) detected at line 57
 []


Package mdframed Warning: correct box splittet fails
 It seems you are using a non splittable contents
(mdframed)                 on input line 57.

Package mdframed Info: You first box width is to small
 mdframed fixed it
(mdframed)              on input line 57.


[710] (./GRAPHICS/THE_MAKEFILE/EXTRACTS/RS_6_4_7_group.tex)

[711 <./GRAPHICS/RM_3/RM_3_1_object0_TDA_flag_orbits_draw.png>]
Package mdframed Info: mdframed works in twoside mode on input line 71.

(./GRAPHICS/LATEX/RS_6_4_7.tex
Underfull \hbox (badness 10000) in paragraph at lines 1--3

 []


Underfull \hbox (badness 10000) in paragraph at lines 47--51

 []

) (./GRAPHICS/THE_MAKEFILE/EXTRACTS/GV_n15_k6_d5_group.tex)

[712])

[713] (./C17/sec_6.tex
(./GRAPHICS/THE_MAKEFILE/EXTRACTS/HAMMING_CODE_CODEWORDS.tex)
(./GRAPHICS/THE_MAKEFILE/EXTRACTS/Hamming_graph_7_with_Hamming_code.tex))

[714

] (./C17/sec_7.tex (./GRAPHICS/THE_MAKEFILE/EXTRACTS/Cycle_13_aut.tex)
(./GRAPHICS/THE_MAKEFILE/EXTRACTS/Chain_232_aut.tex)
Package mdframed Info: mdframed works in twoside mode on input line 26.

(./GRAPHICS/LATEX/chain_graph_aut.tex
Underfull \hbox (badness 10000) in paragraph at lines 28--38

 []

)

[715

] (./GRAPHICS/THE_MAKEFILE/EXTRACTS/JK_graph_pp16_1.tex)
Package mdframed Info: mdframed works in twoside mode on input line 45.

(./GRAPHICS/LATEX/nauty_nb_backtrack.tex)
(./GRAPHICS/THE_MAKEFILE/EXTRACTS/JK_graph_pp16_2.tex)

[716] (./GRAPHICS/THE_MAKEFILE/EXTRACTS/JK_graph_sts_13.tex)
Package mdframed Info: mdframed works in twoside mode on input line 82.

(./GRAPHICS/LATEX/nauty_sts_13_autgroup.tex)
(./GRAPHICS/THE_MAKEFILE/EXTRACTS/HJ_group.tex)

[717] (./GRAPHICS/THE_MAKEFILE/EXTRACTS/HJ_group_and_orbits.tex)

[718] (./GRAPHICS/THE_MAKEFILE/EXTRACTS/HJ_orbital_graph_3.tex)
(./GRAPHICS/THE_MAKEFILE/EXTRACTS/PGO_5_2_graph_group.tex)

[719])

[720] (./C17/sec_8.tex (./GRAPHICS/THE_MAKEFILE/EXTRACTS/F_17_edge.tex)
(./GRAPHICS/THE_MAKEFILE/EXTRACTS/Edge_curve_17_nauty.tex)

[721

] (./GRAPHICS/THE_MAKEFILE/EXTRACTS/Edge_curve_17_group.tex)

[722])

[723])

[724


]
Chapter 18.
(./C18/chapter.tex

Package hyperref Warning: Token not allowed in a PDF string (Unicode):
(hyperref)                removing `math shift' on input line 3.


Package hyperref Warning: Token not allowed in a PDF string (Unicode):
(hyperref)                removing `math shift' on input line 3.

(./C18/sec_1.tex (./GRAPHICS/THE_MAKEFILE/EXTRACTS/Sym_6.tex)
(./GRAPHICS/THE_MAKEFILE/EXTRACTS/Sym_6_classes.tex)

[725]
Package mdframed Info: mdframed works in twoside mode on input line 22.
 (./GRAPHICS/LATEX/Sym_6_classes.tex
Underfull \hbox (badness 10000) in paragraph at lines 7--8

 []


Underfull \hbox (badness 10000) in paragraph at lines 303--320

 []

)

[726]

[727]

[728]
Package mdframed Info: Box was splittet wrong
 starting loop to iterate the splitting point
(mdframed)              on input line 22.


[729] (./GRAPHICS/THE_MAKEFILE/EXTRACTS/SYM_6_CLASS_2A_REP.tex)
(./GRAPHICS/THE_MAKEFILE/EXTRACTS/SYM_6_CLASS_2B_REP.tex)
(./GRAPHICS/THE_MAKEFILE/EXTRACTS/SYM_6_CLASS_2C_REP.tex)
(./GRAPHICS/THE_MAKEFILE/EXTRACTS/Sym_6_Class_2A.tex)

[730] (./GRAPHICS/THE_MAKEFILE/EXTRACTS/Sym_6_Class_2B.tex)
(./GRAPHICS/THE_MAKEFILE/EXTRACTS/Sym_6_Class_2C.tex)
(./GRAPHICS/THE_MAKEFILE/EXTRACTS/FILE_NAME_SYM_6_CLASS_2A.tex)
(./GRAPHICS/THE_MAKEFILE/EXTRACTS/FILE_NAME_SYM_6_CLASS_2B.tex)
(./GRAPHICS/THE_MAKEFILE/EXTRACTS/FILE_NAME_SYM_6_CLASS_2C.tex)
(./GRAPHICS/THE_MAKEFILE/EXTRACTS/Sym_6_concatenate_classes.tex)

[731] (./GRAPHICS/THE_MAKEFILE/EXTRACTS/Sym_6_class_2ABC_order_of_pairs.tex)
(./GRAPHICS/THE_MAKEFILE/EXTRACTS/Sym_6_order_of_products_change_values.tex)
(./GRAPHICS/THE_MAKEFILE/EXTRACTS/Sym_6_class_2ABC_make_graph_G2.tex)

[732] (./GRAPHICS/THE_MAKEFILE/EXTRACTS/Sym_6_class_2ABC_make_graph_G3.tex)
(./GRAPHICS/THE_MAKEFILE/EXTRACTS/Sym_6_class_2ABC_subgraph_A5.tex)

[733] (./GRAPHICS/THE_MAKEFILE/EXTRACTS/Sym_6_aut_group.tex)
(./GRAPHICS/THE_MAKEFILE/EXTRACTS/AUT_SYM_6_GROUP_ORDER.tex)
(./GRAPHICS/THE_MAKEFILE/EXTRACTS/AUT_SYM_6_DEGREE.tex)
(./GRAPHICS/THE_MAKEFILE/EXTRACTS/AUT_SYM_6_BASE.tex)
(./GRAPHICS/THE_MAKEFILE/EXTRACTS/AUT_SYM_6_NB_GENS.tex)

[734] (./GRAPHICS/THE_MAKEFILE/EXTRACTS/Aut_Sym_6_group.tex)
(./GRAPHICS/THE_MAKEFILE/EXTRACTS/Aut_Sym_6_subgroup_lattice.tex)
(./GRAPHICS/THE_MAKEFILE/EXTRACTS/Aut_Sym_6_subgroup_lattice_load_and_draw.tex)


[735]
Package mdframed Info: mdframed works in twoside mode on input line 139.
 (./GRAPHICS/WRAPPERS/sgl_Aut_Sym_6.tex
<GRAPHICS/SUBGROUP_LATTICE/AutSym6_drawing_by_orbits.pdf, id=5628, 427.21205pt 
x 396.94397pt>
File: GRAPHICS/SUBGROUP_LATTICE/AutSym6_drawing_by_orbits.pdf Graphic file (typ
e pdf)
<use GRAPHICS/SUBGROUP_LATTICE/AutSym6_drawing_by_orbits.pdf>
Package pdftex.def Info: GRAPHICS/SUBGROUP_LATTICE/AutSym6_drawing_by_orbits.pd
f  used on input line 2.
(pdftex.def)             Requested size: 426.79134pt x 396.57352pt.

Overfull \hbox (1.83633pt too wide) detected at line 3
[]
 []

)
Overfull \vbox (177.20682pt too high) detected at line 139
 []

Package mdframed Info: Box was splittet wrong
 starting loop to iterate the splitting point
(mdframed)              on input line 139.

Overfull \vbox (178.20682pt too high) detected at line 139
 []


Overfull \vbox (179.20682pt too high) detected at line 139
 []


Overfull \vbox (180.20682pt too high) detected at line 139
 []


Overfull \vbox (181.20682pt too high) detected at line 139
 []


Overfull \vbox (182.20682pt too high) detected at line 139
 []


Overfull \vbox (183.20682pt too high) detected at line 139
 []


Overfull \vbox (184.20682pt too high) detected at line 139
 []


Overfull \vbox (185.20682pt too high) detected at line 139
 []


Overfull \vbox (186.20682pt too high) detected at line 139
 []


Overfull \vbox (187.20682pt too high) detected at line 139
 []


Overfull \vbox (188.20682pt too high) detected at line 139
 []


Overfull \vbox (189.20682pt too high) detected at line 139
 []


Overfull \vbox (190.20682pt too high) detected at line 139
 []


Overfull \vbox (191.20682pt too high) detected at line 139
 []


Overfull \vbox (192.20682pt too high) detected at line 139
 []


Overfull \vbox (193.20682pt too high) detected at line 139
 []


Overfull \vbox (194.20682pt too high) detected at line 139
 []


Overfull \vbox (195.20682pt too high) detected at line 139
 []


Overfull \vbox (196.20682pt too high) detected at line 139
 []


Overfull \vbox (197.20682pt too high) detected at line 139
 []


Overfull \vbox (198.20682pt too high) detected at line 139
 []


Overfull \vbox (199.20682pt too high) detected at line 139
 []


Overfull \vbox (200.20682pt too high) detected at line 139
 []


Overfull \vbox (201.20682pt too high) detected at line 139
 []


Overfull \vbox (202.20682pt too high) detected at line 139
 []


Overfull \vbox (203.20682pt too high) detected at line 139
 []


Overfull \vbox (204.20682pt too high) detected at line 139
 []


Overfull \vbox (205.20682pt too high) detected at line 139
 []


Overfull \vbox (206.20682pt too high) detected at line 139
 []


Overfull \vbox (207.20682pt too high) detected at line 139
 []


Overfull \vbox (208.20682pt too high) detected at line 139
 []


Overfull \vbox (209.20682pt too high) detected at line 139
 []


Overfull \vbox (210.20682pt too high) detected at line 139
 []


Overfull \vbox (211.20682pt too high) detected at line 139
 []


Overfull \vbox (212.20682pt too high) detected at line 139
 []


Overfull \vbox (213.20682pt too high) detected at line 139
 []


Overfull \vbox (214.20682pt too high) detected at line 139
 []


Overfull \vbox (215.20682pt too high) detected at line 139
 []


Overfull \vbox (216.20682pt too high) detected at line 139
 []


Overfull \vbox (217.20682pt too high) detected at line 139
 []


Overfull \vbox (218.20682pt too high) detected at line 139
 []


Overfull \vbox (219.20682pt too high) detected at line 139
 []


Overfull \vbox (220.20682pt too high) detected at line 139
 []


Overfull \vbox (221.20682pt too high) detected at line 139
 []


Overfull \vbox (222.20682pt too high) detected at line 139
 []


Overfull \vbox (223.20682pt too high) detected at line 139
 []


Overfull \vbox (224.20682pt too high) detected at line 139
 []


Overfull \vbox (225.20682pt too high) detected at line 139
 []


Overfull \vbox (226.20682pt too high) detected at line 139
 []


Overfull \vbox (227.20682pt too high) detected at line 139
 []


Overfull \vbox (228.20682pt too high) detected at line 139
 []


Overfull \vbox (229.20682pt too high) detected at line 139
 []


Overfull \vbox (230.20682pt too high) detected at line 139
 []


Overfull \vbox (231.20682pt too high) detected at line 139
 []


Overfull \vbox (232.20682pt too high) detected at line 139
 []


Overfull \vbox (233.20682pt too high) detected at line 139
 []


Overfull \vbox (234.20682pt too high) detected at line 139
 []


Overfull \vbox (235.20682pt too high) detected at line 139
 []


Overfull \vbox (236.20682pt too high) detected at line 139
 []


Overfull \vbox (237.20682pt too high) detected at line 139
 []


Overfull \vbox (238.20682pt too high) detected at line 139
 []


Overfull \vbox (239.20682pt too high) detected at line 139
 []


Overfull \vbox (240.20682pt too high) detected at line 139
 []


Overfull \vbox (241.20682pt too high) detected at line 139
 []


Overfull \vbox (242.20682pt too high) detected at line 139
 []


Overfull \vbox (243.20682pt too high) detected at line 139
 []


Overfull \vbox (244.20682pt too high) detected at line 139
 []


Overfull \vbox (245.20682pt too high) detected at line 139
 []


Overfull \vbox (246.20682pt too high) detected at line 139
 []


Overfull \vbox (247.20682pt too high) detected at line 139
 []


Overfull \vbox (248.20682pt too high) detected at line 139
 []


Overfull \vbox (249.20682pt too high) detected at line 139
 []


Overfull \vbox (250.20682pt too high) detected at line 139
 []


Overfull \vbox (251.20682pt too high) detected at line 139
 []


Overfull \vbox (252.20682pt too high) detected at line 139
 []


Overfull \vbox (253.20682pt too high) detected at line 139
 []


Overfull \vbox (254.20682pt too high) detected at line 139
 []


Overfull \vbox (255.20682pt too high) detected at line 139
 []


Overfull \vbox (256.20682pt too high) detected at line 139
 []


Overfull \vbox (257.20682pt too high) detected at line 139
 []


Overfull \vbox (258.20682pt too high) detected at line 139
 []


Overfull \vbox (259.20682pt too high) detected at line 139
 []


Overfull \vbox (260.20682pt too high) detected at line 139
 []


Overfull \vbox (261.20682pt too high) detected at line 139
 []


Overfull \vbox (262.20682pt too high) detected at line 139
 []


Overfull \vbox (263.20682pt too high) detected at line 139
 []


Overfull \vbox (264.20682pt too high) detected at line 139
 []


Overfull \vbox (265.20682pt too high) detected at line 139
 []


Overfull \vbox (266.20682pt too high) detected at line 139
 []


Overfull \vbox (267.20682pt too high) detected at line 139
 []


Overfull \vbox (268.20682pt too high) detected at line 139
 []


Overfull \vbox (269.20682pt too high) detected at line 139
 []


Overfull \vbox (270.20682pt too high) detected at line 139
 []


Overfull \vbox (271.20682pt too high) detected at line 139
 []


Overfull \vbox (272.20682pt too high) detected at line 139
 []


Overfull \vbox (273.20682pt too high) detected at line 139
 []


Overfull \vbox (274.20682pt too high) detected at line 139
 []


Overfull \vbox (275.20682pt too high) detected at line 139
 []


Overfull \vbox (276.20682pt too high) detected at line 139
 []


Overfull \vbox (277.20682pt too high) detected at line 139
 []


Overfull \vbox (278.20682pt too high) detected at line 139
 []


Package mdframed Warning: correct box splittet fails
 It seems you are using a non splittable contents
(mdframed)                 on input line 139.

Package mdframed Info: You first box width is to small
 mdframed fixed it
(mdframed)              on input line 139.


[736])

[737 <./GRAPHICS/SUBGROUP_LATTICE/AutSym6_drawing_by_orbits.pdf>])

[738


]
Chapter 19.
(./C19/chapter.tex (./C19/sec_1.tex
(./GRAPHICS/TABLES/COMMANDS/layered_graph_draw_options_1_ug.tex)
(./GRAPHICS/TABLES/COMMANDS/layered_graph_draw_options_2_ug.tex)
(./GRAPHICS/THE_MAKEFILE/EXTRACTS/PGL_6_2_Wedge_4_2_detached_report.tex.tex)

[739]

[740]

[741]
Package mdframed Info: mdframed works in twoside mode on input line 43.
 (./GRAPHICS/LATEX/orbits_PGL42_wedge_detached.tex)
(./GRAPHICS/THE_MAKEFILE/EXTRACTS/schreier_tree_graphical_output.tex)

[742]
Package mdframed Info: mdframed works in twoside mode on input line 58.
 (./GRAPHICS/WRAPPERS/on_poly_schreier_tree_6_draw.tex
<GRAPHICS/ON_POLY/schreier_tree_6.png, id=5687, 1060.96375pt x 503.8825pt>
File: GRAPHICS/ON_POLY/schreier_tree_6.png Graphic file (type png)
<use GRAPHICS/ON_POLY/schreier_tree_6.png>
Package pdftex.def Info: GRAPHICS/ON_POLY/schreier_tree_6.png  used on input li
ne 2.
(pdftex.def)             Requested size: 398.33858pt x 189.18613pt.
))

[743 <./GRAPHICS/ON_POLY/schreier_tree_6.png>] (./C19/sec_2.tex
(./GRAPHICS/TABLES/COMMANDS/interface_povray_ug.tex)
(./GRAPHICS/TABLES/COMMANDS/povray_job_description_ug.tex)
(./GRAPHICS/TABLES/COMMANDS/video_draw_options_1_ug.tex)
(./GRAPHICS/TABLES/COMMANDS/video_draw_options_2_ug.tex)
(./GRAPHICS/TABLES/COMMANDS/scene_1_ug.tex
Underfull \hbox (badness 1552) in paragraph at lines 45--45
[]|\OT1/cmss/m/n/10 Cubic sur-face with tetra-he-dral sym-me-try
 []


Underfull \hbox (badness 10000) in paragraph at lines 45--45
[]|[]\OT1/zi4/m/n/10 -line_through_two_points_recentered_
 []


Overfull \hbox (3.59787pt too wide) in paragraph at lines 45--45
[]|[]\OT1/zi4/m/n/10 -line_through_two_points_from_csv_file| 
 []

) (./GRAPHICS/TABLES/COMMANDS/scene_2_ug.tex
Underfull \hbox (badness 10000) in paragraph at lines 39--39
[]|[]\OT1/zi4/m/n/10 -group_of_things_as_interval_
 []

) (./GRAPHICS/TABLES/COMMANDS/drawable_set_of_objects_ug.tex)
(./GRAPHICS/THE_MAKEFILE/EXTRACTS/cube.tex)

[744

]

[745]

[746]

[747]

[748]

[749]
Package mdframed Info: mdframed works in twoside mode on input line 66.
 (./GRAPHICS/WRAPPERS/povray_cube.tex
<GRAPHICS/POVRAY/cube_0_000.png, id=5745, 1027.84pt x 770.88pt>
File: GRAPHICS/POVRAY/cube_0_000.png Graphic file (type png)
<use GRAPHICS/POVRAY/cube_0_000.png>
Package pdftex.def Info: GRAPHICS/POVRAY/cube_0_000.png  used on input line 2.
(pdftex.def)             Requested size: 256.0748pt x 192.04906pt.
)
Package mdframed Info: mdframed works in twoside mode on input line 69.

(./GRAPHICS/WRAPPERS/povray_cube_obj_file.tex)

Package mdframed Warning: You got a bad break
(mdframed)                because the last box will be empty
(mdframed)                you have to change it manually
(mdframed)                by changing the text, the space
(mdframed)                or something else on input line 69.



[750 <./GRAPHICS/POVRAY/cube_0_000.png>]
(./GRAPHICS/THE_MAKEFILE/EXTRACTS/MONKEY_SADDLE_CUBIC.tex)
(./GRAPHICS/THE_MAKEFILE/EXTRACTS/monkey.tex)
Package mdframed Info: mdframed works in twoside mode on input line 84.

(./GRAPHICS/WRAPPERS/povray_monkey.tex
<GRAPHICS/POVRAY/monkey_0_000.png, id=5750, 1027.84pt x 770.88pt>
File: GRAPHICS/POVRAY/monkey_0_000.png Graphic file (type png)
<use GRAPHICS/POVRAY/monkey_0_000.png>
Package pdftex.def Info: GRAPHICS/POVRAY/monkey_0_000.png  used on input line 2
.
(pdftex.def)             Requested size: 256.0748pt x 192.04906pt.
)
Overfull \vbox (81.92117pt too high) detected at line 84
 []

Package mdframed Info: Box was splittet wrong
 starting loop to iterate the splitting point
(mdframed)              on input line 84.

Overfull \vbox (82.92117pt too high) detected at line 84
 []


Overfull \vbox (83.92117pt too high) detected at line 84
 []


Overfull \vbox (84.92117pt too high) detected at line 84
 []


Overfull \vbox (85.92117pt too high) detected at line 84
 []


Overfull \vbox (86.92117pt too high) detected at line 84
 []


Overfull \vbox (87.92117pt too high) detected at line 84
 []


Overfull \vbox (88.92117pt too high) detected at line 84
 []


Overfull \vbox (89.92117pt too high) detected at line 84
 []


Overfull \vbox (90.92117pt too high) detected at line 84
 []


Overfull \vbox (91.92117pt too high) detected at line 84
 []


Overfull \vbox (92.92117pt too high) detected at line 84
 []


Overfull \vbox (93.92117pt too high) detected at line 84
 []


Overfull \vbox (94.92117pt too high) detected at line 84
 []


Overfull \vbox (95.92117pt too high) detected at line 84
 []


Overfull \vbox (96.92117pt too high) detected at line 84
 []


Overfull \vbox (97.92117pt too high) detected at line 84
 []


Overfull \vbox (98.92117pt too high) detected at line 84
 []


Overfull \vbox (99.92117pt too high) detected at line 84
 []


Overfull \vbox (100.92117pt too high) detected at line 84
 []


Overfull \vbox (101.92117pt too high) detected at line 84
 []


Overfull \vbox (102.92117pt too high) detected at line 84
 []


Overfull \vbox (103.92117pt too high) detected at line 84
 []


Overfull \vbox (104.92117pt too high) detected at line 84
 []


Overfull \vbox (105.92117pt too high) detected at line 84
 []


Overfull \vbox (106.92117pt too high) detected at line 84
 []


Overfull \vbox (107.92117pt too high) detected at line 84
 []


Overfull \vbox (108.92117pt too high) detected at line 84
 []


Overfull \vbox (109.92117pt too high) detected at line 84
 []


Overfull \vbox (110.92117pt too high) detected at line 84
 []


Overfull \vbox (111.92117pt too high) detected at line 84
 []


Overfull \vbox (112.92117pt too high) detected at line 84
 []


Overfull \vbox (113.92117pt too high) detected at line 84
 []


Overfull \vbox (114.92117pt too high) detected at line 84
 []


Overfull \vbox (115.92117pt too high) detected at line 84
 []


Overfull \vbox (116.92117pt too high) detected at line 84
 []


Overfull \vbox (117.92117pt too high) detected at line 84
 []


Overfull \vbox (118.92117pt too high) detected at line 84
 []


Overfull \vbox (119.92117pt too high) detected at line 84
 []


Overfull \vbox (120.92117pt too high) detected at line 84
 []


Overfull \vbox (121.92117pt too high) detected at line 84
 []


Overfull \vbox (122.92117pt too high) detected at line 84
 []


Overfull \vbox (123.92117pt too high) detected at line 84
 []


Overfull \vbox (124.92117pt too high) detected at line 84
 []


Overfull \vbox (125.92117pt too high) detected at line 84
 []


Overfull \vbox (126.92117pt too high) detected at line 84
 []


Overfull \vbox (127.92117pt too high) detected at line 84
 []


Overfull \vbox (128.92117pt too high) detected at line 84
 []


Overfull \vbox (129.92117pt too high) detected at line 84
 []


Overfull \vbox (130.92117pt too high) detected at line 84
 []


Overfull \vbox (131.92117pt too high) detected at line 84
 []


Overfull \vbox (132.92117pt too high) detected at line 84
 []


Overfull \vbox (133.92117pt too high) detected at line 84
 []


Overfull \vbox (134.92117pt too high) detected at line 84
 []


Overfull \vbox (135.92117pt too high) detected at line 84
 []


Overfull \vbox (136.92117pt too high) detected at line 84
 []


Overfull \vbox (137.92117pt too high) detected at line 84
 []


Overfull \vbox (138.92117pt too high) detected at line 84
 []


Overfull \vbox (139.92117pt too high) detected at line 84
 []


Overfull \vbox (140.92117pt too high) detected at line 84
 []


Overfull \vbox (141.92117pt too high) detected at line 84
 []


Overfull \vbox (142.92117pt too high) detected at line 84
 []


Overfull \vbox (143.92117pt too high) detected at line 84
 []


Overfull \vbox (144.92117pt too high) detected at line 84
 []


Overfull \vbox (145.92117pt too high) detected at line 84
 []


Overfull \vbox (146.92117pt too high) detected at line 84
 []


Overfull \vbox (147.92117pt too high) detected at line 84
 []


Overfull \vbox (148.92117pt too high) detected at line 84
 []


Overfull \vbox (149.92117pt too high) detected at line 84
 []


Overfull \vbox (150.92117pt too high) detected at line 84
 []


Overfull \vbox (151.92117pt too high) detected at line 84
 []


Overfull \vbox (152.92117pt too high) detected at line 84
 []


Overfull \vbox (153.92117pt too high) detected at line 84
 []


Overfull \vbox (154.92117pt too high) detected at line 84
 []


Overfull \vbox (155.92117pt too high) detected at line 84
 []


Overfull \vbox (156.92117pt too high) detected at line 84
 []


Overfull \vbox (157.92117pt too high) detected at line 84
 []


Overfull \vbox (158.92117pt too high) detected at line 84
 []


Overfull \vbox (159.92117pt too high) detected at line 84
 []


Overfull \vbox (160.92117pt too high) detected at line 84
 []


Overfull \vbox (161.92117pt too high) detected at line 84
 []


Overfull \vbox (162.92117pt too high) detected at line 84
 []


Overfull \vbox (163.92117pt too high) detected at line 84
 []


Overfull \vbox (164.92117pt too high) detected at line 84
 []


Overfull \vbox (165.92117pt too high) detected at line 84
 []


Overfull \vbox (166.92117pt too high) detected at line 84
 []


Overfull \vbox (167.92117pt too high) detected at line 84
 []


Overfull \vbox (168.92117pt too high) detected at line 84
 []


Overfull \vbox (169.92117pt too high) detected at line 84
 []


Overfull \vbox (170.92117pt too high) detected at line 84
 []


Overfull \vbox (171.92117pt too high) detected at line 84
 []


Overfull \vbox (172.92117pt too high) detected at line 84
 []


Overfull \vbox (173.92117pt too high) detected at line 84
 []


Overfull \vbox (174.92117pt too high) detected at line 84
 []


Overfull \vbox (175.92117pt too high) detected at line 84
 []


Overfull \vbox (176.92117pt too high) detected at line 84
 []


Overfull \vbox (177.92117pt too high) detected at line 84
 []


Overfull \vbox (178.92117pt too high) detected at line 84
 []


Overfull \vbox (179.92117pt too high) detected at line 84
 []


Overfull \vbox (180.92117pt too high) detected at line 84
 []


Overfull \vbox (181.92117pt too high) detected at line 84
 []


Overfull \vbox (182.92117pt too high) detected at line 84
 []


Package mdframed Warning: correct box splittet fails
 It seems you are using a non splittable contents
(mdframed)                 on input line 84.

Package mdframed Info: You first box width is to small
 mdframed fixed it
(mdframed)              on input line 84.


[751] (./GRAPHICS/THE_MAKEFILE/EXTRACTS/Eckardt.tex)

[752 <./GRAPHICS/POVRAY/monkey_0_000.png>]
Package mdframed Info: mdframed works in twoside mode on input line 95.

(./GRAPHICS/WRAPPERS/povray_Eckardt.tex
<GRAPHICS/POVRAY/HCV_0_029.png, id=5760, 1027.84pt x 770.88pt>
File: GRAPHICS/POVRAY/HCV_0_029.png Graphic file (type png)
<use GRAPHICS/POVRAY/HCV_0_029.png>
Package pdftex.def Info: GRAPHICS/POVRAY/HCV_0_029.png  used on input line 2.
(pdftex.def)             Requested size: 426.79134pt x 320.09744pt.

Overfull \hbox (1.83633pt too wide) detected at line 3
[]
 []

)
Overfull \vbox (113.12868pt too high) detected at line 95
 []

Package mdframed Info: Box was splittet wrong
 starting loop to iterate the splitting point
(mdframed)              on input line 95.

Overfull \vbox (114.12868pt too high) detected at line 95
 []


Overfull \vbox (115.12868pt too high) detected at line 95
 []


Overfull \vbox (116.12868pt too high) detected at line 95
 []


Overfull \vbox (117.12868pt too high) detected at line 95
 []


Overfull \vbox (118.12868pt too high) detected at line 95
 []


Overfull \vbox (119.12868pt too high) detected at line 95
 []


Overfull \vbox (120.12868pt too high) detected at line 95
 []


Overfull \vbox (121.12868pt too high) detected at line 95
 []


Overfull \vbox (122.12868pt too high) detected at line 95
 []


Overfull \vbox (123.12868pt too high) detected at line 95
 []


Overfull \vbox (124.12868pt too high) detected at line 95
 []


Overfull \vbox (125.12868pt too high) detected at line 95
 []


Overfull \vbox (126.12868pt too high) detected at line 95
 []


Overfull \vbox (127.12868pt too high) detected at line 95
 []


Overfull \vbox (128.12868pt too high) detected at line 95
 []


Overfull \vbox (129.12868pt too high) detected at line 95
 []


Overfull \vbox (130.12868pt too high) detected at line 95
 []


Overfull \vbox (131.12868pt too high) detected at line 95
 []


Overfull \vbox (132.12868pt too high) detected at line 95
 []


Overfull \vbox (133.12868pt too high) detected at line 95
 []


Overfull \vbox (134.12868pt too high) detected at line 95
 []


Overfull \vbox (135.12868pt too high) detected at line 95
 []


Overfull \vbox (136.12868pt too high) detected at line 95
 []


Overfull \vbox (137.12868pt too high) detected at line 95
 []


Overfull \vbox (138.12868pt too high) detected at line 95
 []


Overfull \vbox (139.12868pt too high) detected at line 95
 []


Overfull \vbox (140.12868pt too high) detected at line 95
 []


Overfull \vbox (141.12868pt too high) detected at line 95
 []


Overfull \vbox (142.12868pt too high) detected at line 95
 []


Overfull \vbox (143.12868pt too high) detected at line 95
 []


Overfull \vbox (144.12868pt too high) detected at line 95
 []


Overfull \vbox (145.12868pt too high) detected at line 95
 []


Overfull \vbox (146.12868pt too high) detected at line 95
 []


Overfull \vbox (147.12868pt too high) detected at line 95
 []


Overfull \vbox (148.12868pt too high) detected at line 95
 []


Overfull \vbox (149.12868pt too high) detected at line 95
 []


Overfull \vbox (150.12868pt too high) detected at line 95
 []


Overfull \vbox (151.12868pt too high) detected at line 95
 []


Overfull \vbox (152.12868pt too high) detected at line 95
 []


Overfull \vbox (153.12868pt too high) detected at line 95
 []


Overfull \vbox (154.12868pt too high) detected at line 95
 []


Overfull \vbox (155.12868pt too high) detected at line 95
 []


Overfull \vbox (156.12868pt too high) detected at line 95
 []


Overfull \vbox (157.12868pt too high) detected at line 95
 []


Overfull \vbox (158.12868pt too high) detected at line 95
 []


Overfull \vbox (159.12868pt too high) detected at line 95
 []


Overfull \vbox (160.12868pt too high) detected at line 95
 []


Overfull \vbox (161.12868pt too high) detected at line 95
 []


Overfull \vbox (162.12868pt too high) detected at line 95
 []


Overfull \vbox (163.12868pt too high) detected at line 95
 []


Overfull \vbox (164.12868pt too high) detected at line 95
 []


Overfull \vbox (165.12868pt too high) detected at line 95
 []


Overfull \vbox (166.12868pt too high) detected at line 95
 []


Overfull \vbox (167.12868pt too high) detected at line 95
 []


Overfull \vbox (168.12868pt too high) detected at line 95
 []


Overfull \vbox (169.12868pt too high) detected at line 95
 []


Overfull \vbox (170.12868pt too high) detected at line 95
 []


Overfull \vbox (171.12868pt too high) detected at line 95
 []


Overfull \vbox (172.12868pt too high) detected at line 95
 []


Overfull \vbox (173.12868pt too high) detected at line 95
 []


Overfull \vbox (174.12868pt too high) detected at line 95
 []


Overfull \vbox (175.12868pt too high) detected at line 95
 []


Overfull \vbox (176.12868pt too high) detected at line 95
 []


Overfull \vbox (177.12868pt too high) detected at line 95
 []


Overfull \vbox (178.12868pt too high) detected at line 95
 []


Overfull \vbox (179.12868pt too high) detected at line 95
 []


Overfull \vbox (180.12868pt too high) detected at line 95
 []


Overfull \vbox (181.12868pt too high) detected at line 95
 []


Overfull \vbox (182.12868pt too high) detected at line 95
 []


Overfull \vbox (183.12868pt too high) detected at line 95
 []


Overfull \vbox (184.12868pt too high) detected at line 95
 []


Overfull \vbox (185.12868pt too high) detected at line 95
 []


Overfull \vbox (186.12868pt too high) detected at line 95
 []


Overfull \vbox (187.12868pt too high) detected at line 95
 []


Overfull \vbox (188.12868pt too high) detected at line 95
 []


Overfull \vbox (189.12868pt too high) detected at line 95
 []


Overfull \vbox (190.12868pt too high) detected at line 95
 []


Overfull \vbox (191.12868pt too high) detected at line 95
 []


Overfull \vbox (192.12868pt too high) detected at line 95
 []


Overfull \vbox (193.12868pt too high) detected at line 95
 []


Overfull \vbox (194.12868pt too high) detected at line 95
 []


Overfull \vbox (195.12868pt too high) detected at line 95
 []


Overfull \vbox (196.12868pt too high) detected at line 95
 []


Overfull \vbox (197.12868pt too high) detected at line 95
 []


Overfull \vbox (198.12868pt too high) detected at line 95
 []


Overfull \vbox (199.12868pt too high) detected at line 95
 []


Overfull \vbox (200.12868pt too high) detected at line 95
 []


Overfull \vbox (201.12868pt too high) detected at line 95
 []


Overfull \vbox (202.12868pt too high) detected at line 95
 []


Overfull \vbox (203.12868pt too high) detected at line 95
 []


Overfull \vbox (204.12868pt too high) detected at line 95
 []


Overfull \vbox (205.12868pt too high) detected at line 95
 []


Overfull \vbox (206.12868pt too high) detected at line 95
 []


Overfull \vbox (207.12868pt too high) detected at line 95
 []


Overfull \vbox (208.12868pt too high) detected at line 95
 []


Overfull \vbox (209.12868pt too high) detected at line 95
 []


Overfull \vbox (210.12868pt too high) detected at line 95
 []


Overfull \vbox (211.12868pt too high) detected at line 95
 []


Overfull \vbox (212.12868pt too high) detected at line 95
 []


Overfull \vbox (213.12868pt too high) detected at line 95
 []


Overfull \vbox (214.12868pt too high) detected at line 95
 []


Package mdframed Warning: correct box splittet fails
 It seems you are using a non splittable contents
(mdframed)                 on input line 95.

Package mdframed Info: You first box width is to small
 mdframed fixed it
(mdframed)              on input line 95.


[753] (./GRAPHICS/WRAPPERS/endrass_octic_equation.tex
<GRAPHICS/POVRAY/X8_as_given.png, id=5766, 1153.30875pt x 110.4125pt>
File: GRAPHICS/POVRAY/X8_as_given.png Graphic file (type png)
<use GRAPHICS/POVRAY/X8_as_given.png>
Package pdftex.def Info: GRAPHICS/POVRAY/X8_as_given.png  used on input line 2.

(pdftex.def)             Requested size: 426.79134pt x 40.85872pt.
)
(./GRAPHICS/THE_MAKEFILE/EXTRACTS/ENDRASS_OCTIC_LEX_165.tex)
(./GRAPHICS/THE_MAKEFILE/EXTRACTS/endrass8.tex)

[754 <./GRAPHICS/POVRAY/HCV_0_029.png> <./GRAPHICS/POVRAY/X8_as_given.png>]
Package mdframed Info: mdframed works in twoside mode on input line 116.

(./GRAPHICS/WRAPPERS/Endrass_octic.tex
<GRAPHICS/POVRAY/endrass_octic_0_004.png, id=5773, 1027.84pt x 770.88pt>
File: GRAPHICS/POVRAY/endrass_octic_0_004.png Graphic file (type png)
<use GRAPHICS/POVRAY/endrass_octic_0_004.png>
Package pdftex.def Info: GRAPHICS/POVRAY/endrass_octic_0_004.png  used on input
 line 2.
(pdftex.def)             Requested size: 256.0748pt x 192.04906pt.
)
Overfull \vbox (80.08232pt too high) detected at line 116
 []

Package mdframed Info: Box was splittet wrong
 starting loop to iterate the splitting point
(mdframed)              on input line 116.

Overfull \vbox (81.08232pt too high) detected at line 116
 []


Overfull \vbox (82.08232pt too high) detected at line 116
 []


Overfull \vbox (83.08232pt too high) detected at line 116
 []


Overfull \vbox (84.08232pt too high) detected at line 116
 []


Overfull \vbox (85.08232pt too high) detected at line 116
 []


Overfull \vbox (86.08232pt too high) detected at line 116
 []


Overfull \vbox (87.08232pt too high) detected at line 116
 []


Overfull \vbox (88.08232pt too high) detected at line 116
 []


Overfull \vbox (89.08232pt too high) detected at line 116
 []


Overfull \vbox (90.08232pt too high) detected at line 116
 []


Overfull \vbox (91.08232pt too high) detected at line 116
 []


Overfull \vbox (92.08232pt too high) detected at line 116
 []


Overfull \vbox (93.08232pt too high) detected at line 116
 []


Overfull \vbox (94.08232pt too high) detected at line 116
 []


Overfull \vbox (95.08232pt too high) detected at line 116
 []


Overfull \vbox (96.08232pt too high) detected at line 116
 []


Overfull \vbox (97.08232pt too high) detected at line 116
 []


Overfull \vbox (98.08232pt too high) detected at line 116
 []


Overfull \vbox (99.08232pt too high) detected at line 116
 []


Overfull \vbox (100.08232pt too high) detected at line 116
 []


Overfull \vbox (101.08232pt too high) detected at line 116
 []


Overfull \vbox (102.08232pt too high) detected at line 116
 []


Overfull \vbox (103.08232pt too high) detected at line 116
 []


Overfull \vbox (104.08232pt too high) detected at line 116
 []


Overfull \vbox (105.08232pt too high) detected at line 116
 []


Overfull \vbox (106.08232pt too high) detected at line 116
 []


Overfull \vbox (107.08232pt too high) detected at line 116
 []


Overfull \vbox (108.08232pt too high) detected at line 116
 []


Overfull \vbox (109.08232pt too high) detected at line 116
 []


Overfull \vbox (110.08232pt too high) detected at line 116
 []


Overfull \vbox (111.08232pt too high) detected at line 116
 []


Overfull \vbox (112.08232pt too high) detected at line 116
 []


Overfull \vbox (113.08232pt too high) detected at line 116
 []


Overfull \vbox (114.08232pt too high) detected at line 116
 []


Overfull \vbox (115.08232pt too high) detected at line 116
 []


Overfull \vbox (116.08232pt too high) detected at line 116
 []


Overfull \vbox (117.08232pt too high) detected at line 116
 []


Overfull \vbox (118.08232pt too high) detected at line 116
 []


Overfull \vbox (119.08232pt too high) detected at line 116
 []


Overfull \vbox (120.08232pt too high) detected at line 116
 []


Overfull \vbox (121.08232pt too high) detected at line 116
 []


Overfull \vbox (122.08232pt too high) detected at line 116
 []


Overfull \vbox (123.08232pt too high) detected at line 116
 []


Overfull \vbox (124.08232pt too high) detected at line 116
 []


Overfull \vbox (125.08232pt too high) detected at line 116
 []


Overfull \vbox (126.08232pt too high) detected at line 116
 []


Overfull \vbox (127.08232pt too high) detected at line 116
 []


Overfull \vbox (128.08232pt too high) detected at line 116
 []


Overfull \vbox (129.08232pt too high) detected at line 116
 []


Overfull \vbox (130.08232pt too high) detected at line 116
 []


Overfull \vbox (131.08232pt too high) detected at line 116
 []


Overfull \vbox (132.08232pt too high) detected at line 116
 []


Overfull \vbox (133.08232pt too high) detected at line 116
 []


Overfull \vbox (134.08232pt too high) detected at line 116
 []


Overfull \vbox (135.08232pt too high) detected at line 116
 []


Overfull \vbox (136.08232pt too high) detected at line 116
 []


Overfull \vbox (137.08232pt too high) detected at line 116
 []


Overfull \vbox (138.08232pt too high) detected at line 116
 []


Overfull \vbox (139.08232pt too high) detected at line 116
 []


Overfull \vbox (140.08232pt too high) detected at line 116
 []


Overfull \vbox (141.08232pt too high) detected at line 116
 []


Overfull \vbox (142.08232pt too high) detected at line 116
 []


Overfull \vbox (143.08232pt too high) detected at line 116
 []


Overfull \vbox (144.08232pt too high) detected at line 116
 []


Overfull \vbox (145.08232pt too high) detected at line 116
 []


Overfull \vbox (146.08232pt too high) detected at line 116
 []


Overfull \vbox (147.08232pt too high) detected at line 116
 []


Overfull \vbox (148.08232pt too high) detected at line 116
 []


Overfull \vbox (149.08232pt too high) detected at line 116
 []


Overfull \vbox (150.08232pt too high) detected at line 116
 []


Overfull \vbox (151.08232pt too high) detected at line 116
 []


Overfull \vbox (152.08232pt too high) detected at line 116
 []


Overfull \vbox (153.08232pt too high) detected at line 116
 []


Overfull \vbox (154.08232pt too high) detected at line 116
 []


Overfull \vbox (155.08232pt too high) detected at line 116
 []


Overfull \vbox (156.08232pt too high) detected at line 116
 []


Overfull \vbox (157.08232pt too high) detected at line 116
 []


Overfull \vbox (158.08232pt too high) detected at line 116
 []


Overfull \vbox (159.08232pt too high) detected at line 116
 []


Overfull \vbox (160.08232pt too high) detected at line 116
 []


Overfull \vbox (161.08232pt too high) detected at line 116
 []


Overfull \vbox (162.08232pt too high) detected at line 116
 []


Overfull \vbox (163.08232pt too high) detected at line 116
 []


Overfull \vbox (164.08232pt too high) detected at line 116
 []


Overfull \vbox (165.08232pt too high) detected at line 116
 []


Overfull \vbox (166.08232pt too high) detected at line 116
 []


Overfull \vbox (167.08232pt too high) detected at line 116
 []


Overfull \vbox (168.08232pt too high) detected at line 116
 []


Overfull \vbox (169.08232pt too high) detected at line 116
 []


Overfull \vbox (170.08232pt too high) detected at line 116
 []


Overfull \vbox (171.08232pt too high) detected at line 116
 []


Overfull \vbox (172.08232pt too high) detected at line 116
 []


Overfull \vbox (173.08232pt too high) detected at line 116
 []


Overfull \vbox (174.08232pt too high) detected at line 116
 []


Overfull \vbox (175.08232pt too high) detected at line 116
 []


Overfull \vbox (176.08232pt too high) detected at line 116
 []


Overfull \vbox (177.08232pt too high) detected at line 116
 []


Overfull \vbox (178.08232pt too high) detected at line 116
 []


Overfull \vbox (179.08232pt too high) detected at line 116
 []


Overfull \vbox (180.08232pt too high) detected at line 116
 []


Overfull \vbox (181.08232pt too high) detected at line 116
 []


Package mdframed Warning: correct box splittet fails
 It seems you are using a non splittable contents
(mdframed)                 on input line 116.

Package mdframed Info: You first box width is to small
 mdframed fixed it
(mdframed)              on input line 116.


[755])

[756 <./GRAPHICS/POVRAY/endrass_octic_0_004.png>] (./C19/sec_3.tex
(./GRAPHICS/TABLES/COMMANDS/prepare_frames_ug.tex)
(./GRAPHICS/THE_MAKEFILE/EXTRACTS/monkey_video.tex))

[757

] (./C19/sec_4.tex (./GRAPHICS/THE_MAKEFILE/EXTRACTS/lissajous.tex)
(./GRAPHICS/THE_MAKEFILE/EXTRACTS/lissajous_plot.tex)

[758

]
Package mdframed Info: mdframed works in twoside mode on input line 67.
 (./GRAPHICS/WRAPPERS/lissajous_0_000_draw.tex
<GRAPHICS/POVRAY/lissajous_0_000.png, id=5794, 1027.84pt x 770.88pt>
File: GRAPHICS/POVRAY/lissajous_0_000.png Graphic file (type png)
<use GRAPHICS/POVRAY/lissajous_0_000.png>
Package pdftex.def Info: GRAPHICS/POVRAY/lissajous_0_000.png  used on input lin
e 2.
(pdftex.def)             Requested size: 256.0748pt x 192.04906pt.
)
Overfull \vbox (104.08232pt too high) detected at line 67
 []

Package mdframed Info: Box was splittet wrong
 starting loop to iterate the splitting point
(mdframed)              on input line 67.

Overfull \vbox (105.08232pt too high) detected at line 67
 []


Overfull \vbox (106.08232pt too high) detected at line 67
 []


Overfull \vbox (107.08232pt too high) detected at line 67
 []


Overfull \vbox (108.08232pt too high) detected at line 67
 []


Overfull \vbox (109.08232pt too high) detected at line 67
 []


Overfull \vbox (110.08232pt too high) detected at line 67
 []


Overfull \vbox (111.08232pt too high) detected at line 67
 []


Overfull \vbox (112.08232pt too high) detected at line 67
 []


Overfull \vbox (113.08232pt too high) detected at line 67
 []


Overfull \vbox (114.08232pt too high) detected at line 67
 []


Overfull \vbox (115.08232pt too high) detected at line 67
 []


Overfull \vbox (116.08232pt too high) detected at line 67
 []


Overfull \vbox (117.08232pt too high) detected at line 67
 []


Overfull \vbox (118.08232pt too high) detected at line 67
 []


Overfull \vbox (119.08232pt too high) detected at line 67
 []


Overfull \vbox (120.08232pt too high) detected at line 67
 []


Overfull \vbox (121.08232pt too high) detected at line 67
 []


Overfull \vbox (122.08232pt too high) detected at line 67
 []


Overfull \vbox (123.08232pt too high) detected at line 67
 []


Overfull \vbox (124.08232pt too high) detected at line 67
 []


Overfull \vbox (125.08232pt too high) detected at line 67
 []


Overfull \vbox (126.08232pt too high) detected at line 67
 []


Overfull \vbox (127.08232pt too high) detected at line 67
 []


Overfull \vbox (128.08232pt too high) detected at line 67
 []


Overfull \vbox (129.08232pt too high) detected at line 67
 []


Overfull \vbox (130.08232pt too high) detected at line 67
 []


Overfull \vbox (131.08232pt too high) detected at line 67
 []


Overfull \vbox (132.08232pt too high) detected at line 67
 []


Overfull \vbox (133.08232pt too high) detected at line 67
 []


Overfull \vbox (134.08232pt too high) detected at line 67
 []


Overfull \vbox (135.08232pt too high) detected at line 67
 []


Overfull \vbox (136.08232pt too high) detected at line 67
 []


Overfull \vbox (137.08232pt too high) detected at line 67
 []


Overfull \vbox (138.08232pt too high) detected at line 67
 []


Overfull \vbox (139.08232pt too high) detected at line 67
 []


Overfull \vbox (140.08232pt too high) detected at line 67
 []


Overfull \vbox (141.08232pt too high) detected at line 67
 []


Overfull \vbox (142.08232pt too high) detected at line 67
 []


Overfull \vbox (143.08232pt too high) detected at line 67
 []


Overfull \vbox (144.08232pt too high) detected at line 67
 []


Overfull \vbox (145.08232pt too high) detected at line 67
 []


Overfull \vbox (146.08232pt too high) detected at line 67
 []


Overfull \vbox (147.08232pt too high) detected at line 67
 []


Overfull \vbox (148.08232pt too high) detected at line 67
 []


Overfull \vbox (149.08232pt too high) detected at line 67
 []


Overfull \vbox (150.08232pt too high) detected at line 67
 []


Overfull \vbox (151.08232pt too high) detected at line 67
 []


Overfull \vbox (152.08232pt too high) detected at line 67
 []


Overfull \vbox (153.08232pt too high) detected at line 67
 []


Overfull \vbox (154.08232pt too high) detected at line 67
 []


Overfull \vbox (155.08232pt too high) detected at line 67
 []


Overfull \vbox (156.08232pt too high) detected at line 67
 []


Overfull \vbox (157.08232pt too high) detected at line 67
 []


Overfull \vbox (158.08232pt too high) detected at line 67
 []


Overfull \vbox (159.08232pt too high) detected at line 67
 []


Overfull \vbox (160.08232pt too high) detected at line 67
 []


Overfull \vbox (161.08232pt too high) detected at line 67
 []


Overfull \vbox (162.08232pt too high) detected at line 67
 []


Overfull \vbox (163.08232pt too high) detected at line 67
 []


Overfull \vbox (164.08232pt too high) detected at line 67
 []


Overfull \vbox (165.08232pt too high) detected at line 67
 []


Overfull \vbox (166.08232pt too high) detected at line 67
 []


Overfull \vbox (167.08232pt too high) detected at line 67
 []


Overfull \vbox (168.08232pt too high) detected at line 67
 []


Overfull \vbox (169.08232pt too high) detected at line 67
 []


Overfull \vbox (170.08232pt too high) detected at line 67
 []


Overfull \vbox (171.08232pt too high) detected at line 67
 []


Overfull \vbox (172.08232pt too high) detected at line 67
 []


Overfull \vbox (173.08232pt too high) detected at line 67
 []


Overfull \vbox (174.08232pt too high) detected at line 67
 []


Overfull \vbox (175.08232pt too high) detected at line 67
 []


Overfull \vbox (176.08232pt too high) detected at line 67
 []


Overfull \vbox (177.08232pt too high) detected at line 67
 []


Overfull \vbox (178.08232pt too high) detected at line 67
 []


Overfull \vbox (179.08232pt too high) detected at line 67
 []


Overfull \vbox (180.08232pt too high) detected at line 67
 []


Overfull \vbox (181.08232pt too high) detected at line 67
 []


Overfull \vbox (182.08232pt too high) detected at line 67
 []


Overfull \vbox (183.08232pt too high) detected at line 67
 []


Overfull \vbox (184.08232pt too high) detected at line 67
 []


Overfull \vbox (185.08232pt too high) detected at line 67
 []


Overfull \vbox (186.08232pt too high) detected at line 67
 []


Overfull \vbox (187.08232pt too high) detected at line 67
 []


Overfull \vbox (188.08232pt too high) detected at line 67
 []


Overfull \vbox (189.08232pt too high) detected at line 67
 []


Overfull \vbox (190.08232pt too high) detected at line 67
 []


Overfull \vbox (191.08232pt too high) detected at line 67
 []


Overfull \vbox (192.08232pt too high) detected at line 67
 []


Overfull \vbox (193.08232pt too high) detected at line 67
 []


Overfull \vbox (194.08232pt too high) detected at line 67
 []


Overfull \vbox (195.08232pt too high) detected at line 67
 []


Overfull \vbox (196.08232pt too high) detected at line 67
 []


Overfull \vbox (197.08232pt too high) detected at line 67
 []


Overfull \vbox (198.08232pt too high) detected at line 67
 []


Overfull \vbox (199.08232pt too high) detected at line 67
 []


Overfull \vbox (200.08232pt too high) detected at line 67
 []


Overfull \vbox (201.08232pt too high) detected at line 67
 []


Overfull \vbox (202.08232pt too high) detected at line 67
 []


Overfull \vbox (203.08232pt too high) detected at line 67
 []


Overfull \vbox (204.08232pt too high) detected at line 67
 []


Overfull \vbox (205.08232pt too high) detected at line 67
 []


Package mdframed Warning: correct box splittet fails
 It seems you are using a non splittable contents
(mdframed)                 on input line 67.

Package mdframed Info: You first box width is to small
 mdframed fixed it
(mdframed)              on input line 67.


[759] (./GRAPHICS/THE_MAKEFILE/EXTRACTS/lissajous_3d.tex)
(./GRAPHICS/THE_MAKEFILE/EXTRACTS/lissajous_3d_plot.tex)

[760 <./GRAPHICS/POVRAY/lissajous_0_000.png>]
Package mdframed Info: mdframed works in twoside mode on input line 85.

(./GRAPHICS/WRAPPERS/lissajous_3d_draw.tex
<GRAPHICS/POVRAY/lissajous_3d_0_000.png, id=5803, 1027.84pt x 770.88pt>
File: GRAPHICS/POVRAY/lissajous_3d_0_000.png Graphic file (type png)
<use GRAPHICS/POVRAY/lissajous_3d_0_000.png>
Package pdftex.def Info: GRAPHICS/POVRAY/lissajous_3d_0_000.png  used on input 
line 2.
(pdftex.def)             Requested size: 256.0748pt x 192.04906pt.
))

[761 <./GRAPHICS/POVRAY/lissajous_3d_0_000.png>] (./C19/sec_5.tex
Package mdframed Info: mdframed works in twoside mode on input line 3.

(./GRAPHICS/LATEX/gnuplot_test_data.tex)
(./GRAPHICS/THE_MAKEFILE/EXTRACTS/GNUPLOT_TEST_INPUT.tex)
(./GRAPHICS/THE_MAKEFILE/EXTRACTS/gnuplot_test_data.tex)
Package mdframed Info: mdframed works in twoside mode on input line 9.

(./GRAPHICS/WRAPPERS/gnuplot_test_data.tex
<GRAPHICS/OTHER/gnuplot_test_data_gnuplot.png, id=5809, 481.8pt x 361.35pt>
File: GRAPHICS/OTHER/gnuplot_test_data_gnuplot.png Graphic file (type png)
<use GRAPHICS/OTHER/gnuplot_test_data_gnuplot.png>
Package pdftex.def Info: GRAPHICS/OTHER/gnuplot_test_data_gnuplot.png  used on 
input line 2.
(pdftex.def)             Requested size: 341.43306pt x 256.0806pt.
)
Overfull \vbox (98.23547pt too high) detected at line 9
 []

Package mdframed Info: Box was splittet wrong
 starting loop to iterate the splitting point
(mdframed)              on input line 9.

Overfull \vbox (99.23547pt too high) detected at line 9
 []


Overfull \vbox (100.23547pt too high) detected at line 9
 []


Overfull \vbox (101.23547pt too high) detected at line 9
 []


Overfull \vbox (102.23547pt too high) detected at line 9
 []


Overfull \vbox (103.23547pt too high) detected at line 9
 []


Overfull \vbox (104.23547pt too high) detected at line 9
 []


Overfull \vbox (105.23547pt too high) detected at line 9
 []


Overfull \vbox (106.23547pt too high) detected at line 9
 []


Overfull \vbox (107.23547pt too high) detected at line 9
 []


Overfull \vbox (108.23547pt too high) detected at line 9
 []


Overfull \vbox (109.23547pt too high) detected at line 9
 []


Overfull \vbox (110.23547pt too high) detected at line 9
 []


Overfull \vbox (111.23547pt too high) detected at line 9
 []


Overfull \vbox (112.23547pt too high) detected at line 9
 []


Overfull \vbox (113.23547pt too high) detected at line 9
 []


Overfull \vbox (114.23547pt too high) detected at line 9
 []


Overfull \vbox (115.23547pt too high) detected at line 9
 []


Overfull \vbox (116.23547pt too high) detected at line 9
 []


Overfull \vbox (117.23547pt too high) detected at line 9
 []


Overfull \vbox (118.23547pt too high) detected at line 9
 []


Overfull \vbox (119.23547pt too high) detected at line 9
 []


Overfull \vbox (120.23547pt too high) detected at line 9
 []


Overfull \vbox (121.23547pt too high) detected at line 9
 []


Overfull \vbox (122.23547pt too high) detected at line 9
 []


Overfull \vbox (123.23547pt too high) detected at line 9
 []


Overfull \vbox (124.23547pt too high) detected at line 9
 []


Overfull \vbox (125.23547pt too high) detected at line 9
 []


Overfull \vbox (126.23547pt too high) detected at line 9
 []


Overfull \vbox (127.23547pt too high) detected at line 9
 []


Overfull \vbox (128.23547pt too high) detected at line 9
 []


Overfull \vbox (129.23547pt too high) detected at line 9
 []


Overfull \vbox (130.23547pt too high) detected at line 9
 []


Overfull \vbox (131.23547pt too high) detected at line 9
 []


Overfull \vbox (132.23547pt too high) detected at line 9
 []


Overfull \vbox (133.23547pt too high) detected at line 9
 []


Overfull \vbox (134.23547pt too high) detected at line 9
 []


Overfull \vbox (135.23547pt too high) detected at line 9
 []


Overfull \vbox (136.23547pt too high) detected at line 9
 []


Overfull \vbox (137.23547pt too high) detected at line 9
 []


Overfull \vbox (138.23547pt too high) detected at line 9
 []


Overfull \vbox (139.23547pt too high) detected at line 9
 []


Overfull \vbox (140.23547pt too high) detected at line 9
 []


Overfull \vbox (141.23547pt too high) detected at line 9
 []


Overfull \vbox (142.23547pt too high) detected at line 9
 []


Overfull \vbox (143.23547pt too high) detected at line 9
 []


Overfull \vbox (144.23547pt too high) detected at line 9
 []


Overfull \vbox (145.23547pt too high) detected at line 9
 []


Overfull \vbox (146.23547pt too high) detected at line 9
 []


Overfull \vbox (147.23547pt too high) detected at line 9
 []


Overfull \vbox (148.23547pt too high) detected at line 9
 []


Overfull \vbox (149.23547pt too high) detected at line 9
 []


Overfull \vbox (150.23547pt too high) detected at line 9
 []


Overfull \vbox (151.23547pt too high) detected at line 9
 []


Overfull \vbox (152.23547pt too high) detected at line 9
 []


Overfull \vbox (153.23547pt too high) detected at line 9
 []


Overfull \vbox (154.23547pt too high) detected at line 9
 []


Overfull \vbox (155.23547pt too high) detected at line 9
 []


Overfull \vbox (156.23547pt too high) detected at line 9
 []


Overfull \vbox (157.23547pt too high) detected at line 9
 []


Overfull \vbox (158.23547pt too high) detected at line 9
 []


Overfull \vbox (159.23547pt too high) detected at line 9
 []


Overfull \vbox (160.23547pt too high) detected at line 9
 []


Overfull \vbox (161.23547pt too high) detected at line 9
 []


Overfull \vbox (162.23547pt too high) detected at line 9
 []


Overfull \vbox (163.23547pt too high) detected at line 9
 []


Overfull \vbox (164.23547pt too high) detected at line 9
 []


Overfull \vbox (165.23547pt too high) detected at line 9
 []


Overfull \vbox (166.23547pt too high) detected at line 9
 []


Overfull \vbox (167.23547pt too high) detected at line 9
 []


Overfull \vbox (168.23547pt too high) detected at line 9
 []


Overfull \vbox (169.23547pt too high) detected at line 9
 []


Overfull \vbox (170.23547pt too high) detected at line 9
 []


Overfull \vbox (171.23547pt too high) detected at line 9
 []


Overfull \vbox (172.23547pt too high) detected at line 9
 []


Overfull \vbox (173.23547pt too high) detected at line 9
 []


Overfull \vbox (174.23547pt too high) detected at line 9
 []


Overfull \vbox (175.23547pt too high) detected at line 9
 []


Overfull \vbox (176.23547pt too high) detected at line 9
 []


Overfull \vbox (177.23547pt too high) detected at line 9
 []


Overfull \vbox (178.23547pt too high) detected at line 9
 []


Overfull \vbox (179.23547pt too high) detected at line 9
 []


Overfull \vbox (180.23547pt too high) detected at line 9
 []


Overfull \vbox (181.23547pt too high) detected at line 9
 []


Overfull \vbox (182.23547pt too high) detected at line 9
 []


Overfull \vbox (183.23547pt too high) detected at line 9
 []


Overfull \vbox (184.23547pt too high) detected at line 9
 []


Overfull \vbox (185.23547pt too high) detected at line 9
 []


Overfull \vbox (186.23547pt too high) detected at line 9
 []


Overfull \vbox (187.23547pt too high) detected at line 9
 []


Overfull \vbox (188.23547pt too high) detected at line 9
 []


Overfull \vbox (189.23547pt too high) detected at line 9
 []


Overfull \vbox (190.23547pt too high) detected at line 9
 []


Overfull \vbox (191.23547pt too high) detected at line 9
 []


Overfull \vbox (192.23547pt too high) detected at line 9
 []


Overfull \vbox (193.23547pt too high) detected at line 9
 []


Overfull \vbox (194.23547pt too high) detected at line 9
 []


Overfull \vbox (195.23547pt too high) detected at line 9
 []


Overfull \vbox (196.23547pt too high) detected at line 9
 []


Overfull \vbox (197.23547pt too high) detected at line 9
 []


Overfull \vbox (198.23547pt too high) detected at line 9
 []


Overfull \vbox (199.23547pt too high) detected at line 9
 []


Package mdframed Warning: correct box splittet fails
 It seems you are using a non splittable contents
(mdframed)                 on input line 9.

Package mdframed Info: You first box width is to small
 mdframed fixed it
(mdframed)              on input line 9.


[762

] (./GRAPHICS/THE_MAKEFILE/EXTRACTS/gnuplot_Eulerfunction_50.tex)
Package mdframed Info: mdframed works in twoside mode on input line 16.

(./GRAPHICS/WRAPPERS/gnuplot_eulerfunction.tex
<GRAPHICS/OTHER/table_eulerfunction_1_50_gnuplot.png, id=5814, 481.8pt x 361.35
pt>
File: GRAPHICS/OTHER/table_eulerfunction_1_50_gnuplot.png Graphic file (type pn
g)
<use GRAPHICS/OTHER/table_eulerfunction_1_50_gnuplot.png>
Package pdftex.def Info: GRAPHICS/OTHER/table_eulerfunction_1_50_gnuplot.png  u
sed on input line 2.
(pdftex.def)             Requested size: 341.43306pt x 256.0806pt.
)
Overfull \vbox (108.39447pt too high) detected at line 16
 []

Package mdframed Info: Box was splittet wrong
 starting loop to iterate the splitting point
(mdframed)              on input line 16.

Overfull \vbox (109.39447pt too high) detected at line 16
 []


Overfull \vbox (110.39447pt too high) detected at line 16
 []


Overfull \vbox (111.39447pt too high) detected at line 16
 []


Overfull \vbox (112.39447pt too high) detected at line 16
 []


Overfull \vbox (113.39447pt too high) detected at line 16
 []


Overfull \vbox (114.39447pt too high) detected at line 16
 []


Overfull \vbox (115.39447pt too high) detected at line 16
 []


Overfull \vbox (116.39447pt too high) detected at line 16
 []


Overfull \vbox (117.39447pt too high) detected at line 16
 []


Overfull \vbox (118.39447pt too high) detected at line 16
 []


Overfull \vbox (119.39447pt too high) detected at line 16
 []


Overfull \vbox (120.39447pt too high) detected at line 16
 []


Overfull \vbox (121.39447pt too high) detected at line 16
 []


Overfull \vbox (122.39447pt too high) detected at line 16
 []


Overfull \vbox (123.39447pt too high) detected at line 16
 []


Overfull \vbox (124.39447pt too high) detected at line 16
 []


Overfull \vbox (125.39447pt too high) detected at line 16
 []


Overfull \vbox (126.39447pt too high) detected at line 16
 []


Overfull \vbox (127.39447pt too high) detected at line 16
 []


Overfull \vbox (128.39447pt too high) detected at line 16
 []


Overfull \vbox (129.39447pt too high) detected at line 16
 []


Overfull \vbox (130.39447pt too high) detected at line 16
 []


Overfull \vbox (131.39447pt too high) detected at line 16
 []


Overfull \vbox (132.39447pt too high) detected at line 16
 []


Overfull \vbox (133.39447pt too high) detected at line 16
 []


Overfull \vbox (134.39447pt too high) detected at line 16
 []


Overfull \vbox (135.39447pt too high) detected at line 16
 []


Overfull \vbox (136.39447pt too high) detected at line 16
 []


Overfull \vbox (137.39447pt too high) detected at line 16
 []


Overfull \vbox (138.39447pt too high) detected at line 16
 []


Overfull \vbox (139.39447pt too high) detected at line 16
 []


Overfull \vbox (140.39447pt too high) detected at line 16
 []


Overfull \vbox (141.39447pt too high) detected at line 16
 []


Overfull \vbox (142.39447pt too high) detected at line 16
 []


Overfull \vbox (143.39447pt too high) detected at line 16
 []


Overfull \vbox (144.39447pt too high) detected at line 16
 []


Overfull \vbox (145.39447pt too high) detected at line 16
 []


Overfull \vbox (146.39447pt too high) detected at line 16
 []


Overfull \vbox (147.39447pt too high) detected at line 16
 []


Overfull \vbox (148.39447pt too high) detected at line 16
 []


Overfull \vbox (149.39447pt too high) detected at line 16
 []


Overfull \vbox (150.39447pt too high) detected at line 16
 []


Overfull \vbox (151.39447pt too high) detected at line 16
 []


Overfull \vbox (152.39447pt too high) detected at line 16
 []


Overfull \vbox (153.39447pt too high) detected at line 16
 []


Overfull \vbox (154.39447pt too high) detected at line 16
 []


Overfull \vbox (155.39447pt too high) detected at line 16
 []


Overfull \vbox (156.39447pt too high) detected at line 16
 []


Overfull \vbox (157.39447pt too high) detected at line 16
 []


Overfull \vbox (158.39447pt too high) detected at line 16
 []


Overfull \vbox (159.39447pt too high) detected at line 16
 []


Overfull \vbox (160.39447pt too high) detected at line 16
 []


Overfull \vbox (161.39447pt too high) detected at line 16
 []


Overfull \vbox (162.39447pt too high) detected at line 16
 []


Overfull \vbox (163.39447pt too high) detected at line 16
 []


Overfull \vbox (164.39447pt too high) detected at line 16
 []


Overfull \vbox (165.39447pt too high) detected at line 16
 []


Overfull \vbox (166.39447pt too high) detected at line 16
 []


Overfull \vbox (167.39447pt too high) detected at line 16
 []


Overfull \vbox (168.39447pt too high) detected at line 16
 []


Overfull \vbox (169.39447pt too high) detected at line 16
 []


Overfull \vbox (170.39447pt too high) detected at line 16
 []


Overfull \vbox (171.39447pt too high) detected at line 16
 []


Overfull \vbox (172.39447pt too high) detected at line 16
 []


Overfull \vbox (173.39447pt too high) detected at line 16
 []


Overfull \vbox (174.39447pt too high) detected at line 16
 []


Overfull \vbox (175.39447pt too high) detected at line 16
 []


Overfull \vbox (176.39447pt too high) detected at line 16
 []


Overfull \vbox (177.39447pt too high) detected at line 16
 []


Overfull \vbox (178.39447pt too high) detected at line 16
 []


Overfull \vbox (179.39447pt too high) detected at line 16
 []


Overfull \vbox (180.39447pt too high) detected at line 16
 []


Overfull \vbox (181.39447pt too high) detected at line 16
 []


Overfull \vbox (182.39447pt too high) detected at line 16
 []


Overfull \vbox (183.39447pt too high) detected at line 16
 []


Overfull \vbox (184.39447pt too high) detected at line 16
 []


Overfull \vbox (185.39447pt too high) detected at line 16
 []


Overfull \vbox (186.39447pt too high) detected at line 16
 []


Overfull \vbox (187.39447pt too high) detected at line 16
 []


Overfull \vbox (188.39447pt too high) detected at line 16
 []


Overfull \vbox (189.39447pt too high) detected at line 16
 []


Overfull \vbox (190.39447pt too high) detected at line 16
 []


Overfull \vbox (191.39447pt too high) detected at line 16
 []


Overfull \vbox (192.39447pt too high) detected at line 16
 []


Overfull \vbox (193.39447pt too high) detected at line 16
 []


Overfull \vbox (194.39447pt too high) detected at line 16
 []


Overfull \vbox (195.39447pt too high) detected at line 16
 []


Overfull \vbox (196.39447pt too high) detected at line 16
 []


Overfull \vbox (197.39447pt too high) detected at line 16
 []


Overfull \vbox (198.39447pt too high) detected at line 16
 []


Overfull \vbox (199.39447pt too high) detected at line 16
 []


Overfull \vbox (200.39447pt too high) detected at line 16
 []


Overfull \vbox (201.39447pt too high) detected at line 16
 []


Overfull \vbox (202.39447pt too high) detected at line 16
 []


Overfull \vbox (203.39447pt too high) detected at line 16
 []


Overfull \vbox (204.39447pt too high) detected at line 16
 []


Overfull \vbox (205.39447pt too high) detected at line 16
 []


Overfull \vbox (206.39447pt too high) detected at line 16
 []


Overfull \vbox (207.39447pt too high) detected at line 16
 []


Overfull \vbox (208.39447pt too high) detected at line 16
 []


Overfull \vbox (209.39447pt too high) detected at line 16
 []


Package mdframed Warning: correct box splittet fails
 It seems you are using a non splittable contents
(mdframed)                 on input line 16.

Package mdframed Info: You first box width is to small
 mdframed fixed it
(mdframed)              on input line 16.


[763 <./GRAPHICS/OTHER/gnuplot_test_data_gnuplot.png>])

[764 <./GRAPHICS/OTHER/table_eulerfunction_1_50_gnuplot.png>])
Chapter 20.
(./C20/chapter.tex (./C20/sec_1.tex
(./GRAPHICS/THE_MAKEFILE/EXTRACTS/make_table_of_surfaces.tex)
(./GRAPHICS/THE_MAKEFILE/EXTRACTS/make_table_of_quartic_curves.tex)
(./GRAPHICS/THE_MAKEFILE/EXTRACTS/cubic_surfaces_table_q17.tex)

[765


] (./GRAPHICS/THE_MAKEFILE/EXTRACTS/quartic_curves_table_q17.tex))

[766] (./C20/sec_2.tex (./GRAPHICS/THE_MAKEFILE/EXTRACTS/blt_set_table_q13.tex)
(./GRAPHICS/THE_MAKEFILE/EXTRACTS/blt_set_table.tex)
(./GRAPHICS/THE_MAKEFILE/EXTRACTS/BLT_ORDER_Q.tex)
(./GRAPHICS/THE_MAKEFILE/EXTRACTS/BLT_NUMBER_ISO.tex)

[767

] (./GRAPHICS/THE_MAKEFILE/EXTRACTS/blt_set_export_gap.tex))

[768])
Chapter 21.
(./C21/chapter.tex (./C21/sec_1.tex
(./GRAPHICS/TABLES/COMMANDS/interface_toolkit_1_ug.tex
Underfull \hbox (badness 10000) in paragraph at lines 41--41
[]|\OT1/cmss/m/n/10 fname[]mask
 []


Underfull \hbox (badness 10000) in paragraph at lines 41--41
\OT1/cmss/m/n/10 con-tent[]mask
 []


Underfull \hbox (badness 10000) in paragraph at lines 41--41
[]|\OT1/cmss/m/n/10 fname col-
 []


Underfull \hbox (badness 10000) in paragraph at lines 41--41
[]|\OT1/cmss/m/n/10 fname[]mask
 []


Underfull \hbox (badness 10000) in paragraph at lines 41--41
\OT1/cmss/m/n/10 fname[]out
 []


Underfull \hbox (badness 5667) in paragraph at lines 41--41
[]|\OT1/cmss/m/n/10 fname suf-fix
 []


Underfull \hbox (badness 10000) in paragraph at lines 41--41
[]|[]\OT1/zi4/m/n/10 -csv_file_sort_rows_and_
 []

) (./GRAPHICS/TABLES/COMMANDS/interface_toolkit_2_ug.tex
Underfull \hbox (badness 10000) in paragraph at lines 43--43
[]|\OT1/cmss/m/n/10 fname n
 []


Underfull \hbox (badness 10000) in paragraph at lines 43--43
\OT1/cmss/m/n/10 fname-label-
 []


Underfull \hbox (badness 4378) in paragraph at lines 43--43
[]|\OT1/cmss/m/n/10 fname-out n
 []


Underfull \hbox (badness 3942) in paragraph at lines 43--43
[]|\OT1/cmss/m/n/10 f N fname-
 []


Underfull \hbox (badness 10000) in paragraph at lines 43--43
[]|\OT1/cmss/m/n/10 fname col-
 []


Underfull \hbox (badness 10000) in paragraph at lines 43--43
[]|\OT1/cmss/m/n/10 fname col-
 []


Underfull \hbox (badness 10000) in paragraph at lines 43--43
[]|\OT1/cmss/m/n/10 fname-in
 []


Underfull \hbox (badness 10000) in paragraph at lines 43--43
\OT1/cmss/m/n/10 fname-out
 []


Underfull \hbox (badness 10000) in paragraph at lines 43--43
[]|\OT1/cmss/m/n/10 fname-in
 []


Underfull \hbox (badness 10000) in paragraph at lines 43--43
\OT1/cmss/m/n/10 fname-out
 []


Underfull \hbox (badness 10000) in paragraph at lines 43--43
[]|\OT1/cmss/m/n/10 fname-in
 []


Underfull \hbox (badness 10000) in paragraph at lines 43--43
[]|\OT1/cmss/m/n/10 fname-in
 []


Underfull \hbox (badness 10000) in paragraph at lines 43--43
[]|\OT1/cmss/m/n/10 variable
 []


Underfull \hbox (badness 10000) in paragraph at lines 43--43
\OT1/cmss/m/n/10 val[]from
 []


Underfull \hbox (badness 10000) in paragraph at lines 43--43
\OT1/cmss/m/n/10 val[]to
 []


Underfull \hbox (badness 10000) in paragraph at lines 43--43
[]|\OT1/cmss/m/n/10 variable
 []

) (./GRAPHICS/TABLES/COMMANDS/interface_toolkit_3_ug.tex
Underfull \hbox (badness 10000) in paragraph at lines 55--55
[]|\OT1/cmss/m/n/10 function-
 []


Underfull \hbox (badness 1005) in paragraph at lines 55--55
[]|\OT1/cmss/m/n/10 fname-in key
 []


Underfull \hbox (badness 10000) in paragraph at lines 55--55
[]|\OT1/cmss/m/n/10 fname-in
 []


Underfull \hbox (badness 10000) in paragraph at lines 55--55
\OT1/cmss/m/n/10 key tail
 []


Underfull \hbox (badness 10000) in paragraph at lines 55--55
[]|\OT1/cmss/m/n/10 fname
 []


Underfull \hbox (badness 10000) in paragraph at lines 55--55
[]|\OT1/cmss/m/n/10 fname col1
 []


Underfull \hbox (badness 10000) in paragraph at lines 55--55
[]|\OT1/cmss/m/n/10 nb[]problems
 []


Underfull \hbox (badness 10000) in paragraph at lines 55--55
[]|\OT1/cmss/m/n/10 fname
 []


Underfull \hbox (badness 10000) in paragraph at lines 55--55
[]|\OT1/cmss/m/n/10 fname col-
 []


Underfull \hbox (badness 10000) in paragraph at lines 55--55
[]|\OT1/cmss/m/n/10 fname-in
 []


Underfull \hbox (badness 10000) in paragraph at lines 55--55
\OT1/cmss/m/n/10 fname-out-
 []


Underfull \hbox (badness 10000) in paragraph at lines 55--55
\OT1/cmss/m/n/10 search-and-
 []


Underfull \hbox (badness 10000) in paragraph at lines 55--55
[]|\OT1/cmss/m/n/10 fname-in
 []


Underfull \hbox (badness 10000) in paragraph at lines 55--55
\OT1/cmss/m/n/10 fname-out
 []


Underfull \hbox (badness 6842) in paragraph at lines 55--55
[]|\OT1/cmss/m/n/10 fname-in po
 []


LaTeX Warning: Float too large for page by 51.6296pt on input line 57.

) (./GRAPHICS/TABLES/COMMANDS/tree_draw_options_ug.tex)
Underfull \hbox (badness 1603) in paragraph at lines 8--14
[]\OT1/cmr/m/n/10 The com-mand [][]\OT1/zi4/m/n/10 -csv_file_select_rows []\OT1
/cmr/m/n/10 can be used to se-lect rows from a csv file. The com-
 []


Underfull \hbox (badness 2065) in paragraph at lines 8--14
\OT1/cmr/m/n/10 mand [][]\OT1/zi4/m/n/10 -csv_file_select_cols []\OT1/cmr/m/n/1
0 can be used to se-lect columns from a csv file. The com-mand
 []

(./GRAPHICS/THE_MAKEFILE/EXTRACTS/misc_select.tex)
Package mdframed Info: mdframed works in twoside mode on input line 25.

(./GRAPHICS/LATEX/GF_q7_multiplication_table_reordered.tex)

Package mdframed Warning: You got a bad break
(mdframed)                because the last box will be empty
(mdframed)                you have to change it manually
(mdframed)                by changing the text, the space
(mdframed)                or something else on input line 25.



[769


]

[770]

[771]

[772]
Package mdframed Info: mdframed works in twoside mode on input line 29.
 (./GRAPHICS/LATEX/GF_q7_multiplication_table_reordered_sub.tex)
Package mdframed Info: mdframed works in twoside mode on input line 33.

(./GRAPHICS/WRAPPERS/GF_q7_tables_reordered_draw.tex
File: GRAPHICS/GF/GF_q7_multiplication_table_reordered_draw.png Graphic file (t
ype png)
<use GRAPHICS/GF/GF_q7_multiplication_table_reordered_draw.png>
Package pdftex.def Info: GRAPHICS/GF/GF_q7_multiplication_table_reordered_draw.
png  used on input line 2.
(pdftex.def)             Requested size: 142.26378pt x 142.26576pt.
File: GRAPHICS/GF/GF_q7_multiplication_table_reordered_draw.png Graphic file (t
ype png)
<use GRAPHICS/GF/GF_q7_multiplication_table_reordered_draw.png>
Package pdftex.def Info: GRAPHICS/GF/GF_q7_multiplication_table_reordered_draw.
png  used on input line 4.
(pdftex.def)             Requested size: 142.26378pt x 142.26576pt.
))

[773] (./C21/sec_2.tex
Underfull \hbox (badness 1990) in paragraph at lines 14--19
[]\OT1/cmr/m/n/10 The pro-jec-tive ge-om-e-try class tries to build a bit-ma-tr
ix for the ad-ja-cency ma-trix if the
 []


Underfull \hbox (badness 1137) in paragraph at lines 14--19
\OT1/cmr/m/n/10 num-ber of lines is less than [][]\OT1/zi4/m/n/10 MAX_NUMBER_OF
_LINES_FOR_INCIDENCE_MATRIX []\OT1/cmr/m/n/10 which is de-fined in
 []


Underfull \hbox (badness 10000) in paragraph at lines 19--26
[]\OT1/cmr/m/n/10 The pro-jec-tive ge-om-e-try class tries to build a ta-ble fo
r the lines if the num-
 []


Underfull \hbox (badness 7759) in paragraph at lines 19--26
\OT1/cmr/m/n/10 ber of points is less that [][]\OT1/zi4/m/n/10 MAX_NUMBER_OF_PO
INTS_FOR_POINT_TABLE []\OT1/cmr/m/n/10 and the num-ber of
 []


Underfull \hbox (badness 7685) in paragraph at lines 19--26
\OT1/cmr/m/n/10 lines is less than [][]\OT1/zi4/m/n/10 MAX_NUMBER_OF_LINES_FOR_
LINE_TABLE[]\OT1/cmr/m/n/10 , both of which are de-fined in
 []

(./GRAPHICS/THE_MAKEFILE/EXTRACTS/F_15bit.tex)

[774

] (./GRAPHICS/THE_MAKEFILE/EXTRACTS/F_31bit.tex)
(./GRAPHICS/THE_MAKEFILE/EXTRACTS/F_32bit.tex)
(./GRAPHICS/THE_MAKEFILE/EXTRACTS/F_63bit.tex)

[775] (./GRAPHICS/THE_MAKEFILE/EXTRACTS/F_64bit.tex))

[776])
Chapter 22.
(./C22/chapter.tex (./C22/sec_1.tex

[777


]
<GRAPHICS/WIN/win1.png, id=5917, 1013.7875pt x 571.13374pt>
File: GRAPHICS/WIN/win1.png Graphic file (type png)
<use GRAPHICS/WIN/win1.png>
Package pdftex.def Info: GRAPHICS/WIN/win1.png  used on input line 40.
(pdftex.def)             Requested size: 426.79134pt x 240.43228pt.
<GRAPHICS/WIN/win2.png, id=5918, 1012.78375pt x 571.13374pt>
File: GRAPHICS/WIN/win2.png Graphic file (type png)
<use GRAPHICS/WIN/win2.png>
Package pdftex.def Info: GRAPHICS/WIN/win2.png  used on input line 43.
(pdftex.def)             Requested size: 426.79134pt x 240.6763pt.


[778

 <./GRAPHICS/WIN/win1.png> <./GRAPHICS/WIN/win2.png>]
<GRAPHICS/WIN/win3.png, id=5925, 1012.78375pt x 574.145pt>
File: GRAPHICS/WIN/win3.png Graphic file (type png)
<use GRAPHICS/WIN/win3.png>
Package pdftex.def Info: GRAPHICS/WIN/win3.png  used on input line 49.
(pdftex.def)             Requested size: 426.79134pt x 241.94524pt.
<GRAPHICS/WIN/win4.png, id=5926, 1014.79124pt x 574.145pt>
File: GRAPHICS/WIN/win4.png Graphic file (type png)
<use GRAPHICS/WIN/win4.png>
Package pdftex.def Info: GRAPHICS/WIN/win4.png  used on input line 52.
(pdftex.def)             Requested size: 426.79134pt x 241.4634pt.


[779

 <./GRAPHICS/WIN/win3.png> <./GRAPHICS/WIN/win4.png>]
<GRAPHICS/WIN/win5.png, id=5933, 1012.78375pt x 563.10374pt>
File: GRAPHICS/WIN/win5.png Graphic file (type png)
<use GRAPHICS/WIN/win5.png>
Package pdftex.def Info: GRAPHICS/WIN/win5.png  used on input line 58.
(pdftex.def)             Requested size: 426.79134pt x 237.29245pt.
<GRAPHICS/WIN/win6.png, id=5934, 1012.78375pt x 570.13pt>
File: GRAPHICS/WIN/win6.png Graphic file (type png)
<use GRAPHICS/WIN/win6.png>
Package pdftex.def Info: GRAPHICS/WIN/win6.png  used on input line 61.
(pdftex.def)             Requested size: 426.79134pt x 240.25331pt.


[780

 <./GRAPHICS/WIN/win5.png> <./GRAPHICS/WIN/win6.png>]
<GRAPHICS/WIN/win7.png, id=5941, 1012.78375pt x 569.12625pt>
File: GRAPHICS/WIN/win7.png Graphic file (type png)
<use GRAPHICS/WIN/win7.png>
Package pdftex.def Info: GRAPHICS/WIN/win7.png  used on input line 68.
(pdftex.def)             Requested size: 426.79134pt x 239.83034pt.
<GRAPHICS/WIN/win8.png, id=5942, 1011.78pt x 569.12625pt>
File: GRAPHICS/WIN/win8.png Graphic file (type png)
<use GRAPHICS/WIN/win8.png>
Package pdftex.def Info: GRAPHICS/WIN/win8.png  used on input line 71.
(pdftex.def)             Requested size: 426.79134pt x 240.07349pt.


[781

 <./GRAPHICS/WIN/win7.png> <./GRAPHICS/WIN/win8.png>]
<GRAPHICS/WIN/win9.png, id=5950, 1014.79124pt x 570.13pt>
File: GRAPHICS/WIN/win9.png Graphic file (type png)
<use GRAPHICS/WIN/win9.png>
Package pdftex.def Info: GRAPHICS/WIN/win9.png  used on input line 77.
(pdftex.def)             Requested size: 426.79134pt x 239.77484pt.
<GRAPHICS/WIN/win10.png, id=5951, 1016.79875pt x 571.13374pt>
File: GRAPHICS/WIN/win10.png Graphic file (type png)
<use GRAPHICS/WIN/win10.png>
Package pdftex.def Info: GRAPHICS/WIN/win10.png  used on input line 80.
(pdftex.def)             Requested size: 426.79134pt x 239.72638pt.


[782

 <./GRAPHICS/WIN/win9.png> <./GRAPHICS/WIN/win10.png>]
<GRAPHICS/WIN/win11.png, id=5958, 1011.78pt x 570.13pt>
File: GRAPHICS/WIN/win11.png Graphic file (type png)
<use GRAPHICS/WIN/win11.png>
Package pdftex.def Info: GRAPHICS/WIN/win11.png  used on input line 86.
(pdftex.def)             Requested size: 426.79134pt x 240.4969pt.
<GRAPHICS/WIN/win12.png, id=5959, 1012.78375pt x 568.1225pt>
File: GRAPHICS/WIN/win12.png Graphic file (type png)
<use GRAPHICS/WIN/win12.png>
Package pdftex.def Info: GRAPHICS/WIN/win12.png  used on input line 89.
(pdftex.def)             Requested size: 426.79134pt x 239.40735pt.


[783

 <./GRAPHICS/WIN/win11.png> <./GRAPHICS/WIN/win12.png>]
<GRAPHICS/WIN/win13.png, id=5966, 1011.78pt x 567.11874pt>
File: GRAPHICS/WIN/win13.png Graphic file (type png)
<use GRAPHICS/WIN/win13.png>
Package pdftex.def Info: GRAPHICS/WIN/win13.png  used on input line 95.
(pdftex.def)             Requested size: 426.79134pt x 239.22667pt.
<GRAPHICS/WIN/win14.png, id=5967, 1011.78pt x 567.11874pt>
File: GRAPHICS/WIN/win14.png Graphic file (type png)
<use GRAPHICS/WIN/win14.png>
Package pdftex.def Info: GRAPHICS/WIN/win14.png  used on input line 98.
(pdftex.def)             Requested size: 426.79134pt x 239.22667pt.


[784

 <./GRAPHICS/WIN/win13.png> <./GRAPHICS/WIN/win14.png>]
<GRAPHICS/WIN/win15.png, id=5974, 1014.79124pt x 571.13374pt>
File: GRAPHICS/WIN/win15.png Graphic file (type png)
<use GRAPHICS/WIN/win15.png>
Package pdftex.def Info: GRAPHICS/WIN/win15.png  used on input line 104.
(pdftex.def)             Requested size: 426.79134pt x 240.19698pt.
<GRAPHICS/WIN/win16.png, id=5975, 1014.79124pt x 572.1375pt>
File: GRAPHICS/WIN/win16.png Graphic file (type png)
<use GRAPHICS/WIN/win16.png>
Package pdftex.def Info: GRAPHICS/WIN/win16.png  used on input line 107.
(pdftex.def)             Requested size: 426.79134pt x 240.61911pt.


[785

 <./GRAPHICS/WIN/win15.png> <./GRAPHICS/WIN/win16.png>]
<GRAPHICS/WIN/win17.png, id=5982, 1011.78pt x 570.13pt>
File: GRAPHICS/WIN/win17.png Graphic file (type png)
<use GRAPHICS/WIN/win17.png>
Package pdftex.def Info: GRAPHICS/WIN/win17.png  used on input line 113.
(pdftex.def)             Requested size: 426.79134pt x 240.4969pt.
<GRAPHICS/WIN/win18.png, id=5983, 1009.7725pt x 570.13pt>
File: GRAPHICS/WIN/win18.png Graphic file (type png)
<use GRAPHICS/WIN/win18.png>
Package pdftex.def Info: GRAPHICS/WIN/win18.png  used on input line 116.
(pdftex.def)             Requested size: 426.79134pt x 240.97537pt.


[786

 <./GRAPHICS/WIN/win17.png> <./GRAPHICS/WIN/win18.png>]))
Chapter 23.
(./C23/chapter.tex

[787



] (./C23/sec_1.tex

[788

])

[789

])

[790


]
Appendix A.
(./D01/chapter.tex (./D01/sec_1.tex
Package mdframed Info: mdframed works in twoside mode on input line 4.
 (./GRAPHICS/RAILROAD/WRAPPER/rr_Grammar.tex
Underfull \hbox (badness 10000) in paragraph at lines 4--1

 []

File: GRAPHICS/RAILROAD/diagram/Grammar.png Graphic file (type png)
<use GRAPHICS/RAILROAD/diagram/Grammar.png>
Package pdftex.def Info: GRAPHICS/RAILROAD/diagram/Grammar.png  used on input l
ine 3.
(pdftex.def)             Requested size: 100.12381pt x 27.85397pt.
)
Package mdframed Info: mdframed works in twoside mode on input line 6.
 (./GRAPHICS/RAILROAD/WRAPPER/rr_Program.tex
Underfull \hbox (badness 10000) in paragraph at lines 6--1

 []

File: GRAPHICS/RAILROAD/diagram/Program.png Graphic file (type png)
<use GRAPHICS/RAILROAD/diagram/Program.png>
Package pdftex.def Info: GRAPHICS/RAILROAD/diagram/Program.png  used on input l
ine 3.
(pdftex.def)             Requested size: 241.65222pt x 53.44954pt.
)
Package mdframed Info: mdframed works in twoside mode on input line 8.
 (./GRAPHICS/RAILROAD/WRAPPER/rr_Setup.tex
Underfull \hbox (badness 10000) in paragraph at lines 8--1

 []

File: GRAPHICS/RAILROAD/diagram/Setup.png Graphic file (type png)
<use GRAPHICS/RAILROAD/diagram/Setup.png>
Package pdftex.def Info: GRAPHICS/RAILROAD/diagram/Setup.png  used on input lin
e 3.
(pdftex.def)             Requested size: 211.53978pt x 292.84334pt.
)

[791]
Package mdframed Info: mdframed works in twoside mode on input line 11.
 (./GRAPHICS/RAILROAD/WRAPPER/rr_CommandSequence.tex
Underfull \hbox (badness 10000) in paragraph at lines 11--1

 []

File: GRAPHICS/RAILROAD/diagram/CommandSequence.png Graphic file (type png)
<use GRAPHICS/RAILROAD/diagram/CommandSequence.png>
Package pdftex.def Info: GRAPHICS/RAILROAD/diagram/CommandSequence.png  used on
 input line 3.
(pdftex.def)             Requested size: 137.76434pt x 42.91019pt.
)
Package mdframed Info: mdframed works in twoside mode on input line 14.
 (./GRAPHICS/RAILROAD/WRAPPER/rr_Command.tex
Underfull \hbox (badness 10000) in paragraph at lines 14--1

 []

File: GRAPHICS/RAILROAD/diagram/Command.png Graphic file (type png)
<use GRAPHICS/RAILROAD/diagram/Command.png>
Package pdftex.def Info: GRAPHICS/RAILROAD/diagram/Command.png  used on input l
ine 3.
(pdftex.def)             Requested size: 145.29245pt x 127.22499pt.
)
Package mdframed Info: mdframed works in twoside mode on input line 17.
 (./GRAPHICS/RAILROAD/WRAPPER/rr_Definition.tex
Underfull \hbox (badness 10000) in paragraph at lines 17--1

 []

File: GRAPHICS/RAILROAD/diagram/Definition.png Graphic file (type png)
<use GRAPHICS/RAILROAD/diagram/Definition.png>
Package pdftex.def Info: GRAPHICS/RAILROAD/diagram/Definition.png  used on inpu
t line 3.
(pdftex.def)             Requested size: 330.48387pt x 27.85397pt.
)
Package mdframed Info: Not enough space on this page on input line 17.


[792]
Package mdframed Info: Not enough space on this page on input line 17.
Package mdframed Info: mdframed works in twoside mode on input line 19.
 (./GRAPHICS/RAILROAD/WRAPPER/rr_Assignment.tex
Underfull \hbox (badness 10000) in paragraph at lines 19--1

 []

File: GRAPHICS/RAILROAD/diagram/Assignment.png Graphic file (type png)
<use GRAPHICS/RAILROAD/diagram/Assignment.png>
Package pdftex.def Info: GRAPHICS/RAILROAD/diagram/Assignment.png  used on inpu
t line 3.
(pdftex.def)             Requested size: 307.89955pt x 60.97765pt.
)
Package mdframed Info: mdframed works in twoside mode on input line 22.
 (./GRAPHICS/RAILROAD/WRAPPER/rr_Activity.tex
Underfull \hbox (badness 10000) in paragraph at lines 22--1

 []

File: GRAPHICS/RAILROAD/diagram/Activity.png Graphic file (type png)
<use GRAPHICS/RAILROAD/diagram/Activity.png>
Package pdftex.def Info: GRAPHICS/RAILROAD/diagram/Activity.png  used on input 
line 3.
(pdftex.def)             Requested size: 371.13565pt x 60.97765pt.
)
Package mdframed Info: mdframed works in twoside mode on input line 25.
 (./GRAPHICS/RAILROAD/WRAPPER/rr_ObjectTypeAndArgs.tex
Underfull \hbox (badness 10000) in paragraph at lines 25--1

 []

File: GRAPHICS/RAILROAD/diagram/ObjectTypeAndArgs.png Graphic file (type png)
<use GRAPHICS/RAILROAD/diagram/ObjectTypeAndArgs.png>
Package pdftex.def Info: GRAPHICS/RAILROAD/diagram/ObjectTypeAndArgs.png  used 
on input line 3.
(pdftex.def)             Requested size: 187.44984pt x 193.47234pt.
)
Package mdframed Info: mdframed works in twoside mode on input line 27.
 (./GRAPHICS/RAILROAD/WRAPPER/rr_DataStructure.tex
Underfull \hbox (badness 10000) in paragraph at lines 27--1

 []

File: GRAPHICS/RAILROAD/diagram/DataStructure.png Graphic file (type png)
<use GRAPHICS/RAILROAD/diagram/DataStructure.png>
Package pdftex.def Info: GRAPHICS/RAILROAD/diagram/DataStructure.png  used on i
nput line 3.
(pdftex.def)             Requested size: 136.25871pt x 127.22499pt.
)

[793]
Package mdframed Info: mdframed works in twoside mode on input line 30.
 (./GRAPHICS/RAILROAD/WRAPPER/rr_AlgebraObject.tex
Underfull \hbox (badness 10000) in paragraph at lines 30--1

 []

File: GRAPHICS/RAILROAD/diagram/AlgebraObject.png Graphic file (type png)
<use GRAPHICS/RAILROAD/diagram/AlgebraObject.png>
Package pdftex.def Info: GRAPHICS/RAILROAD/diagram/AlgebraObject.png  used on i
nput line 3.
(pdftex.def)             Requested size: 259.71967pt x 325.96701pt.
)
Package mdframed Info: mdframed works in twoside mode on input line 32.
 (./GRAPHICS/RAILROAD/WRAPPER/rr_GeometryObject.tex
Underfull \hbox (badness 10000) in paragraph at lines 32--1

 []

<GRAPHICS/RAILROAD/diagram/GeometryObject.png, id=6021, 255.20343pt x 590.95781
pt>
File: GRAPHICS/RAILROAD/diagram/GeometryObject.png Graphic file (type png)
<use GRAPHICS/RAILROAD/diagram/GeometryObject.png>
Package pdftex.def Info: GRAPHICS/RAILROAD/diagram/GeometryObject.png  used on 
input line 3.
(pdftex.def)             Requested size: 255.2028pt x 590.95636pt.
)

[794]
Package mdframed Info: mdframed works in twoside mode on input line 34.
 (./GRAPHICS/RAILROAD/WRAPPER/rr_CombinatoricsObject.tex
Underfull \hbox (badness 10000) in paragraph at lines 34--1

 []

<GRAPHICS/RAILROAD/diagram/CombinatoricsObject.png, id=6026, 188.95593pt x 226.
59656pt>
File: GRAPHICS/RAILROAD/diagram/CombinatoricsObject.png Graphic file (type png)

<use GRAPHICS/RAILROAD/diagram/CombinatoricsObject.png>
Package pdftex.def Info: GRAPHICS/RAILROAD/diagram/CombinatoricsObject.png  use
d on input line 3.
(pdftex.def)             Requested size: 188.95546pt x 226.596pt.
)
Underfull \vbox (badness 10000) has occurred while \output is active []



[795 <./GRAPHICS/RAILROAD/diagram/GeometryObject.png>]
Package mdframed Info: Not enough space on this page on input line 34.
Package mdframed Info: mdframed works in twoside mode on input line 36.

(./GRAPHICS/RAILROAD/WRAPPER/rr_CodingTheoryObject.tex
Underfull \hbox (badness 10000) in paragraph at lines 36--1

 []

<GRAPHICS/RAILROAD/diagram/CodingTheoryObject.png, id=6032, 131.74219pt x 60.97
781pt>
File: GRAPHICS/RAILROAD/diagram/CodingTheoryObject.png Graphic file (type png)
<use GRAPHICS/RAILROAD/diagram/CodingTheoryObject.png>
Package pdftex.def Info: GRAPHICS/RAILROAD/diagram/CodingTheoryObject.png  used
 on input line 3.
(pdftex.def)             Requested size: 131.74185pt x 60.97765pt.
)
Package mdframed Info: mdframed works in twoside mode on input line 38.
 (./GRAPHICS/RAILROAD/WRAPPER/rr_OtherObject.tex
Underfull \hbox (badness 10000) in paragraph at lines 38--1

 []

<GRAPHICS/RAILROAD/diagram/OtherObject.png, id=6033, 166.37157pt x 60.97781pt>
File: GRAPHICS/RAILROAD/diagram/OtherObject.png Graphic file (type png)
<use GRAPHICS/RAILROAD/diagram/OtherObject.png>
Package pdftex.def Info: GRAPHICS/RAILROAD/diagram/OtherObject.png  used on inp
ut line 3.
(pdftex.def)             Requested size: 166.37114pt x 60.97765pt.
)
Package mdframed Info: mdframed works in twoside mode on input line 40.
 (./GRAPHICS/RAILROAD/WRAPPER/rr_ObjectActivity.tex
Underfull \hbox (badness 10000) in paragraph at lines 40--1

 []

File: GRAPHICS/RAILROAD/diagram/ObjectActivity.png Graphic file (type png)
<use GRAPHICS/RAILROAD/diagram/ObjectActivity.png>
Package pdftex.def Info: GRAPHICS/RAILROAD/diagram/ObjectActivity.png  used on 
input line 3.
(pdftex.def)             Requested size: 191.96672pt x 160.34866pt.
)

[796 <./GRAPHICS/RAILROAD/diagram/CombinatoricsObject.png> <./GRAPHICS/RAILROAD
/diagram/CodingTheoryObject.png> <./GRAPHICS/RAILROAD/diagram/OtherObject.png>]
Package mdframed Info: mdframed works in twoside mode on input line 43.
(./GRAPHICS/RAILROAD/WRAPPER/rr_finite_field.tex
Underfull \hbox (badness 10000) in paragraph at lines 43--1

 []

File: GRAPHICS/RAILROAD/diagram/finite_field.png Graphic file (type png)
<use GRAPHICS/RAILROAD/diagram/finite_field.png>
Package pdftex.def Info: GRAPHICS/RAILROAD/diagram/finite_field.png  used on in
put line 3.
(pdftex.def)             Requested size: 294.34895pt x 53.44954pt.
)
Package mdframed Info: mdframed works in twoside mode on input line 45.
 (./GRAPHICS/RAILROAD/WRAPPER/rr_polynomial_ring.tex
Underfull \hbox (badness 10000) in paragraph at lines 45--1

 []

<GRAPHICS/RAILROAD/diagram/polynomial_ring.png, id=6041, 321.45094pt x 53.44969
pt>
File: GRAPHICS/RAILROAD/diagram/polynomial_ring.png Graphic file (type png)
<use GRAPHICS/RAILROAD/diagram/polynomial_ring.png>
Package pdftex.def Info: GRAPHICS/RAILROAD/diagram/polynomial_ring.png  used on
 input line 3.
(pdftex.def)             Requested size: 321.45015pt x 53.44954pt.
)
Package mdframed Info: mdframed works in twoside mode on input line 47.
 (./GRAPHICS/RAILROAD/WRAPPER/rr_projective_space.tex
Underfull \hbox (badness 10000) in paragraph at lines 47--1

 []

<GRAPHICS/RAILROAD/diagram/projective_space.png, id=6042, 325.96782pt x 53.4496
9pt>
File: GRAPHICS/RAILROAD/diagram/projective_space.png Graphic file (type png)
<use GRAPHICS/RAILROAD/diagram/projective_space.png>
Package pdftex.def Info: GRAPHICS/RAILROAD/diagram/projective_space.png  used o
n input line 3.
(pdftex.def)             Requested size: 325.96701pt x 53.44954pt.
)
Package mdframed Info: mdframed works in twoside mode on input line 49.
 (./GRAPHICS/RAILROAD/WRAPPER/rr_orthogonal_space.tex
Underfull \hbox (badness 10000) in paragraph at lines 49--1

 []

<GRAPHICS/RAILROAD/diagram/orthogonal_space.png, id=6043, 328.97906pt x 53.4496
9pt>
File: GRAPHICS/RAILROAD/diagram/orthogonal_space.png Graphic file (type png)
<use GRAPHICS/RAILROAD/diagram/orthogonal_space.png>
Package pdftex.def Info: GRAPHICS/RAILROAD/diagram/orthogonal_space.png  used o
n input line 3.
(pdftex.def)             Requested size: 328.97826pt x 53.44954pt.
)

Package mdframed Warning: You got a bad break
(mdframed)                because the last box will be empty
(mdframed)                you have to change it manually
(mdframed)                by changing the text, the space
(mdframed)                or something else on input line 49.



[797 <./GRAPHICS/RAILROAD/diagram/polynomial_ring.png> <./GRAPHICS/RAILROAD/dia
gram/projective_space.png>]
Package mdframed Info: mdframed works in twoside mode on input line 51.

(./GRAPHICS/RAILROAD/WRAPPER/rr_BLT_set_classifier.tex
Underfull \hbox (badness 10000) in paragraph at lines 51--1

 []

<GRAPHICS/RAILROAD/diagram/BLT_set_classifier.png, id=6050, 331.99031pt x 53.44
969pt>
File: GRAPHICS/RAILROAD/diagram/BLT_set_classifier.png Graphic file (type png)
<use GRAPHICS/RAILROAD/diagram/BLT_set_classifier.png>
Package pdftex.def Info: GRAPHICS/RAILROAD/diagram/BLT_set_classifier.png  used
 on input line 3.
(pdftex.def)             Requested size: 331.98949pt x 53.44954pt.
)
Package mdframed Info: mdframed works in twoside mode on input line 53.
 (./GRAPHICS/RAILROAD/WRAPPER/rr_spread_classifier.tex
Underfull \hbox (badness 10000) in paragraph at lines 53--1

 []

<GRAPHICS/RAILROAD/diagram/spread_classifier.png, id=6051, 325.96782pt x 53.449
69pt>
File: GRAPHICS/RAILROAD/diagram/spread_classifier.png Graphic file (type png)
<use GRAPHICS/RAILROAD/diagram/spread_classifier.png>
Package pdftex.def Info: GRAPHICS/RAILROAD/diagram/spread_classifier.png  used 
on input line 3.
(pdftex.def)             Requested size: 325.96701pt x 53.44954pt.
)
Package mdframed Info: mdframed works in twoside mode on input line 55.
 (./GRAPHICS/RAILROAD/WRAPPER/rr_linear_group.tex
Underfull \hbox (badness 10000) in paragraph at lines 55--1

 []

<GRAPHICS/RAILROAD/diagram/linear_group.png, id=6052, 303.38344pt x 53.44969pt>

File: GRAPHICS/RAILROAD/diagram/linear_group.png Graphic file (type png)
<use GRAPHICS/RAILROAD/diagram/linear_group.png>
Package pdftex.def Info: GRAPHICS/RAILROAD/diagram/linear_group.png  used on in
put line 3.
(pdftex.def)             Requested size: 303.38269pt x 53.44954pt.
)
Package mdframed Info: mdframed works in twoside mode on input line 57.
 (./GRAPHICS/RAILROAD/WRAPPER/rr_permutation_group.tex
Underfull \hbox (badness 10000) in paragraph at lines 57--1

 []

<GRAPHICS/RAILROAD/diagram/permutation_group.png, id=6053, 338.01282pt x 53.449
69pt>
File: GRAPHICS/RAILROAD/diagram/permutation_group.png Graphic file (type png)
<use GRAPHICS/RAILROAD/diagram/permutation_group.png>
Package pdftex.def Info: GRAPHICS/RAILROAD/diagram/permutation_group.png  used 
on input line 3.
(pdftex.def)             Requested size: 338.01198pt x 53.44954pt.
)
Package mdframed Info: mdframed works in twoside mode on input line 59.
 (./GRAPHICS/RAILROAD/WRAPPER/rr_group_modification.tex
Underfull \hbox (badness 10000) in paragraph at lines 59--1

 []

<GRAPHICS/RAILROAD/diagram/group_modification.png, id=6054, 338.01282pt x 53.44
969pt>
File: GRAPHICS/RAILROAD/diagram/group_modification.png Graphic file (type png)
<use GRAPHICS/RAILROAD/diagram/group_modification.png>
Package pdftex.def Info: GRAPHICS/RAILROAD/diagram/group_modification.png  used
 on input line 3.
(pdftex.def)             Requested size: 338.01198pt x 53.44954pt.
)

[798 <./GRAPHICS/RAILROAD/diagram/orthogonal_space.png> <./GRAPHICS/RAILROAD/di
agram/BLT_set_classifier.png> <./GRAPHICS/RAILROAD/diagram/spread_classifier.pn
g> <./GRAPHICS/RAILROAD/diagram/linear_group.png> <./GRAPHICS/RAILROAD/diagram/
permutation_group.png>]
Package mdframed Info: mdframed works in twoside mode on input line 61.
 (./GRAPHICS/RAILROAD/WRAPPER/rr_geometric_object.tex
Underfull \hbox (badness 10000) in paragraph at lines 61--1

 []

<GRAPHICS/RAILROAD/diagram/geometric_object.png, id=6064, 327.47343pt x 53.4496
9pt>
File: GRAPHICS/RAILROAD/diagram/geometric_object.png Graphic file (type png)
<use GRAPHICS/RAILROAD/diagram/geometric_object.png>
Package pdftex.def Info: GRAPHICS/RAILROAD/diagram/geometric_object.png  used o
n input line 3.
(pdftex.def)             Requested size: 327.47264pt x 53.44954pt.
)
Package mdframed Info: mdframed works in twoside mode on input line 63.
 (./GRAPHICS/RAILROAD/WRAPPER/rr_collection.tex
Underfull \hbox (badness 10000) in paragraph at lines 63--1

 []

<GRAPHICS/RAILROAD/diagram/collection.png, id=6065, 286.82156pt x 53.44969pt>
File: GRAPHICS/RAILROAD/diagram/collection.png Graphic file (type png)
<use GRAPHICS/RAILROAD/diagram/collection.png>
Package pdftex.def Info: GRAPHICS/RAILROAD/diagram/collection.png  used on inpu
t line 3.
(pdftex.def)             Requested size: 286.82085pt x 53.44954pt.
)
Package mdframed Info: mdframed works in twoside mode on input line 65.
 (./GRAPHICS/RAILROAD/WRAPPER/rr_graph.tex
Underfull \hbox (badness 10000) in paragraph at lines 65--1

 []

<GRAPHICS/RAILROAD/diagram/graph.png, id=6066, 267.24844pt x 53.44969pt>
File: GRAPHICS/RAILROAD/diagram/graph.png Graphic file (type png)
<use GRAPHICS/RAILROAD/diagram/graph.png>
Package pdftex.def Info: GRAPHICS/RAILROAD/diagram/graph.png  used on input lin
e 3.
(pdftex.def)             Requested size: 267.24779pt x 53.44954pt.
)
Package mdframed Info: mdframed works in twoside mode on input line 67.
 (./GRAPHICS/RAILROAD/WRAPPER/rr_code.tex
Underfull \hbox (badness 10000) in paragraph at lines 67--1

 []

<GRAPHICS/RAILROAD/diagram/code.png, id=6067, 262.73157pt x 53.44969pt>
File: GRAPHICS/RAILROAD/diagram/code.png Graphic file (type png)
<use GRAPHICS/RAILROAD/diagram/code.png>
Package pdftex.def Info: GRAPHICS/RAILROAD/diagram/code.png  used on input line
 3.
(pdftex.def)             Requested size: 262.73091pt x 53.44954pt.
)
Package mdframed Info: mdframed works in twoside mode on input line 69.
 (./GRAPHICS/RAILROAD/WRAPPER/rr_spread.tex
Underfull \hbox (badness 10000) in paragraph at lines 69--1

 []

<GRAPHICS/RAILROAD/diagram/spread.png, id=6068, 273.27094pt x 53.44969pt>
File: GRAPHICS/RAILROAD/diagram/spread.png Graphic file (type png)
<use GRAPHICS/RAILROAD/diagram/spread.png>
Package pdftex.def Info: GRAPHICS/RAILROAD/diagram/spread.png  used on input li
ne 3.
(pdftex.def)             Requested size: 273.27025pt x 53.44954pt.
)

[799 <./GRAPHICS/RAILROAD/diagram/group_modification.png> <./GRAPHICS/RAILROAD/
diagram/geometric_object.png> <./GRAPHICS/RAILROAD/diagram/collection.png> <./G
RAPHICS/RAILROAD/diagram/graph.png> <./GRAPHICS/RAILROAD/diagram/code.png>]
Package mdframed Info: mdframed works in twoside mode on input line 71.

(./GRAPHICS/RAILROAD/WRAPPER/rr_cubic_surface.tex
Underfull \hbox (badness 10000) in paragraph at lines 71--1

 []

<GRAPHICS/RAILROAD/diagram/cubic_surface.png, id=6079, 309.40594pt x 53.44969pt
>
File: GRAPHICS/RAILROAD/diagram/cubic_surface.png Graphic file (type png)
<use GRAPHICS/RAILROAD/diagram/cubic_surface.png>
Package pdftex.def Info: GRAPHICS/RAILROAD/diagram/cubic_surface.png  used on i
nput line 3.
(pdftex.def)             Requested size: 309.40518pt x 53.44954pt.
)
Package mdframed Info: mdframed works in twoside mode on input line 73.
 (./GRAPHICS/RAILROAD/WRAPPER/rr_quartic_curve.tex
Underfull \hbox (badness 10000) in paragraph at lines 73--1

 []

<GRAPHICS/RAILROAD/diagram/quartic_curve.png, id=6080, 309.40594pt x 53.44969pt
>
File: GRAPHICS/RAILROAD/diagram/quartic_curve.png Graphic file (type png)
<use GRAPHICS/RAILROAD/diagram/quartic_curve.png>
Package pdftex.def Info: GRAPHICS/RAILROAD/diagram/quartic_curve.png  used on i
nput line 3.
(pdftex.def)             Requested size: 309.40518pt x 53.44954pt.
)
Package mdframed Info: mdframed works in twoside mode on input line 75.
 (./GRAPHICS/RAILROAD/WRAPPER/rr_BLT_set.tex
Underfull \hbox (badness 10000) in paragraph at lines 75--1

 []

<GRAPHICS/RAILROAD/diagram/BLT_set.png, id=6081, 279.29344pt x 53.44969pt>
File: GRAPHICS/RAILROAD/diagram/BLT_set.png Graphic file (type png)
<use GRAPHICS/RAILROAD/diagram/BLT_set.png>
Package pdftex.def Info: GRAPHICS/RAILROAD/diagram/BLT_set.png  used on input l
ine 3.
(pdftex.def)             Requested size: 279.29276pt x 53.44954pt.
)
Package mdframed Info: mdframed works in twoside mode on input line 77.
 (./GRAPHICS/RAILROAD/WRAPPER/rr_translation_plane.tex
Underfull \hbox (badness 10000) in paragraph at lines 77--1

 []

<GRAPHICS/RAILROAD/diagram/translation_plane.png, id=6082, 327.47343pt x 53.449
69pt>
File: GRAPHICS/RAILROAD/diagram/translation_plane.png Graphic file (type png)
<use GRAPHICS/RAILROAD/diagram/translation_plane.png>
Package pdftex.def Info: GRAPHICS/RAILROAD/diagram/translation_plane.png  used 
on input line 3.
(pdftex.def)             Requested size: 327.47264pt x 53.44954pt.
)
Package mdframed Info: mdframed works in twoside mode on input line 79.
 (./GRAPHICS/RAILROAD/WRAPPER/rr_spread_table.tex
Underfull \hbox (badness 10000) in paragraph at lines 79--1

 []

<GRAPHICS/RAILROAD/diagram/spread_table.png, id=6083, 304.88907pt x 53.44969pt>

File: GRAPHICS/RAILROAD/diagram/spread_table.png Graphic file (type png)
<use GRAPHICS/RAILROAD/diagram/spread_table.png>
Package pdftex.def Info: GRAPHICS/RAILROAD/diagram/spread_table.png  used on in
put line 3.
(pdftex.def)             Requested size: 304.88832pt x 53.44954pt.
)

[800 <./GRAPHICS/RAILROAD/diagram/spread.png> <./GRAPHICS/RAILROAD/diagram/cubi
c_surface.png> <./GRAPHICS/RAILROAD/diagram/quartic_curve.png> <./GRAPHICS/RAIL
ROAD/diagram/BLT_set.png> <./GRAPHICS/RAILROAD/diagram/translation_plane.png>]
Package mdframed Info: mdframed works in twoside mode on input line 81.

(./GRAPHICS/RAILROAD/WRAPPER/rr_packing_classify.tex
Underfull \hbox (badness 10000) in paragraph at lines 81--1

 []

<GRAPHICS/RAILROAD/diagram/packing_classify.png, id=6093, 322.95656pt x 53.4496
9pt>
File: GRAPHICS/RAILROAD/diagram/packing_classify.png Graphic file (type png)
<use GRAPHICS/RAILROAD/diagram/packing_classify.png>
Package pdftex.def Info: GRAPHICS/RAILROAD/diagram/packing_classify.png  used o
n input line 3.
(pdftex.def)             Requested size: 322.95576pt x 53.44954pt.
)
Package mdframed Info: mdframed works in twoside mode on input line 83.
 (./GRAPHICS/RAILROAD/WRAPPER/rr_packing_was.tex
Underfull \hbox (badness 10000) in paragraph at lines 83--1

 []

<GRAPHICS/RAILROAD/diagram/packing_was.png, id=6094, 304.88907pt x 53.44969pt>
File: GRAPHICS/RAILROAD/diagram/packing_was.png Graphic file (type png)
<use GRAPHICS/RAILROAD/diagram/packing_was.png>
Package pdftex.def Info: GRAPHICS/RAILROAD/diagram/packing_was.png  used on inp
ut line 3.
(pdftex.def)             Requested size: 304.88832pt x 53.44954pt.
)
Package mdframed Info: mdframed works in twoside mode on input line 85.
 (./GRAPHICS/RAILROAD/WRAPPER/rr_packing_was_choose_fixed_points.tex
Underfull \hbox (badness 10000) in paragraph at lines 85--1

 []

<GRAPHICS/RAILROAD/diagram/packing_was_choose_fixed_points.png, id=6095, 417.81
094pt x 53.44969pt>
File: GRAPHICS/RAILROAD/diagram/packing_was_choose_fixed_points.png Graphic fil
e (type png)
<use GRAPHICS/RAILROAD/diagram/packing_was_choose_fixed_points.png>
Package pdftex.def Info: GRAPHICS/RAILROAD/diagram/packing_was_choose_fixed_poi
nts.png  used on input line 3.
(pdftex.def)             Requested size: 417.80992pt x 53.44954pt.

Overfull \hbox (2.85492pt too wide) detected at line 5
[]
 []

)
Package mdframed Info: mdframed works in twoside mode on input line 87.
 (./GRAPHICS/RAILROAD/WRAPPER/rr_packing_long_orbits.tex
Underfull \hbox (badness 10000) in paragraph at lines 87--1

 []

<GRAPHICS/RAILROAD/diagram/packing_long_orbits.png, id=6096, 342.5297pt x 53.44
969pt>
File: GRAPHICS/RAILROAD/diagram/packing_long_orbits.png Graphic file (type png)

<use GRAPHICS/RAILROAD/diagram/packing_long_orbits.png>
Package pdftex.def Info: GRAPHICS/RAILROAD/diagram/packing_long_orbits.png  use
d on input line 3.
(pdftex.def)             Requested size: 342.52885pt x 53.44954pt.
)
Package mdframed Info: mdframed works in twoside mode on input line 89.
 (./GRAPHICS/RAILROAD/WRAPPER/rr_graph_classification.tex
Underfull \hbox (badness 10000) in paragraph at lines 89--1

 []

<GRAPHICS/RAILROAD/diagram/graph_classification.png, id=6097, 341.02406pt x 53.
44969pt>
File: GRAPHICS/RAILROAD/diagram/graph_classification.png Graphic file (type png
)
<use GRAPHICS/RAILROAD/diagram/graph_classification.png>
Package pdftex.def Info: GRAPHICS/RAILROAD/diagram/graph_classification.png  us
ed on input line 3.
(pdftex.def)             Requested size: 341.02322pt x 53.44954pt.
)

[801 <./GRAPHICS/RAILROAD/diagram/spread_table.png> <./GRAPHICS/RAILROAD/diagra
m/packing_classify.png> <./GRAPHICS/RAILROAD/diagram/packing_was.png> <./GRAPHI
CS/RAILROAD/diagram/packing_was_choose_fixed_points.png> <./GRAPHICS/RAILROAD/d
iagram/packing_long_orbits.png>]
Package mdframed Info: mdframed works in twoside mode on input line 91.
 (./GRAPHICS/RAILROAD/WRAPPER/rr_diophant.tex
Underfull \hbox (badness 10000) in paragraph at lines 91--1

 []

<GRAPHICS/RAILROAD/diagram/diophant.png, id=6107, 283.81032pt x 53.44969pt>
File: GRAPHICS/RAILROAD/diagram/diophant.png Graphic file (type png)
<use GRAPHICS/RAILROAD/diagram/diophant.png>
Package pdftex.def Info: GRAPHICS/RAILROAD/diagram/diophant.png  used on input 
line 3.
(pdftex.def)             Requested size: 283.80962pt x 53.44954pt.
)
Package mdframed Info: mdframed works in twoside mode on input line 93.
 (./GRAPHICS/RAILROAD/WRAPPER/rr_design.tex
Underfull \hbox (badness 10000) in paragraph at lines 93--1

 []

<GRAPHICS/RAILROAD/diagram/design.png, id=6108, 271.76532pt x 53.44969pt>
File: GRAPHICS/RAILROAD/diagram/design.png Graphic file (type png)
<use GRAPHICS/RAILROAD/diagram/design.png>
Package pdftex.def Info: GRAPHICS/RAILROAD/diagram/design.png  used on input li
ne 3.
(pdftex.def)             Requested size: 271.76465pt x 53.44954pt.
)
Package mdframed Info: mdframed works in twoside mode on input line 95.
 (./GRAPHICS/RAILROAD/WRAPPER/rr_design_table.tex
Underfull \hbox (badness 10000) in paragraph at lines 95--1

 []

<GRAPHICS/RAILROAD/diagram/design_table.png, id=6109, 303.38344pt x 53.44969pt>

File: GRAPHICS/RAILROAD/diagram/design_table.png Graphic file (type png)
<use GRAPHICS/RAILROAD/diagram/design_table.png>
Package pdftex.def Info: GRAPHICS/RAILROAD/diagram/design_table.png  used on in
put line 3.
(pdftex.def)             Requested size: 303.38269pt x 53.44954pt.
)
Package mdframed Info: mdframed works in twoside mode on input line 97.
 (./GRAPHICS/RAILROAD/WRAPPER/rr_large_set_was.tex
Underfull \hbox (badness 10000) in paragraph at lines 97--1

 []

<GRAPHICS/RAILROAD/diagram/large_set_was.png, id=6110, 313.9228pt x 53.44969pt>

File: GRAPHICS/RAILROAD/diagram/large_set_was.png Graphic file (type png)
<use GRAPHICS/RAILROAD/diagram/large_set_was.png>
Package pdftex.def Info: GRAPHICS/RAILROAD/diagram/large_set_was.png  used on i
nput line 3.
(pdftex.def)             Requested size: 313.92203pt x 53.44954pt.
)
Package mdframed Info: mdframed works in twoside mode on input line 99.
 (./GRAPHICS/RAILROAD/WRAPPER/rr_set.tex
Underfull \hbox (badness 10000) in paragraph at lines 99--1

 []

<GRAPHICS/RAILROAD/diagram/set.png, id=6111, 253.69781pt x 53.44969pt>
File: GRAPHICS/RAILROAD/diagram/set.png Graphic file (type png)
<use GRAPHICS/RAILROAD/diagram/set.png>
Package pdftex.def Info: GRAPHICS/RAILROAD/diagram/set.png  used on input line 
3.
(pdftex.def)             Requested size: 253.69719pt x 53.44954pt.
)

[802 <./GRAPHICS/RAILROAD/diagram/graph_classification.png> <./GRAPHICS/RAILROA
D/diagram/diophant.png> <./GRAPHICS/RAILROAD/diagram/design.png> <./GRAPHICS/RA
ILROAD/diagram/design_table.png> <./GRAPHICS/RAILROAD/diagram/large_set_was.png
>]
Package mdframed Info: mdframed works in twoside mode on input line 101.
 (./GRAPHICS/RAILROAD/WRAPPER/rr_vector.tex
Underfull \hbox (badness 10000) in paragraph at lines 101--1

 []

<GRAPHICS/RAILROAD/diagram/vector.png, id=6121, 270.25969pt x 53.44969pt>
File: GRAPHICS/RAILROAD/diagram/vector.png Graphic file (type png)
<use GRAPHICS/RAILROAD/diagram/vector.png>
Package pdftex.def Info: GRAPHICS/RAILROAD/diagram/vector.png  used on input li
ne 3.
(pdftex.def)             Requested size: 270.25902pt x 53.44954pt.
)
Package mdframed Info: mdframed works in twoside mode on input line 103.
 (./GRAPHICS/RAILROAD/WRAPPER/rr_symbolic_object.tex
Underfull \hbox (badness 10000) in paragraph at lines 103--1

 []

<GRAPHICS/RAILROAD/diagram/symbolic_object.png, id=6122, 321.45094pt x 53.44969
pt>
File: GRAPHICS/RAILROAD/diagram/symbolic_object.png Graphic file (type png)
<use GRAPHICS/RAILROAD/diagram/symbolic_object.png>
Package pdftex.def Info: GRAPHICS/RAILROAD/diagram/symbolic_object.png  used on
 input line 3.
(pdftex.def)             Requested size: 321.45015pt x 53.44954pt.
)
Package mdframed Info: mdframed works in twoside mode on input line 105.
 (./GRAPHICS/RAILROAD/WRAPPER/rr_combinatorial_object.tex
Underfull \hbox (badness 10000) in paragraph at lines 105--1

 []

<GRAPHICS/RAILROAD/diagram/combinatorial_object.png, id=6123, 347.04657pt x 53.
44969pt>
File: GRAPHICS/RAILROAD/diagram/combinatorial_object.png Graphic file (type png
)
<use GRAPHICS/RAILROAD/diagram/combinatorial_object.png>
Package pdftex.def Info: GRAPHICS/RAILROAD/diagram/combinatorial_object.png  us
ed on input line 3.
(pdftex.def)             Requested size: 347.04572pt x 53.44954pt.
)
Package mdframed Info: mdframed works in twoside mode on input line 107.
 (./GRAPHICS/RAILROAD/WRAPPER/rr_geometry_builder.tex
Underfull \hbox (badness 10000) in paragraph at lines 107--1

 []

<GRAPHICS/RAILROAD/diagram/geometry_builder.png, id=6124, 328.97906pt x 53.4496
9pt>
File: GRAPHICS/RAILROAD/diagram/geometry_builder.png Graphic file (type png)
<use GRAPHICS/RAILROAD/diagram/geometry_builder.png>
Package pdftex.def Info: GRAPHICS/RAILROAD/diagram/geometry_builder.png  used o
n input line 3.
(pdftex.def)             Requested size: 328.97826pt x 53.44954pt.
)
Package mdframed Info: mdframed works in twoside mode on input line 109.
 (./GRAPHICS/RAILROAD/WRAPPER/rr_vector_ge.tex
Underfull \hbox (badness 10000) in paragraph at lines 109--1

 []

<GRAPHICS/RAILROAD/diagram/vector_ge.png, id=6125, 289.83281pt x 53.44969pt>
File: GRAPHICS/RAILROAD/diagram/vector_ge.png Graphic file (type png)
<use GRAPHICS/RAILROAD/diagram/vector_ge.png>
Package pdftex.def Info: GRAPHICS/RAILROAD/diagram/vector_ge.png  used on input
 line 3.
(pdftex.def)             Requested size: 289.83209pt x 53.44954pt.
)

[803 <./GRAPHICS/RAILROAD/diagram/set.png> <./GRAPHICS/RAILROAD/diagram/vector.
png> <./GRAPHICS/RAILROAD/diagram/symbolic_object.png> <./GRAPHICS/RAILROAD/dia
gram/combinatorial_object.png> <./GRAPHICS/RAILROAD/diagram/geometry_builder.pn
g>]
Package mdframed Info: mdframed works in twoside mode on input line 111.
 (./GRAPHICS/RAILROAD/WRAPPER/rr_action_on_forms.tex
Underfull \hbox (badness 10000) in paragraph at lines 111--1

 []

<GRAPHICS/RAILROAD/diagram/action_on_forms.png, id=6135, 324.46219pt x 53.44969
pt>
File: GRAPHICS/RAILROAD/diagram/action_on_forms.png Graphic file (type png)
<use GRAPHICS/RAILROAD/diagram/action_on_forms.png>
Package pdftex.def Info: GRAPHICS/RAILROAD/diagram/action_on_forms.png  used on
 input line 3.
(pdftex.def)             Requested size: 324.46138pt x 53.44954pt.
)
Package mdframed Info: mdframed works in twoside mode on input line 113.
 (./GRAPHICS/RAILROAD/WRAPPER/rr_orbits.tex
Underfull \hbox (badness 10000) in paragraph at lines 113--1

 []

<GRAPHICS/RAILROAD/diagram/orbits.png, id=6136, 267.24844pt x 53.44969pt>
File: GRAPHICS/RAILROAD/diagram/orbits.png Graphic file (type png)
<use GRAPHICS/RAILROAD/diagram/orbits.png>
Package pdftex.def Info: GRAPHICS/RAILROAD/diagram/orbits.png  used on input li
ne 3.
(pdftex.def)             Requested size: 267.24779pt x 53.44954pt.
)
Package mdframed Info: mdframed works in twoside mode on input line 115.
 (./GRAPHICS/RAILROAD/WRAPPER/rr_poset_classification_control.tex
Underfull \hbox (badness 10000) in paragraph at lines 115--1

 []

<GRAPHICS/RAILROAD/diagram/poset_classification_control.png, id=6137, 381.67593
pt x 53.44969pt>
File: GRAPHICS/RAILROAD/diagram/poset_classification_control.png Graphic file (
type png)
<use GRAPHICS/RAILROAD/diagram/poset_classification_control.png>
Package pdftex.def Info: GRAPHICS/RAILROAD/diagram/poset_classification_control
.png  used on input line 3.
(pdftex.def)             Requested size: 381.675pt x 53.44954pt.
)
Package mdframed Info: mdframed works in twoside mode on input line 117.
 (./GRAPHICS/RAILROAD/WRAPPER/rr_poset_classification_report_options.tex
Underfull \hbox (badness 10000) in paragraph at lines 117--1

 []

<GRAPHICS/RAILROAD/diagram/poset_classification_report_options.png, id=6138, 42
2.32782pt x 53.44969pt>
File: GRAPHICS/RAILROAD/diagram/poset_classification_report_options.png Graphic
 file (type png)
<use GRAPHICS/RAILROAD/diagram/poset_classification_report_options.png>
Package pdftex.def Info: GRAPHICS/RAILROAD/diagram/poset_classification_report_
options.png  used on input line 3.
(pdftex.def)             Requested size: 422.32678pt x 53.44954pt.

Overfull \hbox (7.37178pt too wide) detected at line 5
[]
 []

)
Package mdframed Info: mdframed works in twoside mode on input line 119.
 (./GRAPHICS/RAILROAD/WRAPPER/rr_arc_generator_control.tex
Underfull \hbox (badness 10000) in paragraph at lines 119--1

 []

<GRAPHICS/RAILROAD/diagram/arc_generator_control.png, id=6139, 353.06906pt x 53
.44969pt>
File: GRAPHICS/RAILROAD/diagram/arc_generator_control.png Graphic file (type pn
g)
<use GRAPHICS/RAILROAD/diagram/arc_generator_control.png>
Package pdftex.def Info: GRAPHICS/RAILROAD/diagram/arc_generator_control.png  u
sed on input line 3.
(pdftex.def)             Requested size: 353.06819pt x 53.44954pt.
)

[804 <./GRAPHICS/RAILROAD/diagram/vector_ge.png> <./GRAPHICS/RAILROAD/diagram/a
ction_on_forms.png> <./GRAPHICS/RAILROAD/diagram/orbits.png> <./GRAPHICS/RAILRO
AD/diagram/poset_classification_control.png> <./GRAPHICS/RAILROAD/diagram/poset
_classification_report_options.png>]
Package mdframed Info: mdframed works in twoside mode on input line 121.

(./GRAPHICS/RAILROAD/WRAPPER/rr_poset_classification_activity.tex
Underfull \hbox (badness 10000) in paragraph at lines 121--1

 []

<GRAPHICS/RAILROAD/diagram/poset_classification_activity.png, id=6149, 383.1815
6pt x 53.44969pt>
File: GRAPHICS/RAILROAD/diagram/poset_classification_activity.png Graphic file 
(type png)
<use GRAPHICS/RAILROAD/diagram/poset_classification_activity.png>
Package pdftex.def Info: GRAPHICS/RAILROAD/diagram/poset_classification_activit
y.png  used on input line 3.
(pdftex.def)             Requested size: 383.18062pt x 53.44954pt.
)
Package mdframed Info: mdframed works in twoside mode on input line 123.
 (./GRAPHICS/RAILROAD/WRAPPER/rr_crc_code.tex
Underfull \hbox (badness 10000) in paragraph at lines 123--1

 []

<GRAPHICS/RAILROAD/diagram/crc_code.png, id=6150, 283.81032pt x 53.44969pt>
File: GRAPHICS/RAILROAD/diagram/crc_code.png Graphic file (type png)
<use GRAPHICS/RAILROAD/diagram/crc_code.png>
Package pdftex.def Info: GRAPHICS/RAILROAD/diagram/crc_code.png  used on input 
line 3.
(pdftex.def)             Requested size: 283.80962pt x 53.44954pt.
)
Package mdframed Info: mdframed works in twoside mode on input line 125.
 (./GRAPHICS/RAILROAD/WRAPPER/rr_mapping.tex
Underfull \hbox (badness 10000) in paragraph at lines 125--1

 []

<GRAPHICS/RAILROAD/diagram/mapping.png, id=6151, 282.30469pt x 53.44969pt>
File: GRAPHICS/RAILROAD/diagram/mapping.png Graphic file (type png)
<use GRAPHICS/RAILROAD/diagram/mapping.png>
Package pdftex.def Info: GRAPHICS/RAILROAD/diagram/mapping.png  used on input l
ine 3.
(pdftex.def)             Requested size: 282.30399pt x 53.44954pt.
)
Package mdframed Info: mdframed works in twoside mode on input line 127.
 (./GRAPHICS/RAILROAD/WRAPPER/rr_variety.tex
Underfull \hbox (badness 10000) in paragraph at lines 127--1

 []

<GRAPHICS/RAILROAD/diagram/variety.png, id=6152, 274.77657pt x 53.44969pt>
File: GRAPHICS/RAILROAD/diagram/variety.png Graphic file (type png)
<use GRAPHICS/RAILROAD/diagram/variety.png>
Package pdftex.def Info: GRAPHICS/RAILROAD/diagram/variety.png  used on input l
ine 3.
(pdftex.def)             Requested size: 274.77588pt x 53.44954pt.
)
Package mdframed Info: mdframed works in twoside mode on input line 132.
 (./GRAPHICS/RAILROAD/WRAPPER/rr_AlgebraActivity.tex
Underfull \hbox (badness 10000) in paragraph at lines 132--1

 []

File: GRAPHICS/RAILROAD/diagram/AlgebraActivity.png Graphic file (type png)
<use GRAPHICS/RAILROAD/diagram/AlgebraActivity.png>
Package pdftex.def Info: GRAPHICS/RAILROAD/diagram/AlgebraActivity.png  used on
 input line 3.
(pdftex.def)             Requested size: 208.52855pt x 160.34866pt.
)

[805 <./GRAPHICS/RAILROAD/diagram/arc_generator_control.png> <./GRAPHICS/RAILRO
AD/diagram/poset_classification_activity.png> <./GRAPHICS/RAILROAD/diagram/crc_
code.png> <./GRAPHICS/RAILROAD/diagram/mapping.png> <./GRAPHICS/RAILROAD/diagra
m/variety.png>]
Package mdframed Info: mdframed works in twoside mode on input line 134.
 (./GRAPHICS/RAILROAD/WRAPPER/rr_GeometryActivity.tex
Underfull \hbox (badness 10000) in paragraph at lines 134--1

 []

<GRAPHICS/RAILROAD/diagram/GeometryActivity.png, id=6163, 375.65344pt x 458.462
81pt>
File: GRAPHICS/RAILROAD/diagram/GeometryActivity.png Graphic file (type png)
<use GRAPHICS/RAILROAD/diagram/GeometryActivity.png>
Package pdftex.def Info: GRAPHICS/RAILROAD/diagram/GeometryActivity.png  used o
n input line 3.
(pdftex.def)             Requested size: 375.65251pt x 458.46169pt.
)

[806]
Package mdframed Info: mdframed works in twoside mode on input line 136.
 (./GRAPHICS/RAILROAD/WRAPPER/rr_CombinatoricsActivity.tex
Underfull \hbox (badness 10000) in paragraph at lines 136--1

 []

<GRAPHICS/RAILROAD/diagram/CombinatoricsActivity.png, id=6168, 229.60782pt x 12
7.22531pt>
File: GRAPHICS/RAILROAD/diagram/CombinatoricsActivity.png Graphic file (type pn
g)
<use GRAPHICS/RAILROAD/diagram/CombinatoricsActivity.png>
Package pdftex.def Info: GRAPHICS/RAILROAD/diagram/CombinatoricsActivity.png  u
sed on input line 3.
(pdftex.def)             Requested size: 229.60725pt x 127.22499pt.
)

[807 <./GRAPHICS/RAILROAD/diagram/GeometryActivity.png>]
Package mdframed Info: mdframed works in twoside mode on input line 138.

(./GRAPHICS/RAILROAD/WRAPPER/rr_CodingTheoryActivity.tex
Underfull \hbox (badness 10000) in paragraph at lines 138--1

 []

<GRAPHICS/RAILROAD/diagram/CodingTheoryActivity.png, id=6174, 208.52907pt x 60.
97781pt>
File: GRAPHICS/RAILROAD/diagram/CodingTheoryActivity.png Graphic file (type png
)
<use GRAPHICS/RAILROAD/diagram/CodingTheoryActivity.png>
Package pdftex.def Info: GRAPHICS/RAILROAD/diagram/CodingTheoryActivity.png  us
ed on input line 3.
(pdftex.def)             Requested size: 208.52855pt x 60.97765pt.
)
Package mdframed Info: mdframed works in twoside mode on input line 140.
 (./GRAPHICS/RAILROAD/WRAPPER/rr_OtherActivity.tex
Underfull \hbox (badness 10000) in paragraph at lines 140--1

 []

<GRAPHICS/RAILROAD/diagram/OtherActivity.png, id=6175, 205.5178pt x 60.97781pt>

File: GRAPHICS/RAILROAD/diagram/OtherActivity.png Graphic file (type png)
<use GRAPHICS/RAILROAD/diagram/OtherActivity.png>
Package pdftex.def Info: GRAPHICS/RAILROAD/diagram/OtherActivity.png  used on i
nput line 3.
(pdftex.def)             Requested size: 205.5173pt x 60.97765pt.
)
Package mdframed Info: mdframed works in twoside mode on input line 144.
 (./GRAPHICS/RAILROAD/WRAPPER/rr_finite_field_activity.tex
Underfull \hbox (badness 10000) in paragraph at lines 144--1

 []

<GRAPHICS/RAILROAD/diagram/finite_field_activity.png, id=6176, 285.31593pt x 53
.44969pt>
File: GRAPHICS/RAILROAD/diagram/finite_field_activity.png Graphic file (type pn
g)
<use GRAPHICS/RAILROAD/diagram/finite_field_activity.png>
Package pdftex.def Info: GRAPHICS/RAILROAD/diagram/finite_field_activity.png  u
sed on input line 3.
(pdftex.def)             Requested size: 285.31523pt x 53.44954pt.
)
Package mdframed Info: mdframed works in twoside mode on input line 146.
 (./GRAPHICS/RAILROAD/WRAPPER/rr_polynomial_ring_activity.tex
Underfull \hbox (badness 10000) in paragraph at lines 146--1

 []

<GRAPHICS/RAILROAD/diagram/polynomial_ring_activity.png, id=6177, 312.41719pt x
 53.44969pt>
File: GRAPHICS/RAILROAD/diagram/polynomial_ring_activity.png Graphic file (type
 png)
<use GRAPHICS/RAILROAD/diagram/polynomial_ring_activity.png>
Package pdftex.def Info: GRAPHICS/RAILROAD/diagram/polynomial_ring_activity.png
  used on input line 3.
(pdftex.def)             Requested size: 312.41641pt x 53.44954pt.
)

Package mdframed Warning: You got a bad break
(mdframed)                because the last box will be empty
(mdframed)                you have to change it manually
(mdframed)                by changing the text, the space
(mdframed)                or something else on input line 146.



[808 <./GRAPHICS/RAILROAD/diagram/CombinatoricsActivity.png> <./GRAPHICS/RAILRO
AD/diagram/CodingTheoryActivity.png> <./GRAPHICS/RAILROAD/diagram/OtherActivity
.png> <./GRAPHICS/RAILROAD/diagram/finite_field_activity.png>]
Package mdframed Info: mdframed works in twoside mode on input line 148.

(./GRAPHICS/RAILROAD/WRAPPER/rr_projective_space_activity.tex
Underfull \hbox (badness 10000) in paragraph at lines 148--1

 []

<GRAPHICS/RAILROAD/diagram/projective_space_activity.png, id=6186, 316.93407pt 
x 53.44969pt>
File: GRAPHICS/RAILROAD/diagram/projective_space_activity.png Graphic file (typ
e png)
<use GRAPHICS/RAILROAD/diagram/projective_space_activity.png>
Package pdftex.def Info: GRAPHICS/RAILROAD/diagram/projective_space_activity.pn
g  used on input line 3.
(pdftex.def)             Requested size: 316.93329pt x 53.44954pt.
)
Package mdframed Info: mdframed works in twoside mode on input line 150.
 (./GRAPHICS/RAILROAD/WRAPPER/rr_orthogonal_space_activity.tex
Underfull \hbox (badness 10000) in paragraph at lines 150--1

 []

<GRAPHICS/RAILROAD/diagram/orthogonal_space_activity.png, id=6187, 321.45094pt 
x 53.44969pt>
File: GRAPHICS/RAILROAD/diagram/orthogonal_space_activity.png Graphic file (typ
e png)
<use GRAPHICS/RAILROAD/diagram/orthogonal_space_activity.png>
Package pdftex.def Info: GRAPHICS/RAILROAD/diagram/orthogonal_space_activity.pn
g  used on input line 3.
(pdftex.def)             Requested size: 321.45015pt x 53.44954pt.
)
Package mdframed Info: mdframed works in twoside mode on input line 152.
 (./GRAPHICS/RAILROAD/WRAPPER/rr_group_theoretic_activity.tex
Underfull \hbox (badness 10000) in paragraph at lines 152--1

 []

<GRAPHICS/RAILROAD/diagram/group_theoretic_activity.png, id=6188, 312.41719pt x
 53.44969pt>
File: GRAPHICS/RAILROAD/diagram/group_theoretic_activity.png Graphic file (type
 png)
<use GRAPHICS/RAILROAD/diagram/group_theoretic_activity.png>
Package pdftex.def Info: GRAPHICS/RAILROAD/diagram/group_theoretic_activity.png
  used on input line 3.
(pdftex.def)             Requested size: 312.41641pt x 53.44954pt.
)
Package mdframed Info: mdframed works in twoside mode on input line 154.
 (./GRAPHICS/RAILROAD/WRAPPER/rr_coding_theoretic_activity.tex
Underfull \hbox (badness 10000) in paragraph at lines 154--1

 []

<GRAPHICS/RAILROAD/diagram/coding_theoretic_activity.png, id=6189, 315.42844pt 
x 53.44969pt>
File: GRAPHICS/RAILROAD/diagram/coding_theoretic_activity.png Graphic file (typ
e png)
<use GRAPHICS/RAILROAD/diagram/coding_theoretic_activity.png>
Package pdftex.def Info: GRAPHICS/RAILROAD/diagram/coding_theoretic_activity.pn
g  used on input line 3.
(pdftex.def)             Requested size: 315.42766pt x 53.44954pt.
)
Package mdframed Info: mdframed works in twoside mode on input line 156.
 (./GRAPHICS/RAILROAD/WRAPPER/rr_cubic_surface_activity.tex
Underfull \hbox (badness 10000) in paragraph at lines 156--1

 []

<GRAPHICS/RAILROAD/diagram/cubic_surface_activity.png, id=6190, 300.3722pt x 53
.44969pt>
File: GRAPHICS/RAILROAD/diagram/cubic_surface_activity.png Graphic file (type p
ng)
<use GRAPHICS/RAILROAD/diagram/cubic_surface_activity.png>
Package pdftex.def Info: GRAPHICS/RAILROAD/diagram/cubic_surface_activity.png  
used on input line 3.
(pdftex.def)             Requested size: 300.37144pt x 53.44954pt.
)

[809 <./GRAPHICS/RAILROAD/diagram/polynomial_ring_activity.png> <./GRAPHICS/RAI
LROAD/diagram/projective_space_activity.png> <./GRAPHICS/RAILROAD/diagram/ortho
gonal_space_activity.png> <./GRAPHICS/RAILROAD/diagram/group_theoretic_activity
.png> <./GRAPHICS/RAILROAD/diagram/coding_theoretic_activity.png>]
Package mdframed Info: mdframed works in twoside mode on input line 158.

(./GRAPHICS/RAILROAD/WRAPPER/rr_quartic_curve_activity.tex
Underfull \hbox (badness 10000) in paragraph at lines 158--1

 []

<GRAPHICS/RAILROAD/diagram/quartic_curve_activity.png, id=6200, 300.3722pt x 53
.44969pt>
File: GRAPHICS/RAILROAD/diagram/quartic_curve_activity.png Graphic file (type p
ng)
<use GRAPHICS/RAILROAD/diagram/quartic_curve_activity.png>
Package pdftex.def Info: GRAPHICS/RAILROAD/diagram/quartic_curve_activity.png  
used on input line 3.
(pdftex.def)             Requested size: 300.37144pt x 53.44954pt.
)
Package mdframed Info: mdframed works in twoside mode on input line 160.
 (./GRAPHICS/RAILROAD/WRAPPER/rr_blt_set_activity.tex
Underfull \hbox (badness 10000) in paragraph at lines 160--1

 []

<GRAPHICS/RAILROAD/diagram/blt_set_activity.png, id=6201, 265.74281pt x 53.4496
9pt>
File: GRAPHICS/RAILROAD/diagram/blt_set_activity.png Graphic file (type png)
<use GRAPHICS/RAILROAD/diagram/blt_set_activity.png>
Package pdftex.def Info: GRAPHICS/RAILROAD/diagram/blt_set_activity.png  used o
n input line 3.
(pdftex.def)             Requested size: 265.74216pt x 53.44954pt.
)
Package mdframed Info: mdframed works in twoside mode on input line 162.
 (./GRAPHICS/RAILROAD/WRAPPER/rr_combinatorial_object_activity.tex
Underfull \hbox (badness 10000) in paragraph at lines 162--1

 []

<GRAPHICS/RAILROAD/diagram/combinatorial_object_activity.png, id=6202, 338.0128
2pt x 53.44969pt>
File: GRAPHICS/RAILROAD/diagram/combinatorial_object_activity.png Graphic file 
(type png)
<use GRAPHICS/RAILROAD/diagram/combinatorial_object_activity.png>
Package pdftex.def Info: GRAPHICS/RAILROAD/diagram/combinatorial_object_activit
y.png  used on input line 3.
(pdftex.def)             Requested size: 338.01198pt x 53.44954pt.
)
Package mdframed Info: mdframed works in twoside mode on input line 164.
 (./GRAPHICS/RAILROAD/WRAPPER/rr_graph_theoretic_activity.tex
Underfull \hbox (badness 10000) in paragraph at lines 164--1

 []

<GRAPHICS/RAILROAD/diagram/graph_theoretic_activity.png, id=6203, 312.41719pt x
 53.44969pt>
File: GRAPHICS/RAILROAD/diagram/graph_theoretic_activity.png Graphic file (type
 png)
<use GRAPHICS/RAILROAD/diagram/graph_theoretic_activity.png>
Package pdftex.def Info: GRAPHICS/RAILROAD/diagram/graph_theoretic_activity.png
  used on input line 3.
(pdftex.def)             Requested size: 312.41641pt x 53.44954pt.
)
Package mdframed Info: mdframed works in twoside mode on input line 166.

(./GRAPHICS/RAILROAD/WRAPPER/rr_classification_of_cubic_surfaces_with_double_si
xes_activity.tex
Underfull \hbox (badness 10000) in paragraph at lines 166--1

 []

<GRAPHICS/RAILROAD/diagram/classification_of_cubic_surfaces_with_double_sixes_a
ctivity.png, id=6204, 499.11469pt x 53.44969pt>
File: GRAPHICS/RAILROAD/diagram/classification_of_cubic_surfaces_with_double_si
xes_activity.png Graphic file (type png)
<use GRAPHICS/RAILROAD/diagram/classification_of_cubic_surfaces_with_double_six
es_activity.png>
Package pdftex.def Info: GRAPHICS/RAILROAD/diagram/classification_of_cubic_surf
aces_with_double_sixes_activity.png  used on input line 3.
(pdftex.def)             Requested size: 499.11345pt x 53.44954pt.

Overfull \hbox (84.15845pt too wide) detected at line 5
[]
 []

)

[810 <./GRAPHICS/RAILROAD/diagram/cubic_surface_activity.png> <./GRAPHICS/RAILR
OAD/diagram/quartic_curve_activity.png> <./GRAPHICS/RAILROAD/diagram/blt_set_ac
tivity.png> <./GRAPHICS/RAILROAD/diagram/combinatorial_object_activity.png> <./
GRAPHICS/RAILROAD/diagram/graph_theoretic_activity.png>]
Package mdframed Info: mdframed works in twoside mode on input line 168.

(./GRAPHICS/RAILROAD/WRAPPER/rr_spread_table_activity.tex
Underfull \hbox (badness 10000) in paragraph at lines 168--1

 []

<GRAPHICS/RAILROAD/diagram/spread_table_activity.png, id=6214, 297.36093pt x 53
.44969pt>
File: GRAPHICS/RAILROAD/diagram/spread_table_activity.png Graphic file (type pn
g)
<use GRAPHICS/RAILROAD/diagram/spread_table_activity.png>
Package pdftex.def Info: GRAPHICS/RAILROAD/diagram/spread_table_activity.png  u
sed on input line 3.
(pdftex.def)             Requested size: 297.3602pt x 53.44954pt.
)
Package mdframed Info: mdframed works in twoside mode on input line 170.
 (./GRAPHICS/RAILROAD/WRAPPER/rr_packing_with_symmetry_assumption_activity.tex
Underfull \hbox (badness 10000) in paragraph at lines 170--1

 []

<GRAPHICS/RAILROAD/diagram/packing_with_symmetry_assumption_activity.png, id=62
15, 422.32782pt x 53.44969pt>
File: GRAPHICS/RAILROAD/diagram/packing_with_symmetry_assumption_activity.png G
raphic file (type png)
<use GRAPHICS/RAILROAD/diagram/packing_with_symmetry_assumption_activity.png>
Package pdftex.def Info: GRAPHICS/RAILROAD/diagram/packing_with_symmetry_assump
tion_activity.png  used on input line 3.
(pdftex.def)             Requested size: 422.32678pt x 53.44954pt.

Overfull \hbox (7.37178pt too wide) detected at line 5
[]
 []

)
Package mdframed Info: mdframed works in twoside mode on input line 172.
 (./GRAPHICS/RAILROAD/WRAPPER/rr_packing_fixed_points_activity.tex
Underfull \hbox (badness 10000) in paragraph at lines 172--1

 []

<GRAPHICS/RAILROAD/diagram/packing_fixed_points_activity.png, id=6216, 339.5184
3pt x 53.44969pt>
File: GRAPHICS/RAILROAD/diagram/packing_fixed_points_activity.png Graphic file 
(type png)
<use GRAPHICS/RAILROAD/diagram/packing_fixed_points_activity.png>
Package pdftex.def Info: GRAPHICS/RAILROAD/diagram/packing_fixed_points_activit
y.png  used on input line 3.
(pdftex.def)             Requested size: 339.5176pt x 53.44954pt.
)
Package mdframed Info: mdframed works in twoside mode on input line 174.
 (./GRAPHICS/RAILROAD/WRAPPER/rr_graph_classification_activity.tex
Underfull \hbox (badness 10000) in paragraph at lines 174--1

 []

<GRAPHICS/RAILROAD/diagram/graph_classification_activity.png, id=6217, 331.9903
1pt x 53.44969pt>
File: GRAPHICS/RAILROAD/diagram/graph_classification_activity.png Graphic file 
(type png)
<use GRAPHICS/RAILROAD/diagram/graph_classification_activity.png>
Package pdftex.def Info: GRAPHICS/RAILROAD/diagram/graph_classification_activit
y.png  used on input line 3.
(pdftex.def)             Requested size: 331.98949pt x 53.44954pt.
)
Package mdframed Info: mdframed works in twoside mode on input line 176.
 (./GRAPHICS/RAILROAD/WRAPPER/rr_diophant_activity.tex
Underfull \hbox (badness 10000) in paragraph at lines 176--1

 []

<GRAPHICS/RAILROAD/diagram/diophant_activity.png, id=6218, 274.77657pt x 53.449
69pt>
File: GRAPHICS/RAILROAD/diagram/diophant_activity.png Graphic file (type png)
<use GRAPHICS/RAILROAD/diagram/diophant_activity.png>
Package pdftex.def Info: GRAPHICS/RAILROAD/diagram/diophant_activity.png  used 
on input line 3.
(pdftex.def)             Requested size: 274.77588pt x 53.44954pt.
)

[811 <./GRAPHICS/RAILROAD/diagram/classification_of_cubic_surfaces_with_double_
sixes_activity.png> <./GRAPHICS/RAILROAD/diagram/spread_table_activity.png> <./
GRAPHICS/RAILROAD/diagram/packing_with_symmetry_assumption_activity.png> <./GRA
PHICS/RAILROAD/diagram/packing_fixed_points_activity.png> <./GRAPHICS/RAILROAD/
diagram/graph_classification_activity.png>]
Package mdframed Info: mdframed works in twoside mode on input line 178.

(./GRAPHICS/RAILROAD/WRAPPER/rr_design_activity.tex
Underfull \hbox (badness 10000) in paragraph at lines 178--1

 []

<GRAPHICS/RAILROAD/diagram/design_activity.png, id=6229, 264.23718pt x 53.44969
pt>
File: GRAPHICS/RAILROAD/diagram/design_activity.png Graphic file (type png)
<use GRAPHICS/RAILROAD/diagram/design_activity.png>
Package pdftex.def Info: GRAPHICS/RAILROAD/diagram/design_activity.png  used on
 input line 3.
(pdftex.def)             Requested size: 264.23653pt x 53.44954pt.
)
Package mdframed Info: mdframed works in twoside mode on input line 180.
 (./GRAPHICS/RAILROAD/WRAPPER/rr_large_set_was_activity.tex
Underfull \hbox (badness 10000) in paragraph at lines 180--1

 []

<GRAPHICS/RAILROAD/diagram/large_set_was_activity.png, id=6230, 304.88907pt x 5
3.44969pt>
File: GRAPHICS/RAILROAD/diagram/large_set_was_activity.png Graphic file (type p
ng)
<use GRAPHICS/RAILROAD/diagram/large_set_was_activity.png>
Package pdftex.def Info: GRAPHICS/RAILROAD/diagram/large_set_was_activity.png  
used on input line 3.
(pdftex.def)             Requested size: 304.88832pt x 53.44954pt.
)
Package mdframed Info: mdframed works in twoside mode on input line 182.
 (./GRAPHICS/RAILROAD/WRAPPER/rr_symbolic_object_activity.tex
Underfull \hbox (badness 10000) in paragraph at lines 182--1

 []

<GRAPHICS/RAILROAD/diagram/symbolic_object_activity.png, id=6231, 313.9228pt x 
53.44969pt>
File: GRAPHICS/RAILROAD/diagram/symbolic_object_activity.png Graphic file (type
 png)
<use GRAPHICS/RAILROAD/diagram/symbolic_object_activity.png>
Package pdftex.def Info: GRAPHICS/RAILROAD/diagram/symbolic_object_activity.png
  used on input line 3.
(pdftex.def)             Requested size: 313.92203pt x 53.44954pt.
)
Package mdframed Info: mdframed works in twoside mode on input line 184.
 (./GRAPHICS/RAILROAD/WRAPPER/rr_BLT_set_classify_activity.tex
Underfull \hbox (badness 10000) in paragraph at lines 184--1

 []

<GRAPHICS/RAILROAD/diagram/BLT_set_classify_activity.png, id=6232, 315.42844pt 
x 53.44969pt>
File: GRAPHICS/RAILROAD/diagram/BLT_set_classify_activity.png Graphic file (typ
e png)
<use GRAPHICS/RAILROAD/diagram/BLT_set_classify_activity.png>
Package pdftex.def Info: GRAPHICS/RAILROAD/diagram/BLT_set_classify_activity.pn
g  used on input line 3.
(pdftex.def)             Requested size: 315.42766pt x 53.44954pt.
)
Package mdframed Info: mdframed works in twoside mode on input line 186.
 (./GRAPHICS/RAILROAD/WRAPPER/rr_spread_classify_activity.tex
Underfull \hbox (badness 10000) in paragraph at lines 186--1

 []

<GRAPHICS/RAILROAD/diagram/spread_classify_activity.png, id=6233, 309.40594pt x
 53.44969pt>
File: GRAPHICS/RAILROAD/diagram/spread_classify_activity.png Graphic file (type
 png)
<use GRAPHICS/RAILROAD/diagram/spread_classify_activity.png>
Package pdftex.def Info: GRAPHICS/RAILROAD/diagram/spread_classify_activity.png
  used on input line 3.
(pdftex.def)             Requested size: 309.40518pt x 53.44954pt.
)

[812 <./GRAPHICS/RAILROAD/diagram/diophant_activity.png> <./GRAPHICS/RAILROAD/d
iagram/design_activity.png> <./GRAPHICS/RAILROAD/diagram/large_set_was_activity
.png> <./GRAPHICS/RAILROAD/diagram/symbolic_object_activity.png> <./GRAPHICS/RA
ILROAD/diagram/BLT_set_classify_activity.png>]
Package mdframed Info: mdframed works in twoside mode on input line 188.

(./GRAPHICS/RAILROAD/WRAPPER/rr_spread_activity.tex
Underfull \hbox (badness 10000) in paragraph at lines 188--1

 []

<GRAPHICS/RAILROAD/diagram/spread_activity.png, id=6243, 264.23718pt x 53.44969
pt>
File: GRAPHICS/RAILROAD/diagram/spread_activity.png Graphic file (type png)
<use GRAPHICS/RAILROAD/diagram/spread_activity.png>
Package pdftex.def Info: GRAPHICS/RAILROAD/diagram/spread_activity.png  used on
 input line 3.
(pdftex.def)             Requested size: 264.23653pt x 53.44954pt.
)
Package mdframed Info: mdframed works in twoside mode on input line 190.
 (./GRAPHICS/RAILROAD/WRAPPER/rr_translation_plane_activity.tex
Underfull \hbox (badness 10000) in paragraph at lines 190--1

 []

<GRAPHICS/RAILROAD/diagram/translation_plane_activity.png, id=6244, 319.94531pt
 x 53.44969pt>
File: GRAPHICS/RAILROAD/diagram/translation_plane_activity.png Graphic file (ty
pe png)
<use GRAPHICS/RAILROAD/diagram/translation_plane_activity.png>
Package pdftex.def Info: GRAPHICS/RAILROAD/diagram/translation_plane_activity.p
ng  used on input line 3.
(pdftex.def)             Requested size: 319.94452pt x 53.44954pt.
)
Package mdframed Info: mdframed works in twoside mode on input line 192.
 (./GRAPHICS/RAILROAD/WRAPPER/rr_action_on_forms_activity.tex
Underfull \hbox (badness 10000) in paragraph at lines 192--1

 []

<GRAPHICS/RAILROAD/diagram/action_on_forms_activity.png, id=6245, 316.93407pt x
 53.44969pt>
File: GRAPHICS/RAILROAD/diagram/action_on_forms_activity.png Graphic file (type
 png)
<use GRAPHICS/RAILROAD/diagram/action_on_forms_activity.png>
Package pdftex.def Info: GRAPHICS/RAILROAD/diagram/action_on_forms_activity.png
  used on input line 3.
(pdftex.def)             Requested size: 316.93329pt x 53.44954pt.
)
Package mdframed Info: mdframed works in twoside mode on input line 194.
 (./GRAPHICS/RAILROAD/WRAPPER/rr_orbits_activity.tex
Underfull \hbox (badness 10000) in paragraph at lines 194--1

 []

<GRAPHICS/RAILROAD/diagram/orbits_activity.png, id=6246, 259.7203pt x 53.44969p
t>
File: GRAPHICS/RAILROAD/diagram/orbits_activity.png Graphic file (type png)
<use GRAPHICS/RAILROAD/diagram/orbits_activity.png>
Package pdftex.def Info: GRAPHICS/RAILROAD/diagram/orbits_activity.png  used on
 input line 3.
(pdftex.def)             Requested size: 259.71967pt x 53.44954pt.
)
Package mdframed Info: mdframed works in twoside mode on input line 196.
 (./GRAPHICS/RAILROAD/WRAPPER/rr_variety_activity.tex
Underfull \hbox (badness 10000) in paragraph at lines 196--1

 []

<GRAPHICS/RAILROAD/diagram/variety_activity.png, id=6247, 265.74281pt x 53.4496
9pt>
File: GRAPHICS/RAILROAD/diagram/variety_activity.png Graphic file (type png)
<use GRAPHICS/RAILROAD/diagram/variety_activity.png>
Package pdftex.def Info: GRAPHICS/RAILROAD/diagram/variety_activity.png  used o
n input line 3.
(pdftex.def)             Requested size: 265.74216pt x 53.44954pt.
)

[813 <./GRAPHICS/RAILROAD/diagram/spread_classify_activity.png> <./GRAPHICS/RAI
LROAD/diagram/spread_activity.png> <./GRAPHICS/RAILROAD/diagram/translation_pla
ne_activity.png> <./GRAPHICS/RAILROAD/diagram/action_on_forms_activity.png> <./
GRAPHICS/RAILROAD/diagram/orbits_activity.png>]
Package mdframed Info: mdframed works in twoside mode on input line 202.

(./GRAPHICS/RAILROAD/WRAPPER/rr_Literal.tex
Underfull \hbox (badness 10000) in paragraph at lines 202--1

 []

File: GRAPHICS/RAILROAD/diagram/Literal.png Graphic file (type png)
<use GRAPHICS/RAILROAD/diagram/Literal.png>
Package pdftex.def Info: GRAPHICS/RAILROAD/diagram/Literal.png  used on input l
ine 3.
(pdftex.def)             Requested size: 213.04541pt x 219.06789pt.
)
Package mdframed Info: mdframed works in twoside mode on input line 204.
 (./GRAPHICS/RAILROAD/WRAPPER/rr_FilePath.tex
Underfull \hbox (badness 10000) in paragraph at lines 204--1

 []

<GRAPHICS/RAILROAD/diagram/FilePath.png, id=6257, 151.3153pt x 172.39406pt>
File: GRAPHICS/RAILROAD/diagram/FilePath.png Graphic file (type png)
<use GRAPHICS/RAILROAD/diagram/FilePath.png>
Package pdftex.def Info: GRAPHICS/RAILROAD/diagram/FilePath.png  used on input 
line 3.
(pdftex.def)             Requested size: 151.31493pt x 172.39363pt.
)
Package mdframed Info: mdframed works in twoside mode on input line 206.
 (./GRAPHICS/RAILROAD/WRAPPER/rr_FileMask.tex
Underfull \hbox (badness 10000) in paragraph at lines 206--1

 []

<GRAPHICS/RAILROAD/diagram/FileMask.png, id=6258, 151.3153pt x 172.39406pt>
File: GRAPHICS/RAILROAD/diagram/FileMask.png Graphic file (type png)
<use GRAPHICS/RAILROAD/diagram/FileMask.png>
Package pdftex.def Info: GRAPHICS/RAILROAD/diagram/FileMask.png  used on input 
line 3.
(pdftex.def)             Requested size: 151.31493pt x 172.39363pt.
)
Package mdframed Info: Not enough space on this page on input line 206.


[814 <./GRAPHICS/RAILROAD/diagram/variety_activity.png> <./GRAPHICS/RAILROAD/di
agram/FilePath.png>]
Package mdframed Info: Not enough space on this page on input line 206.
Package mdframed Info: mdframed works in twoside mode on input line 208.
 (./GRAPHICS/RAILROAD/WRAPPER/rr_Integer.tex
Underfull \hbox (badness 10000) in paragraph at lines 208--1

 []

File: GRAPHICS/RAILROAD/diagram/Integer.png Graphic file (type png)
<use GRAPHICS/RAILROAD/diagram/Integer.png>
Package pdftex.def Info: GRAPHICS/RAILROAD/diagram/Integer.png  used on input l
ine 3.
(pdftex.def)             Requested size: 121.20251pt x 39.89894pt.
)
Package mdframed Info: mdframed works in twoside mode on input line 210.
 (./GRAPHICS/RAILROAD/WRAPPER/rr_GlobalCmd.tex
Underfull \hbox (badness 10000) in paragraph at lines 210--1

 []

File: GRAPHICS/RAILROAD/diagram/GlobalCmd.png Graphic file (type png)
<use GRAPHICS/RAILROAD/diagram/GlobalCmd.png>
Package pdftex.def Info: GRAPHICS/RAILROAD/diagram/GlobalCmd.png  used on input
 line 3.
(pdftex.def)             Requested size: 187.44984pt x 259.71967pt.
)

Package mdframed Warning: You got a bad break
(mdframed)                because the last box will be empty
(mdframed)                you have to change it manually
(mdframed)                by changing the text, the space
(mdframed)                or something else on input line 210.



[815 <./GRAPHICS/RAILROAD/diagram/FileMask.png>]
Package mdframed Info: mdframed works in twoside mode on input line 212.

(./GRAPHICS/RAILROAD/WRAPPER/rr_Verbosity.tex
Underfull \hbox (badness 10000) in paragraph at lines 212--1

 []

File: GRAPHICS/RAILROAD/diagram/Verbosity.png Graphic file (type png)
<use GRAPHICS/RAILROAD/diagram/Verbosity.png>
Package pdftex.def Info: GRAPHICS/RAILROAD/diagram/Verbosity.png  used on input
 line 3.
(pdftex.def)             Requested size: 134.7531pt x 27.85397pt.
)
Package mdframed Info: mdframed works in twoside mode on input line 214.
 (./GRAPHICS/RAILROAD/WRAPPER/rr_SeedRandomGen.tex
Underfull \hbox (badness 10000) in paragraph at lines 214--1

 []

File: GRAPHICS/RAILROAD/diagram/SeedRandomGen.png Graphic file (type png)
<use GRAPHICS/RAILROAD/diagram/SeedRandomGen.png>
Package pdftex.def Info: GRAPHICS/RAILROAD/diagram/SeedRandomGen.png  used on i
nput line 3.
(pdftex.def)             Requested size: 152.82054pt x 27.85397pt.
)
Package mdframed Info: mdframed works in twoside mode on input line 216.
 (./GRAPHICS/RAILROAD/WRAPPER/rr_MemoryDebug.tex
Underfull \hbox (badness 10000) in paragraph at lines 216--1

 []

File: GRAPHICS/RAILROAD/diagram/MemoryDebug.png Graphic file (type png)
<use GRAPHICS/RAILROAD/diagram/MemoryDebug.png>
Package pdftex.def Info: GRAPHICS/RAILROAD/diagram/MemoryDebug.png  used on inp
ut line 3.
(pdftex.def)             Requested size: 208.52855pt x 27.85397pt.
)
Package mdframed Info: mdframed works in twoside mode on input line 218.
 (./GRAPHICS/RAILROAD/WRAPPER/rr_OverridePoly.tex
Underfull \hbox (badness 10000) in paragraph at lines 218--1

 []

<GRAPHICS/RAILROAD/diagram/OverridePoly.png, id=6270, 234.1247pt x 27.85406pt>
File: GRAPHICS/RAILROAD/diagram/OverridePoly.png Graphic file (type png)
<use GRAPHICS/RAILROAD/diagram/OverridePoly.png>
Package pdftex.def Info: GRAPHICS/RAILROAD/diagram/OverridePoly.png  used on in
put line 3.
(pdftex.def)             Requested size: 234.12411pt x 27.85397pt.
)

Package mdframed Warning: You got a bad break
(mdframed)                because the last box will be empty
(mdframed)                you have to change it manually
(mdframed)                by changing the text, the space
(mdframed)                or something else on input line 218.



[816]
Package mdframed Info: mdframed works in twoside mode on input line 220.
 (./GRAPHICS/RAILROAD/WRAPPER/rr_OrbiterPath.tex
Underfull \hbox (badness 10000) in paragraph at lines 220--1

 []

<GRAPHICS/RAILROAD/diagram/OrbiterPath.png, id=6275, 194.97844pt x 27.85406pt>
File: GRAPHICS/RAILROAD/diagram/OrbiterPath.png Graphic file (type png)
<use GRAPHICS/RAILROAD/diagram/OrbiterPath.png>
Package pdftex.def Info: GRAPHICS/RAILROAD/diagram/OrbiterPath.png  used on inp
ut line 3.
(pdftex.def)             Requested size: 194.97795pt x 27.85397pt.
)
Package mdframed Info: mdframed works in twoside mode on input line 222.
 (./GRAPHICS/RAILROAD/WRAPPER/rr_MagmaPath.tex
Underfull \hbox (badness 10000) in paragraph at lines 222--1

 []

<GRAPHICS/RAILROAD/diagram/MagmaPath.png, id=6276, 197.98969pt x 27.85406pt>
File: GRAPHICS/RAILROAD/diagram/MagmaPath.png Graphic file (type png)
<use GRAPHICS/RAILROAD/diagram/MagmaPath.png>
Package pdftex.def Info: GRAPHICS/RAILROAD/diagram/MagmaPath.png  used on input
 line 3.
(pdftex.def)             Requested size: 197.9892pt x 27.85397pt.
)
Package mdframed Info: mdframed works in twoside mode on input line 224.
 (./GRAPHICS/RAILROAD/WRAPPER/rr_Fork.tex
Underfull \hbox (badness 10000) in paragraph at lines 224--1

 []

<GRAPHICS/RAILROAD/diagram/Fork.png, id=6277, 408.77719pt x 27.85406pt>
File: GRAPHICS/RAILROAD/diagram/Fork.png Graphic file (type png)
<use GRAPHICS/RAILROAD/diagram/Fork.png>
Package pdftex.def Info: GRAPHICS/RAILROAD/diagram/Fork.png  used on input line
 3.
(pdftex.def)             Requested size: 408.77618pt x 27.85397pt.
))

[817 <./GRAPHICS/RAILROAD/diagram/OverridePoly.png> <./GRAPHICS/RAILROAD/diagra
m/OrbiterPath.png> <./GRAPHICS/RAILROAD/diagram/MagmaPath.png> <./GRAPHICS/RAIL
ROAD/diagram/Fork.png>])

[818


]
Appendix B.
(./D02/chapter.tex (./D02/sec_1.tex (./GRAPHICS/LATEX/surfaces_report.tex
Underfull \vbox (badness 10000) has occurred while \output is active []



[819]
Underfull \vbox (badness 10000) has occurred while \output is active []



[820]
Underfull \vbox (badness 10000) has occurred while \output is active []



[821]
Underfull \vbox (badness 10000) has occurred while \output is active []



[822]
Underfull \vbox (badness 10000) has occurred while \output is active []



[823]
Underfull \vbox (badness 10000) has occurred while \output is active []



[824]

[825]
Underfull \vbox (badness 10000) has occurred while \output is active []



[826]

[827]

[828]

[829]
Underfull \vbox (badness 10000) has occurred while \output is active []



[830]
Underfull \vbox (badness 10000) has occurred while \output is active []



[831]
Underfull \vbox (badness 10000) has occurred while \output is active []



[832]
Underfull \vbox (badness 10000) has occurred while \output is active []



[833]
Underfull \vbox (badness 10000) has occurred while \output is active []



[834]
Underfull \vbox (badness 10000) has occurred while \output is active []



[835]
Underfull \vbox (badness 10000) has occurred while \output is active []



[836]
Underfull \vbox (badness 10000) has occurred while \output is active []



[837]

[838]))

[839])

[840


]
Appendix C.
(./D03/chapter.tex (./D03/sec_1.tex
Package mdframed Info: mdframed works in twoside mode on input line 1.
 (./GRAPHICS/LATEX/unix_linux_commands.tex
<GRAPHICS/UNIX/Unix_Linux_command_reference.png, id=6414, 1001.7425pt x 1316.92
pt>
File: GRAPHICS/UNIX/Unix_Linux_command_reference.png Graphic file (type png)
<use GRAPHICS/UNIX/Unix_Linux_command_reference.png>
Package pdftex.def Info: GRAPHICS/UNIX/Unix_Linux_command_reference.png  used o
n input line 2.
(pdftex.def)             Requested size: 341.43306pt x 448.85208pt.
)
Overfull \vbox (58.02483pt too high) detected at line 1
 []

Package mdframed Info: Box was splittet wrong
 starting loop to iterate the splitting point
(mdframed)              on input line 1.

Overfull \vbox (59.02483pt too high) detected at line 1
 []


Overfull \vbox (60.02483pt too high) detected at line 1
 []


Overfull \vbox (61.02483pt too high) detected at line 1
 []


Overfull \vbox (62.02483pt too high) detected at line 1
 []


Overfull \vbox (63.02483pt too high) detected at line 1
 []


Overfull \vbox (64.02483pt too high) detected at line 1
 []


Overfull \vbox (65.02483pt too high) detected at line 1
 []


Overfull \vbox (66.02483pt too high) detected at line 1
 []


Overfull \vbox (67.02483pt too high) detected at line 1
 []


Overfull \vbox (68.02483pt too high) detected at line 1
 []


Overfull \vbox (69.02483pt too high) detected at line 1
 []


Overfull \vbox (70.02483pt too high) detected at line 1
 []


Overfull \vbox (71.02483pt too high) detected at line 1
 []


Overfull \vbox (72.02483pt too high) detected at line 1
 []


Overfull \vbox (73.02483pt too high) detected at line 1
 []


Overfull \vbox (74.02483pt too high) detected at line 1
 []


Overfull \vbox (75.02483pt too high) detected at line 1
 []


Overfull \vbox (76.02483pt too high) detected at line 1
 []


Overfull \vbox (77.02483pt too high) detected at line 1
 []


Overfull \vbox (78.02483pt too high) detected at line 1
 []


Overfull \vbox (79.02483pt too high) detected at line 1
 []


Overfull \vbox (80.02483pt too high) detected at line 1
 []


Overfull \vbox (81.02483pt too high) detected at line 1
 []


Overfull \vbox (82.02483pt too high) detected at line 1
 []


Overfull \vbox (83.02483pt too high) detected at line 1
 []


Overfull \vbox (84.02483pt too high) detected at line 1
 []


Overfull \vbox (85.02483pt too high) detected at line 1
 []


Overfull \vbox (86.02483pt too high) detected at line 1
 []


Overfull \vbox (87.02483pt too high) detected at line 1
 []


Overfull \vbox (88.02483pt too high) detected at line 1
 []


Overfull \vbox (89.02483pt too high) detected at line 1
 []


Overfull \vbox (90.02483pt too high) detected at line 1
 []


Overfull \vbox (91.02483pt too high) detected at line 1
 []


Overfull \vbox (92.02483pt too high) detected at line 1
 []


Overfull \vbox (93.02483pt too high) detected at line 1
 []


Overfull \vbox (94.02483pt too high) detected at line 1
 []


Overfull \vbox (95.02483pt too high) detected at line 1
 []


Overfull \vbox (96.02483pt too high) detected at line 1
 []


Overfull \vbox (97.02483pt too high) detected at line 1
 []


Overfull \vbox (98.02483pt too high) detected at line 1
 []


Overfull \vbox (99.02483pt too high) detected at line 1
 []


Overfull \vbox (100.02483pt too high) detected at line 1
 []


Overfull \vbox (101.02483pt too high) detected at line 1
 []


Overfull \vbox (102.02483pt too high) detected at line 1
 []


Overfull \vbox (103.02483pt too high) detected at line 1
 []


Overfull \vbox (104.02483pt too high) detected at line 1
 []


Overfull \vbox (105.02483pt too high) detected at line 1
 []


Overfull \vbox (106.02483pt too high) detected at line 1
 []


Overfull \vbox (107.02483pt too high) detected at line 1
 []


Overfull \vbox (108.02483pt too high) detected at line 1
 []


Overfull \vbox (109.02483pt too high) detected at line 1
 []


Overfull \vbox (110.02483pt too high) detected at line 1
 []


Overfull \vbox (111.02483pt too high) detected at line 1
 []


Overfull \vbox (112.02483pt too high) detected at line 1
 []


Overfull \vbox (113.02483pt too high) detected at line 1
 []


Overfull \vbox (114.02483pt too high) detected at line 1
 []


Overfull \vbox (115.02483pt too high) detected at line 1
 []


Overfull \vbox (116.02483pt too high) detected at line 1
 []


Overfull \vbox (117.02483pt too high) detected at line 1
 []


Overfull \vbox (118.02483pt too high) detected at line 1
 []


Overfull \vbox (119.02483pt too high) detected at line 1
 []


Overfull \vbox (120.02483pt too high) detected at line 1
 []


Overfull \vbox (121.02483pt too high) detected at line 1
 []


Overfull \vbox (122.02483pt too high) detected at line 1
 []


Overfull \vbox (123.02483pt too high) detected at line 1
 []


Overfull \vbox (124.02483pt too high) detected at line 1
 []


Overfull \vbox (125.02483pt too high) detected at line 1
 []


Overfull \vbox (126.02483pt too high) detected at line 1
 []


Overfull \vbox (127.02483pt too high) detected at line 1
 []


Overfull \vbox (128.02483pt too high) detected at line 1
 []


Overfull \vbox (129.02483pt too high) detected at line 1
 []


Overfull \vbox (130.02483pt too high) detected at line 1
 []


Overfull \vbox (131.02483pt too high) detected at line 1
 []


Overfull \vbox (132.02483pt too high) detected at line 1
 []


Overfull \vbox (133.02483pt too high) detected at line 1
 []


Overfull \vbox (134.02483pt too high) detected at line 1
 []


Overfull \vbox (135.02483pt too high) detected at line 1
 []


Overfull \vbox (136.02483pt too high) detected at line 1
 []


Overfull \vbox (137.02483pt too high) detected at line 1
 []


Overfull \vbox (138.02483pt too high) detected at line 1
 []


Overfull \vbox (139.02483pt too high) detected at line 1
 []


Overfull \vbox (140.02483pt too high) detected at line 1
 []


Overfull \vbox (141.02483pt too high) detected at line 1
 []


Overfull \vbox (142.02483pt too high) detected at line 1
 []


Overfull \vbox (143.02483pt too high) detected at line 1
 []


Overfull \vbox (144.02483pt too high) detected at line 1
 []


Overfull \vbox (145.02483pt too high) detected at line 1
 []


Overfull \vbox (146.02483pt too high) detected at line 1
 []


Overfull \vbox (147.02483pt too high) detected at line 1
 []


Overfull \vbox (148.02483pt too high) detected at line 1
 []


Overfull \vbox (149.02483pt too high) detected at line 1
 []


Overfull \vbox (150.02483pt too high) detected at line 1
 []


Overfull \vbox (151.02483pt too high) detected at line 1
 []


Overfull \vbox (152.02483pt too high) detected at line 1
 []


Overfull \vbox (153.02483pt too high) detected at line 1
 []


Overfull \vbox (154.02483pt too high) detected at line 1
 []


Overfull \vbox (155.02483pt too high) detected at line 1
 []


Overfull \vbox (156.02483pt too high) detected at line 1
 []


Overfull \vbox (157.02483pt too high) detected at line 1
 []


Overfull \vbox (158.02483pt too high) detected at line 1
 []


Overfull \vbox (159.02483pt too high) detected at line 1
 []


Package mdframed Warning: correct box splittet fails
 It seems you are using a non splittable contents
(mdframed)                 on input line 1.

Package mdframed Info: You first box width is to small
 mdframed fixed it
(mdframed)              on input line 1.


[841])

[842 <./GRAPHICS/UNIX/Unix_Linux_command_reference.png>])
Appendix D.
(./D04/chapter.tex (./D04/sec_1.tex
Underfull \vbox (badness 10000) has occurred while \output is active []



[843


]
Underfull \vbox (badness 10000) has occurred while \output is active []



[844]
Underfull \vbox (badness 10000) has occurred while \output is active []



[845])
Underfull \vbox (badness 10000) has occurred while \output is active []



[846]

[847])

[848


]
Appendix E.
(./D05/chapter.tex (./D05/sec_1.tex (./GRAPHICS/THE_MAKEFILE/the_makefile.tex

[849]
Underfull \vbox (badness 10000) has occurred while \output is active []



[850]
Underfull \vbox (badness 10000) has occurred while \output is active []



[851]
Underfull \vbox (badness 10000) has occurred while \output is active []



[852]
Underfull \vbox (badness 10000) has occurred while \output is active []



[853]
Underfull \vbox (badness 10000) has occurred while \output is active []



[854]
Underfull \vbox (badness 10000) has occurred while \output is active []



[855]
Underfull \vbox (badness 10000) has occurred while \output is active []



[856]
Underfull \vbox (badness 10000) has occurred while \output is active []



[857]
Underfull \vbox (badness 10000) has occurred while \output is active []



[858]
Underfull \vbox (badness 10000) has occurred while \output is active []



[859]
Underfull \vbox (badness 10000) has occurred while \output is active []



[860]
Underfull \vbox (badness 10000) has occurred while \output is active []



[861]
Underfull \vbox (badness 10000) has occurred while \output is active []



[862]
Underfull \vbox (badness 10000) has occurred while \output is active []



[863]
Underfull \vbox (badness 10000) has occurred while \output is active []



[864]
Underfull \vbox (badness 10000) has occurred while \output is active []



[865]
Underfull \vbox (badness 10000) has occurred while \output is active []



[866]
Underfull \vbox (badness 10000) has occurred while \output is active []



[867]
Underfull \vbox (badness 10000) has occurred while \output is active []



[868]
Underfull \vbox (badness 10000) has occurred while \output is active []



[869]
Underfull \vbox (badness 10000) has occurred while \output is active []



[870]
Underfull \vbox (badness 10000) has occurred while \output is active []



[871]
Underfull \vbox (badness 10000) has occurred while \output is active []



[872]
Underfull \vbox (badness 10000) has occurred while \output is active []



[873]
Underfull \vbox (badness 10000) has occurred while \output is active []



[874]
Underfull \vbox (badness 10000) has occurred while \output is active []



[875]
Underfull \vbox (badness 10000) has occurred while \output is active []



[876]
Underfull \vbox (badness 10000) has occurred while \output is active []



[877]
Underfull \vbox (badness 10000) has occurred while \output is active []



[878]
Underfull \vbox (badness 10000) has occurred while \output is active []



[879]
Underfull \vbox (badness 10000) has occurred while \output is active []



[880]
Underfull \vbox (badness 10000) has occurred while \output is active []



[881]
Underfull \vbox (badness 10000) has occurred while \output is active []



[882]
Underfull \vbox (badness 10000) has occurred while \output is active []



[883]
Underfull \vbox (badness 10000) has occurred while \output is active []



[884]
Underfull \vbox (badness 10000) has occurred while \output is active []



[885]
Underfull \vbox (badness 10000) has occurred while \output is active []



[886]
Underfull \vbox (badness 10000) has occurred while \output is active []



[887]
Underfull \vbox (badness 10000) has occurred while \output is active []



[888]
Underfull \vbox (badness 10000) has occurred while \output is active []



[889]
Underfull \vbox (badness 10000) has occurred while \output is active []



[890]
Underfull \vbox (badness 10000) has occurred while \output is active []



[891]
Underfull \vbox (badness 10000) has occurred while \output is active []



[892]
Underfull \vbox (badness 10000) has occurred while \output is active []



[893]
Underfull \vbox (badness 10000) has occurred while \output is active []



[894]
Underfull \vbox (badness 10000) has occurred while \output is active []



[895]
Underfull \vbox (badness 10000) has occurred while \output is active []



[896]
Underfull \vbox (badness 10000) has occurred while \output is active []



[897]
Underfull \vbox (badness 10000) has occurred while \output is active []



[898]
Underfull \vbox (badness 10000) has occurred while \output is active []



[899]
Underfull \vbox (badness 10000) has occurred while \output is active []



[900]
Underfull \vbox (badness 10000) has occurred while \output is active []



[901]
Underfull \vbox (badness 10000) has occurred while \output is active []



[902]
Underfull \vbox (badness 10000) has occurred while \output is active []



[903]
Underfull \vbox (badness 10000) has occurred while \output is active []



[904]
Underfull \vbox (badness 10000) has occurred while \output is active []



[905]
Underfull \vbox (badness 10000) has occurred while \output is active []



[906]
Underfull \vbox (badness 10000) has occurred while \output is active []



[907]
Underfull \vbox (badness 10000) has occurred while \output is active []



[908]
Underfull \vbox (badness 10000) has occurred while \output is active []



[909]
Underfull \vbox (badness 10000) has occurred while \output is active []



[910]
Underfull \vbox (badness 10000) has occurred while \output is active []



[911]
Underfull \vbox (badness 10000) has occurred while \output is active []



[912]
Underfull \vbox (badness 10000) has occurred while \output is active []



[913]
Underfull \vbox (badness 10000) has occurred while \output is active []



[914]
Underfull \vbox (badness 10000) has occurred while \output is active []



[915]
Underfull \vbox (badness 10000) has occurred while \output is active []



[916]
Underfull \vbox (badness 10000) has occurred while \output is active []



[917]
Underfull \vbox (badness 10000) has occurred while \output is active []



[918]
Underfull \vbox (badness 10000) has occurred while \output is active []



[919]
Underfull \vbox (badness 10000) has occurred while \output is active []



[920]
Underfull \vbox (badness 10000) has occurred while \output is active []



[921]
Underfull \vbox (badness 10000) has occurred while \output is active []



[922]
Underfull \vbox (badness 10000) has occurred while \output is active []



[923]
Underfull \vbox (badness 10000) has occurred while \output is active []



[924]
Underfull \vbox (badness 10000) has occurred while \output is active []



[925]
Underfull \vbox (badness 10000) has occurred while \output is active []



[926]
Underfull \vbox (badness 10000) has occurred while \output is active []



[927]
Underfull \vbox (badness 10000) has occurred while \output is active []



[928]
Underfull \vbox (badness 10000) has occurred while \output is active []



[929]
Underfull \vbox (badness 10000) has occurred while \output is active []



[930]
Underfull \vbox (badness 10000) has occurred while \output is active []



[931]
Underfull \vbox (badness 10000) has occurred while \output is active []



[932]
Underfull \vbox (badness 10000) has occurred while \output is active []



[933]
Underfull \vbox (badness 10000) has occurred while \output is active []



[934]
Underfull \vbox (badness 10000) has occurred while \output is active []



[935]
Underfull \vbox (badness 10000) has occurred while \output is active []



[936]
Underfull \vbox (badness 10000) has occurred while \output is active []



[937]
Underfull \vbox (badness 10000) has occurred while \output is active []



[938]
Underfull \vbox (badness 10000) has occurred while \output is active []



[939]
Underfull \vbox (badness 10000) has occurred while \output is active []



[940]
Underfull \vbox (badness 10000) has occurred while \output is active []



[941]
Underfull \vbox (badness 10000) has occurred while \output is active []



[942]
Underfull \vbox (badness 10000) has occurred while \output is active []



[943]
Underfull \vbox (badness 10000) has occurred while \output is active []



[944]
Underfull \vbox (badness 10000) has occurred while \output is active []



[945]
Underfull \vbox (badness 10000) has occurred while \output is active []



[946]
Underfull \vbox (badness 10000) has occurred while \output is active []



[947]
Underfull \vbox (badness 10000) has occurred while \output is active []



[948]
Underfull \vbox (badness 10000) has occurred while \output is active []



[949]
Underfull \vbox (badness 10000) has occurred while \output is active []



[950]
Underfull \vbox (badness 10000) has occurred while \output is active []



[951]
Underfull \vbox (badness 10000) has occurred while \output is active []



[952]
Underfull \vbox (badness 10000) has occurred while \output is active []



[953]
Underfull \vbox (badness 10000) has occurred while \output is active []



[954]
Underfull \vbox (badness 10000) has occurred while \output is active []



[955]
Underfull \vbox (badness 10000) has occurred while \output is active []



[956]
Underfull \vbox (badness 10000) has occurred while \output is active []



[957]
Underfull \vbox (badness 10000) has occurred while \output is active []



[958]
Underfull \vbox (badness 10000) has occurred while \output is active []



[959]
Underfull \vbox (badness 10000) has occurred while \output is active []



[960]
Underfull \vbox (badness 10000) has occurred while \output is active []



[961]
Underfull \vbox (badness 10000) has occurred while \output is active []



[962]
Underfull \vbox (badness 10000) has occurred while \output is active []



[963]
Underfull \vbox (badness 10000) has occurred while \output is active []



[964]
Underfull \vbox (badness 10000) has occurred while \output is active []



[965]
Underfull \vbox (badness 10000) has occurred while \output is active []



[966]
Underfull \vbox (badness 10000) has occurred while \output is active []



[967]
Underfull \vbox (badness 10000) has occurred while \output is active []



[968]
Underfull \vbox (badness 10000) has occurred while \output is active []



[969]
Underfull \vbox (badness 10000) has occurred while \output is active []



[970]
Underfull \vbox (badness 10000) has occurred while \output is active []



[971]
Underfull \vbox (badness 10000) has occurred while \output is active []



[972]
Underfull \vbox (badness 10000) has occurred while \output is active []



[973]
Underfull \vbox (badness 10000) has occurred while \output is active []



[974]
Underfull \vbox (badness 10000) has occurred while \output is active []



[975]
Underfull \vbox (badness 10000) has occurred while \output is active []



[976]
Underfull \vbox (badness 10000) has occurred while \output is active []



[977]
Underfull \vbox (badness 10000) has occurred while \output is active []



[978]
Underfull \vbox (badness 10000) has occurred while \output is active []



[979]
Underfull \vbox (badness 10000) has occurred while \output is active []



[980]
Underfull \vbox (badness 10000) has occurred while \output is active []



[981]
Underfull \vbox (badness 10000) has occurred while \output is active []



[982]
Underfull \vbox (badness 10000) has occurred while \output is active []



[983]
Underfull \vbox (badness 10000) has occurred while \output is active []



[984]
Underfull \vbox (badness 10000) has occurred while \output is active []



[985]
Underfull \vbox (badness 10000) has occurred while \output is active []



[986]
Underfull \vbox (badness 10000) has occurred while \output is active []



[987]
Underfull \vbox (badness 10000) has occurred while \output is active []



[988]
Underfull \vbox (badness 10000) has occurred while \output is active []



[989]
Underfull \vbox (badness 10000) has occurred while \output is active []



[990]
Underfull \vbox (badness 10000) has occurred while \output is active []



[991]
Underfull \vbox (badness 10000) has occurred while \output is active []



[992]
Underfull \vbox (badness 10000) has occurred while \output is active []



[993]
Underfull \vbox (badness 10000) has occurred while \output is active []



[994]
Underfull \vbox (badness 10000) has occurred while \output is active []



[995]
Underfull \vbox (badness 10000) has occurred while \output is active []



[996]
Underfull \vbox (badness 10000) has occurred while \output is active []



[997]
Underfull \vbox (badness 10000) has occurred while \output is active []



[998]
Underfull \vbox (badness 10000) has occurred while \output is active []



[999]
Underfull \vbox (badness 10000) has occurred while \output is active []



[1000]
Underfull \vbox (badness 10000) has occurred while \output is active []



[1001]
Underfull \vbox (badness 10000) has occurred while \output is active []



[1002]
Underfull \vbox (badness 10000) has occurred while \output is active []



[1003]
Underfull \vbox (badness 10000) has occurred while \output is active []



[1004]
Underfull \vbox (badness 10000) has occurred while \output is active []



[1005]
Underfull \vbox (badness 10000) has occurred while \output is active []



[1006]
Underfull \vbox (badness 10000) has occurred while \output is active []



[1007]
Underfull \vbox (badness 10000) has occurred while \output is active []



[1008]
Underfull \vbox (badness 10000) has occurred while \output is active []



[1009]
Underfull \vbox (badness 10000) has occurred while \output is active []



[1010]
Underfull \vbox (badness 10000) has occurred while \output is active []



[1011]
Underfull \vbox (badness 10000) has occurred while \output is active []



[1012]
Underfull \vbox (badness 10000) has occurred while \output is active []



[1013]
Underfull \vbox (badness 10000) has occurred while \output is active []



[1014]
Underfull \vbox (badness 10000) has occurred while \output is active []



[1015]
Underfull \vbox (badness 10000) has occurred while \output is active []



[1016]
Underfull \vbox (badness 10000) has occurred while \output is active []



[1017]
Underfull \vbox (badness 10000) has occurred while \output is active []



[1018]
Underfull \vbox (badness 10000) has occurred while \output is active []



[1019]
Underfull \vbox (badness 10000) has occurred while \output is active []



[1020]
Underfull \vbox (badness 10000) has occurred while \output is active []



[1021]
Underfull \vbox (badness 10000) has occurred while \output is active []



[1022]
Underfull \vbox (badness 10000) has occurred while \output is active []



[1023]
Underfull \vbox (badness 10000) has occurred while \output is active []



[1024]
Underfull \vbox (badness 10000) has occurred while \output is active []



[1025]
Underfull \vbox (badness 10000) has occurred while \output is active []



[1026]
Underfull \vbox (badness 10000) has occurred while \output is active []



[1027]
Underfull \vbox (badness 10000) has occurred while \output is active []



[1028]
Underfull \vbox (badness 10000) has occurred while \output is active []



[1029]
Underfull \vbox (badness 10000) has occurred while \output is active []



[1030]
Underfull \vbox (badness 10000) has occurred while \output is active []



[1031]
Underfull \vbox (badness 10000) has occurred while \output is active []



[1032]
Underfull \vbox (badness 10000) has occurred while \output is active []



[1033]
Underfull \vbox (badness 10000) has occurred while \output is active []



[1034]
Underfull \vbox (badness 10000) has occurred while \output is active []



[1035]
Underfull \vbox (badness 10000) has occurred while \output is active []



[1036]
Underfull \vbox (badness 10000) has occurred while \output is active []



[1037]
Underfull \vbox (badness 10000) has occurred while \output is active []



[1038]
Underfull \vbox (badness 10000) has occurred while \output is active []



[1039]
Underfull \vbox (badness 10000) has occurred while \output is active []



[1040]
Underfull \vbox (badness 10000) has occurred while \output is active []



[1041]
Underfull \vbox (badness 10000) has occurred while \output is active []



[1042]
Underfull \vbox (badness 10000) has occurred while \output is active []



[1043]
Underfull \vbox (badness 10000) has occurred while \output is active []



[1044]
Underfull \vbox (badness 10000) has occurred while \output is active []



[1045]
Underfull \vbox (badness 10000) has occurred while \output is active []



[1046]
Underfull \vbox (badness 10000) has occurred while \output is active []



[1047]
Underfull \vbox (badness 10000) has occurred while \output is active []



[1048]
Underfull \vbox (badness 10000) has occurred while \output is active []



[1049]
Underfull \vbox (badness 10000) has occurred while \output is active []



[1050]
Underfull \vbox (badness 10000) has occurred while \output is active []



[1051]
Underfull \vbox (badness 10000) has occurred while \output is active []



[1052]
Underfull \vbox (badness 10000) has occurred while \output is active []



[1053]
Underfull \vbox (badness 10000) has occurred while \output is active []



[1054]
Underfull \vbox (badness 10000) has occurred while \output is active []



[1055]
Underfull \vbox (badness 10000) has occurred while \output is active []



[1056]
Underfull \vbox (badness 10000) has occurred while \output is active []



[1057]
Underfull \vbox (badness 10000) has occurred while \output is active []



[1058]
Underfull \vbox (badness 10000) has occurred while \output is active []



[1059]
Underfull \vbox (badness 10000) has occurred while \output is active []



[1060]
Underfull \vbox (badness 10000) has occurred while \output is active []



[1061]
Underfull \vbox (badness 10000) has occurred while \output is active []



[1062]
Underfull \vbox (badness 10000) has occurred while \output is active []



[1063]
Underfull \vbox (badness 10000) has occurred while \output is active []



[1064]
Underfull \vbox (badness 10000) has occurred while \output is active []



[1065]
Underfull \vbox (badness 10000) has occurred while \output is active []



[1066]
Underfull \vbox (badness 10000) has occurred while \output is active []



[1067]
Underfull \vbox (badness 10000) has occurred while \output is active []



[1068]
Underfull \vbox (badness 10000) has occurred while \output is active []



[1069]
Underfull \vbox (badness 10000) has occurred while \output is active []



[1070]
Underfull \vbox (badness 10000) has occurred while \output is active []



[1071]
Underfull \vbox (badness 10000) has occurred while \output is active []



[1072]
Underfull \vbox (badness 10000) has occurred while \output is active []



[1073]
Underfull \vbox (badness 10000) has occurred while \output is active []



[1074]
Underfull \vbox (badness 10000) has occurred while \output is active []



[1075]
Underfull \vbox (badness 10000) has occurred while \output is active []



[1076]
Underfull \vbox (badness 10000) has occurred while \output is active []



[1077]
Underfull \vbox (badness 10000) has occurred while \output is active []



[1078]
Underfull \vbox (badness 10000) has occurred while \output is active []



[1079]
Underfull \vbox (badness 10000) has occurred while \output is active []



[1080]
Underfull \vbox (badness 10000) has occurred while \output is active []



[1081]
Underfull \vbox (badness 10000) has occurred while \output is active []



[1082]
Underfull \vbox (badness 10000) has occurred while \output is active []



[1083]
Underfull \vbox (badness 10000) has occurred while \output is active []



[1084]
Underfull \vbox (badness 10000) has occurred while \output is active []



[1085]
Underfull \vbox (badness 10000) has occurred while \output is active []



[1086]
Underfull \vbox (badness 10000) has occurred while \output is active []



[1087]
Underfull \vbox (badness 10000) has occurred while \output is active []



[1088]
Underfull \vbox (badness 10000) has occurred while \output is active []



[1089]
Underfull \vbox (badness 10000) has occurred while \output is active []



[1090]
Underfull \vbox (badness 10000) has occurred while \output is active []



[1091]
Underfull \vbox (badness 10000) has occurred while \output is active []



[1092]
Underfull \vbox (badness 10000) has occurred while \output is active []



[1093]
Underfull \vbox (badness 10000) has occurred while \output is active []



[1094]
Underfull \vbox (badness 10000) has occurred while \output is active []



[1095]
Underfull \vbox (badness 10000) has occurred while \output is active []



[1096]
Underfull \vbox (badness 10000) has occurred while \output is active []



[1097]
Underfull \vbox (badness 10000) has occurred while \output is active []



[1098]
Underfull \vbox (badness 10000) has occurred while \output is active []



[1099]
Underfull \vbox (badness 10000) has occurred while \output is active []



[1100]
Underfull \vbox (badness 10000) has occurred while \output is active []



[1101]
Underfull \vbox (badness 10000) has occurred while \output is active []



[1102]
Underfull \vbox (badness 10000) has occurred while \output is active []



[1103]
Underfull \vbox (badness 10000) has occurred while \output is active []



[1104]
Underfull \vbox (badness 10000) has occurred while \output is active []



[1105]
Underfull \vbox (badness 10000) has occurred while \output is active []



[1106]
Underfull \vbox (badness 10000) has occurred while \output is active []



[1107]
Underfull \vbox (badness 10000) has occurred while \output is active []



[1108]
Underfull \vbox (badness 10000) has occurred while \output is active []



[1109]
Underfull \vbox (badness 10000) has occurred while \output is active []



[1110]
Underfull \vbox (badness 10000) has occurred while \output is active []



[1111]
Underfull \vbox (badness 10000) has occurred while \output is active []



[1112]
Underfull \vbox (badness 10000) has occurred while \output is active []



[1113]
Underfull \vbox (badness 10000) has occurred while \output is active []



[1114]
Underfull \vbox (badness 10000) has occurred while \output is active []



[1115]
Underfull \vbox (badness 10000) has occurred while \output is active []



[1116]
Underfull \vbox (badness 10000) has occurred while \output is active []



[1117]
Underfull \vbox (badness 10000) has occurred while \output is active []



[1118]
Underfull \vbox (badness 10000) has occurred while \output is active []



[1119]
Underfull \vbox (badness 10000) has occurred while \output is active []



[1120]
Underfull \vbox (badness 10000) has occurred while \output is active []



[1121]
Underfull \vbox (badness 10000) has occurred while \output is active []



[1122]
Underfull \vbox (badness 10000) has occurred while \output is active []



[1123]
Underfull \vbox (badness 10000) has occurred while \output is active []



[1124]
Underfull \vbox (badness 10000) has occurred while \output is active []



[1125]
Underfull \vbox (badness 10000) has occurred while \output is active []



[1126]
Underfull \vbox (badness 10000) has occurred while \output is active []



[1127]
Underfull \vbox (badness 10000) has occurred while \output is active []



[1128]
Underfull \vbox (badness 10000) has occurred while \output is active []



[1129]
Underfull \vbox (badness 10000) has occurred while \output is active []



[1130]
Underfull \vbox (badness 10000) has occurred while \output is active []



[1131]
Underfull \vbox (badness 10000) has occurred while \output is active []



[1132]
Underfull \vbox (badness 10000) has occurred while \output is active []



[1133]
Underfull \vbox (badness 10000) has occurred while \output is active []



[1134]
Underfull \vbox (badness 10000) has occurred while \output is active []



[1135]
Underfull \vbox (badness 10000) has occurred while \output is active []



[1136]
Underfull \vbox (badness 10000) has occurred while \output is active []



[1137]
Underfull \vbox (badness 10000) has occurred while \output is active []



[1138]
Underfull \vbox (badness 10000) has occurred while \output is active []



[1139]
Underfull \vbox (badness 10000) has occurred while \output is active []



[1140]
Underfull \vbox (badness 10000) has occurred while \output is active []



[1141]
Underfull \vbox (badness 10000) has occurred while \output is active []



[1142]
Underfull \vbox (badness 10000) has occurred while \output is active []



[1143]
Underfull \vbox (badness 10000) has occurred while \output is active []



[1144]
Underfull \vbox (badness 10000) has occurred while \output is active []



[1145]
Underfull \vbox (badness 10000) has occurred while \output is active []



[1146]
Underfull \vbox (badness 10000) has occurred while \output is active []



[1147]
Underfull \vbox (badness 10000) has occurred while \output is active []



[1148]
Underfull \vbox (badness 10000) has occurred while \output is active []



[1149]
Underfull \vbox (badness 10000) has occurred while \output is active []



[1150]
Underfull \vbox (badness 10000) has occurred while \output is active []



[1151]
Underfull \vbox (badness 10000) has occurred while \output is active []



[1152]
Underfull \vbox (badness 10000) has occurred while \output is active []



[1153]
Underfull \vbox (badness 10000) has occurred while \output is active []



[1154]
Underfull \vbox (badness 10000) has occurred while \output is active []



[1155]
Underfull \vbox (badness 10000) has occurred while \output is active []



[1156]
Underfull \vbox (badness 10000) has occurred while \output is active []



[1157]
Underfull \vbox (badness 10000) has occurred while \output is active []



[1158]
Underfull \vbox (badness 10000) has occurred while \output is active []



[1159]
Underfull \vbox (badness 10000) has occurred while \output is active []



[1160]
Underfull \vbox (badness 10000) has occurred while \output is active []



[1161]
Underfull \vbox (badness 10000) has occurred while \output is active []



[1162]
Underfull \vbox (badness 10000) has occurred while \output is active []



[1163]
Underfull \vbox (badness 10000) has occurred while \output is active []



[1164]
Underfull \vbox (badness 10000) has occurred while \output is active []



[1165]
Underfull \vbox (badness 10000) has occurred while \output is active []



[1166]
Underfull \vbox (badness 10000) has occurred while \output is active []



[1167]
Underfull \vbox (badness 10000) has occurred while \output is active []



[1168]
Underfull \vbox (badness 10000) has occurred while \output is active []



[1169]
Underfull \vbox (badness 10000) has occurred while \output is active []



[1170]
Underfull \vbox (badness 10000) has occurred while \output is active []



[1171]
Underfull \vbox (badness 10000) has occurred while \output is active []



[1172]
Underfull \vbox (badness 10000) has occurred while \output is active []



[1173]
Underfull \vbox (badness 10000) has occurred while \output is active []



[1174]
Underfull \vbox (badness 10000) has occurred while \output is active []



[1175]
Underfull \vbox (badness 10000) has occurred while \output is active []



[1176]
Underfull \vbox (badness 10000) has occurred while \output is active []



[1177]
Underfull \vbox (badness 10000) has occurred while \output is active []



[1178]
Underfull \vbox (badness 10000) has occurred while \output is active []



[1179]
Underfull \vbox (badness 10000) has occurred while \output is active []



[1180]
Underfull \vbox (badness 10000) has occurred while \output is active []



[1181]
Underfull \vbox (badness 10000) has occurred while \output is active []



[1182]
Underfull \vbox (badness 10000) has occurred while \output is active []



[1183]
Underfull \vbox (badness 10000) has occurred while \output is active []



[1184]
Underfull \vbox (badness 10000) has occurred while \output is active []



[1185]
Underfull \vbox (badness 10000) has occurred while \output is active []



[1186]
Underfull \vbox (badness 10000) has occurred while \output is active []



[1187]
Underfull \vbox (badness 10000) has occurred while \output is active []



[1188]
Underfull \vbox (badness 10000) has occurred while \output is active []



[1189]
Underfull \vbox (badness 10000) has occurred while \output is active []



[1190]
Underfull \vbox (badness 10000) has occurred while \output is active []



[1191]
Underfull \vbox (badness 10000) has occurred while \output is active []



[1192]
Underfull \vbox (badness 10000) has occurred while \output is active []



[1193]
Underfull \vbox (badness 10000) has occurred while \output is active []



[1194]
Underfull \vbox (badness 10000) has occurred while \output is active []



[1195]
Underfull \vbox (badness 10000) has occurred while \output is active []



[1196]
Underfull \vbox (badness 10000) has occurred while \output is active []



[1197]
Underfull \vbox (badness 10000) has occurred while \output is active []



[1198]
Underfull \vbox (badness 10000) has occurred while \output is active []



[1199]
Underfull \vbox (badness 10000) has occurred while \output is active []



[1200]
Underfull \vbox (badness 10000) has occurred while \output is active []



[1201]
Underfull \vbox (badness 10000) has occurred while \output is active []



[1202]
Underfull \vbox (badness 10000) has occurred while \output is active []



[1203]
Underfull \vbox (badness 10000) has occurred while \output is active []



[1204]
Underfull \vbox (badness 10000) has occurred while \output is active []



[1205]
Underfull \vbox (badness 10000) has occurred while \output is active []



[1206]
Underfull \vbox (badness 10000) has occurred while \output is active []



[1207]
Underfull \vbox (badness 10000) has occurred while \output is active []



[1208]
Underfull \vbox (badness 10000) has occurred while \output is active []



[1209]
Underfull \vbox (badness 10000) has occurred while \output is active []



[1210]
Underfull \vbox (badness 10000) has occurred while \output is active []



[1211]
Underfull \vbox (badness 10000) has occurred while \output is active []



[1212]
Underfull \vbox (badness 10000) has occurred while \output is active []



[1213]
Underfull \vbox (badness 10000) has occurred while \output is active []



[1214]
Underfull \vbox (badness 10000) has occurred while \output is active []



[1215]
Underfull \vbox (badness 10000) has occurred while \output is active []



[1216]
Underfull \vbox (badness 10000) has occurred while \output is active []



[1217]
Underfull \vbox (badness 10000) has occurred while \output is active []



[1218]
Underfull \vbox (badness 10000) has occurred while \output is active []



[1219]
Underfull \vbox (badness 10000) has occurred while \output is active []



[1220]
Underfull \vbox (badness 10000) has occurred while \output is active []



[1221]
Underfull \vbox (badness 10000) has occurred while \output is active []



[1222]
Underfull \vbox (badness 10000) has occurred while \output is active []



[1223]
Underfull \vbox (badness 10000) has occurred while \output is active []



[1224]
Underfull \vbox (badness 10000) has occurred while \output is active []



[1225]
Underfull \vbox (badness 10000) has occurred while \output is active []



[1226]
Underfull \vbox (badness 10000) has occurred while \output is active []



[1227]
Underfull \vbox (badness 10000) has occurred while \output is active []



[1228]
Underfull \vbox (badness 10000) has occurred while \output is active []



[1229]
Underfull \vbox (badness 10000) has occurred while \output is active []



[1230]
Underfull \vbox (badness 10000) has occurred while \output is active []



[1231]
Underfull \vbox (badness 10000) has occurred while \output is active []



[1232]
Underfull \vbox (badness 10000) has occurred while \output is active []



[1233]
Underfull \vbox (badness 10000) has occurred while \output is active []



[1234]
Underfull \vbox (badness 10000) has occurred while \output is active []



[1235]
Underfull \vbox (badness 10000) has occurred while \output is active []



[1236]
Underfull \vbox (badness 10000) has occurred while \output is active []



[1237]
Underfull \vbox (badness 10000) has occurred while \output is active []



[1238]
Underfull \vbox (badness 10000) has occurred while \output is active []



[1239]
Underfull \vbox (badness 10000) has occurred while \output is active []



[1240]
Underfull \vbox (badness 10000) has occurred while \output is active []



[1241]
Underfull \vbox (badness 10000) has occurred while \output is active []



[1242]
Underfull \vbox (badness 10000) has occurred while \output is active []



[1243]
Underfull \vbox (badness 10000) has occurred while \output is active []



[1244]
Underfull \vbox (badness 10000) has occurred while \output is active []



[1245]
Underfull \vbox (badness 10000) has occurred while \output is active []



[1246]
Underfull \vbox (badness 10000) has occurred while \output is active []



[1247]
Underfull \vbox (badness 10000) has occurred while \output is active []



[1248]
Underfull \vbox (badness 10000) has occurred while \output is active []



[1249]
Underfull \vbox (badness 10000) has occurred while \output is active []



[1250]
Underfull \vbox (badness 10000) has occurred while \output is active []



[1251]
Underfull \vbox (badness 10000) has occurred while \output is active []



[1252]
Underfull \vbox (badness 10000) has occurred while \output is active []



[1253]
Underfull \vbox (badness 10000) has occurred while \output is active []



[1254]
Underfull \vbox (badness 10000) has occurred while \output is active []



[1255]
Underfull \vbox (badness 10000) has occurred while \output is active []



[1256]
Underfull \vbox (badness 10000) has occurred while \output is active []



[1257]
Underfull \vbox (badness 10000) has occurred while \output is active []



[1258]
Underfull \vbox (badness 10000) has occurred while \output is active []



[1259]
Underfull \vbox (badness 10000) has occurred while \output is active []



[1260]
Underfull \vbox (badness 10000) has occurred while \output is active []



[1261]
Underfull \vbox (badness 10000) has occurred while \output is active []



[1262]
Underfull \vbox (badness 10000) has occurred while \output is active []



[1263]
Underfull \vbox (badness 10000) has occurred while \output is active []



[1264]
Underfull \vbox (badness 10000) has occurred while \output is active []



[1265]
Underfull \vbox (badness 10000) has occurred while \output is active []



[1266]
Underfull \vbox (badness 10000) has occurred while \output is active []



[1267]
Underfull \vbox (badness 10000) has occurred while \output is active []



[1268]
Underfull \vbox (badness 10000) has occurred while \output is active []



[1269]
Underfull \vbox (badness 10000) has occurred while \output is active []



[1270]
Underfull \vbox (badness 10000) has occurred while \output is active []



[1271]
Underfull \vbox (badness 10000) has occurred while \output is active []



[1272]
Underfull \vbox (badness 10000) has occurred while \output is active []



[1273]
Underfull \vbox (badness 10000) has occurred while \output is active []



[1274]
Underfull \vbox (badness 10000) has occurred while \output is active []



[1275]
Underfull \vbox (badness 10000) has occurred while \output is active []



[1276]
Underfull \vbox (badness 10000) has occurred while \output is active []



[1277]
Underfull \vbox (badness 10000) has occurred while \output is active []



[1278]
Underfull \vbox (badness 10000) has occurred while \output is active []



[1279]
Underfull \vbox (badness 10000) has occurred while \output is active []



[1280]
Underfull \vbox (badness 10000) has occurred while \output is active []



[1281]
Underfull \vbox (badness 10000) has occurred while \output is active []



[1282]
Underfull \vbox (badness 10000) has occurred while \output is active []



[1283]
Underfull \vbox (badness 10000) has occurred while \output is active []



[1284]
Underfull \vbox (badness 10000) has occurred while \output is active []



[1285]
Underfull \vbox (badness 10000) has occurred while \output is active []



[1286]
Underfull \vbox (badness 10000) has occurred while \output is active []



[1287]
Underfull \vbox (badness 10000) has occurred while \output is active []



[1288]
Underfull \vbox (badness 10000) has occurred while \output is active []



[1289]
Underfull \vbox (badness 10000) has occurred while \output is active []



[1290]
Underfull \vbox (badness 10000) has occurred while \output is active []



[1291]
Underfull \vbox (badness 10000) has occurred while \output is active []



[1292]
Underfull \vbox (badness 10000) has occurred while \output is active []



[1293]
Underfull \vbox (badness 10000) has occurred while \output is active []



[1294]
Underfull \vbox (badness 10000) has occurred while \output is active []



[1295]
Underfull \vbox (badness 10000) has occurred while \output is active []



[1296]
Underfull \vbox (badness 10000) has occurred while \output is active []



[1297]
Underfull \vbox (badness 10000) has occurred while \output is active []



[1298]
Underfull \vbox (badness 10000) has occurred while \output is active []



[1299]
Underfull \vbox (badness 10000) has occurred while \output is active []



[1300]
Underfull \vbox (badness 10000) has occurred while \output is active []



[1301]
Underfull \vbox (badness 10000) has occurred while \output is active []



[1302]
Underfull \vbox (badness 10000) has occurred while \output is active []



[1303]
Underfull \vbox (badness 10000) has occurred while \output is active []



[1304]
Underfull \vbox (badness 10000) has occurred while \output is active []



[1305]
Underfull \vbox (badness 10000) has occurred while \output is active []



[1306]
Underfull \vbox (badness 10000) has occurred while \output is active []



[1307]
Underfull \vbox (badness 10000) has occurred while \output is active []



[1308]
Underfull \vbox (badness 10000) has occurred while \output is active []



[1309]
Underfull \vbox (badness 10000) has occurred while \output is active []



[1310]
Underfull \vbox (badness 10000) has occurred while \output is active []



[1311]
Underfull \vbox (badness 10000) has occurred while \output is active []



[1312]
Underfull \vbox (badness 10000) has occurred while \output is active []



[1313]
Underfull \vbox (badness 10000) has occurred while \output is active []



[1314]
Underfull \vbox (badness 10000) has occurred while \output is active []



[1315]
Underfull \vbox (badness 10000) has occurred while \output is active []



[1316]
Underfull \vbox (badness 10000) has occurred while \output is active []



[1317]
Underfull \vbox (badness 10000) has occurred while \output is active []



[1318]
Underfull \vbox (badness 10000) has occurred while \output is active []



[1319]
Underfull \vbox (badness 10000) has occurred while \output is active []



[1320]
Underfull \vbox (badness 10000) has occurred while \output is active []



[1321]
Underfull \vbox (badness 10000) has occurred while \output is active []



[1322]
Underfull \vbox (badness 10000) has occurred while \output is active []



[1323]
Underfull \vbox (badness 10000) has occurred while \output is active []



[1324]
Underfull \vbox (badness 10000) has occurred while \output is active []



[1325]
Underfull \vbox (badness 10000) has occurred while \output is active []



[1326]
Underfull \vbox (badness 10000) has occurred while \output is active []



[1327]
Underfull \vbox (badness 10000) has occurred while \output is active []



[1328]
Underfull \vbox (badness 10000) has occurred while \output is active []



[1329]
Underfull \vbox (badness 10000) has occurred while \output is active []



[1330]
Underfull \vbox (badness 10000) has occurred while \output is active []



[1331]
Underfull \vbox (badness 10000) has occurred while \output is active []



[1332]
Underfull \vbox (badness 10000) has occurred while \output is active []



[1333]
Underfull \vbox (badness 10000) has occurred while \output is active []



[1334]
Underfull \vbox (badness 10000) has occurred while \output is active []



[1335]
Underfull \vbox (badness 10000) has occurred while \output is active []



[1336]
Underfull \vbox (badness 10000) has occurred while \output is active []



[1337]
Underfull \vbox (badness 10000) has occurred while \output is active []



[1338]
Underfull \vbox (badness 10000) has occurred while \output is active []



[1339]
Underfull \vbox (badness 10000) has occurred while \output is active []



[1340]
Underfull \vbox (badness 10000) has occurred while \output is active []



[1341]
Underfull \vbox (badness 10000) has occurred while \output is active []



[1342]
Underfull \vbox (badness 10000) has occurred while \output is active []



[1343]
Underfull \vbox (badness 10000) has occurred while \output is active []



[1344]
Underfull \vbox (badness 10000) has occurred while \output is active []



[1345]
Underfull \vbox (badness 10000) has occurred while \output is active []



[1346]
Underfull \vbox (badness 10000) has occurred while \output is active []



[1347]
Underfull \vbox (badness 10000) has occurred while \output is active []



[1348]
Underfull \vbox (badness 10000) has occurred while \output is active []



[1349]
Underfull \vbox (badness 10000) has occurred while \output is active []



[1350]
Underfull \vbox (badness 10000) has occurred while \output is active []



[1351]
Underfull \vbox (badness 10000) has occurred while \output is active []



[1352]
Underfull \vbox (badness 10000) has occurred while \output is active []



[1353]
Underfull \vbox (badness 10000) has occurred while \output is active []



[1354]
Underfull \vbox (badness 10000) has occurred while \output is active []



[1355]
Underfull \vbox (badness 10000) has occurred while \output is active []



[1356]
Underfull \vbox (badness 10000) has occurred while \output is active []



[1357]
Underfull \vbox (badness 10000) has occurred while \output is active []



[1358]
Underfull \vbox (badness 10000) has occurred while \output is active []



[1359]
Underfull \vbox (badness 10000) has occurred while \output is active []



[1360]
Underfull \vbox (badness 10000) has occurred while \output is active []



[1361]
Underfull \vbox (badness 10000) has occurred while \output is active []



[1362]
Underfull \vbox (badness 10000) has occurred while \output is active []



[1363]
Underfull \vbox (badness 10000) has occurred while \output is active []



[1364]
Underfull \vbox (badness 10000) has occurred while \output is active []



[1365]
Underfull \vbox (badness 10000) has occurred while \output is active []



[1366]
Underfull \vbox (badness 10000) has occurred while \output is active []



[1367]
Underfull \vbox (badness 10000) has occurred while \output is active []



[1368]))

[1369]) (./users_guide.bbl

[1370


]

[1371]

[1372]

[1373])

[1374] (./users_guide.aux)
 ***********
LaTeX2e <2024-11-01> patch level 2
L3 programming layer <2025-01-18>
 ***********


LaTeX Font Warning: Some font shapes were not available, defaults substituted.

Package rerunfilecheck Info: File `users_guide.out' has not changed.
(rerunfilecheck)             Checksum: 2300FE62FEBDCF449ECE5FF18A042FC7;23992.
 ) 
Here is how much of TeX's memory you used:
 45778 strings out of 473190
 1048252 string characters out of 5704335
 1497947 words of memory out of 5000000
 61728 multiletter control sequences out of 15000+600000
 583346 words of font info for 132 fonts, out of 8000000 for 9000
 1141 hyphenation exceptions out of 8191
 103i,29n,107p,1038b,1741s stack positions out of 10000i,1000n,20000p,200000b,200000s
</opt/homebrew/Cellar/texlive/20250308_1/share/texmf-dist/fonts/type1/public/
inconsolata/Inconsolata-zi4r.pfb></opt/homebrew/Cellar/texlive/20250308_1/share
/texmf-dist/fonts/type1/public/amsfonts/cm/cmbx10.pfb></opt/homebrew/Cellar/tex
live/20250308_1/share/texmf-dist/fonts/type1/public/amsfonts/cm/cmbx12.pfb></op
t/homebrew/Cellar/texlive/20250308_1/share/texmf-dist/fonts/type1/public/amsfon
ts/cm/cmbx7.pfb></opt/homebrew/Cellar/texlive/20250308_1/share/texmf-dist/fonts
/type1/public/amsfonts/cm/cmcsc10.pfb></opt/homebrew/Cellar/texlive/20250308_1/
share/texmf-dist/fonts/type1/public/amsfonts/cm/cmex10.pfb></opt/homebrew/Cella
r/texlive/20250308_1/share/texmf-dist/fonts/type1/public/amsfonts/cmextra/cmex9
.pfb></opt/homebrew/Cellar/texlive/20250308_1/share/texmf-dist/fonts/type1/publ
ic/amsfonts/cm/cmmi10.pfb></opt/homebrew/Cellar/texlive/20250308_1/share/texmf-
dist/fonts/type1/public/amsfonts/cm/cmmi12.pfb></opt/homebrew/Cellar/texlive/20
250308_1/share/texmf-dist/fonts/type1/public/amsfonts/cm/cmmi5.pfb></opt/homebr
ew/Cellar/texlive/20250308_1/share/texmf-dist/fonts/type1/public/amsfonts/cm/cm
mi6.pfb></opt/homebrew/Cellar/texlive/20250308_1/share/texmf-dist/fonts/type1/p
ublic/amsfonts/cm/cmmi7.pfb></opt/homebrew/Cellar/texlive/20250308_1/share/texm
f-dist/fonts/type1/public/amsfonts/cm/cmmi9.pfb></opt/homebrew/Cellar/texlive/2
0250308_1/share/texmf-dist/fonts/type1/public/amsfonts/cm/cmmib10.pfb></opt/hom
ebrew/Cellar/texlive/20250308_1/share/texmf-dist/fonts/type1/public/amsfonts/cm
/cmr10.pfb></opt/homebrew/Cellar/texlive/20250308_1/share/texmf-dist/fonts/type
1/public/amsfonts/cm/cmr12.pfb></opt/homebrew/Cellar/texlive/20250308_1/share/t
exmf-dist/fonts/type1/public/amsfonts/cm/cmr17.pfb></opt/homebrew/Cellar/texliv
e/20250308_1/share/texmf-dist/fonts/type1/public/amsfonts/cm/cmr5.pfb></opt/hom
ebrew/Cellar/texlive/20250308_1/share/texmf-dist/fonts/type1/public/amsfonts/cm
/cmr6.pfb></opt/homebrew/Cellar/texlive/20250308_1/share/texmf-dist/fonts/type1
/public/amsfonts/cm/cmr7.pfb></opt/homebrew/Cellar/texlive/20250308_1/share/tex
mf-dist/fonts/type1/public/amsfonts/cm/cmr8.pfb></opt/homebrew/Cellar/texlive/2
0250308_1/share/texmf-dist/fonts/type1/public/amsfonts/cm/cmr9.pfb></opt/homebr
ew/Cellar/texlive/20250308_1/share/texmf-dist/fonts/type1/public/amsfonts/cm/cm
sl10.pfb></opt/homebrew/Cellar/texlive/20250308_1/share/texmf-dist/fonts/type1/
public/amsfonts/cm/cmss10.pfb></opt/homebrew/Cellar/texlive/20250308_1/share/te
xmf-dist/fonts/type1/public/amsfonts/cm/cmssbx10.pfb></opt/homebrew/Cellar/texl
ive/20250308_1/share/texmf-dist/fonts/type1/public/amsfonts/cm/cmsy10.pfb></opt
/homebrew/Cellar/texlive/20250308_1/share/texmf-dist/fonts/type1/public/amsfont
s/cm/cmsy5.pfb></opt/homebrew/Cellar/texlive/20250308_1/share/texmf-dist/fonts/
type1/public/amsfonts/cm/cmsy6.pfb></opt/homebrew/Cellar/texlive/20250308_1/sha
re/texmf-dist/fonts/type1/public/amsfonts/cm/cmsy7.pfb></opt/homebrew/Cellar/te
xlive/20250308_1/share/texmf-dist/fonts/type1/public/amsfonts/cm/cmsy9.pfb></op
t/homebrew/Cellar/texlive/20250308_1/share/texmf-dist/fonts/type1/public/amsfon
ts/cm/cmti10.pfb></opt/homebrew/Cellar/texlive/20250308_1/share/texmf-dist/font
s/type1/public/amsfonts/euler/eufm10.pfb></opt/homebrew/Cellar/texlive/20250308
_1/share/texmf-dist/fonts/type1/public/amsfonts/symbols/msbm10.pfb></opt/homebr
ew/Cellar/texlive/20250308_1/share/texmf-dist/fonts/type1/public/amsfonts/symbo
ls/msbm7.pfb></opt/homebrew/Cellar/texlive/20250308_1/share/texmf-dist/fonts/ty
pe1/public/cm-super/sfrm1000.pfb>
Output written on users_guide.pdf (1374 pages, 16109190 bytes).
PDF statistics:
 9284 PDF objects out of 10688 (max. 8388607)
 6939 compressed objects within 70 object streams
 2012 named destinations out of 2073 (max. 500000)
 2607 words of extra memory for PDF output out of 10000 (max. 10000000)

